baseline_delay_minutes,baseline_first_same_side_signal_price,baseline_first_same_side_signal_setup,baseline_first_same_side_signal_time,completed_time,confirmation_displacement_atr,confirmation_price,confirmation_reason,confirmation_time,continuation_unlocked_time,episode_id,exhausted_side,expires_at,extreme_time,final_pre_confirmation_extreme,gap_pct,initial_extreme,initial_room_qualified,initial_vwap_room_atr,initial_vwap_room_pct,initial_vwap_room_points,initiation_atr,initiation_close,initiation_time,initiation_vwap,large_gap,mae_atr,mae_pct,mae_points,mfe_atr,mfe_pct,mfe_points,move_20_bars_pct,move_3_bars_pct,move_6_bars_pct,move_9_bars_pct,reversal_failed_time,reversal_side,symbol
,,,,2026-07-27 11:09:00,0.9372094772356009,7262.5,STRONG_BULLISH_DISPLACEMENT_AFTER_EXHAUSTION,2026-07-27 10:42:00,,EXPERIMENT:ABB:2026-07-27T10:27:00:DOWN,DOWN,2026-07-27 11:57:00,2026-07-27 10:39:00,7242.0,0.5345060893098782,7276.5,True,3.217970861269187,0.009205379889962432,66.98294676931164,20.815274487256595,7290.5,2026-07-27 10:27:00,7343.482946769312,False,1.8015616379672548,0.0051635111876075735,37.5,3.6992065632927633,0.010602409638554217,77.0,-0.002134251290877797,0.0007573149741824441,0.0008950086058519794,-0.0017211703958691911,2026-07-27 11:06:00,BUY,ABB
,,,,2026-07-27 12:42:00,1.9659226757936865,7275.0,HIGHER_LOW_AND_PREVIOUS_HIGH_BREAK,2026-07-27 11:18:00,,EXPERIMENT:ABB:2026-07-27T11:09:00:DOWN,DOWN,2026-07-27 12:39:00,2026-07-27 11:09:00,7235.5,0.5345060893098782,7235.5,True,3.721550521972646,0.0110791345454346,80.16307800349205,21.54023639614619,7250.0,2026-07-27 11:09:00,7315.663078003492,False,1.7641403418765942,0.005223367697594502,38.0,2.9943961066063243,0.008865979381443298,64.5,-0.0007560137457044674,-0.0038487972508591066,-0.002542955326460481,-0.003711340206185567,,BUY,ABB
,,,,2026-07-27 14:06:00,1.577027291558484,7279.0,HIGHER_LOW_AND_PREVIOUS_HIGH_BREAK,2026-07-27 12:42:00,,EXPERIMENT:ABB:2026-07-27T12:33:00:DOWN,DOWN,2026-07-27 14:03:00,2026-07-27 12:42:00,7256.0,0.5345060893098782,7256.0,True,2.8218085892306415,0.005671773822922376,41.15439085912476,14.584402009473433,7279.0,2026-07-27 12:33:00,7297.154390859125,False,1.577027291558484,0.0031597746943261436,23.0,4.148267440838621,0.008311581261162248,60.5,0.0010303613133672207,-0.001236433576040665,-6.869075422448138e-05,0.001442505838714109,,BUY,ABB
,,,,2026-07-27 14:33:00,0.8213869394418398,7283.0,STRONG_BULLISH_DISPLACEMENT_AFTER_EXHAUSTION,2026-07-27 14:12:00,,EXPERIMENT:ABB:2026-07-27T13:57:00:DOWN,DOWN,2026-07-27 15:27:00,2026-07-27 14:09:00,7275.0,0.5345060893098782,7280.0,False,1.5115237243313633,0.002054727644151926,14.95841724942602,9.89625039199634,7280.0,2026-07-27 13:57:00,7294.958417249426,False,0.7578627968089486,0.0010297954139777564,7.5,5.709233069294079,0.0077577921186324315,56.5,0.004943017987093231,0.0046684058766991625,0.003638610462721406,0.005972813401070988,,BUY,ABB
,,,,2026-07-27 15:09:00,1.1543020974904832,7320.0,LOWER_HIGH_AND_PREVIOUS_LOW_BREAK,2026-07-27 14:42:00,,EXPERIMENT:ABB:2026-07-27T14:33:00:UP,UP,2026-07-27 16:03:00,2026-07-27 14:39:00,7334.0,0.5345060893098782,7322.0,False,2.2740613518648467,0.003540520987663219,25.92369467167009,11.399734070679903,7320.5,2026-07-27 14:33:00,7296.07630532833,False,1.7105662183957402,0.002663934426229508,19.5,0.8772134453311489,0.001366120218579235,10.0,,0.0006830601092896175,-0.0017759562841530056,-0.0017759562841530056,2026-07-27 15:06:00,SELL,ABB
,,,,,0.5456177497244511,7333.0,STRONG_BEARISH_DISPLACEMENT_AFTER_EXHAUSTION,2026-07-27 15:09:00,,EXPERIMENT:ABB:2026-07-27T15:03:00:UP,UP,2026-07-27 16:33:00,2026-07-27 15:09:00,7339.0,0.5345060893098782,7339.0,True,3.612183294714561,0.0054124718720933405,39.72213106929303,10.99670969837424,7333.0,2026-07-27 15:03:00,7299.277868930707,False,0.5456177497244511,0.000818219009954998,6.0,1.6368532491733534,0.002454657029864994,18.0,,0.00034092458748124913,0.000818219009954998,,,SELL,ABB
210.0,304.75,ACCEPTED_BREAKOUT,2026-07-27 13:18:00,2026-07-27 10:42:00,1.224462048414533,310.95,LOWER_HIGH_AND_PREVIOUS_LOW_BREAK,2026-07-27 09:48:00,,EXPERIMENT:ANGELONE:2026-07-27T09:39:00:UP,UP,2026-07-27 11:09:00,2026-07-27 09:42:00,311.9,0.6820396232543108,311.45,False,1.1082161156088053,0.0029086038212188213,0.9058846601186019,0.8174259942258182,311.35,2026-07-27 09:39:00,310.5441153398814,False,0.6116761682793664,0.0016079755587715067,0.5,9.786818692469863,0.025727608940344107,8.0,0.007557485126225972,0.00241196333815726,0.002894356005788639,0.002894356005788639,,SELL,ANGELONE
,,,,2026-07-27 11:06:00,0.7492431225517217,307.95,HIGHER_LOW_AND_PREVIOUS_HIGH_BREAK,2026-07-27 10:45:00,,EXPERIMENT:ANGELONE:2026-07-27T10:42:00:DOWN,DOWN,2026-07-27 12:12:00,2026-07-27 10:42:00,307.45,0.6820396232543108,307.45,True,2.983631410045336,0.006675733365603,2.0524542232546423,0.6879047513524653,307.7,2026-07-27 10:42:00,309.50245422325463,False,7.268448124787154,0.01623640201331385,5.0,1.9624809936925647,0.0043838285435948135,1.3500000000000227,-0.0008118201006656925,0.0011365481409320434,-0.0030849163825295944,-0.001298912161065034,2026-07-27 11:03:00,BUY,ANGELONE
,,,,2026-07-27 12:36:00,1.991121379708286,308.05,HIGHER_LOW_AND_PREVIOUS_HIGH_BREAK,2026-07-27 11:09:00,,EXPERIMENT:ANGELONE:2026-07-27T11:03:00:DOWN,DOWN,2026-07-27 12:33:00,2026-07-27 11:06:00,306.6,0.6820396232543108,306.6,True,3.921480908157438,0.00875171658200079,2.683276304041442,0.6842507631389225,307.0,2026-07-27 11:03:00,309.28327630404146,False,7.453407836338177,0.016555753936049415,5.100000000000023,0.36536312923226194,0.0008115565654926148,0.25,-0.0025969810095764043,-0.0012984905047882943,-0.000649245252394055,-0.002110047070280909,,BUY,ANGELONE
,,,,2026-07-27 13:24:00,1.447549567565038,307.1,HIGHER_LOW_AND_PREVIOUS_HIGH_BREAK,2026-07-27 12:42:00,2026-07-27 13:18:00,EXPERIMENT:ANGELONE:2026-07-27T12:30:00:DOWN,DOWN,2026-07-27 14:00:00,2026-07-27 12:39:00,306.35,0.6820396232543108,306.45,True,4.709978817827117,0.007875808775280924,2.413541599184839,0.5124315188105862,306.75,2026-07-27 12:30:00,308.8635415991848,False,8.09864313114984,0.013513513513513624,4.150000000000034,0.7805921090264398,0.001302507326603638,0.39999999999997726,-0.007652230543796882,-0.0008140670791273201,-0.0008140670791273201,0.00016281341582531593,2026-07-27 13:15:00,BUY,ANGELONE
,,,,2026-07-27 13:45:00,1.230022299782171,305.0,STRONG_BULLISH_DISPLACEMENT_AFTER_EXHAUSTION,2026-07-27 13:30:00,,EXPERIMENT:ANGELONE:2026-07-27T13:24:00:DOWN,DOWN,2026-07-27 14:54:00,2026-07-27 13:27:00,304.3,0.6820396232543108,304.5,True,6.507110968429329,0.011891571989186688,3.6209836707073464,0.5564656401704751,304.75,2026-07-27 13:24:00,308.12098367070735,False,3.6839651040664205,0.006721311475409874,2.0500000000000114,0.9883808815788107,0.0018032786885246275,0.5500000000000114,-0.0006557377049179955,-0.0006557377049179955,0.0,-0.0022950819672130775,2026-07-27 13:36:00,BUY,ANGELONE
,,,,2026-07-27 14:06:00,0.7694292401572236,305.0,HIGHER_LOW_AND_PREVIOUS_HIGH_BREAK,2026-07-27 13:48:00,2026-07-27 13:57:00,EXPERIMENT:ANGELONE:2026-07-27T13:45:00:DOWN,DOWN,2026-07-27 15:15:00,2026-07-27 13:45:00,304.6,0.6820396232543108,304.6,True,6.121226448937074,0.010787076595567907,3.2857435310099845,0.536778627358336,304.8,2026-07-27 13:45:00,307.88574353101,False,3.8190790309382003,0.006721311475409874,2.0500000000000114,1.0246309595200205,0.0018032786885246275,0.5500000000000114,-0.0026229508196721684,-0.0022950819672130775,-0.001147540983606632,-0.000819672131147541,2026-07-27 13:54:00,BUY,ANGELONE
,,,,2026-07-27 14:27:00,0.6750647724342093,304.65,HIGHER_LOW_AND_PREVIOUS_HIGH_BREAK,2026-07-27 14:06:00,,EXPERIMENT:ANGELONE:2026-07-27T14:06:00:DOWN,DOWN,2026-07-27 15:36:00,2026-07-27 14:06:00,304.35,0.6820396232543108,304.35,True,7.059334598190891,0.01030780680920172,3.1371810023805438,0.4444018000201485,304.65,2026-07-27 14:06:00,307.48718100238057,False,3.8253670437944067,0.00558017397012962,1.6999999999999886,2.0251943173030114,0.0029542097488922834,0.9000000000000341,-0.000492368291481954,0.00032824552765476034,-0.0001641227638271936,-0.000492368291481954,2026-07-27 14:21:00,BUY,ANGELONE
,,,,2026-07-27 14:51:00,1.6928204938506881,304.95,PREVIOUS_HIGH_BREAK_AFTER_EXHAUSTION,2026-07-27 14:27:00,,EXPERIMENT:ANGELONE:2026-07-27T14:27:00:DOWN,DOWN,2026-07-27 15:57:00,2026-07-27 14:27:00,304.2,0.6820396232543108,304.2,True,7.087468015517833,0.010322437395049762,3.1400854555741375,0.4430475663098584,304.95,2026-07-27 14:27:00,307.3400854555741,False,4.514187983601835,0.006558452205279554,2.0,1.3542563950806017,0.0019675356615839407,0.6000000000000227,0.00016396130513202613,-0.0014756517461878625,-0.002459419576979833,-0.0016396130513198885,2026-07-27 14:48:00,BUY,ANGELONE
,,,,2026-07-27 15:21:00,1.017095620566266,304.45,STRONG_BULLISH_DISPLACEMENT_AFTER_EXHAUSTION,2026-07-27 14:54:00,,EXPERIMENT:ANGELONE:2026-07-27T14:48:00:DOWN,DOWN,2026-07-27 16:18:00,2026-07-27 14:54:00,304.05,0.6820396232543108,304.2,True,7.642207431660045,0.009770402912009915,2.9721565658334157,0.38891335944643446,304.25,2026-07-27 14:48:00,307.1721565658334,False,3.8569001644352023,0.004926917392018394,1.5,2.828393453919207,0.003613072754146897,1.1000000000000227,,0.0004926917392019515,0.00032846115946796764,0.0006569223189357486,2026-07-27 15:18:00,BUY,ANGELONE
,,,,,0.820502779501397,304.65,STRONG_BULLISH_DISPLACEMENT_AFTER_EXHAUSTION,2026-07-27 15:21:00,,EXPERIMENT:ANGELONE:2026-07-27T15:09:00:DOWN,DOWN,2026-07-27 16:39:00,2026-07-27 15:21:00,304.25,0.6820396232543108,304.25,True,5.071747554689514,0.008126564306244519,2.4725071901748947,0.487505965845782,304.65,2026-07-27 15:09:00,306.7225071901749,False,0.820502779501397,0.0013129821106186684,0.39999999999997726,1.8461312538783183,0.0029542097488922834,0.9000000000000341,,,,,,BUY,ANGELONE
,,,,2026-07-27 09:54:00,0.7106909362467114,2705.4,STRONG_BEARISH_DISPLACEMENT_AFTER_EXHAUSTION,2026-07-27 09:36:00,,EXPERIMENT:ASIANPAINT:2026-07-27T09:33:00:UP,UP,2026-07-27 11:03:00,2026-07-27 09:33:00,2710.8,1.265391172570566,2710.8,False,1.0231747531950135,0.002972380496989214,8.057529051238362,7.875027238580255,2709.4,2026-07-27 09:33:00,2702.742470948762,True,2.3491982236413524,0.0068381755008501514,18.5,0.24126900675236665,0.0007022991054927519,1.900000000000091,-0.0035114955274635914,-0.0011828195460929318,-0.004176831522140803,-0.0029940119760478705,2026-07-27 09:51:00,SELL,ASIANPAINT
,,,,2026-07-27 10:24:00,0.8718772776178008,2712.5,PREVIOUS_LOW_BREAK_AFTER_EXHAUSTION,2026-07-27 10:00:00,,EXPERIMENT:ASIANPAINT:2026-07-27T09:54:00:UP,UP,2026-07-27 11:24:00,2026-07-27 09:54:00,2717.8,1.265391172570566,2717.8,False,1.9638818375380764,0.004712941875379491,12.808833428906382,6.522201684477893,2716.7,2026-07-27 09:54:00,2704.991166571094,True,1.7478760319741122,0.004202764976958559,11.400000000000091,1.0732572126156745,0.0025806451612903226,7.0,-0.0016589861751152074,-0.00040552995391701717,-0.0015852534562212652,-0.0021751152073733056,2026-07-27 10:21:00,SELL,ASIANPAINT
,,,,2026-07-27 11:48:00,1.252715149465993,2717.0,LOWER_HIGH_AND_PREVIOUS_LOW_BREAK,2026-07-27 11:00:00,,EXPERIMENT:ASIANPAINT:2026-07-27T10:15:00:UP,UP,2026-07-27 11:45:00,2026-07-27 10:30:00,2722.5,1.265391172570566,2719.0,False,2.3822374317674777,0.004313782316647719,11.729174118965147,4.923595760252495,2717.7,2026-07-27 10:15:00,2707.270825881035,True,0.812414380622277,0.001472211998527788,4.0,2.3356913442890463,0.004232609495767391,11.5,0.002208317997791682,0.001214574898785492,-0.000368052999631947,0.0008097165991902165,,SELL,ASIANPAINT
,,,,2026-07-27 12:03:00,1.261044052926359,2710.1,LOWER_HIGH_AND_PREVIOUS_LOW_BREAK,2026-07-27 11:48:00,,EXPERIMENT:ASIANPAINT:2026-07-27T11:42:00:UP,UP,2026-07-27 13:12:00,2026-07-27 11:48:00,2714.8,1.265391172570566,2714.8,False,1.2344770346619958,0.0016947778296103955,4.600982851826302,3.727070429532995,2710.1,2026-07-27 11:42:00,2710.199017148174,True,2.924548973807793,0.004021991808420387,10.900000000000091,1.2342133283959147,0.001697354341168189,4.599999999999909,0.0002213940445001694,-0.0005903841186671743,0.00018449503708350246,-0.001033172207667681,2026-07-27 11:54:00,SELL,ASIANPAINT
,,,,2026-07-27 12:12:00,,,,,,EXPERIMENT:ASIANPAINT:2026-07-27T12:03:00:UP,UP,2026-07-27 13:33:00,2026-07-27 12:03:00,2711.1,1.265391172570566,2711.1,False,0.2701568629806586,0.00031219602924844095,0.8463946548954482,3.1329748411982568,2710.6,2026-07-27 12:03:00,2710.2536053451045,True,,,,,,,,,,,,SELL,ASIANPAINT
,,,,2026-07-27 13:45:00,0.851991248762412,2712.0,STRONG_BULLISH_DISPLACEMENT_AFTER_EXHAUSTION,2026-07-27 12:24:00,2026-07-27 12:42:00,EXPERIMENT:ASIANPAINT:2026-07-27T12:12:00:DOWN,DOWN,2026-07-27 13:42:00,2026-07-27 12:21:00,2709.5,1.265391172570566,2714.4,False,0.0,0.0,0.0,3.0498708914404578,2715.1,2026-07-27 12:12:00,2710.299151765356,True,2.1312377577170296,0.002396755162241888,6.5,2.9509445876081952,0.00331858407079646,9.0,-0.0001474926253687651,-0.00040560471976397824,-0.001032448377581188,-0.0011061946902654867,2026-07-27 12:39:00,BUY,ASIANPAINT
,,,,2026-07-27 14:33:00,1.0854515290392996,2717.9,HIGHER_LOW_AND_PREVIOUS_HIGH_BREAK,2026-07-27 14:00:00,,EXPERIMENT:ASIANPAINT:2026-07-27T14:00:00:DOWN,DOWN,2026-07-27 15:30:00,2026-07-27 14:00:00,2714.8,1.265391172570566,2714.8,False,0.0,0.0,0.0,2.8559543351913885,2717.9,2026-07-27 14:00:00,2710.4866909158914,True,4.341806116157358,0.004562345928842154,12.400000000000091,1.0854515290392996,0.0011405864822104967,3.099999999999909,-0.002244379852091655,-0.0003679311232937194,-0.0003679311232937194,-0.0007726553589167773,2026-07-27 14:30:00,BUY,ASIANPAINT
,,,,,,,,,,EXPERIMENT:ASIANPAINT:2026-07-27T14:21:00:DOWN,DOWN,2026-07-27 15:51:00,2026-07-27 14:36:00,2710.4,1.265391172570566,2715.6,False,0.0,0.0,0.0,2.328644074459983,2715.6,2026-07-27 14:21:00,2710.769471791429,True,,,,,,,,,,,,BUY,ASIANPAINT
51.0,1045.5,REVERSAL,2026-07-27 11:15:00,2026-07-27 11:09:00,0.9251560572734399,1040.3,HIGHER_LOW_AND_PREVIOUS_HIGH_BREAK,2026-07-27 10:24:00,,EXPERIMENT:AUBANK:2026-07-27T10:18:00:DOWN,DOWN,2026-07-27 11:48:00,2026-07-27 10:21:00,1037.0,1.431250616918358,1038.1,False,0.11448603678963543,0.00041270131885861455,0.4284252391071277,3.7421614995228274,1038.1,2026-07-27 10:18:00,1038.528425239107,True,0.561173001290213,0.002018648466788339,2.099999999999909,5.798787679999131,0.020859367490147118,21.700000000000045,0.005959819282899207,-0.0006728828222628525,-0.00038450446986433107,0.0025954051715851635,,BUY,AUBANK
,,,,2026-07-27 11:48:00,0.6447129185219296,1045.5,LOWER_HIGH_AND_PREVIOUS_LOW_BREAK,2026-07-27 11:15:00,2026-07-27 11:42:00,EXPERIMENT:AUBANK:2026-07-27T11:09:00:UP,UP,2026-07-27 12:39:00,2026-07-27 11:09:00,1047.0,1.431250616918358,1047.0,True,3.0467103726452285,0.007338857790645982,7.683784106806343,2.521993615079038,1046.3,2026-07-27 11:09:00,1039.3162158931937,True,6.5424432089543165,0.015781922525107604,16.5,0.19825585481679747,0.00047824007651841227,0.5,-0.011095169775227077,-0.0009564801530368245,-9.564801530359546e-05,-0.004878048780487718,2026-07-27 11:39:00,SELL,AUBANK
,,,,2026-07-27 12:33:00,1.0829764184378123,1056.0,STRONG_BEARISH_DISPLACEMENT_AFTER_EXHAUSTION,2026-07-27 12:24:00,,EXPERIMENT:AUBANK:2026-07-27T11:48:00:UP,UP,2026-07-27 13:18:00,2026-07-27 12:21:00,1058.1,1.431250616918358,1050.6,True,5.250877524458173,0.009425586254671353,9.902520919157723,1.8858792407616751,1050.5,2026-07-27 11:48:00,1040.6974790808422,True,3.1815398729224573,0.005681818181818182,6.0,3.1815398729224573,0.005681818181818182,6.0,0.003787878787878788,-0.002840909090909091,-0.0035984848484848053,-0.003409090909090823,2026-07-27 12:30:00,SELL,AUBANK
,,,,2026-07-27 14:03:00,1.6278516599510848,1058.0,LOWER_HIGH_AND_PREVIOUS_LOW_BREAK,2026-07-27 12:54:00,,EXPERIMENT:AUBANK:2026-07-27T12:30:00:UP,UP,2026-07-27 14:00:00,2026-07-27 12:45:00,1061.1,1.431250616918358,1059.0,True,8.282682196493342,0.015691779690160702,16.617594691880186,2.0063059643789805,1059.0,2026-07-27 12:30:00,1042.3824053081198,True,0.7974855422887421,0.0015122873345934868,1.599999999999909,3.9874277114439374,0.007561436672967864,8.0,0.003213610586011428,0.0004725897920604915,0.001606805293005714,0.005293005671077418,,SELL,AUBANK
,,,,,1.1472813708409082,1052.5,LOWER_HIGH_AND_PREVIOUS_LOW_BREAK,2026-07-27 14:03:00,,EXPERIMENT:AUBANK:2026-07-27T13:57:00:UP,UP,2026-07-27 15:27:00,2026-07-27 14:03:00,1054.6,1.431250616918358,1054.6,True,5.1461277740212505,0.008931865017630587,9.419544847593215,1.83041410186997,1052.5,2026-07-27 13:57:00,1045.1804551524067,True,1.584340940685182,0.002755344418052343,2.900000000000091,1.2565462633019766,0.00218527315914485,2.2999999999999545,0.00019002375296916433,-0.0006650831353919672,-9.501187648447415e-05,-9.501187648447415e-05,2026-07-27 15:27:00,SELL,AUBANK
,,,,2026-07-27 11:09:00,0.9091088545629007,1227.7,HIGHER_LOW_AND_PREVIOUS_HIGH_BREAK,2026-07-27 10:57:00,,EXPERIMENT:AXISBANK:2026-07-27T10:00:00:DOWN,DOWN,2026-07-27 11:30:00,2026-07-27 10:39:00,1226.3,0.4963788754170322,1229.0,False,1.8872931115749858,0.002831006658258888,3.4793071830001736,1.843543624284528,1232.0,2026-07-27 10:00:00,1232.4793071830002,False,3.308844943860508,0.004968640547365103,6.100000000000136,1.3560839933854238,0.0020363280931823733,2.5,-0.0021177812169097796,-0.0004887187423638807,-0.0009774374847275763,-0.001221796855909424,2026-07-27 11:06:00,BUY,AXISBANK
,,,,2026-07-27 11:36:00,1.238075961595726,1227.0,HIGHER_LOW_AND_PREVIOUS_HIGH_BREAK,2026-07-27 11:18:00,,EXPERIMENT:AXISBANK:2026-07-27T11:06:00:DOWN,DOWN,2026-07-27 12:36:00,2026-07-27 11:15:00,1225.1,0.4963788754170322,1226.6,False,2.6100772419987486,0.0032969798741598155,4.0440755136444295,1.5494083656112614,1227.2,2026-07-27 11:06:00,1230.6440755136443,False,3.4852012676914406,0.004400977995110099,5.400000000000091,2.0653044549282558,0.0026079869600652366,3.2000000000000455,-0.0012224938875305623,-0.0005704971475142995,-0.0026079869600652366,-0.0013039934800325257,2026-07-27 11:33:00,BUY,AXISBANK
,,,,2026-07-27 12:39:00,1.1905579878022279,1225.1,HIGHER_LOW_AND_PREVIOUS_HIGH_BREAK,2026-07-27 11:42:00,,EXPERIMENT:AXISBANK:2026-07-27T11:27:00:DOWN,DOWN,2026-07-27 12:57:00,2026-07-27 11:36:00,1223.4,0.4963788754170322,1223.4,True,4.202307105202186,0.005107061892150326,6.2479795188567095,1.4867974573115117,1223.8,2026-07-27 11:27:00,1229.6479795188568,False,2.3540529900615,0.0028569096400293858,3.5,3.430191499803992,0.004162925475471502,5.100000000000136,-0.0015508938045872694,0.0,8.162598971523666e-05,-0.00016325197943010213,2026-07-27 12:33:00,BUY,AXISBANK
,,,,2026-07-27 13:00:00,0.8618071293483928,1224.1,STRONG_BULLISH_DISPLACEMENT_AFTER_EXHAUSTION,2026-07-27 12:45:00,,EXPERIMENT:AXISBANK:2026-07-27T12:39:00:DOWN,DOWN,2026-07-27 14:09:00,2026-07-27 12:39:00,1223.0,0.4963788754170322,1223.0,False,4.261710772875229,0.004348001611150031,5.317605970436489,1.2477632232299247,1223.2,2026-07-27 12:39:00,1228.3176059704365,False,2.0035852583702303,0.002042316804182665,2.5,4.888748030423471,0.004983253002205814,6.100000000000136,-0.0004901560330037652,0.0,0.002124009476350083,0.0015521607711788997,2026-07-27 12:51:00,BUY,AXISBANK
,,,,2026-07-27 13:27:00,1.5638644323277142,1227.2,HIGHER_LOW_AND_PREVIOUS_HIGH_BREAK,2026-07-27 13:00:00,,EXPERIMENT:AXISBANK:2026-07-27T13:00:00:DOWN,DOWN,2026-07-27 14:30:00,2026-07-27 13:00:00,1224.9,0.4963788754170322,1224.9,False,2.08021975019035,0.0024976829794890396,3.059411881576125,1.4707157170756475,1227.2,2026-07-27 13:00:00,1227.9594118815762,False,3.807669922189385,0.0045632333767928095,5.600000000000136,2.0398231726014067,0.0024445893089960887,3.0,-0.0017926988265971687,-0.0009778357235984724,-0.000896349413298677,-0.003177966101694989,2026-07-27 13:24:00,BUY,AXISBANK
,,,,2026-07-27 13:45:00,0.837541278670869,1224.1,STRONG_BULLISH_DISPLACEMENT_AFTER_EXHAUSTION,2026-07-27 13:33:00,2026-07-27 13:42:00,EXPERIMENT:AXISBANK:2026-07-27T13:21:00:DOWN,DOWN,2026-07-27 14:51:00,2026-07-27 13:27:00,1223.0,0.4963788754170322,1223.0,False,3.71653719762126,0.003927516511170494,4.803352693161514,1.2924269118672784,1223.3,2026-07-27 13:21:00,1227.8033526931615,False,1.9343453599151992,0.002042316804182665,2.5,4.719802678193191,0.004983253002205814,6.100000000000136,0.003594477575361565,-0.001633853443346132,-0.000816926721673066,0.0007352340495058337,2026-07-27 13:39:00,BUY,AXISBANK
,,,,2026-07-27 15:18:00,1.0649662694553552,1223.5,STRONG_BULLISH_DISPLACEMENT_AFTER_EXHAUSTION,2026-07-27 13:45:00,,EXPERIMENT:AXISBANK:2026-07-27T13:45:00:DOWN,DOWN,2026-07-27 15:15:00,2026-07-27 13:45:00,1221.9,0.4963788754170322,1221.9,False,3.2581007283804873,0.004006018699332874,4.894954248714839,1.5023950015038323,1223.5,2026-07-27 13:45:00,1226.794954248715,False,1.0649662694553552,0.001307723743359141,1.599999999999909,4.459546253344584,0.005476093175316751,6.7000000000000455,0.002451982018798529,0.0004086636697997548,0.0011442582754393879,0.004168369431957425,,BUY,AXISBANK
234.0,1907.0,REVERSAL,2026-07-27 13:48:00,2026-07-27 11:06:00,1.7931198085112052,1904.8,LOWER_HIGH_AND_PREVIOUS_LOW_BREAK,2026-07-27 09:54:00,,EXPERIMENT:BAJAJFINSV:2026-07-27T09:33:00:UP,UP,2026-07-27 11:03:00,2026-07-27 09:48:00,1912.9,0.6648936170212766,1902.6,False,0.7191406473878709,0.0017104960491009175,3.2543897830194055,4.525387064185985,1900.4,2026-07-27 09:33:00,1899.3456102169805,False,3.358828711093729,0.007979840403191961,15.200000000000045,1.9666826005745817,0.004672406551868891,8.899999999999864,0.0008924821503570168,0.002834943301133906,0.003044939101217952,0.0014699706005879645,,SELL,BAJAJFINSV
162.0,1907.0,REVERSAL,2026-07-27 13:48:00,2026-07-27 11:21:00,0.6550929668014857,1903.1,STRONG_BEARISH_DISPLACEMENT_AFTER_EXHAUSTION,2026-07-27 11:06:00,,EXPERIMENT:BAJAJFINSV:2026-07-27T10:57:00:UP,UP,2026-07-27 12:27:00,2026-07-27 11:06:00,1904.9,0.6648936170212766,1904.9,False,0.9139014698990731,0.0013182469110237115,2.511128540809068,2.747701610641227,1903.1,2026-07-27 10:57:00,1902.388871459191,False,6.150595077191137,0.008880248016394351,16.90000000000009,0.6186989130901632,0.0008932793862644203,1.699999999999818,-0.003993484315064966,0.00010509169250161217,-0.0021543796962850805,-0.0033103883138038896,2026-07-27 11:18:00,SELL,BAJAJFINSV
81.0,1907.0,REVERSAL,2026-07-27 13:48:00,2026-07-27 12:51:00,0.9437862715610364,1911.8,STRONG_BEARISH_DISPLACEMENT_AFTER_EXHAUSTION,2026-07-27 12:27:00,,EXPERIMENT:BAJAJFINSV:2026-07-27T11:18:00:UP,UP,2026-07-27 12:48:00,2026-07-27 12:21:00,1913.9,0.6648936170212766,1906.1,False,1.3777169198791506,0.0018831846745401989,3.5895383081410728,2.605425146739097,1905.5,2026-07-27 11:18:00,1902.5104616918588,False,3.1472790574171805,0.004289151584893841,8.200000000000045,2.5715572786213583,0.003504550685218143,6.7000000000000455,0.00109844125954593,0.0008892143529658153,0.0005753739930954645,-0.00010461345329011689,,SELL,BAJAJFINSV
51.0,1907.0,REVERSAL,2026-07-27 13:48:00,2026-07-27 13:09:00,0.8284095226274052,1911.2,STRONG_BEARISH_DISPLACEMENT_AFTER_EXHAUSTION,2026-07-27 12:57:00,,EXPERIMENT:BAJAJFINSV:2026-07-27T12:48:00:UP,UP,2026-07-27 14:18:00,2026-07-27 12:57:00,1912.9,0.6648936170212766,1911.9,False,3.660659112407616,0.004035724153648253,7.7159010093600955,2.107790092556678,1910.4,2026-07-27 12:48:00,1904.18409899064,False,4.174988786158423,0.004604437002930072,8.799999999999955,2.8940263176780774,0.003191712013394797,6.100000000000136,0.0009941398074508638,-0.00026161573880284636,-0.0013604018417747536,0.0004185851820845304,2026-07-27 13:03:00,SELL,BAJAJFINSV
30.0,1907.0,REVERSAL,2026-07-27 13:48:00,2026-07-27 13:54:00,1.3629273309995018,1911.6,PREVIOUS_LOW_BREAK_AFTER_EXHAUSTION,2026-07-27 13:18:00,,EXPERIMENT:BAJAJFINSV:2026-07-27T13:09:00:UP,UP,2026-07-27 14:39:00,2026-07-27 13:15:00,1914.4,0.6648936170212766,1913.0,False,4.276698290253669,0.004479415009103845,8.569120912415656,2.003676745667131,1912.2,2026-07-27 13:09:00,1904.4308790875843,False,4.192293002434024,0.004394224733207832,8.400000000000091,3.2440362518834354,0.0034002929483155473,6.5,0.0026156099602427287,0.0009939317848921656,0.0026679221594475356,0.00230173676501353,,SELL,BAJAJFINSV
,,,,2026-07-27 15:27:00,1.6271695756957307,1909.9,PREVIOUS_HIGH_BREAK_AFTER_EXHAUSTION,2026-07-27 14:12:00,,EXPERIMENT:BAJAJFINSV:2026-07-27T13:54:00:DOWN,DOWN,2026-07-27 15:24:00,2026-07-27 14:06:00,1906.5,0.6648936170212766,1909.3,False,0.0,0.0,0.0,2.014617205710083,1910.1,2026-07-27 13:54:00,1904.8905584311317,False,1.6876655229407258,0.0017801979161213104,3.400000000000091,5.013359347559035,0.00528823498612488,10.099999999999909,-0.00031415257343323546,-0.0016231216294047522,5.235876223881305e-05,0.0001570762867165582,,BUY,BAJAJFINSV
,,,,2026-07-27 11:09:00,0.3858873850421831,1037.4,HIGHER_LOW_AND_PREVIOUS_HIGH_BREAK,2026-07-27 09:36:00,2026-07-27 10:00:00,EXPERIMENT:BAJFINANCE:2026-07-27T09:36:00:DOWN,DOWN,2026-07-27 11:06:00,2026-07-27 09:36:00,1036.1,1.1389297987236042,1036.1,False,0.0,0.0,0.0,3.3688585074064368,1037.4,2026-07-27 09:36:00,1033.705716369334,True,1.781018700194442,0.00578368999421631,6.0,3.740139270408301,0.012145748987854163,12.599999999999909,-0.0033738191632928472,0.0036630036630036188,-0.0011567379988433057,-0.002699055330634453,2026-07-27 09:39:00,BUY,BAJFINANCE
,,,,2026-07-27 12:33:00,1.1172972005771253,1043.4,LOWER_HIGH_AND_PREVIOUS_LOW_BREAK,2026-07-27 11:42:00,,EXPERIMENT:BAJFINANCE:2026-07-27T11:33:00:UP,UP,2026-07-27 13:03:00,2026-07-27 11:39:00,1045.9,1.1389297987236042,1043.3,True,3.170188464198392,0.006382777161933325,6.659151413045038,2.10055379616961,1041.9,2026-07-27 11:33:00,1036.640848586955,True,3.1420285507731838,0.006325474410580706,6.599999999999909,0.9045233706771845,0.001820969906076376,1.900000000000091,-0.0002875215641172652,9.5840521372567e-05,-0.0009584052137243626,-0.0009584052137243626,2026-07-27 12:30:00,SELL,BAJFINANCE
,,,,2026-07-27 13:09:00,1.6298485017451614,1042.2,LOWER_HIGH_AND_PREVIOUS_LOW_BREAK,2026-07-27 12:36:00,,EXPERIMENT:BAJFINANCE:2026-07-27T12:15:00:UP,UP,2026-07-27 13:45:00,2026-07-27 12:33:00,1045.0,1.1389297987236042,1045.0,True,3.5533535940279704,0.005584745859979676,5.836059423678762,1.6424088594749693,1044.0,2026-07-27 12:15:00,1039.1639405763212,True,4.749121971062302,0.00748416810592972,7.7999999999999545,0.24354471646479026,0.00038380349261187,0.40000000000009095,-0.0017271157167529788,-0.0017271157167529788,-0.002206870082517707,-0.002590673575129577,2026-07-27 13:06:00,SELL,BAJFINANCE
,,,,2026-07-27 13:18:00,0.7273888368966768,1044.0,LOWER_HIGH_AND_PREVIOUS_LOW_BREAK,2026-07-27 13:09:00,,EXPERIMENT:BAJFINANCE:2026-07-27T12:57:00:UP,UP,2026-07-27 14:27:00,2026-07-27 13:09:00,1045.1,1.1389297987236042,1045.1,True,3.5141522371589473,0.005084974476818223,5.314306825722724,1.512258566811303,1044.0,2026-07-27 12:57:00,1039.7856931742772,True,3.967575473982201,0.005747126436781609,6.0,0.9918938684955503,0.0014367816091954023,1.5,-0.004214559386973267,9.578544061293971e-05,0.0004789272030651341,0.0,2026-07-27 13:12:00,SELL,BAJFINANCE
,,,,2026-07-27 13:51:00,0.7345590133481068,1043.9,LOWER_HIGH_AND_PREVIOUS_LOW_BREAK,2026-07-27 13:18:00,,EXPERIMENT:BAJFINANCE:2026-07-27T13:18:00:UP,UP,2026-07-27 14:48:00,2026-07-27 13:18:00,1045.0,1.1389297987236042,1045.0,False,3.31950080666504,0.004756883125713812,4.970942866370933,1.4974971105263943,1043.9,2026-07-27 13:18:00,1040.029057133629,True,4.073463619476141,0.005843471596896166,6.099999999999909,0.9348932897159103,0.0013411246287959486,1.400000000000091,-0.0021074815595361796,0.0003831784653703333,-9.579461634247441e-05,0.00028738384902785886,2026-07-27 13:48:00,SELL,BAJFINANCE
,,,,2026-07-27 15:12:00,0.9523678816009383,1048.4,PREVIOUS_LOW_BREAK_AFTER_EXHAUSTION,2026-07-27 14:09:00,,EXPERIMENT:BAJFINANCE:2026-07-27T13:39:00:UP,UP,2026-07-27 15:09:00,2026-07-27 14:09:00,1049.8,1.1389297987236042,1047.8,True,4.860880982822164,0.007072751077453442,7.410828578955716,1.5245854825791447,1047.0,2026-07-27 13:39:00,1040.3891714210442,True,1.0494655880450767,0.0015261350629529845,1.599999999999909,2.230114374595974,0.003243037008775363,3.400000000000091,-0.0006676840900417952,0.0021938191529952134,0.002670736360168048,0.003052270125906186,,SELL,BAJFINANCE
,,,,,1.2569655612780526,1047.5,LOWER_HIGH_AND_PREVIOUS_LOW_BREAK,2026-07-27 15:12:00,,EXPERIMENT:BAJFINANCE:2026-07-27T15:12:00:UP,UP,2026-07-27 16:42:00,2026-07-27 15:12:00,1049.1,1.1389297987236042,1049.1,True,5.5532995217507555,0.006737997024205237,7.068832678093713,1.2729067917923442,1047.5,2026-07-27 15:12:00,1042.0311673219062,True,1.9640086894970687,0.002386634844868735,2.5,0.7070431282190162,0.0008591885441528315,0.900000000000091,,-0.0012410501193316989,,,2026-07-27 15:21:00,SELL,BAJFINANCE
,,,,2026-07-27 11:12:00,0.5282161621778847,246.3,STRONG_BEARISH_DISPLACEMENT_AFTER_EXHAUSTION,2026-07-27 09:42:00,,EXPERIMENT:BANKBARODA:2026-07-27T09:39:00:UP,UP,2026-07-27 11:09:00,2026-07-27 09:39:00,246.8,-1.604060913705579,246.8,False,1.0332649311389652,0.004074623882035697,1.0056171740864102,0.9732423348365468,246.8,2026-07-27 09:39:00,245.7943828259136,True,0.513746661137561,0.0020300446609825416,0.5,3.49347729573542,0.013804303694681306,3.4000000000000057,0.0016240357287860563,0.0008120178643930858,0.0028420625253756274,0.00020300446609830032,,SELL,BANKBARODA
,,,,2026-07-27 11:57:00,1.1946813479216432,245.1,LOWER_HIGH_AND_PREVIOUS_LOW_BREAK,2026-07-27 11:15:00,,EXPERIMENT:BANKBARODA:2026-07-27T11:03:00:UP,UP,2026-07-27 12:33:00,2026-07-27 11:12:00,245.7,-1.604060913705579,245.7,False,0.0,0.0,0.0,0.5023971995424804,245.55,2026-07-27 11:03:00,245.90673189866104,True,1.9904569549963118,0.004079967360261118,1.0,4.379005300991864,0.008975928192574414,2.1999999999999886,0.0010199918400652795,-0.0018359853121175727,-0.0012239902080783819,0.0004079967360260886,,SELL,BANKBARODA
,,,,2026-07-27 12:48:00,0.8386731852075544,244.35,STRONG_BULLISH_DISPLACEMENT_AFTER_EXHAUSTION,2026-07-27 12:00:00,2026-07-27 12:39:00,EXPERIMENT:BANKBARODA:2026-07-27T11:57:00:DOWN,DOWN,2026-07-27 13:27:00,2026-07-27 12:00:00,244.0,-1.604060913705579,244.1,True,3.82058518778224,0.006612926809693123,1.6142154342460913,0.42250476168105167,244.15,2026-07-27 11:57:00,245.71421543424609,True,3.4319139841898205,0.005934110906486551,1.4499999999999886,4.141965153332574,0.007161857990587273,1.75,-0.0036832412523020493,-0.0008184980560670703,0.0010231225700838961,-0.00020462451401670942,2026-07-27 12:06:00,BUY,BANKBARODA
,,,,2026-07-27 14:15:00,0.8567056330754648,243.45,PREVIOUS_HIGH_BREAK_AFTER_EXHAUSTION,2026-07-27 13:00:00,,EXPERIMENT:BANKBARODA:2026-07-27T12:48:00:DOWN,DOWN,2026-07-27 14:18:00,2026-07-27 13:00:00,243.05,-1.604060913705579,243.55,True,3.6194098241689625,0.007784696052323978,1.895962723543505,0.5238320100926479,243.55,2026-07-27 12:48:00,245.44596272354352,True,1.0499549271582445,0.002259190798931949,0.549999999999983,3.5316665731687937,0.007599096323680521,1.8500000000000227,0.0008215239268844406,0.0006161429451633012,-0.001437666872047625,-0.00020538098172102258,2026-07-27 13:03:00,BUY,BANKBARODA
,,,,2026-07-27 15:21:00,1.3428707371100739,244.7,HIGHER_LOW_AND_PREVIOUS_HIGH_BREAK,2026-07-27 14:21:00,2026-07-27 14:45:00,EXPERIMENT:BANKBARODA:2026-07-27T14:15:00:DOWN,DOWN,2026-07-27 15:45:00,2026-07-27 14:15:00,244.2,-1.604060913705579,244.2,False,2.492212569062591,0.003754822043962733,0.9169275431356994,0.3679170687597439,244.3,2026-07-27 14:15:00,245.1169275431357,True,2.9898042069864204,0.004495300367797279,1.0999999999999943,1.6308022947199359,0.0024519820187986216,0.6000000000000227,-0.002043318348998774,-0.001021659174499387,-0.0008173273395994632,-0.003473641193297893,2026-07-27 14:36:00,BUY,BANKBARODA
,,,,,0.5728324462566313,244.2,PREVIOUS_HIGH_BREAK_AFTER_EXHAUSTION,2026-07-27 15:21:00,,EXPERIMENT:BANKBARODA:2026-07-27T15:21:00:DOWN,DOWN,2026-07-27 16:51:00,2026-07-27 15:21:00,244.0,-1.604060913705579,244.0,False,2.836782573678944,0.004059182808104729,0.9904406051775538,0.34914223401093414,244.2,2026-07-27 15:21:00,244.99044060517755,True,1.0024567809491456,0.00143325143325141,0.3499999999999943,0.5728324462567127,0.0008190008190008889,0.20000000000001705,,,,,2026-07-27 15:24:00,BUY,BANKBARODA
132.0,414.5,ACCEPTED_BREAKOUT,2026-07-27 12:00:00,2026-07-27 10:15:00,1.149492033335078,421.15,STRONG_BEARISH_DISPLACEMENT_AFTER_EXHAUSTION,2026-07-27 09:48:00,,EXPERIMENT:BHEL:2026-07-27T09:45:00:UP,UP,2026-07-27 11:15:00,2026-07-27 09:45:00,422.4,0.8523409363745525,422.4,True,2.0535207379021054,0.005356728794627203,2.2626822428505307,1.1018550731375163,421.8,2026-07-27 09:45:00,420.13731775714945,False,0.49915820456668075,0.001305947999525137,0.5500000000000114,7.487373068500057,0.019589219992876647,8.25,0.010447583996200825,0.008785468360441622,0.009260358542087089,0.010685029087023627,,SELL,BHEL
,,,,2026-07-27 10:42:00,0.5987009277097625,416.7,HIGHER_LOW_AND_PREVIOUS_HIGH_BREAK,2026-07-27 10:21:00,,EXPERIMENT:BHEL:2026-07-27T10:15:00:DOWN,DOWN,2026-07-27 11:45:00,2026-07-27 10:18:00,416.15,0.8523409363745525,416.55,True,2.763949821334045,0.0065394003292543815,2.7239872071509126,0.985541483468812,416.65,2026-07-27 10:15:00,419.2739872071509,False,3.855748402010583,0.009119270458363358,3.8000000000000114,1.2683382901350564,0.002999760019198464,1.25,-0.0022798176145908057,0.0017998560115190785,-0.000479961603071727,0.00011999040076796585,2026-07-27 10:39:00,BUY,BHEL
,,,,2026-07-27 11:06:00,0.7817170054022287,417.2,HIGHER_LOW_AND_PREVIOUS_HIGH_BREAK,2026-07-27 10:42:00,,EXPERIMENT:BHEL:2026-07-27T10:36:00:DOWN,DOWN,2026-07-27 12:06:00,2026-07-27 10:42:00,416.5,0.8523409363745525,416.5,True,2.5613096506916238,0.005506752536089048,2.2935624312810887,0.8954647208164636,417.2,2026-07-27 10:36:00,418.7935624312811,False,4.801975890328067,0.010306807286673086,4.300000000000011,0.3908585027011461,0.0008389261744966988,0.35000000000002274,-0.005273250239693166,0.0,-0.00047938638542662664,-0.004314477468839912,2026-07-27 11:03:00,BUY,BHEL
,,,,2026-07-27 11:51:00,1.397054650475075,415.8,HIGHER_LOW_AND_PREVIOUS_HIGH_BREAK,2026-07-27 11:18:00,,EXPERIMENT:BHEL:2026-07-27T10:57:00:DOWN,DOWN,2026-07-27 12:27:00,2026-07-27 11:12:00,414.7,0.8523409363745525,415.55,True,3.9237692280096184,0.007341364969417534,3.050704213041456,0.7774932815274064,415.55,2026-07-27 10:57:00,418.60070421304147,False,3.729935767808702,0.006974506974507057,2.900000000000034,1.8006586465282886,0.003367003367003312,1.3999999999999773,-0.004569504569504651,-0.0008417508417508964,-0.0019240019240019514,-0.002044252044252099,2026-07-27 11:48:00,BUY,BHEL
,,,,2026-07-27 13:12:00,1.5525317075067016,413.95,PREVIOUS_HIGH_BREAK_AFTER_EXHAUSTION,2026-07-27 12:12:00,,EXPERIMENT:BHEL:2026-07-27T11:39:00:DOWN,DOWN,2026-07-27 13:09:00,2026-07-27 12:12:00,412.9,0.8523409363745525,414.4,True,5.670589788489861,0.00889640249407279,3.6866691935437643,0.6501385801221153,414.6,2026-07-27 11:39:00,418.08666919354374,False,1.6150402884917092,0.0025365382292547685,1.0500000000000114,4.998934226283808,0.007851189757217056,3.25,0.0031404759028868497,0.0006039376736320811,0.0006039376736320811,0.0004831501389056375,,BUY,BHEL
,,,,2026-07-27 13:30:00,1.0581157327048236,415.6,HIGHER_LOW_AND_PREVIOUS_HIGH_BREAK,2026-07-27 13:15:00,,EXPERIMENT:BHEL:2026-07-27T13:09:00:DOWN,DOWN,2026-07-27 14:39:00,2026-07-27 13:12:00,415.0,0.8523409363745525,415.0,True,4.35227797981872,0.0061219409195940495,2.5406054816315304,0.5837415471649977,415.25,2026-07-27 13:09:00,417.54060548163153,False,2.569630356593441,0.003609239653512993,1.5,2.740939047032945,0.0038498556304137773,1.599999999999966,-0.0013233878729547914,0.0003609239653512446,-0.0027670837343600433,-0.0014436958614052519,2026-07-27 13:27:00,BUY,BHEL
,,,,2026-07-27 14:00:00,1.392969467934478,415.05,PREVIOUS_HIGH_BREAK_AFTER_EXHAUSTION,2026-07-27 13:36:00,,EXPERIMENT:BHEL:2026-07-27T13:30:00:DOWN,DOWN,2026-07-27 15:00:00,2026-07-27 13:36:00,414.25,0.8523409363745525,414.6,True,5.08687330545601,0.006930752261986703,2.8734898878196873,0.5648833213002727,414.75,2026-07-27 13:30:00,417.4734898878197,False,1.6817632317648143,0.0022888808577279573,0.9499999999999886,3.80609573504669,0.005180098783279068,2.1499999999999773,0.0009637393085169914,-0.000722804481387812,-0.0010842067220816496,0.00024093482712917935,2026-07-27 13:57:00,BUY,BHEL
,,,,2026-07-27 15:24:00,1.829522345268607,415.15,PREVIOUS_HIGH_BREAK_AFTER_EXHAUSTION,2026-07-27 14:03:00,,EXPERIMENT:BHEL:2026-07-27T13:51:00:DOWN,DOWN,2026-07-27 15:21:00,2026-07-27 14:03:00,414.1,0.8523409363745525,414.15,True,6.067175058016085,0.007814923213096313,3.236550448703838,0.5334526229678566,414.15,2026-07-27 13:51:00,417.3865504487038,False,1.968309751966901,0.0025292063109718286,1.0499999999999545,3.842890468126042,0.004937974226183335,2.0500000000000114,0.0024087679152113694,-0.00012043839576045894,0.0016861375406480683,0.002047452727929719,,BUY,BHEL
,,,,,,,,,,EXPERIMENT:BHEL:2026-07-27T15:15:00:DOWN,DOWN,2026-07-27 16:45:00,2026-07-27 15:27:00,415.0,0.8523409363745525,415.5,False,2.216577923870858,0.0038969295280955898,1.6191742189237175,0.7304837792916923,415.7,2026-07-27 15:15:00,417.1191742189237,False,,,,,,,,,,,,BUY,BHEL
,,,,2026-07-27 11:21:00,0.7549623051899705,1665.8,HIGHER_LOW_AND_PREVIOUS_HIGH_BREAK,2026-07-27 10:30:00,2026-07-27 11:09:00,EXPERIMENT:BLUESTARCO:2026-07-27T10:30:00:DOWN,DOWN,2026-07-27 12:00:00,2026-07-27 10:30:00,1662.5,0.5558949297495364,1662.5,False,0.0,0.0,0.0,4.371079161587516,1665.8,2026-07-27 10:30:00,1657.4289463981002,False,6.291352543249841,0.016508584463921238,27.5,0.7549623051899705,0.0019810301356705216,3.2999999999999545,-0.0018009364869732262,-0.0027614359466922255,-0.0009604994597189994,-0.0005402809460918859,2026-07-27 10:33:00,BUY,BLUESTARCO
147.0,1645.9,REVERSAL,2026-07-27 14:03:00,2026-07-27 12:54:00,0.8338860116033574,1661.0,STRONG_BEARISH_DISPLACEMENT_AFTER_EXHAUSTION,2026-07-27 11:36:00,,EXPERIMENT:BLUESTARCO:2026-07-27T11:21:00:UP,UP,2026-07-27 12:51:00,2026-07-27 11:33:00,1664.5,0.5558949297495364,1656.8,False,0.0,0.0,0.0,4.092906909024732,1656.7,2026-07-27 11:21:00,1658.08065756838,False,0.4642177411391034,0.001143889223359477,1.900000000000091,5.546180380977455,0.013666465984346806,22.700000000000045,0.005478627332931914,0.0010836845273931093,0.002347983142685184,0.0027694160144490724,,SELL,BLUESTARCO
30.0,1645.9,REVERSAL,2026-07-27 14:03:00,2026-07-27 14:18:00,0.7241486746305009,1652.5,STRONG_BEARISH_DISPLACEMENT_AFTER_EXHAUSTION,2026-07-27 13:33:00,,EXPERIMENT:BLUESTARCO:2026-07-27T12:45:00:UP,UP,2026-07-27 14:15:00,2026-07-27 13:21:00,1654.4,0.5558949297495364,1648.6,False,0.0,0.0,0.0,3.078895616908805,1647.8,2026-07-27 12:45:00,1657.4992316589216,False,0.35727096234080946,0.0006656580937972218,1.099999999999909,4.612043332036301,0.008593040847201238,14.200000000000045,0.005022692889561243,0.0011497730711044424,-6.0514372163333764e-05,0.0028441754916793014,,SELL,BLUESTARCO
,,,,2026-07-27 15:27:00,1.0950515449700782,1648.0,HIGHER_LOW_AND_PREVIOUS_HIGH_BREAK,2026-07-27 14:42:00,2026-07-27 15:18:00,EXPERIMENT:BLUESTARCO:2026-07-27T14:42:00:DOWN,DOWN,2026-07-27 16:12:00,2026-07-27 14:42:00,1645.0,0.5558949297495364,1645.0,True,3.7201256268009977,0.006195529029356076,10.191645253290744,2.7395970662567977,1648.0,2026-07-27 14:42:00,1655.1916452532907,False,3.540666662069936,0.005885922330097115,9.700000000000045,1.2410584176327886,0.00206310679611656,3.400000000000091,,-0.0008495145631068513,0.00018203883495142872,0.00042475728155342565,2026-07-27 15:15:00,BUY,BLUESTARCO
,,,,,,,,,,EXPERIMENT:BLUESTARCO:2026-07-27T15:27:00:DOWN,DOWN,2026-07-27 16:57:00,2026-07-27 15:27:00,1638.3,0.5558949297495364,1638.3,True,5.478034537837254,0.009043650421490716,14.81621248552824,2.7046584652198504,1638.4,2026-07-27 15:27:00,1653.1162124855282,False,,,,,,,,,,,,BUY,BLUESTARCO
81.0,316.15,REVERSAL,2026-07-27 11:21:00,2026-07-27 11:18:00,0.8848725718247555,313.85,HIGHER_LOW_AND_PREVIOUS_HIGH_BREAK,2026-07-27 10:00:00,,EXPERIMENT:BPCL:2026-07-27T09:45:00:DOWN,DOWN,2026-07-27 11:15:00,2026-07-27 09:57:00,313.2,1.4516129032258065,313.5,True,2.3455702937363094,0.006538383410770439,2.0497831992765327,0.8738954465574292,313.65,2026-07-27 09:45:00,315.54978319927653,True,0.4005055769300453,0.0011151824119803176,0.35000000000002274,4.348346263811585,0.012107694758642517,3.7999999999999545,0.003504859009080662,0.0009558706388400653,0.00047793531942003266,0.002548988370240416,,BUY,BPCL
,,,,2026-07-27 12:54:00,1.0713752748635428,317.05,LOWER_HIGH_AND_PREVIOUS_LOW_BREAK,2026-07-27 11:36:00,,EXPERIMENT:BPCL:2026-07-27T11:21:00:UP,UP,2026-07-27 12:51:00,2026-07-27 11:33:00,317.65,1.4516129032258065,316.4,False,2.217600449774638,0.004027081236969874,1.2741685033772683,0.5745708175279071,316.15,2026-07-27 11:21:00,315.1258314966227,True,0.87021474942158,0.0015770383220312253,0.5,4.090009322281466,0.0074120801135468305,2.3500000000000227,0.003784891972874905,0.00015770383220315839,-0.00015770383220315839,0.0020501498186407006,,SELL,BPCL
,,,,2026-07-27 13:30:00,1.3744461341065082,316.25,PREVIOUS_LOW_BREAK_AFTER_EXHAUSTION,2026-07-27 12:57:00,,EXPERIMENT:BPCL:2026-07-27T12:45:00:UP,UP,2026-07-27 14:15:00,2026-07-27 12:57:00,316.85,1.4516129032258065,316.65,False,2.078751341476272,0.00270751130097325,0.8573334534531796,0.41242713178206536,316.55,2026-07-27 12:45:00,315.7926665465468,True,3.152071965738076,0.004110671936758929,1.3000000000000114,3.7582396514569316,0.004901185770751024,1.5500000000000114,0.004268774703557385,-0.00015810276679845492,0.0011067193675890047,0.0015810276679841897,,SELL,BPCL
,,,,2026-07-27 15:03:00,1.3106439378770172,315.1,HIGHER_LOW_AND_PREVIOUS_HIGH_BREAK,2026-07-27 14:39:00,,EXPERIMENT:BPCL:2026-07-27T13:30:00:DOWN,DOWN,2026-07-27 15:00:00,2026-07-27 13:45:00,314.7,1.4516129032258065,315.5,False,0.7885447620957292,0.0009433915853290211,0.29764004517130616,0.3774548503502363,315.5,2026-07-27 13:30:00,315.7976400451713,True,1.0597293944663273,0.001269438273564056,0.4000000000000341,6.490842541105671,0.007775309425579144,2.4499999999999886,,-0.0011107584893685265,0.0003173595683908787,0.0031735956839098697,,BUY,BPCL
,,,,2026-07-27 15:24:00,1.2990587811947827,316.25,STRONG_BULLISH_DISPLACEMENT_AFTER_EXHAUSTION,2026-07-27 15:09:00,2026-07-27 15:15:00,EXPERIMENT:BPCL:2026-07-27T15:03:00:DOWN,DOWN,2026-07-27 16:33:00,2026-07-27 15:06:00,315.7,1.4516129032258065,316.05,False,0.0,0.0,0.0,0.3951666149693323,316.2,2026-07-27 15:03:00,315.6988125867012,True,2.7836359609614045,0.003478260869565289,1.1000000000000227,3.2897515902270755,0.004110671936758929,1.3000000000000114,,-0.0009486166007905498,0.0023715415019762848,,2026-07-27 15:12:00,BUY,BPCL
,,,,,0.453851926932816,317.05,HIGHER_LOW_AND_PREVIOUS_HIGH_BREAK,2026-07-27 15:24:00,,EXPERIMENT:BPCL:2026-07-27T15:24:00:DOWN,DOWN,2026-07-27 16:54:00,2026-07-27 15:24:00,316.8,1.4516129032258065,316.8,False,0.0,0.0,0.0,0.5508404507380392,317.05,2026-07-27 15:24:00,315.79785475957925,True,0.5446223123193998,0.000946222993218771,0.30000000000001137,0.907703853865632,0.0015770383220312253,0.5,,,,,2026-07-27 15:27:00,BUY,BPCL
,,,,2026-07-27 10:36:00,1.9018285014162057,3549.9,PREVIOUS_HIGH_BREAK_AFTER_EXHAUSTION,2026-07-27 09:48:00,,EXPERIMENT:BSE:2026-07-27T09:36:00:DOWN,DOWN,2026-07-27 11:06:00,2026-07-27 09:48:00,3535.0,0.6758659532526049,3550.1,False,2.170608898298635,0.004378498172435497,15.544106361963259,7.161173242285622,3555.5,2026-07-27 09:36:00,3565.644106361963,False,8.11319570610698,0.01636665821572436,58.09999999999991,0.684245420996988,0.001380320572410516,4.900000000000091,-0.0034930561424265727,-0.0021127355700160566,-0.001380320572410516,-0.00028169807600214087,2026-07-27 10:30:00,BUY,BSE
,,,,2026-07-27 11:21:00,0.6257315746976188,3537.5,PREVIOUS_HIGH_BREAK_AFTER_EXHAUSTION,2026-07-27 10:48:00,2026-07-27 11:12:00,EXPERIMENT:BSE:2026-07-27T10:36:00:DOWN,DOWN,2026-07-27 12:06:00,2026-07-27 10:48:00,3534.0,0.6758659532526049,3535.2,False,2.836190138026176,0.004835580493127633,17.09474415930481,6.027361822505229,3535.2,2026-07-27 10:36:00,3552.2947441593046,False,7.582090033049475,0.012918727915194295,45.69999999999982,2.7209250884466645,0.004636042402826881,16.40000000000009,-0.008000000000000052,0.00042402826855123676,-0.001074204946996518,-0.0029116607773852104,2026-07-27 11:06:00,BUY,BSE
,,,,2026-07-27 11:48:00,0.9600592778456775,3529.5,HIGHER_LOW_AND_PREVIOUS_HIGH_BREAK,2026-07-27 11:30:00,2026-07-27 11:39:00,EXPERIMENT:BSE:2026-07-27T11:21:00:DOWN,DOWN,2026-07-27 12:51:00,2026-07-27 11:21:00,3525.2,0.6758659532526049,3525.2,True,4.432161626057492,0.006294852393714281,22.19061365832158,5.006724828774043,3526.9,2026-07-27 11:21:00,3547.3906136583214,False,7.529872579242809,0.010681399631675824,37.69999999999982,4.873445382852152,0.006913160504320751,24.40000000000009,-0.006799830004249894,-0.004674883127921802,-0.005751522878594754,-0.008074798130046749,2026-07-27 11:33:00,BUY,BSE
,,,,2026-07-27 13:21:00,2.1545269514161616,3505.2,STRONG_BULLISH_DISPLACEMENT_AFTER_EXHAUSTION,2026-07-27 12:00:00,,EXPERIMENT:BSE:2026-07-27T11:48:00:DOWN,DOWN,2026-07-27 13:18:00,2026-07-27 12:00:00,3491.8,0.6758659532526049,3508.6,True,5.561148908428425,0.008704263492841863,30.539778890984962,5.491631206763617,3509.2,2026-07-27 11:48:00,3539.139778890985,False,2.440076453694832,0.0038228917037543184,13.399999999999636,8.86803905186136,0.013893643729316523,48.70000000000027,0.0007417551066987231,-0.0009129293620905564,0.0017117425539198905,-0.0003423485107839262,,BUY,BSE
,,,,2026-07-27 13:33:00,3.6206229497198748,3526.0,HIGHER_LOW_AND_PREVIOUS_HIGH_BREAK,2026-07-27 13:24:00,,EXPERIMENT:BSE:2026-07-27T13:12:00:DOWN,DOWN,2026-07-27 14:42:00,2026-07-27 13:21:00,3506.2,0.6758659532526049,3506.2,True,4.512267563071407,0.005658713982686283,19.840582966094644,4.397031578639271,3508.1,2026-07-27 13:12:00,3526.0405829660945,False,4.184641313332176,0.005218377765173026,18.40000000000009,6.345189817498235,0.007912648893930825,27.90000000000009,0.005104934770277935,0.0045660805445263495,0.00737379466817924,0.0031480431083380344,,BUY,BSE
,,,,2026-07-27 15:06:00,2.2004029012788,3538.7,PREVIOUS_LOW_BREAK_AFTER_EXHAUSTION,2026-07-27 13:45:00,,EXPERIMENT:BSE:2026-07-27T13:33:00:UP,UP,2026-07-27 15:03:00,2026-07-27 13:45:00,3553.9,0.6758659532526049,3546.1,True,3.040644930270867,0.005433530038414925,19.267840869223164,6.336761217136505,3542.1,2026-07-27 13:33:00,3526.8321591307767,False,2.39870171514352,0.004295362703817864,15.200000000000273,2.1619877300963943,0.0038714782264672957,13.699999999999818,0.003080227202079757,-0.0009325458501710182,5.6517930313340525e-05,-0.0008195099895442087,,SELL,BSE
,,,,,,,,,,EXPERIMENT:BSE:2026-07-27T15:15:00:UP,UP,2026-07-27 16:45:00,2026-07-27 15:24:00,3545.7,0.6758659532526049,3535.5,False,1.3449636519471928,0.0016898080916925675,5.974316508179072,4.441991052717045,3534.0,2026-07-27 15:15:00,3529.525683491821,False,,,,,,,,,,,,SELL,BSE
,,,,2026-07-27 10:42:00,1.1564489087303205,1337.1,HIGHER_LOW_AND_PREVIOUS_HIGH_BREAK,2026-07-27 09:51:00,,EXPERIMENT:CDSL:2026-07-27T09:36:00:DOWN,DOWN,2026-07-27 11:06:00,2026-07-27 09:45:00,1333.1,0.45692883895130404,1334.6,True,1.8157639606991745,0.005258294374879755,7.01771967271452,3.864885428176629,1337.4,2026-07-27 09:36:00,1341.6177196727144,False,2.872012691262792,0.00830154812654245,11.099999999999909,1.0608335165926068,0.0030663375962905817,4.100000000000136,-0.000747887218607434,0.001645351880936389,0.0010470421060504757,0.0006730984967467586,2026-07-27 10:36:00,BUY,CDSL
,,,,2026-07-27 12:03:00,0.8155611758842303,1334.9,HIGHER_LOW_AND_PREVIOUS_HIGH_BREAK,2026-07-27 10:45:00,,EXPERIMENT:CDSL:2026-07-27T10:42:00:DOWN,DOWN,2026-07-27 12:12:00,2026-07-27 10:42:00,1332.8,0.45692883895130404,1332.8,False,2.386112449242014,0.004757902204858943,6.341332058635999,2.657599838033795,1334.6,2026-07-27 10:42:00,1339.141332058636,False,3.3488864172209944,0.006667166079856237,8.900000000000091,1.693257177246553,0.0033710390291407594,4.5,0.0005243838489773152,0.0012735036332308172,0.0018727994606337552,0.00044947187055203314,2026-07-27 12:00:00,BUY,CDSL
,,,,2026-07-27 12:27:00,0.6987637107569725,1332.9,STRONG_BULLISH_DISPLACEMENT_AFTER_EXHAUSTION,2026-07-27 12:06:00,,EXPERIMENT:CDSL:2026-07-27T11:51:00:DOWN,DOWN,2026-07-27 13:21:00,2026-07-27 12:06:00,1331.5,0.45692883895130404,1332.0,False,3.1526919575196035,0.004779204821519644,6.365900822264166,2.0191953124632485,1332.1,2026-07-27 11:51:00,1338.3659008222642,False,3.417202861660109,0.005176682421787149,6.900000000000091,0.8914442247808638,0.0013504388926400739,1.7999999999999545,-0.0015755120414135616,0.0004501462975466344,-0.0007502438292445044,-0.0029259509340536353,2026-07-27 12:24:00,BUY,CDSL
,,,,2026-07-27 13:45:00,1.1230576114099635,1329.6,PREVIOUS_HIGH_BREAK_AFTER_EXHAUSTION,2026-07-27 12:42:00,,EXPERIMENT:CDSL:2026-07-27T12:12:00:DOWN,DOWN,2026-07-27 13:42:00,2026-07-27 12:42:00,1327.5,0.45692883895130404,1330.5,True,3.8429743210492213,0.00561851711252004,7.475437018207913,1.945221693848567,1330.5,2026-07-27 12:12:00,1337.975437018208,False,1.850688798805965,0.002707581227436755,3.599999999999909,1.7478727544279469,0.002557160048134846,3.400000000000091,0.0024819494584838917,0.0006768953068592743,0.0006768953068592743,0.0012033694344164684,,BUY,CDSL
,,,,2026-07-27 15:15:00,1.4511299814255625,1330.5,STRONG_BULLISH_DISPLACEMENT_AFTER_EXHAUSTION,2026-07-27 13:54:00,,EXPERIMENT:CDSL:2026-07-27T13:42:00:DOWN,DOWN,2026-07-27 15:12:00,2026-07-27 13:54:00,1328.0,0.45692883895130404,1330.0,False,3.7154483337854494,0.004870565404333908,6.477851987764097,1.7434913382752384,1331.1,2026-07-27 13:42:00,1336.477851987764,False,2.5810280218837556,0.0033821871476888386,4.5,1.3765482783380552,0.0018038331454341156,2.400000000000091,-0.0009770762871100748,0.00015031942878620478,0.0009770762871100748,0.000751597143930853,,BUY,CDSL
,,,,,,,,,,EXPERIMENT:CDSL:2026-07-27T15:06:00:DOWN,DOWN,2026-07-27 16:36:00,2026-07-27 15:24:00,1326.0,0.45692883895130404,1329.1,False,4.321936726030575,0.004680520958494528,6.220880405935077,1.4393733180931043,1329.6,2026-07-27 15:06:00,1335.320880405935,False,,,,,,,,,,,,BUY,CDSL
,,,,2026-07-27 11:48:00,0.9112032730781413,871.9,HIGHER_LOW_AND_PREVIOUS_HIGH_BREAK,2026-07-27 10:18:00,,EXPERIMENT:CGPOWER:2026-07-27T10:15:00:DOWN,DOWN,2026-07-27 11:45:00,2026-07-27 10:15:00,868.35,-0.5209513023782585,868.35,True,1.4568090144986694,0.0066582095126104714,5.781656230275303,3.96871255788113,870.15,2026-07-27 10:15:00,874.1316562302753,False,0.7811097313772436,0.0035554536070650567,3.1000000000000227,2.003168504660992,0.009118018121344244,7.9500000000000455,-0.001376304622089611,-0.0006881523110448707,-0.0033260695033833897,0.0014909966739305748,,BUY,CGPOWER
,,,,2026-07-27 12:36:00,0.6347035191397932,874.8,LOWER_HIGH_AND_PREVIOUS_LOW_BREAK,2026-07-27 12:03:00,,EXPERIMENT:CGPOWER:2026-07-27T11:57:00:UP,UP,2026-07-27 13:27:00,2026-07-27 12:00:00,876.0,-0.5209513023782585,875.7,False,1.0178233701576236,0.002295479361404636,2.0101512767820395,1.974950994169785,875.6,2026-07-27 11:57:00,873.689848723218,False,2.557025472990508,0.005772748056698752,5.050000000000068,0.9620491878577904,0.0021719250114311584,1.8999999999999773,0.00045724737082759176,0.0008573388203017833,0.0014288980338363056,0.0006287151348879224,2026-07-27 12:33:00,SELL,CGPOWER
,,,,2026-07-27 14:00:00,1.234250782589118,875.2,LOWER_HIGH_AND_PREVIOUS_LOW_BREAK,2026-07-27 12:39:00,2026-07-27 13:57:00,EXPERIMENT:CGPOWER:2026-07-27T12:30:00:UP,UP,2026-07-27 14:00:00,2026-07-27 12:36:00,877.25,-0.5209513023782585,877.25,False,2.0197619350778306,0.003914570736045062,3.4340571781955305,1.7002286846559471,875.5,2026-07-27 12:30:00,873.8159428218045,False,2.734926214317421,0.005313071297989005,4.649999999999977,1.2351279677562739,0.002399451553930556,2.1000000000000227,5.7129798903185795e-05,-0.00017138939670929758,0.0018852833638026633,0.0013711151736746406,2026-07-27 13:54:00,SELL,CGPOWER
,,,,2026-07-27 14:21:00,1.768116521648233,876.5,LOWER_HIGH_AND_PREVIOUS_LOW_BREAK,2026-07-27 14:03:00,,EXPERIMENT:CGPOWER:2026-07-27T14:00:00:UP,UP,2026-07-27 15:30:00,2026-07-27 14:00:00,879.0,-0.5209513023782585,879.0,True,3.646284083599359,0.005534704878307012,4.865005588031863,1.3342365752340029,878.15,2026-07-27 14:00:00,874.1349944119681,False,2.5107991057826373,0.0038220193953223307,3.3500000000000227,0.37474613519143585,0.0005704506560182544,0.5,-0.001026811180832832,-0.0022818026240730175,-0.002852253280091272,-0.0027952082144894986,2026-07-27 14:15:00,SELL,CGPOWER
,,,,,2.1315553932297133,876.85,LOWER_HIGH_AND_PREVIOUS_LOW_BREAK,2026-07-27 14:33:00,,EXPERIMENT:CGPOWER:2026-07-27T14:21:00:UP,UP,2026-07-27 15:51:00,2026-07-27 14:27:00,879.85,-0.5209513023782585,879.7,True,3.9749662390148868,0.006130384862617246,5.3928995636443915,1.3567158157753083,879.0,2026-07-27 14:21:00,874.3071004363557,False,1.916392489693376,0.0029651593773165567,2.6000000000000227,0.6265129293228457,0.000969379027199661,0.8500000000000227,,-0.0007983121400466804,-0.0006272452528938296,-0.0008553344357643838,,SELL,CGPOWER
,,,,2026-07-27 11:06:00,1.711377724826007,1774.7,LOWER_HIGH_AND_PREVIOUS_LOW_BREAK,2026-07-27 09:51:00,,EXPERIMENT:CHOLAFIN:2026-07-27T09:33:00:UP,UP,2026-07-27 11:03:00,2026-07-27 09:45:00,1786.9,2.044728434504795,1766.8,False,1.051004459383615,0.004013757425544514,7.091506619452048,6.747361113587491,1763.5,2026-07-27 09:33:00,1759.708493380548,True,4.4165414446234745,0.016791570406265822,29.799999999999955,1.1411868833423158,0.004338761480813684,7.7000000000000455,-0.00045078041359100386,0.0009015608271821358,0.00219755451625632,-0.00016904265509661042,,SELL,CHOLAFIN
,,,,2026-07-27 11:27:00,0.8389472802482092,1777.8,STRONG_BEARISH_DISPLACEMENT_AFTER_EXHAUSTION,2026-07-27 11:15:00,2026-07-27 11:24:00,EXPERIMENT:CHOLAFIN:2026-07-27T10:48:00:UP,UP,2026-07-27 12:18:00,2026-07-27 11:15:00,1780.8,2.044728434504795,1779.3,False,2.106721463313109,0.004478191146221026,7.968045506471071,3.78220170308619,1778.4,2026-07-27 10:48:00,1771.3319544935289,True,7.059380248867599,0.015018562267971677,26.700000000000045,0.23795663760224217,0.0005062436719540239,0.8999999999998636,-0.006131173360333047,-0.008887388907638629,-0.007368657891776429,-0.00776240296996285,2026-07-27 11:21:00,SELL,CHOLAFIN
,,,,2026-07-27 11:48:00,0.5984056355482237,1791.1,STRONG_BEARISH_DISPLACEMENT_AFTER_EXHAUSTION,2026-07-27 11:27:00,,EXPERIMENT:CHOLAFIN:2026-07-27T11:27:00:UP,UP,2026-07-27 12:57:00,2026-07-27 11:27:00,1793.7,2.044728434504795,1793.7,True,4.687812978815062,0.011355287699041166,20.36797954577014,4.344878867355871,1791.1,2026-07-27 11:27:00,1773.33202045423,True,3.0840905832099352,0.007481435989057055,13.400000000000091,2.5547317517634154,0.006197308916308364,11.099999999999909,0.0001674948355758777,0.0001674948355758777,-0.0020099380269109133,0.0011724638490312707,2026-07-27 11:45:00,SELL,CHOLAFIN
,,,,2026-07-27 12:24:00,0.7707102156670221,1792.6,STRONG_BEARISH_DISPLACEMENT_AFTER_EXHAUSTION,2026-07-27 11:48:00,,EXPERIMENT:CHOLAFIN:2026-07-27T11:48:00:UP,UP,2026-07-27 13:18:00,2026-07-27 11:48:00,1795.6,2.044728434504795,1795.6,True,4.999752048193124,0.01083849569461011,19.461602869241915,3.8925136050047127,1792.6,2026-07-27 11:48:00,1776.138397130758,True,3.057150522145878,0.006638402320651619,11.900000000000091,3.2369829058014696,0.007028896574807492,12.599999999999909,-0.003235523820149605,0.0017293316969764082,0.0024545353118374785,0.002175610844583211,2026-07-27 12:21:00,SELL,CHOLAFIN
,,,,2026-07-27 12:51:00,1.0720400433082293,1790.0,LOWER_HIGH_AND_PREVIOUS_LOW_BREAK,2026-07-27 12:24:00,2026-07-27 12:48:00,EXPERIMENT:CHOLAFIN:2026-07-27T12:09:00:UP,UP,2026-07-27 13:39:00,2026-07-27 12:24:00,1794.4,2.044728434504795,1794.4,True,3.7948723524162893,0.008679997107822794,15.575386810277223,4.104324299698773,1790.0,2026-07-27 12:09:00,1778.8246131897229,True,3.5328592336293188,0.008100558659217877,14.5,2.436454643882289,0.00558659217877095,10.0,-0.003072625698324022,-0.00027932960893854746,-0.0017877094972067293,-0.0044134078212291015,2026-07-27 12:45:00,SELL,CHOLAFIN
,,,,2026-07-27 14:15:00,1.3895924554101908,1799.6,STRONG_BEARISH_DISPLACEMENT_AFTER_EXHAUSTION,2026-07-27 13:06:00,,EXPERIMENT:CHOLAFIN:2026-07-27T12:51:00:UP,UP,2026-07-27 14:21:00,2026-07-27 13:06:00,1804.5,2.044728434504795,1799.0,True,5.076144140523377,0.01032137268922063,18.568149467907915,3.657923997799133,1797.9,2026-07-27 12:51:00,1780.431850532092,True,1.339557629668708,0.002722827294954485,4.900000000000091,5.358230518674708,0.010891309179817687,19.59999999999991,0.005890197821738114,0.0024449877750610492,0.0022782840631250887,0.002500555679039787,,SELL,CHOLAFIN
,,,,2026-07-27 14:45:00,0.6902748468721277,1790.5,HIGHER_LOW_AND_PREVIOUS_HIGH_BREAK,2026-07-27 14:30:00,2026-07-27 14:36:00,EXPERIMENT:CHOLAFIN:2026-07-27T14:15:00:DOWN,DOWN,2026-07-27 15:45:00,2026-07-27 14:18:00,1788.4,2.044728434504795,1789.5,False,0.0,0.0,0.0,3.4366683590466005,1790.5,2026-07-27 14:15:00,1783.6011606617806,True,3.0552846254018258,0.005864283719631388,10.5,1.0766241060939898,0.002066461882155848,3.7000000000000455,,-0.002624965093549313,-0.0037419715163362443,-0.005417481150516641,2026-07-27 14:33:00,BUY,CHOLAFIN
,,,,,1.5344079684328695,1785.2,PREVIOUS_HIGH_BREAK_AFTER_EXHAUSTION,2026-07-27 15:00:00,,EXPERIMENT:CHOLAFIN:2026-07-27T14:45:00:DOWN,DOWN,2026-07-27 16:15:00,2026-07-27 14:57:00,1780.0,2.044728434504795,1785.1,False,0.0,0.0,0.0,3.00673906847001,1785.1,2026-07-27 14:45:00,1784.0217116181566,True,1.7294483763255466,0.002912838897602535,5.2000000000000455,2.5941725644882823,0.004369258346403739,7.7999999999999545,,0.0006721935917544507,-0.0006161774591082995,0.0010082903876316124,,BUY,CHOLAFIN
291.0,1528.1,REVERSAL,2026-07-27 14:54:00,2026-07-27 11:18:00,1.6040437829458747,1523.2,LOWER_HIGH_AND_PREVIOUS_LOW_BREAK,2026-07-27 10:03:00,,EXPERIMENT:COFORGE:2026-07-27T09:45:00:UP,UP,2026-07-27 11:15:00,2026-07-27 09:54:00,1531.7,0.9353970390309617,1527.5,True,3.2226286810314404,0.012203673130178241,18.641110706347263,5.7844426247646235,1523.4,2026-07-27 09:45:00,1508.8588892936527,False,2.5931625522191726,0.009847689075630252,15.0,1.4175955285464887,0.005383403361344567,8.200000000000045,-0.000919117647058734,-0.0009847689075630252,0.00045955882352944163,-0.003282563025210084,,SELL,COFORGE
186.0,1528.1,REVERSAL,2026-07-27 14:54:00,2026-07-27 12:42:00,1.144031579206834,1526.1,LOWER_HIGH_AND_PREVIOUS_LOW_BREAK,2026-07-27 11:48:00,,EXPERIMENT:COFORGE:2026-07-27T11:09:00:UP,UP,2026-07-27 12:39:00,2026-07-27 11:36:00,1530.0,0.9353970390309617,1527.5,True,2.5973321796698436,0.006573480350387119,10.040991235216325,3.865886432936996,1526.6,2026-07-27 11:09:00,1517.4590087647837,False,3.1299419188596054,0.007928707162047138,12.100000000000136,1.396833583623244,0.003538431295458924,5.399999999999864,0.0011139505930147554,0.0005897385492430795,0.0021623746805582563,0.002883166240744292,,SELL,COFORGE
132.0,1528.1,REVERSAL,2026-07-27 14:54:00,2026-07-27 13:06:00,0.6362505547048125,1523.8,STRONG_BEARISH_DISPLACEMENT_AFTER_EXHAUSTION,2026-07-27 12:42:00,,EXPERIMENT:COFORGE:2026-07-27T12:39:00:UP,UP,2026-07-27 14:09:00,2026-07-27 12:42:00,1525.4,0.9353970390309617,1525.4,False,2.802638892989592,0.004620353572021128,7.047887338761029,2.514732581635947,1523.8,2026-07-27 12:39:00,1518.352112661239,False,5.72625499234286,0.009450059062869203,14.400000000000091,0.6760162143738238,0.0011156319726998592,1.7000000000000455,-0.0022968893555584723,-0.00032812705079406746,-0.0023625147657173754,-0.0005250032812704781,2026-07-27 12:51:00,SELL,COFORGE
105.0,1528.1,REVERSAL,2026-07-27 14:54:00,2026-07-27 14:03:00,1.2577334181200919,1524.6,PREVIOUS_LOW_BREAK_AFTER_EXHAUSTION,2026-07-27 13:09:00,,EXPERIMENT:COFORGE:2026-07-27T13:06:00:UP,UP,2026-07-27 14:36:00,2026-07-27 13:06:00,1527.5,0.9353970390309617,1527.5,True,4.066055920838874,0.005913578035119938,9.032990448645705,2.221560801058067,1526.1,2026-07-27 13:06:00,1518.4670095513543,False,6.121822096213994,0.008920372556736283,13.600000000000136,1.1253349441569729,0.0016397743670470944,2.5,-0.002886002886002946,0.0009182736455462834,6.559097468182412e-05,-0.0006559097468188378,2026-07-27 14:00:00,SELL,COFORGE
24.0,1528.1,REVERSAL,2026-07-27 14:54:00,2026-07-27 15:00:00,1.8536308772705123,1533.9,LOWER_HIGH_AND_PREVIOUS_LOW_BREAK,2026-07-27 14:30:00,,EXPERIMENT:COFORGE:2026-07-27T13:48:00:UP,UP,2026-07-27 15:18:00,2026-07-27 14:24:00,1538.2,0.9353970390309617,1531.7,True,6.391281960451573,0.008373445310099294,12.825606181479088,2.0067345269450296,1530.5,2026-07-27 13:48:00,1518.874393818521,False,0.5481542203165777,0.0007171262794184165,1.099999999999909,4.883555781002732,0.006388943216637448,9.800000000000182,,-0.0003259664906447617,0.0012386726644501537,0.004889497359671426,,SELL,COFORGE
,,,,,2.780854672016033,1531.0,HIGHER_LOW_AND_PREVIOUS_HIGH_BREAK,2026-07-27 15:21:00,,EXPERIMENT:COFORGE:2026-07-27T15:00:00:DOWN,DOWN,2026-07-27 16:30:00,2026-07-27 15:15:00,1524.1,0.9353970390309617,1525.2,False,0.0,0.0,0.0,2.248921119644098,1527.2,2026-07-27 15:00:00,1520.2830746219831,False,2.1788225283666414,0.0032005225342913723,4.900000000000091,0.44465765885032665,0.0006531678641410843,1.0,,,,,,BUY,COFORGE
93.0,462.85,ACCEPTED_BREAKOUT,2026-07-27 11:15:00,2026-07-27 10:21:00,0.577759852149444,465.0,STRONG_BEARISH_DISPLACEMENT_AFTER_EXHAUSTION,2026-07-27 09:42:00,,EXPERIMENT:DELHIVERY:2026-07-27T09:36:00:UP,UP,2026-07-27 11:06:00,2026-07-27 09:42:00,465.65,0.7996542035876353,465.4,False,0.0,0.0,0.0,1.1751884097782137,465.15,2026-07-27 09:36:00,465.4152627873573,False,5.360842523275883,0.013548387096774217,6.300000000000011,3.0207922154967317,0.007634408602150562,3.5500000000000114,0.0012903225806452103,-0.0005376344086021505,0.0,0.0016129032258064516,2026-07-27 09:45:00,SELL,DELHIVERY
42.0,462.85,ACCEPTED_BREAKOUT,2026-07-27 11:15:00,2026-07-27 11:18:00,1.0087315437765798,463.3,LOWER_HIGH_AND_PREVIOUS_LOW_BREAK,2026-07-27 10:33:00,,EXPERIMENT:DELHIVERY:2026-07-27T10:21:00:UP,UP,2026-07-27 11:51:00,2026-07-27 10:30:00,464.35,0.7996542035876353,462.15,False,0.0,0.0,0.0,1.014178289184681,462.0,2026-07-27 10:21:00,464.84103520948224,False,7.888159394963352,0.017267429311461257,8.0,1.5776318789926929,0.0034534858622923,1.6000000000000227,0.00172674293114615,-0.002374271530325849,-0.0008633714655730137,-0.0005396071659831643,2026-07-27 10:42:00,SELL,DELHIVERY
,,,,2026-07-27 12:51:00,1.571413098664519,462.95,HIGHER_LOW_AND_PREVIOUS_HIGH_BREAK,2026-07-27 11:30:00,,EXPERIMENT:DELHIVERY:2026-07-27T11:18:00:DOWN,DOWN,2026-07-27 12:48:00,2026-07-27 11:18:00,461.7,0.7996542035876353,461.7,True,2.866411183559626,0.005623626292920841,2.596428259441552,0.9058115159239652,462.75,2026-07-27 11:18:00,464.29642825944154,False,1.048783310102819,0.0020520574576087885,0.9499999999999886,9.218253304588071,0.01803650502214067,8.350000000000023,0.0041041149152177,0.008100226806350579,0.005184145156064444,0.004752133059725648,,BUY,DELHIVERY
,,,,2026-07-27 13:42:00,0.6171945065813164,467.6,HIGHER_LOW_AND_PREVIOUS_HIGH_BREAK,2026-07-27 13:06:00,2026-07-27 13:12:00,EXPERIMENT:DELHIVERY:2026-07-27T13:06:00:DOWN,DOWN,2026-07-27 14:36:00,2026-07-27 13:06:00,467.2,0.7996542035876353,467.2,False,0.0,0.0,0.0,0.6480939083785145,467.6,2026-07-27 13:06:00,464.9152425293707,False,2.623076652970441,0.0036355859709154095,1.7000000000000455,5.709049185876672,0.007912745936698008,3.6999999999999886,0.002887082976903263,0.0004277159965782477,-0.0007485029940120247,-0.0011762189905902723,2026-07-27 13:09:00,BUY,DELHIVERY
,,,,2026-07-27 15:15:00,1.2183520720491607,468.75,LOWER_HIGH_AND_PREVIOUS_LOW_BREAK,2026-07-27 14:30:00,2026-07-27 15:15:00,EXPERIMENT:DELHIVERY:2026-07-27T13:42:00:UP,UP,2026-07-27 15:12:00,2026-07-27 14:15:00,469.55,0.7996542035876353,468.95,True,4.06046648740586,0.006902512611315925,3.236933289076603,0.7971826141445651,468.65,2026-07-27 13:42:00,465.7130667109234,False,3.198765194768261,0.005440000000000025,2.5500000000000114,0.8153715202350148,0.0013866666666666181,0.6499999999999773,,-0.0009599999999999757,0.00010666666666669093,0.0006400000000000242,2026-07-27 15:12:00,SELL,DELHIVERY
,,,,,1.931932744510186,469.85,PREVIOUS_LOW_BREAK_AFTER_EXHAUSTION,2026-07-27 15:24:00,,EXPERIMENT:DELHIVERY:2026-07-27T15:18:00:UP,UP,2026-07-27 16:48:00,2026-07-27 15:24:00,471.3,0.7996542035876353,470.6,True,5.3536071734345105,0.007879590880985592,3.70813546859182,0.6926424275191884,470.35,2026-07-27 15:18:00,466.8918645314082,False,2.093432256515674,0.003086091305735849,1.4499999999999886,0.2165619575706379,0.0003192508247313698,0.1500000000000341,,,,,,SELL,DELHIVERY
210.0,7782.5,REVERSAL,2026-07-27 13:36:00,2026-07-27 10:24:00,1.609599710844676,7683.5,LOWER_HIGH_AND_PREVIOUS_LOW_BREAK,2026-07-27 10:06:00,,EXPERIMENT:EICHERMOT:2026-07-27T10:03:00:UP,UP,2026-07-27 11:33:00,2026-07-27 10:03:00,7708.0,0.6145397489539749,7708.0,False,1.2913152149267215,0.0024948510442161414,19.23031184881802,14.89203536559374,7703.0,2026-07-27 10:03:00,7688.769688151182,False,10.979023080870942,0.021279364872779333,163.5,0.36932493544214173,0.0007158196134574087,5.5,-0.004880588273573241,-0.0011713411856575779,-0.0023426823713151557,-0.0020173098197436064,2026-07-27 10:21:00,SELL,EICHERMOT
186.0,7782.5,REVERSAL,2026-07-27 13:36:00,2026-07-27 10:51:00,1.0147682539597673,7701.0,STRONG_BEARISH_DISPLACEMENT_AFTER_EXHAUSTION,2026-07-27 10:30:00,2026-07-27 10:42:00,EXPERIMENT:EICHERMOT:2026-07-27T10:24:00:UP,UP,2026-07-27 11:54:00,2026-07-27 10:30:00,7715.0,0.6145397489539749,7706.5,False,1.2416295405442408,0.002198466337373117,16.942480828965927,13.645359002605211,7701.5,2026-07-27 10:24:00,7689.557519171034,False,10.699608560839275,0.018958576808206725,146.0,0.6229224162132455,0.0011037527593818985,8.5,-0.008959875340864823,-0.0028567718478119727,-0.003830671341384236,-0.002337358784573432,2026-07-27 10:39:00,SELL,EICHERMOT
162.0,7782.5,REVERSAL,2026-07-27 13:36:00,2026-07-27 11:33:00,1.4704250366289522,7718.5,LOWER_HIGH_AND_PREVIOUS_LOW_BREAK,2026-07-27 10:54:00,2026-07-27 11:30:00,EXPERIMENT:EICHERMOT:2026-07-27T10:51:00:UP,UP,2026-07-27 12:21:00,2026-07-27 10:51:00,7741.0,0.6145397489539749,7741.0,True,2.9641976000034402,0.005544229603423354,42.91788136010018,14.478751807926155,7734.0,2026-07-27 10:51:00,7698.0821186399,False,8.875074433533337,0.016648312495951285,128.5,0.7942673617559017,0.0014899267992485588,11.5,-0.015417503400919868,0.0,0.00019433827816285547,-0.00200816220768284,2026-07-27 11:27:00,SELL,EICHERMOT
108.0,7782.5,REVERSAL,2026-07-27 13:36:00,2026-07-27 11:54:00,0.8164126271741031,7791.0,STRONG_BEARISH_DISPLACEMENT_AFTER_EXHAUSTION,2026-07-27 11:48:00,,EXPERIMENT:EICHERMOT:2026-07-27T11:33:00:UP,UP,2026-07-27 13:03:00,2026-07-27 11:45:00,7804.5,0.6145397489539749,7780.0,True,4.308734230395756,0.008709306264033767,67.75840273418271,15.725825523464492,7770.0,2026-07-27 11:33:00,7712.241597265817,False,3.5610213223110256,0.0071877807726864335,56.0,2.6389711584983493,0.005326658965472982,41.5,-0.00243871133359004,-0.004941599281221923,-0.002823771017841099,-0.003850596842510589,2026-07-27 11:51:00,SELL,EICHERMOT
99.0,7782.5,REVERSAL,2026-07-27 13:36:00,2026-07-27 13:18:00,0.9454885872299921,7829.5,STRONG_BEARISH_DISPLACEMENT_AFTER_EXHAUSTION,2026-07-27 11:57:00,,EXPERIMENT:EICHERMOT:2026-07-27T11:45:00:UP,UP,2026-07-27 13:15:00,2026-07-27 11:54:00,7847.0,0.6145397489539749,7847.0,True,5.718802893006553,0.013601731029116127,106.73278338547425,18.663483491623104,7837.5,2026-07-27 11:45:00,7740.267216614526,False,0.482225089653791,0.0011494986908487132,9.0,4.286445241367031,0.01021776614087745,80.0,0.003959384379590012,0.002107414266555974,0.0010856376524682292,0.001851970113034038,,SELL,EICHERMOT
18.0,7782.5,REVERSAL,2026-07-27 13:36:00,2026-07-27 13:36:00,0.7502849358441325,7802.0,STRONG_BEARISH_DISPLACEMENT_AFTER_EXHAUSTION,2026-07-27 13:18:00,,EXPERIMENT:EICHERMOT:2026-07-27T13:09:00:UP,UP,2026-07-27 14:39:00,2026-07-27 13:18:00,7810.5,0.6145397489539749,7810.5,True,4.713022706959083,0.006836178503742539,53.3939722034811,11.329029271308505,7802.0,2026-07-27 13:09:00,7757.106027796519,False,0.7502849358441325,0.0010894642399384773,8.5,4.6341128390372885,0.0067290438349141245,52.5,0.004998718277364778,0.0021148423481158678,0.002499359138682389,0.0033324788515765188,,SELL,EICHERMOT
,,,,2026-07-27 14:00:00,0.612862432339845,7784.0,STRONG_BULLISH_DISPLACEMENT_AFTER_EXHAUSTION,2026-07-27 13:42:00,2026-07-27 13:51:00,EXPERIMENT:EICHERMOT:2026-07-27T13:36:00:DOWN,DOWN,2026-07-27 15:06:00,2026-07-27 13:39:00,7777.0,0.6145397489539749,7779.5,False,0.0,0.0,0.0,12.006954538502148,7782.5,2026-07-27 13:36:00,7759.120210180511,False,2.8733347735573114,0.0044321685508735865,34.5,0.16657013180042385,0.00025693730729701953,2.0,-0.0013489208633093526,-0.0016700924974306268,-0.0023124357656731757,-0.0024409044193216857,2026-07-27 13:45:00,BUY,EICHERMOT
,,,,,1.1814790642636945,7768.0,PREVIOUS_HIGH_BREAK_AFTER_EXHAUSTION,2026-07-27 14:24:00,,EXPERIMENT:EICHERMOT:2026-07-27T14:00:00:DOWN,DOWN,2026-07-27 15:30:00,2026-07-27 14:15:00,7755.5,0.6145397489539749,7766.0,False,0.0,0.0,0.0,11.382112393308454,7766.0,2026-07-27 14:00:00,7759.918988365681,False,1.6253573467501652,0.002381565396498455,18.5,1.5814287698109715,0.002317198764160659,18.0,0.0010298661174047373,0.001544799176107106,0.0007080329557157569,0.0018666323377960865,2026-07-27 15:27:00,BUY,EICHERMOT
,,,,2026-07-27 11:39:00,1.5312728312933424,441.2,PREVIOUS_HIGH_BREAK_AFTER_EXHAUSTION,2026-07-27 11:27:00,,EXPERIMENT:EXIDEIND:2026-07-27T10:57:00:DOWN,DOWN,2026-07-27 12:27:00,2026-07-27 11:18:00,440.0,0.8424408014571924,440.65,False,0.8897374877244139,0.0019608791329207235,0.8640613899215168,0.971141940002364,440.65,2026-07-27 10:57:00,441.5140613899215,False,18.58636647898872,0.04091115140525841,18.05000000000001,0.10297155944040406,0.0002266545784225357,0.10000000000002274,-0.005779691749773371,-0.001926563916591038,-0.0024932003626472483,-0.001926563916591038,2026-07-27 11:36:00,BUY,EXIDEIND
,,,,2026-07-27 12:06:00,1.5434048403707379,440.6,HIGHER_LOW_AND_PREVIOUS_HIGH_BREAK,2026-07-27 11:51:00,,EXPERIMENT:EXIDEIND:2026-07-27T11:39:00:DOWN,DOWN,2026-07-27 13:09:00,2026-07-27 11:45:00,439.55,0.8424408014571924,440.25,False,1.653641209206969,0.0027028665459952164,1.189936996874394,0.7195859599102806,440.25,2026-07-27 11:39:00,441.4399369968744,False,24.250056243698452,0.03960508397639592,17.450000000000045,0.9727816258216961,0.0015887426236949355,0.6999999999999886,-0.0054471175669542305,0.0009078529278256405,-0.0022696323195642303,-0.004879709487063173,2026-07-27 12:03:00,BUY,EXIDEIND
,,,,2026-07-27 12:24:00,0.9214150941823954,439.6,STRONG_BULLISH_DISPLACEMENT_AFTER_EXHAUSTION,2026-07-27 12:09:00,2026-07-27 12:21:00,EXPERIMENT:EXIDEIND:2026-07-27T12:00:00:DOWN,DOWN,2026-07-27 13:30:00,2026-07-27 12:09:00,438.9,0.8424408014571924,439.05,True,2.993467534074547,0.005210995430323287,2.287887543683439,0.7642934214720845,439.2,2026-07-27 12:00:00,441.33788754368345,False,21.523147442923367,0.0374203821656052,16.450000000000045,0.392519406253861,0.000682438580527649,0.2999999999999545,-0.0011373976342129207,-0.0026160145586897952,-0.002161055505004653,-0.0022747952684258415,2026-07-27 12:18:00,BUY,EXIDEIND
,,,,2026-07-27 12:48:00,0.9883619389937734,439.0,HIGHER_LOW_AND_PREVIOUS_HIGH_BREAK,2026-07-27 12:30:00,2026-07-27 12:45:00,EXPERIMENT:EXIDEIND:2026-07-27T12:24:00:DOWN,DOWN,2026-07-27 13:54:00,2026-07-27 12:27:00,438.3,0.8424408014571924,438.45,True,3.8375940931484775,0.006347762279623512,2.783176371500929,0.7252399039465707,438.8,2026-07-27 12:24:00,441.2331763715009,False,21.854837156295957,0.03610478359908889,15.850000000000023,1.240968671335384,0.002050113895216349,0.8999999999999773,-0.005353075170842876,-0.0011389521640091116,-0.0014806378132117934,-0.005580865603644621,2026-07-27 12:33:00,BUY,EXIDEIND
,,,,2026-07-27 13:09:00,0.8373876456692488,438.35,STRONG_BULLISH_DISPLACEMENT_AFTER_EXHAUSTION,2026-07-27 12:48:00,2026-07-27 13:00:00,EXPERIMENT:EXIDEIND:2026-07-27T12:48:00:DOWN,DOWN,2026-07-27 14:18:00,2026-07-27 12:48:00,437.8,0.8424408014571924,437.8,True,5.114479091621606,0.0076729397940178655,3.3592130418210218,0.6568045311445283,438.35,2026-07-27 12:48:00,441.15921304182103,False,23.142349480313378,0.034675487624044814,15.200000000000045,2.359910637795038,0.0035359872248202453,1.5499999999999545,-0.007756359073799552,-0.004106307744952689,0.0004562564161058255,0.0028516026006615717,2026-07-27 12:54:00,BUY,EXIDEIND
,,,,2026-07-27 13:39:00,0.7037668624743472,439.1,HIGHER_LOW_AND_PREVIOUS_HIGH_BREAK,2026-07-27 13:09:00,2026-07-27 13:24:00,EXPERIMENT:EXIDEIND:2026-07-27T13:09:00:DOWN,DOWN,2026-07-27 14:39:00,2026-07-27 13:09:00,438.55,0.8424408014571924,438.55,True,3.006266929847319,0.00535725476496707,2.349424077176309,0.7815088054391865,439.1,2026-07-27 13:09:00,440.8994240771763,False,20.409239011755705,0.03632429970393998,15.950000000000045,1.0236608908716984,0.001821908449100329,0.7999999999999545,-0.0062628102937827375,0.0,-0.0025051241175131464,-0.007401503074470507,2026-07-27 13:21:00,BUY,EXIDEIND
,,,,2026-07-27 14:36:00,0.6496525363547633,435.3,STRONG_BULLISH_DISPLACEMENT_AFTER_EXHAUSTION,2026-07-27 13:51:00,2026-07-27 14:33:00,EXPERIMENT:EXIDEIND:2026-07-27T13:39:00:DOWN,DOWN,2026-07-27 15:09:00,2026-07-27 13:48:00,434.75,0.8424408014571924,435.6,True,5.006320145638408,0.01087097375310549,4.735396166852752,0.9458836089374568,435.95,2026-07-27 13:39:00,440.3353961668528,False,12.845132197235706,0.027911784975878783,12.150000000000034,1.6915400424342908,0.0036756260050539074,1.599999999999966,-0.006087755570870742,0.00022972662531579576,0.002412129565816704,0.0017229496898690559,2026-07-27 14:30:00,BUY,EXIDEIND
,,,,2026-07-27 14:57:00,1.2951416432301635,435.05,HIGHER_LOW_AND_PREVIOUS_HIGH_BREAK,2026-07-27 14:39:00,2026-07-27 14:51:00,EXPERIMENT:EXIDEIND:2026-07-27T14:36:00:DOWN,DOWN,2026-07-27 16:06:00,2026-07-27 14:36:00,434.15,0.8424408014571924,434.15,True,7.938957479616229,0.013121994318963971,5.696913833578208,0.7175896644119069,434.8,2026-07-27 14:36:00,439.8469138335782,False,16.58329347560009,0.02735317779565575,11.900000000000034,0.13935540735793603,0.00022985863693820457,0.0999999999999659,,-0.002758303643259369,-0.006436041834271948,-0.01919319618434668,2026-07-27 14:42:00,BUY,EXIDEIND
,,,,,0.5627899992239402,426.15,STRONG_BULLISH_DISPLACEMENT_AFTER_EXHAUSTION,2026-07-27 15:18:00,,EXPERIMENT:EXIDEIND:2026-07-27T14:57:00:DOWN,DOWN,2026-07-27 16:27:00,2026-07-27 15:18:00,425.3,0.8424408014571924,431.65,True,9.3212245931162,0.01752822677655644,7.566059088100587,0.8117022621349756,432.25,2026-07-27 14:57:00,439.21605908810056,False,1.0471820021349427,0.0019946028393757267,0.8499999999999659,4.743118480258488,0.00903437756658459,3.8500000000000227,,0.00903437756658459,,,,BUY,EXIDEIND
,,,,2026-07-27 10:18:00,0.6256339732542221,17671.0,STRONG_BULLISH_DISPLACEMENT_AFTER_EXHAUSTION,2026-07-27 09:33:00,,EXPERIMENT:FORCEMOT:2026-07-27T09:33:00:DOWN,DOWN,2026-07-27 11:03:00,2026-07-27 09:33:00,17634.0,1.3341660043147496,17634.0,False,1.1751679408736375,0.003941218375693742,69.49944483698346,59.14001090373221,17671.0,2026-07-27 09:33:00,17703.499444836983,True,7.287790337096479,0.024390243902439025,431.0,0.5749068943417176,0.001924056363533473,34.0,-0.017259917378756155,-0.0009620281817667365,0.0007922585026314301,-0.00045271914436081716,2026-07-27 10:09:00,BUY,FORCEMOT
,,,,2026-07-27 10:39:00,0.7241263448462059,17366.0,STRONG_BULLISH_DISPLACEMENT_AFTER_EXHAUSTION,2026-07-27 10:33:00,,EXPERIMENT:FORCEMOT:2026-07-27T10:18:00:DOWN,DOWN,2026-07-27 11:48:00,2026-07-27 10:30:00,17330.0,1.3341660043147496,17585.0,True,2.3329131422496205,0.005152095189000633,90.59959389857613,38.835390935819945,17589.0,2026-07-27 10:18:00,17675.599593898576,True,3.244463283715357,0.007255556835195209,126.0,4.737946382568459,0.010595416330761257,184.0,-0.002476102729471381,-5.758378440631118e-05,5.758378440631118e-05,5.758378440631118e-05,2026-07-27 10:36:00,BUY,FORCEMOT
,,,,2026-07-27 10:57:00,1.0341077000731724,17367.0,HIGHER_LOW_AND_PREVIOUS_HIGH_BREAK,2026-07-27 10:51:00,,EXPERIMENT:FORCEMOT:2026-07-27T10:27:00:DOWN,DOWN,2026-07-27 11:57:00,2026-07-27 10:45:00,17315.0,1.3341660043147496,17341.0,True,4.425861780627279,0.012934256169116466,224.2929362286486,50.67779956672292,17378.0,2026-07-27 10:27:00,17565.29293622865,True,2.506028302053456,0.007312719525536938,127.0,3.6110486557148223,0.010537225773017793,183.0,0.005067081246041343,0.0,-0.0009212874992802441,-0.001554672655035412,2026-07-27 10:54:00,BUY,FORCEMOT
,,,,2026-07-27 11:39:00,1.0156602756506783,17367.0,STRONG_BULLISH_DISPLACEMENT_AFTER_EXHAUSTION,2026-07-27 11:00:00,,EXPERIMENT:FORCEMOT:2026-07-27T10:51:00:DOWN,DOWN,2026-07-27 12:21:00,2026-07-27 10:57:00,17315.0,1.3341660043147496,17315.0,True,4.137727964995774,0.012311900216653376,213.18055225135322,51.52116186825515,17342.0,2026-07-27 10:51:00,17528.180552251353,True,2.4650065214901775,0.007312719525536938,127.0,3.5519385309661615,0.010537225773017793,183.0,0.007082397650716877,-0.0009212874992802441,-0.001554672655035412,-0.00109402890539529,2026-07-27 11:36:00,BUY,FORCEMOT
,,,,2026-07-27 13:09:00,1.2427678069482366,17389.0,HIGHER_LOW_AND_PREVIOUS_HIGH_BREAK,2026-07-27 11:39:00,,EXPERIMENT:FORCEMOT:2026-07-27T11:36:00:DOWN,DOWN,2026-07-27 13:06:00,2026-07-27 11:39:00,17336.0,1.3341660043147496,17336.0,True,3.7249504303823042,0.009163417505508946,158.8570058755031,42.646743586115065,17389.0,2026-07-27 11:36:00,17494.857005875503,True,3.493818928967684,0.008568635344183104,149.0,3.7752003192201156,0.009258726781298523,161.0,0.0006900914371154177,0.0029328886077405257,0.005808269595721433,0.00529070101788487,,BUY,FORCEMOT
,,,,2026-07-27 13:33:00,1.221521790390431,17358.0,STRONG_BULLISH_DISPLACEMENT_AFTER_EXHAUSTION,2026-07-27 13:24:00,,EXPERIMENT:FORCEMOT:2026-07-27T13:06:00:DOWN,DOWN,2026-07-27 14:36:00,2026-07-27 13:21:00,17316.0,1.3341660043147496,17363.0,True,3.275760627650466,0.006786939242561712,117.841626068599,35.973820881143176,17368.0,2026-07-27 13:06:00,17480.8416260686,True,3.280163104994317,0.006798018204862311,118.0,0.0,0.0,0.0,-0.002246802627030764,-0.0020163613319506856,-0.0024196335983408227,-0.002073971655720705,2026-07-27 13:30:00,BUY,FORCEMOT
,,,,2026-07-27 14:24:00,1.0782229701892678,17335.0,HIGHER_LOW_AND_PREVIOUS_HIGH_BREAK,2026-07-27 13:54:00,,EXPERIMENT:FORCEMOT:2026-07-27T13:27:00:DOWN,DOWN,2026-07-27 14:57:00,2026-07-27 13:39:00,17304.0,1.3341660043147496,17310.0,True,4.935013283160623,0.009164343068096216,158.6347785087455,32.144752082034536,17323.0,2026-07-27 13:27:00,17468.634778508746,True,2.9553813250000083,0.0054802422843957315,95.0,0.46663915657894867,0.0008653014133256418,15.0,-0.0023074704355350445,-0.0008076146524372657,-0.0009229881742140179,-0.0006345543697721373,2026-07-27 14:21:00,BUY,FORCEMOT
,,,,2026-07-27 15:27:00,2.5253634243956693,17310.0,PREVIOUS_HIGH_BREAK_AFTER_EXHAUSTION,2026-07-27 14:51:00,,EXPERIMENT:FORCEMOT:2026-07-27T14:15:00:DOWN,DOWN,2026-07-27 15:45:00,2026-07-27 14:39:00,17250.0,1.3341660043147496,17310.0,True,6.435447083344587,0.00819822046707401,141.91119628505112,22.05148988829817,17319.0,2026-07-27 14:15:00,17451.91119628505,True,3.174388685507647,0.004043905257076834,70.0,0.0,0.0,0.0,,-0.00011554015020219527,-0.002657423454650491,-0.0028885037550548816,2026-07-27 15:24:00,BUY,FORCEMOT
,,,,,1.0685460931886914,17278.0,HIGHER_LOW_AND_PREVIOUS_HIGH_BREAK,2026-07-27 15:27:00,,EXPERIMENT:FORCEMOT:2026-07-27T15:18:00:DOWN,DOWN,2026-07-27 16:48:00,2026-07-27 15:27:00,17250.0,1.3341660043147496,17250.0,True,5.955511078437801,0.009046794139005268,156.05719889784086,26.20382983802231,17278.0,2026-07-27 15:18:00,17406.05719889784,True,1.0685460931886914,0.0016205579349461744,28.0,0.5342730465943457,0.0008102789674730872,14.0,,,,,,BUY,FORCEMOT
,,,,2026-07-27 10:24:00,1.1404417727433183,2215.0,PREVIOUS_HIGH_BREAK_AFTER_EXHAUSTION,2026-07-27 09:57:00,,EXPERIMENT:GLENMARK:2026-07-27T09:51:00:DOWN,DOWN,2026-07-27 11:21:00,2026-07-27 09:57:00,2208.6,-0.03612553623843675,2209.3,False,0.0,0.0,0.0,5.565234523392545,2209.3,2026-07-27 09:51:00,2208.3409201444324,False,5.732013604442671,0.014401805869074533,31.90000000000009,0.8984347342386606,0.002257336343115124,5.0,-0.0035665914221219373,-0.0018510158013543608,-0.0018961625282166222,-0.0020767494356658733,2026-07-27 10:21:00,BUY,GLENMARK
,,,,2026-07-27 10:57:00,0.938789897816686,2210.4,HIGHER_LOW_AND_PREVIOUS_HIGH_BREAK,2026-07-27 10:24:00,,EXPERIMENT:GLENMARK:2026-07-27T10:12:00:DOWN,DOWN,2026-07-27 11:42:00,2026-07-27 10:24:00,2206.0,-0.03612553623843675,2206.0,False,0.7867554156635892,0.0016715466514577008,3.687431913115688,4.686884690848327,2210.4,2026-07-27 10:12:00,2209.6874319131157,False,5.824764593271629,0.012350705754614631,27.300000000000182,1.2374957743946386,0.00262395946435022,5.799999999999727,-0.004207383279044599,0.0011762576909156303,0.0001809627216793752,-0.0014929424538545882,2026-07-27 10:54:00,BUY,GLENMARK
,,,,2026-07-27 12:00:00,1.4653875547557358,2203.3,HIGHER_LOW_AND_PREVIOUS_HIGH_BREAK,2026-07-27 11:30:00,,EXPERIMENT:GLENMARK:2026-07-27T10:42:00:DOWN,DOWN,2026-07-27 12:12:00,2026-07-27 11:27:00,2198.0,-0.03612553623843675,2205.1,False,1.1970425623447734,0.002238073033980306,4.935174847229973,4.122806491995512,2207.1,2026-07-27 10:42:00,2210.03517484723,False,4.899575092650811,0.009168066082694264,20.200000000000273,1.0672341785971036,0.0019970044932599447,4.399999999999636,0.00031770526029129855,-0.00022693232877955792,-0.0005900240548269331,-0.0028593473426225123,2026-07-27 11:57:00,BUY,GLENMARK
,,,,2026-07-27 13:12:00,1.5038812951147937,2200.6,PREVIOUS_HIGH_BREAK_AFTER_EXHAUSTION,2026-07-27 12:06:00,,EXPERIMENT:GLENMARK:2026-07-27T11:45:00:DOWN,DOWN,2026-07-27 13:15:00,2026-07-27 12:06:00,2195.0,-0.03612553623843675,2197.0,False,2.3106184961111733,0.003810102120205573,8.370794358091644,3.622750519906204,2197.4,2026-07-27 11:45:00,2205.3707943580916,False,4.83058380748037,0.00795237662455694,17.5,1.9046301869494282,0.0031355084976824915,6.900000000000091,-0.002453876215577611,0.0015450331727711038,0.0015450331727711038,-0.0004544215214032537,2026-07-27 13:06:00,BUY,GLENMARK
,,,,2026-07-27 13:33:00,0.7788103728242871,2195.9,PREVIOUS_HIGH_BREAK_AFTER_EXHAUSTION,2026-07-27 13:12:00,,EXPERIMENT:GLENMARK:2026-07-27T13:12:00:DOWN,DOWN,2026-07-27 14:42:00,2026-07-27 13:12:00,2193.9,-0.03612553623843675,2193.9,False,3.7764178555468906,0.004420399109341154,9.697913605983558,2.5680192121057357,2195.9,2026-07-27 13:12:00,2203.5979136059836,False,4.984386386075508,0.0058290450384808875,12.800000000000182,2.64795526760247,0.0030966801766928033,6.799999999999727,0.0021858918894301776,0.0,0.0008652488728995358,0.0017760371601621616,2026-07-27 13:21:00,BUY,GLENMARK
,,,,2026-07-27 14:03:00,0.9038344666902357,2199.3,PREVIOUS_HIGH_BREAK_AFTER_EXHAUSTION,2026-07-27 13:36:00,,EXPERIMENT:GLENMARK:2026-07-27T13:33:00:DOWN,DOWN,2026-07-27 15:03:00,2026-07-27 13:33:00,2196.8,-0.03612553623843675,2196.8,False,2.010127316136029,0.0025496757831181024,5.601127760353847,2.786454228740409,2197.8,2026-07-27 13:33:00,2202.401127760354,False,5.8138403397795395,0.007365980084572487,16.200000000000273,1.2201887132869127,0.0015459464375026763,3.399999999999636,-0.0004092211158096171,0.0007729732187513382,-0.001000318283090198,-0.0009548492702225088,2026-07-27 14:00:00,BUY,GLENMARK
,,,,2026-07-27 14:42:00,0.9129779577911841,2198.0,HIGHER_LOW_AND_PREVIOUS_HIGH_BREAK,2026-07-27 14:06:00,,EXPERIMENT:GLENMARK:2026-07-27T13:54:00:DOWN,DOWN,2026-07-27 15:24:00,2026-07-27 14:03:00,2195.9,-0.03612553623843675,2195.9,False,2.583395866803966,0.0027784725717005503,6.101247920197238,2.361716219568534,2197.2,2026-07-27 13:54:00,2202.0012479201973,False,6.3089713643590075,0.00677888989990905,14.900000000000091,1.7783677671346658,0.0019108280254776242,4.199999999999818,0.0001819836214741087,0.0005914467697908016,0.0011373976342129207,0.0,2026-07-27 14:36:00,BUY,GLENMARK
,,,,2026-07-27 15:06:00,0.5208559462185801,2199.7,HIGHER_LOW_AND_PREVIOUS_HIGH_BREAK,2026-07-27 14:42:00,2026-07-27 15:03:00,EXPERIMENT:GLENMARK:2026-07-27T14:42:00:DOWN,DOWN,2026-07-27 16:12:00,2026-07-27 14:42:00,2198.5,-0.03612553623843675,2198.5,False,1.367000827136553,0.0014325372606787277,3.149433167602183,2.3038999721743245,2199.7,2026-07-27 14:42:00,2201.649433167602,False,7.205173922691411,0.007546483611401514,16.59999999999991,0.1302139865547437,0.00013638223394107465,0.3000000000001819,,-0.0005000681911169291,-0.001818429785879893,-0.0007728326589988717,2026-07-27 14:45:00,BUY,GLENMARK
,,,,2026-07-27 15:27:00,0.7929835486123323,2198.4,HIGHER_LOW_AND_PREVIOUS_HIGH_BREAK,2026-07-27 15:06:00,,EXPERIMENT:GLENMARK:2026-07-27T15:06:00:DOWN,DOWN,2026-07-27 16:36:00,2026-07-27 15:06:00,2196.7,-0.03612553623843675,2196.7,False,2.2006702937036255,0.0021476770433014273,4.717802161020245,2.143802356272281,2198.4,2026-07-27 15:06:00,2201.41780216102,False,7.13685193750993,0.0069596069868996455,15.300000000000182,0.2798765465689711,0.00027292576419209836,0.599999999999909,,-0.0016830422125183192,-0.0005458515283844036,,2026-07-27 15:15:00,BUY,GLENMARK
,,,,,4.338702337399611,2199.0,PREVIOUS_HIGH_BREAK_AFTER_EXHAUSTION,2026-07-27 15:27:00,,EXPERIMENT:GLENMARK:2026-07-27T15:27:00:DOWN,DOWN,2026-07-27 16:57:00,2026-07-27 15:27:00,2183.1,-0.03612553623843675,2183.1,True,4.848193224982224,0.008138484847308934,17.767126270160134,3.664690214616039,2199.0,2026-07-27 15:27:00,2200.86712627016,False,4.338702337399611,0.007230559345156931,15.900000000000091,0.0,0.0,0.0,,,,,,BUY,GLENMARK
,,,,2026-07-27 10:39:00,0.9593824051576681,4152.1,STRONG_BULLISH_DISPLACEMENT_AFTER_EXHAUSTION,2026-07-27 09:42:00,,EXPERIMENT:GVT&D:2026-07-27T09:36:00:DOWN,DOWN,2026-07-27 11:06:00,2026-07-27 09:39:00,4135.0,0.2140309155766944,4173.1,True,1.3603263085725374,0.005093692167752496,21.256486785247944,15.626020500591142,4173.1,2026-07-27 09:36:00,4194.356486785248,False,0.9599373045384486,0.0036126297536186506,15.0,11.922421322367486,0.04486886153994346,186.29999999999927,0.022374220274078087,0.010380289492064125,0.007128922713807339,0.009031574384046627,,BUY,GVT&D
192.0,4248.3,REVERSAL,2026-07-27 14:21:00,2026-07-27 12:12:00,1.087116639506264,4268.0,STRONG_BEARISH_DISPLACEMENT_AFTER_EXHAUSTION,2026-07-27 11:09:00,,EXPERIMENT:GVT&D:2026-07-27T10:39:00:UP,UP,2026-07-27 12:09:00,2026-07-27 11:09:00,4282.5,0.2140309155766944,4241.0,True,2.9398868446615523,0.011113513555610244,47.13241098934304,16.03204935418834,4241.0,2026-07-27 10:39:00,4193.867589010657,False,4.39120404663723,0.016494845360824656,70.39999999999964,5.28940487435852,0.019868791002811664,84.80000000000018,-0.0021087160262417996,-0.0028116213683223993,-0.0014761012183693023,0.0015229615745079663,2026-07-27 12:09:00,SELL,GVT&D
120.0,4248.3,REVERSAL,2026-07-27 14:21:00,2026-07-27 12:30:00,0.6605041182116901,4275.0,PREVIOUS_LOW_BREAK_AFTER_EXHAUSTION,2026-07-27 12:21:00,,EXPERIMENT:GVT&D:2026-07-27T12:03:00:UP,UP,2026-07-27 13:33:00,2026-07-27 12:15:00,4281.7,0.2140309155766944,4280.0,True,4.896506075903948,0.01341608231857599,57.42083232350524,11.726899024199565,4277.7,2026-07-27 12:03:00,4222.579167676495,False,5.406373830726072,0.014830409356725062,63.399999999999636,7.828156429978821,0.02147368421052636,91.80000000000018,-0.006198830409356725,-0.007976608187134589,-0.011087719298245528,-0.006573099415204764,2026-07-27 12:27:00,SELL,GVT&D
99.0,4248.3,REVERSAL,2026-07-27 14:21:00,2026-07-27 13:57:00,1.036069388817407,4318.3,LOWER_HIGH_AND_PREVIOUS_LOW_BREAK,2026-07-27 12:42:00,,EXPERIMENT:GVT&D:2026-07-27T12:24:00:UP,UP,2026-07-27 13:54:00,2026-07-27 12:42:00,4333.2,0.2140309155766944,4312.1,True,6.618658457939155,0.018898813706079154,81.49357458198392,12.312702808260406,4309.1,2026-07-27 12:24:00,4230.606425418016,False,1.2101323512822426,0.0034504318829168042,14.899999999999636,10.972408097868147,0.03128545955584382,135.10000000000036,0.004307250538406401,0.004608294930875702,0.002408355139754196,0.003867262580181974,,SELL,GVT&D
21.0,4248.3,REVERSAL,2026-07-27 14:21:00,2026-07-27 14:57:00,3.6424881750963727,4215.5,PREVIOUS_LOW_BREAK_AFTER_EXHAUSTION,2026-07-27 14:00:00,,EXPERIMENT:GVT&D:2026-07-27T13:45:00:UP,UP,2026-07-27 15:15:00,2026-07-27 14:00:00,4277.5,0.2140309155766944,4273.7,False,1.0106751797592244,0.0031707224567313033,13.550716563332571,13.40758814969691,4273.7,2026-07-27 13:45:00,4260.149283436667,False,4.624247053814937,0.01470762661605978,62.0,2.4090835457777953,0.007662199027398928,32.30000000000018,0.005788162732771827,-0.0012335428774759383,-0.0030838571936899536,-0.00754358913533393,,SELL,GVT&D
,,,,,0.9843871183934982,4197.8,HIGHER_LOW_AND_PREVIOUS_HIGH_BREAK,2026-07-27 15:03:00,,EXPERIMENT:GVT&D:2026-07-27T14:57:00:DOWN,DOWN,2026-07-27 16:27:00,2026-07-27 15:00:00,4183.2,0.2140309155766944,4189.5,True,4.264890826567662,0.015389716499946885,64.47521727652747,15.117671213266773,4191.6,2026-07-27 14:57:00,4253.9752172765275,False,0.8268469279203803,0.002977750250131021,12.5,1.5875461016071302,0.00571728048025156,24.0,,0.0025965982181141638,0.000667016056029392,,,BUY,GVT&D
,,,,2026-07-27 10:09:00,0.5898455098550818,1298.3,LOWER_HIGH_AND_PREVIOUS_LOW_BREAK,2026-07-27 09:51:00,,EXPERIMENT:HCLTECH:2026-07-27T09:48:00:UP,UP,2026-07-27 11:18:00,2026-07-27 09:48:00,1300.5,1.3642457219462332,1300.5,True,2.138759132428928,0.006340065989044705,8.24525581875264,3.855158672958528,1300.3,2026-07-27 09:48:00,1292.2547441812474,True,0.7003602780188578,0.002079642609566391,2.7000000000000455,1.2969634778126777,0.003851190017715474,5.0,0.0005391666024802015,7.702380035423944e-05,0.00030809520141713285,0.0004621428021257869,2026-07-27 09:54:00,SELL,HCLTECH
,,,,2026-07-27 11:27:00,1.1118730931864762,1297.7,LOWER_HIGH_AND_PREVIOUS_LOW_BREAK,2026-07-27 10:18:00,,EXPERIMENT:HCLTECH:2026-07-27T10:09:00:UP,UP,2026-07-27 11:39:00,2026-07-27 10:15:00,1301.0,1.3642457219462332,1298.2,False,1.404401469314751,0.0034130804262942067,4.430861009415139,3.154981752886578,1297.9,2026-07-27 10:09:00,1293.769138990585,True,1.0459648449569305,0.00254296062264002,3.2999999999999545,1.3946197932759556,0.0033906141635201437,4.400000000000091,0.002080604145796444,-0.0008476535408799483,0.0005394158896509559,0.0006935347152655397,,SELL,HCLTECH
,,,,2026-07-27 11:54:00,1.0689212476040677,1300.0,PREVIOUS_HIGH_BREAK_AFTER_EXHAUSTION,2026-07-27 11:48:00,,EXPERIMENT:HCLTECH:2026-07-27T11:27:00:DOWN,DOWN,2026-07-27 12:57:00,2026-07-27 11:48:00,1298.2,1.3642457219462332,1298.5,False,0.0,0.0,0.0,2.1149151048987105,1299.1,2026-07-27 11:27:00,1295.3575464662042,True,3.1679758608187387,0.0051538461538461885,6.7000000000000455,0.18913288721310076,0.00030769230769237763,0.40000000000009095,-0.0032307692307692658,-0.0019230769230769232,-0.002615384615384685,-0.003076923076923077,2026-07-27 11:51:00,BUY,HCLTECH
,,,,2026-07-27 13:21:00,0.40497543700054184,1298.0,STRONG_BULLISH_DISPLACEMENT_AFTER_EXHAUSTION,2026-07-27 11:54:00,2026-07-27 12:03:00,EXPERIMENT:HCLTECH:2026-07-27T11:48:00:DOWN,DOWN,2026-07-27 13:18:00,2026-07-27 11:54:00,1297.3,1.3642457219462332,1297.3,False,0.0,0.0,0.0,1.7284998941778016,1298.0,2026-07-27 11:48:00,1295.8951165199665,True,2.719120791289202,0.003620955315870605,4.7000000000000455,0.34712180314324637,0.0004622496147919176,0.599999999999909,-0.0015408320493066256,-0.0014637904468413644,-0.0020030816640985434,-0.001926040061633282,2026-07-27 11:57:00,BUY,HCLTECH
216.0,2545.0,REVERSAL,2026-07-27 13:18:00,2026-07-27 11:15:00,0.4742192611057245,2545.0,HIGHER_LOW_AND_PREVIOUS_HIGH_BREAK,2026-07-27 09:42:00,,EXPERIMENT:HDFCAMC:2026-07-27T09:42:00:DOWN,DOWN,2026-07-27 11:12:00,2026-07-27 09:42:00,2542.3,1.0042641374088317,2542.3,False,0.0,0.0,0.0,5.6935688223719545,2545.0,2026-07-27 09:42:00,2535.7565393142127,True,0.4742192611057245,0.0010609037328093587,2.699999999999818,2.283277923842531,0.005108055009823182,13.0,0.0019646365422396855,0.002632612966601107,0.0014931237721022325,0.0028683693516700125,,BUY,HDFCAMC
57.0,2545.0,REVERSAL,2026-07-27 12:45:00,2026-07-27 12:15:00,1.0741807839115431,2548.3,PREVIOUS_LOW_BREAK_AFTER_EXHAUSTION,2026-07-27 11:48:00,,EXPERIMENT:HDFCAMC:2026-07-27T11:45:00:UP,UP,2026-07-27 13:15:00,2026-07-27 11:48:00,2550.9,1.0042641374088317,2550.4,False,1.3517780136772497,0.0012755802104450834,3.2532397687191406,2.406637580877154,2549.9,2026-07-27 11:45:00,2547.146760231281,True,3.3656916456227197,0.003178589648000592,8.099999999999909,2.4515531739721697,0.0023152690028646903,5.900000000000091,0.0012949809677040309,-0.0003924184750618059,0.0,-0.0009025624926420465,2026-07-27 12:12:00,SELL,HDFCAMC
27.0,2545.0,REVERSAL,2026-07-27 12:45:00,2026-07-27 13:27:00,1.298397418267129,2548.5,LOWER_HIGH_AND_PREVIOUS_LOW_BREAK,2026-07-27 12:18:00,,EXPERIMENT:HDFCAMC:2026-07-27T12:06:00:UP,UP,2026-07-27 13:36:00,2026-07-27 12:15:00,2551.6,1.0042641374088317,2551.6,False,1.74160016562128,0.0016394809724596692,4.183299649328092,2.4019862491433477,2550.6,2026-07-27 12:06:00,2547.416700350672,True,3.288944723483564,0.0030998626643123765,7.900000000000091,2.5395649130695204,0.0023935648420639233,6.099999999999909,0.001373356876594075,0.0007455365901511049,0.0013341181086914229,0.001373356876594075,2026-07-27 13:24:00,SELL,HDFCAMC
,,,,2026-07-27 13:54:00,0.6580498961102312,2550.2,STRONG_BEARISH_DISPLACEMENT_AFTER_EXHAUSTION,2026-07-27 13:30:00,,EXPERIMENT:HDFCAMC:2026-07-27T13:24:00:UP,UP,2026-07-27 14:54:00,2026-07-27 13:27:00,2551.9,1.0042641374088317,2551.9,False,1.8831339449875322,0.0019224584620963475,4.905921749423669,2.6051900144873392,2551.2,2026-07-27 13:24:00,2546.9940782505764,True,2.3798647950907093,0.0024311818680888843,6.200000000000273,1.99601563459205,0.0020390557603324516,5.199999999999818,0.0008626774370636885,-0.0002744882754294851,-0.00043133871853202253,-0.001058740490941994,2026-07-27 13:51:00,SELL,HDFCAMC
,,,,2026-07-27 15:12:00,0.9981589908191734,2550.8,LOWER_HIGH_AND_PREVIOUS_LOW_BREAK,2026-07-27 14:00:00,,EXPERIMENT:HDFCAMC:2026-07-27T13:45:00:UP,UP,2026-07-27 15:15:00,2026-07-27 13:54:00,2553.4,1.0042641374088317,2553.4,False,2.3438488781183944,0.002425405327866553,6.193029964174457,2.6422479802307586,2553.0,2026-07-27 13:45:00,2547.2069700358256,True,2.1194074295444585,0.0021953896816684602,5.599999999999909,2.195100552028294,0.0022737964560138706,5.800000000000182,0.0005488474204171596,0.000313627097381285,0.000313627097381285,0.001764152422769327,2026-07-27 15:09:00,SELL,HDFCAMC
,,,,,1.6636563128812414,2551.8,LOWER_HIGH_AND_PREVIOUS_LOW_BREAK,2026-07-27 15:18:00,,EXPERIMENT:HDFCAMC:2026-07-27T15:12:00:UP,UP,2026-07-27 16:42:00,2026-07-27 15:12:00,2556.4,1.0042641374088317,2556.4,False,3.080175596153463,0.0033960648286820716,8.681700128042849,2.818573116053706,2555.0,2026-07-27 15:12:00,2547.7182998719572,True,1.1708051784088782,0.0012932047966140478,3.299999999999727,2.4125682464185587,0.002664785641508026,6.800000000000182,,-0.0004702562896778031,,,,SELL,HDFCAMC
,,,,2026-07-27 10:09:00,1.3226492701489754,743.05,PREVIOUS_LOW_BREAK_AFTER_EXHAUSTION,2026-07-27 09:48:00,,EXPERIMENT:HDFCBANK:2026-07-27T09:48:00:UP,UP,2026-07-27 11:18:00,2026-07-27 09:48:00,744.4,0.4034969737726967,744.4,False,0.0,0.0,0.0,1.020678747169283,743.05,2026-07-27 09:48:00,744.7641967278232,False,1.3226492701489754,0.0018168360137272362,1.3500000000000227,4.849713990546094,0.006661732050332995,4.949999999999932,0.00269160890922549,0.0014803849000738969,0.0025570284637641844,0.003028060022878676,,SELL,HDFCBANK
,,,,2026-07-27 10:30:00,0.511100330276189,741.25,HIGHER_LOW_AND_PREVIOUS_HIGH_BREAK,2026-07-27 10:12:00,2026-07-27 10:21:00,EXPERIMENT:HDFCBANK:2026-07-27T10:09:00:DOWN,DOWN,2026-07-27 11:39:00,2026-07-27 10:09:00,740.8,0.4034969737726967,740.8,False,3.575788640871837,0.004316888122812307,3.1979507213793568,0.8943343811841303,741.15,2026-07-27 10:09:00,743.9979507213793,False,3.522172541135303,0.004249578414839767,3.1499999999999773,0.8386125097941258,0.001011804384485666,0.75,-0.00047217537942667484,-0.0014165261382798713,-0.0012141652613827686,-0.0014165261382798713,2026-07-27 10:18:00,BUY,HDFCBANK
,,,,2026-07-27 11:51:00,0.9453634052488278,740.35,PREVIOUS_HIGH_BREAK_AFTER_EXHAUSTION,2026-07-27 10:30:00,,EXPERIMENT:HDFCBANK:2026-07-27T10:30:00:DOWN,DOWN,2026-07-27 12:00:00,2026-07-27 10:30:00,739.55,0.4034969737726967,739.55,False,4.351828210835287,0.004979610819580217,3.682671181620549,0.8462354218053335,740.35,2026-07-27 10:30:00,743.2326711816205,False,2.6588345772621014,0.0030391031268994393,2.25,1.949812023325514,0.0022286756263928914,1.6499999999999773,0.00033767812521104883,-0.00020260687512659858,0.0009454987505908446,0.0016208550010129422,2026-07-27 11:48:00,BUY,HDFCBANK
,,,,2026-07-27 12:06:00,1.9407371447679296,740.05,HIGHER_LOW_AND_PREVIOUS_HIGH_BREAK,2026-07-27 11:54:00,,EXPERIMENT:HDFCBANK:2026-07-27T11:39:00:DOWN,DOWN,2026-07-27 13:09:00,2026-07-27 11:51:00,738.8,0.4034969737726967,738.8,False,5.608435922157547,0.004681594808628169,3.4587622446144906,0.6167070984888628,739.25,2026-07-27 11:39:00,742.2587622446144,False,3.1619548482222424,0.0026349570974933205,1.9499999999999318,3.1619548482224267,0.002634957097493474,1.9500000000000455,-0.0014863860549961612,-0.0023647050874940883,-0.0008107560299978503,-0.00040537801499892514,2026-07-27 12:03:00,BUY,HDFCBANK
,,,,2026-07-27 13:33:00,1.282229192084214,739.0,STRONG_BULLISH_DISPLACEMENT_AFTER_EXHAUSTION,2026-07-27 12:09:00,,EXPERIMENT:HDFCBANK:2026-07-27T12:00:00:DOWN,DOWN,2026-07-27 13:30:00,2026-07-27 12:06:00,738.1,0.4034969737726967,738.1,True,5.486238369994573,0.005246861953492419,3.8727088078727547,0.7058951045680841,738.5,2026-07-27 12:00:00,741.9727088078728,False,0.9208166989593909,0.0008795669824086296,0.6499999999999773,4.249923225966568,0.0040595399188092015,3.0,-0.00013531799729367083,0.0005412719891745295,6.765899864675849e-05,-0.0006089309878214418,,BUY,HDFCBANK
,,,,2026-07-27 14:57:00,0.8587846862366948,739.05,STRONG_BULLISH_DISPLACEMENT_AFTER_EXHAUSTION,2026-07-27 13:36:00,,EXPERIMENT:HDFCBANK:2026-07-27T13:24:00:DOWN,DOWN,2026-07-27 14:54:00,2026-07-27 13:33:00,738.5,0.4034969737726967,738.5,False,4.275377746847463,0.0037034238748988443,2.7349785316127964,0.639704534559429,738.7,2026-07-27 13:24:00,741.2349785316128,False,0.8597719263921508,0.0007441986333806299,0.5499999999999545,4.61150396883108,0.003991610851769225,2.9500000000000455,0.0029091401123064625,0.0004059265272986513,0.0011501251606792812,0.0022325959001421973,,BUY,HDFCBANK
,,,,,1.2232962020272546,739.15,LOWER_HIGH_AND_PREVIOUS_LOW_BREAK,2026-07-27 15:12:00,2026-07-27 15:24:00,EXPERIMENT:HDFCBANK:2026-07-27T15:06:00:UP,UP,2026-07-27 16:36:00,2026-07-27 15:06:00,739.9,0.4034969737726967,739.9,False,0.0,0.0,0.0,0.614006716682556,739.85,2026-07-27 15:06:00,741.0624819978093,False,2.1986730166308233,0.0018264222417642194,1.3500000000000227,0.48859400369565625,0.0004058716092808693,0.2999999999999545,,-0.0011499695596293347,,,2026-07-27 15:21:00,SELL,HDFCBANK
,,,,2026-07-27 10:45:00,1.2058762369219451,5064.4,LOWER_HIGH_AND_PREVIOUS_LOW_BREAK,2026-07-27 09:51:00,,EXPERIMENT:HEROMOTOCO:2026-07-27T09:45:00:UP,UP,2026-07-27 11:15:00,2026-07-27 09:45:00,5077.8,0.7784431137724551,5077.8,False,1.588167440389177,0.0036721441407066503,18.64641351768023,11.740836037484163,5072.9,2026-07-27 09:45:00,5059.15358648232,False,5.20405870629064,0.01206460785088073,61.100000000000364,1.158350219403428,0.002685411894794932,13.599999999999454,-0.0037714240581313415,-0.0015006713529737707,0.0018758391912171235,0.0012637232446093588,2026-07-27 10:42:00,SELL,HEROMOTOCO
,,,,2026-07-27 11:12:00,1.131199248596198,5083.5,STRONG_BEARISH_DISPLACEMENT_AFTER_EXHAUSTION,2026-07-27 10:51:00,,EXPERIMENT:HEROMOTOCO:2026-07-27T10:36:00:UP,UP,2026-07-27 12:06:00,2026-07-27 10:51:00,5093.4,0.7784431137724551,5089.0,True,3.0385375543411897,0.005221610959293421,26.57277817184422,8.745252509345958,5084.0,2026-07-27 10:36:00,5062.427221828156,False,4.802605751533767,0.008262024195928003,42.0,1.2921296426745816,0.002222877938428284,11.300000000000182,-0.002537621717320672,0.0019868201042589485,-0.0022818923969706627,-0.0019868201042589485,2026-07-27 11:09:00,SELL,HEROMOTOCO
,,,,2026-07-27 11:21:00,0.7642115243639727,5090.0,LOWER_HIGH_AND_PREVIOUS_LOW_BREAK,2026-07-27 11:15:00,,EXPERIMENT:HEROMOTOCO:2026-07-27T10:57:00:UP,UP,2026-07-27 12:27:00,2026-07-27 11:12:00,5096.1,0.7784431137724551,5096.1,True,3.478799810582398,0.005684243847437175,28.967475070924593,8.326858873225891,5092.2,2026-07-27 10:57:00,5067.132524929076,False,4.263312317462998,0.006974459724950884,35.5,0.4323358969822068,0.0007072691552063584,3.600000000000364,-0.0010412573673870692,9.823182711198428e-05,0.00019646365422396856,-0.0008447937131631006,2026-07-27 11:18:00,SELL,HEROMOTOCO
,,,,2026-07-27 11:39:00,0.885247535969509,5089.5,LOWER_HIGH_AND_PREVIOUS_LOW_BREAK,2026-07-27 11:24:00,,EXPERIMENT:HEROMOTOCO:2026-07-27T11:18:00:UP,UP,2026-07-27 12:48:00,2026-07-27 11:21:00,5096.0,0.7784431137724551,5096.0,True,3.684698973226349,0.005517265303484991,28.115983986559513,7.630469731952338,5092.2,2026-07-27 11:18:00,5067.8840160134405,False,4.717927108635423,0.007073386383731211,36.0,0.40626594546587574,0.0006090971608213703,3.100000000000364,-0.0011003045485804821,9.824147755182238e-05,-0.0009431181844975306,-0.0013557323902150774,2026-07-27 11:30:00,SELL,HEROMOTOCO
,,,,2026-07-27 12:30:00,1.1505751150863637,5100.9,LOWER_HIGH_AND_PREVIOUS_LOW_BREAK,2026-07-27 12:00:00,,EXPERIMENT:HEROMOTOCO:2026-07-27T11:39:00:UP,UP,2026-07-27 13:09:00,2026-07-27 11:54:00,5109.0,0.7784431137724551,5095.0,False,3.473338269230174,0.0049529706892058175,25.235385661503642,7.265455796534548,5095.0,2026-07-27 11:39:00,5069.764614338496,False,3.3858853028510594,0.004822678350879329,24.600000000000364,1.5002499919136085,0.002136877805877323,10.899999999999636,0.00045090082142352773,0.001235076163029911,0.0013330980807307088,-0.0007841753416063833,2026-07-27 12:27:00,SELL,HEROMOTOCO
,,,,2026-07-27 13:06:00,1.3744474459766316,5094.7,LOWER_HIGH_AND_PREVIOUS_LOW_BREAK,2026-07-27 12:33:00,,EXPERIMENT:HEROMOTOCO:2026-07-27T12:21:00:UP,UP,2026-07-27 13:51:00,2026-07-27 12:30:00,5104.8,0.7784431137724551,5104.8,True,3.8203522653959876,0.005490706099594311,28.028956497209037,7.336746600854038,5102.1,2026-07-27 12:21:00,5076.771043502791,False,4.1980460380647315,0.006045498262900698,30.800000000000182,0.6406109213929662,0.0009225273323257146,4.699999999999818,-0.0031994033014701912,0.0006281037156260071,1.9628241113206728e-05,-0.0007655014034193468,2026-07-27 13:03:00,SELL,HEROMOTOCO
,,,,2026-07-27 14:36:00,1.1114671783281482,5112.8,STRONG_BEARISH_DISPLACEMENT_AFTER_EXHAUSTION,2026-07-27 13:27:00,,EXPERIMENT:HEROMOTOCO:2026-07-27T13:03:00:UP,UP,2026-07-27 14:33:00,2026-07-27 13:27:00,5120.0,0.7784431137724551,5109.9,True,4.8882863107341255,0.006073139679849066,31.033136450060738,6.348469479358333,5104.0,2026-07-27 13:03:00,5078.866863549939,False,2.000482169961296,0.0024839618213111834,12.699999999999818,2.551796153808905,0.003168518228759157,16.199999999999818,1.9558754498584688e-05,0.001916757940854362,0.0007236739164449651,0.0,,SELL,HEROMOTOCO
,,,,,1.3100551732446997,5117.7,STRONG_BEARISH_DISPLACEMENT_AFTER_EXHAUSTION,2026-07-27 14:42:00,,EXPERIMENT:HEROMOTOCO:2026-07-27T14:33:00:UP,UP,2026-07-27 16:03:00,2026-07-27 14:39:00,5125.5,0.7784431137724551,5122.4,True,5.972165014385258,0.006708871806617807,34.365524942219054,5.754282552381292,5120.3,2026-07-27 14:33:00,5088.034475057781,False,1.077458387481177,0.0012114817203040073,6.199999999999818,1.7204577477521892,0.0019344627469370297,9.899999999999636,,9.770013873419701e-05,-7.816011098746424e-05,-0.0006448209156457358,,SELL,HEROMOTOCO
,,,,2026-07-27 10:39:00,1.0779930965608782,2170.3,HIGHER_LOW_AND_PREVIOUS_HIGH_BREAK,2026-07-27 09:51:00,,EXPERIMENT:HINDUNILVR:2026-07-27T09:39:00:DOWN,DOWN,2026-07-27 11:09:00,2026-07-27 09:39:00,2165.8,0.628930817610063,2165.8,False,1.1639198874664698,0.002411231850627949,5.222245942090012,4.486774389135485,2167.2,2026-07-27 09:39:00,2171.02224594209,False,1.22582495195613,0.002534211860111505,5.5,2.0727585551257586,0.004285121872552056,9.299999999999727,0.0013362207989677168,-0.0005989955305718941,0.00032253605492319864,-0.0005068423720224687,2026-07-27 10:06:00,BUY,HINDUNILVR
,,,,2026-07-27 12:12:00,1.167389596509972,2175.0,HIGHER_LOW_AND_PREVIOUS_HIGH_BREAK,2026-07-27 10:42:00,,EXPERIMENT:HINDUNILVR:2026-07-27T10:39:00:DOWN,DOWN,2026-07-27 12:09:00,2026-07-27 10:39:00,2171.1,0.628930817610063,2171.1,False,0.0,0.0,0.0,3.459309088034022,2174.0,2026-07-27 10:39:00,2170.523414789883,False,1.445375325753726,0.0022988505747126436,5.0,1.3297452996934018,0.0021149425287355903,4.599999999999909,0.0007816091954022152,-0.0008275862068966354,-0.0013333333333333751,0.00036781609195410663,,BUY,HINDUNILVR
,,,,2026-07-27 13:03:00,1.9257719247314153,2178.4,HIGHER_LOW_AND_PREVIOUS_HIGH_BREAK,2026-07-27 12:18:00,,EXPERIMENT:HINDUNILVR:2026-07-27T12:06:00:DOWN,DOWN,2026-07-27 13:36:00,2026-07-27 12:15:00,2174.1,0.628930817610063,2175.1,False,0.0,0.0,0.0,2.0961105749213704,2175.9,2026-07-27 12:06:00,2172.588498940289,False,4.007422175385567,0.00385604113110544,8.400000000000091,0.5724888821978452,0.0005508630187292591,1.199999999999818,-0.002570694087403557,-0.0003672420124863119,-0.0006426735218509414,-0.0013771575468233565,2026-07-27 12:48:00,BUY,HINDUNILVR
,,,,2026-07-27 13:24:00,0.9055409538059946,2177.2,STRONG_BULLISH_DISPLACEMENT_AFTER_EXHAUSTION,2026-07-27 13:09:00,2026-07-27 13:21:00,EXPERIMENT:HINDUNILVR:2026-07-27T13:03:00:DOWN,DOWN,2026-07-27 14:33:00,2026-07-27 13:03:00,2175.5,0.628930817610063,2175.5,False,0.0,0.0,0.0,1.877851203633146,2176.3,2026-07-27 13:03:00,2173.1202145319417,False,3.8341696009085915,0.003306999816277705,7.199999999999818,0.2662617778408811,0.00022965276501929084,0.5,-0.000734888848061689,-0.0020209443321695924,-0.0028017637332353068,-0.0023883887562005414,2026-07-27 13:18:00,BUY,HINDUNILVR
,,,,2026-07-27 14:57:00,1.058109713846385,2172.0,PREVIOUS_HIGH_BREAK_AFTER_EXHAUSTION,2026-07-27 13:36:00,,EXPERIMENT:HINDUNILVR:2026-07-27T13:24:00:DOWN,DOWN,2026-07-27 14:54:00,2026-07-27 13:30:00,2170.0,0.628930817610063,2171.0,False,1.1000070876628412,0.0010015157882831854,2.1742907763627954,1.9766152425276269,2171.0,2026-07-27 13:24:00,2173.174290776363,False,1.0118307078531223,0.0009208103130755065,2.0,2.833125981988697,0.0025782688766113762,5.599999999999909,-0.0001381215469614097,-0.0003683241252302863,0.0005064456721914867,0.0011049723756906497,,BUY,HINDUNILVR
,,,,2026-07-27 15:18:00,1.2009537521247864,2173.3,PREVIOUS_HIGH_BREAK_AFTER_EXHAUSTION,2026-07-27 14:57:00,,EXPERIMENT:HINDUNILVR:2026-07-27T14:54:00:DOWN,DOWN,2026-07-27 16:24:00,2026-07-27 14:57:00,2171.1,0.628930817610063,2171.1,False,1.1099833455387262,0.0009365544520778858,2.0333533709062976,1.831877369222524,2173.3,2026-07-27 14:54:00,2173.133353370906,False,1.2009537521247864,0.0010122854645011148,2.200000000000273,2.019785855845882,0.0017024800993879435,3.699999999999818,,0.0013803892697740762,0.00013803892697728207,-0.00023006487829567936,,BUY,HINDUNILVR
,,,,,1.381643873139908,2172.8,STRONG_BEARISH_DISPLACEMENT_AFTER_EXHAUSTION,2026-07-27 15:24:00,,EXPERIMENT:HINDUNILVR:2026-07-27T15:18:00:UP,UP,2026-07-27 16:48:00,2026-07-27 15:21:00,2175.6,0.628930817610063,2174.9,False,0.6676072531652267,0.0005917752435623039,1.2870519772236548,1.9278579900406223,2174.6,2026-07-27 15:18:00,2173.6129480227764,False,1.1411628923733441,0.001012518409425542,2.199999999999818,0.41496832449952653,0.0003681885125184931,0.8000000000001819,,,,,,SELL,HINDUNILVR
,,,,2026-07-27 10:42:00,0.8465153035963172,535.75,PREVIOUS_HIGH_BREAK_AFTER_EXHAUSTION,2026-07-27 09:57:00,2026-07-27 10:33:00,EXPERIMENT:HINDZINC:2026-07-27T09:36:00:DOWN,DOWN,2026-07-27 11:06:00,2026-07-27 09:51:00,534.5,0.9552350627458369,535.1,True,1.3837084665489803,0.005026641870532599,2.689756064921994,1.9438748334252405,535.5,2026-07-27 09:36:00,537.789756064922,False,3.9868822141927573,0.014465702286514233,7.75,0.05144364147346663,0.00018665422305183898,0.10000000000002274,-0.0062529164722352265,-0.0012132524498366351,-0.0007466168922071437,-0.0011199253383108218,2026-07-27 10:30:00,BUY,HINDZINC
,,,,2026-07-27 11:03:00,0.7429104004642674,533.3,STRONG_BULLISH_DISPLACEMENT_AFTER_EXHAUSTION,2026-07-27 10:45:00,2026-07-27 10:57:00,EXPERIMENT:HINDZINC:2026-07-27T10:42:00:DOWN,DOWN,2026-07-27 12:12:00,2026-07-27 10:45:00,532.55,0.9552350627458369,532.65,True,4.031186010068519,0.00773327426292703,4.119128536148082,1.0218155465562524,532.7,2026-07-27 10:42:00,536.7691285361481,False,5.186846117053262,0.009938121132570702,5.2999999999999545,0.09786502107649973,0.00018751171948251031,0.10000000000002274,-0.007219201200074835,-0.002062628914306974,-0.004031501968873012,-0.0043127695480966715,2026-07-27 10:51:00,BUY,HINDZINC
,,,,2026-07-27 11:24:00,0.7803500651616124,531.3,STRONG_BULLISH_DISPLACEMENT_AFTER_EXHAUSTION,2026-07-27 11:09:00,2026-07-27 11:21:00,EXPERIMENT:HINDZINC:2026-07-27T11:03:00:DOWN,DOWN,2026-07-27 12:33:00,2026-07-27 11:03:00,530.6,0.9552350627458369,530.6,True,6.126394624824723,0.010864224902284106,5.764557733151946,0.9409380371602932,531.15,2026-07-27 11:03:00,536.364557733152,False,3.5071384827413286,0.006211180124223517,3.2999999999999545,2.1255384743887134,0.0037643515904385474,2.0,0.0030114812723508804,-0.0015057406361753333,-0.002258610954263,-0.0026350461133069405,2026-07-27 11:15:00,BUY,HINDZINC
,,,,2026-07-27 12:03:00,1.627522810214878,529.9,STRONG_BULLISH_DISPLACEMENT_AFTER_EXHAUSTION,2026-07-27 11:36:00,,EXPERIMENT:HINDZINC:2026-07-27T11:24:00:DOWN,DOWN,2026-07-27 12:54:00,2026-07-27 11:36:00,528.55,0.9552350627458369,530.15,True,7.571451262882258,0.011203833156602335,5.9397121479727275,0.7844879325963766,530.2,2026-07-27 11:24:00,536.0897121479727,False,2.421962048175364,0.003585582185317942,1.8999999999999773,4.334037349366464,0.006416304963200561,3.3999999999999773,-0.0008492168333646571,-0.0008492168333646571,0.0001887148518588842,0.0024532930741650656,2026-07-27 12:00:00,BUY,HINDZINC
,,,,2026-07-27 12:30:00,1.1718965336469098,531.2,HIGHER_LOW_AND_PREVIOUS_HIGH_BREAK,2026-07-27 12:03:00,,EXPERIMENT:HINDZINC:2026-07-27T11:45:00:DOWN,DOWN,2026-07-27 13:15:00,2026-07-27 12:03:00,529.9,0.9552350627458369,529.9,True,4.333957487244344,0.009072872546260062,4.807715162263207,1.1093129492878555,531.2,2026-07-27 11:45:00,534.7077151622632,False,2.749449559709975,0.005741716867470007,3.050000000000068,1.8930636312755962,0.003953313253011877,2.099999999999909,-0.00018825301204823555,0.0007530120481927282,-0.0017884036144579169,-0.002447289156626634,2026-07-27 12:27:00,BUY,HINDZINC
,,,,2026-07-27 13:15:00,1.0788174971571547,530.0,HIGHER_LOW_AND_PREVIOUS_HIGH_BREAK,2026-07-27 12:42:00,,EXPERIMENT:HINDZINC:2026-07-27T12:27:00:DOWN,DOWN,2026-07-27 13:57:00,2026-07-27 12:30:00,529.0,0.9552350627458369,529.0,True,4.9330761806166015,0.010064641242391727,5.324195217225224,1.0792850185742997,529.9,2026-07-27 12:27:00,534.3241952172252,False,1.7140977296653412,0.003490566037735892,1.8500000000000227,1.8067516609986227,0.0036792452830189536,1.9500000000000455,0.0014150943396226414,-0.0002830188679244854,0.0016037735849057033,0.0016981132075471268,,BUY,HINDZINC
93.0,530.7,REVERSAL,2026-07-27 14:54:00,2026-07-27 14:48:00,1.0596025133212494,531.25,STRONG_BEARISH_DISPLACEMENT_AFTER_EXHAUSTION,2026-07-27 13:21:00,,EXPERIMENT:HINDZINC:2026-07-27T13:15:00:UP,UP,2026-07-27 14:45:00,2026-07-27 13:18:00,531.95,0.9552350627458369,531.65,False,0.0,0.0,0.0,0.6670563111280609,531.2,2026-07-27 13:15:00,534.1502591909318,False,0.8245180966354219,0.0010352941176469733,0.5499999999999545,4.647283817400069,0.005835294117647102,3.1000000000000227,0.00037647058823537974,0.00018823529411768987,0.0020705882352941604,0.0016000000000000428,,SELL,HINDZINC
,,,,2026-07-27 15:15:00,0.6312886086706466,530.5,STRONG_BULLISH_DISPLACEMENT_AFTER_EXHAUSTION,2026-07-27 14:51:00,,EXPERIMENT:HINDZINC:2026-07-27T14:51:00:DOWN,DOWN,2026-07-27 16:21:00,2026-07-27 14:51:00,530.05,0.9552350627458369,530.05,True,5.032106515804126,0.0067673330032589196,3.58702485837739,0.7128276889830871,530.5,2026-07-27 14:51:00,533.6370248583773,False,3.296729400835298,0.004429783223374218,2.3500000000000227,1.4028635748235174,0.001885014137606032,1.0,,0.0007540056550423699,-0.00018850141376064607,-0.001413760603204524,2026-07-27 15:12:00,BUY,HINDZINC
,,,,,,,,,,EXPERIMENT:HINDZINC:2026-07-27T15:12:00:DOWN,DOWN,2026-07-27 16:42:00,2026-07-27 15:21:00,529.0,0.9552350627458369,529.5,True,6.1016094028792045,0.007434175083036676,3.93639570646792,0.645140559900545,529.85,2026-07-27 15:12:00,533.4363957064679,False,,,,,,,,,,,,BUY,HINDZINC
15.0,1432.9,REVERSAL,2026-07-27 09:54:00,2026-07-27 10:54:00,0.739051030318753,1432.1,HIGHER_LOW_AND_PREVIOUS_HIGH_BREAK,2026-07-27 09:39:00,,EXPERIMENT:ICICIBANK:2026-07-27T09:33:00:DOWN,DOWN,2026-07-27 11:03:00,2026-07-27 09:36:00,1430.5,0.1392757660167131,1430.7,False,1.2420272495182405,0.001976284969248789,2.827470905504242,2.276496676382073,1430.9,2026-07-27 09:33:00,1433.5274709055043,False,1.4495957908642707,0.002304308358354832,3.2999999999999545,7.423687535032316,0.011800851895817395,16.90000000000009,0.0009077578381399218,0.0009775853641506118,0.0009775853641506118,-0.0011870679421826815,2026-07-27 10:06:00,BUY,ICICIBANK
,,,,2026-07-27 12:27:00,,,,,,EXPERIMENT:ICICIBANK:2026-07-27T10:54:00:UP,UP,2026-07-27 12:24:00,2026-07-27 11:45:00,1438.3,0.1392757660167131,1435.3,False,1.2325485409470052,0.0014004244618530228,2.0100292300976434,1.630791131806684,1435.2,2026-07-27 10:54:00,1433.2899707699023,False,,,,,,,,,,,,SELL,ICICIBANK
,,,,2026-07-27 12:48:00,1.3970255156645417,1435.7,LOWER_HIGH_AND_PREVIOUS_LOW_BREAK,2026-07-27 12:27:00,,EXPERIMENT:ICICIBANK:2026-07-27T12:21:00:UP,UP,2026-07-27 13:51:00,2026-07-27 12:27:00,1437.9,0.1392757660167131,1437.9,False,1.943541064723137,0.0021285476658555263,3.060638688733661,1.574774386961388,1435.7,2026-07-27 12:21:00,1434.8393613112664,False,8.44565425378998,0.009263773768893192,13.299999999999955,0.5080092784234304,0.0005572194748206132,0.7999999999999545,-0.0013930486870516125,0.0,-0.0019502681618722257,-0.0013233962526989368,2026-07-27 12:45:00,SELL,ICICIBANK
,,,,2026-07-27 13:21:00,1.0676601215227808,1437.3,STRONG_BEARISH_DISPLACEMENT_AFTER_EXHAUSTION,2026-07-27 12:57:00,,EXPERIMENT:ICICIBANK:2026-07-27T12:45:00:UP,UP,2026-07-27 14:15:00,2026-07-27 12:51:00,1439.0,0.1392757660167131,1438.7,False,2.406325300160311,0.0026014889282910078,3.742762121132273,1.5553849352300486,1438.0,2026-07-27 12:45:00,1434.9572378788678,False,7.522253646020792,0.008140262993112117,11.700000000000045,0.8358059606689443,0.0009044736659013112,1.2999999999999545,-0.0026438461003269703,0.00020872469213104746,-0.0009044736659013112,-0.001600222639671575,2026-07-27 13:18:00,SELL,ICICIBANK
,,,,2026-07-27 13:36:00,0.7637614981349441,1437.7,LOWER_HIGH_AND_PREVIOUS_LOW_BREAK,2026-07-27 13:21:00,,EXPERIMENT:ICICIBANK:2026-07-27T13:15:00:UP,UP,2026-07-27 14:45:00,2026-07-27 13:21:00,1438.9,0.1392757660167131,1438.9,False,2.2695109905362973,0.0024781361455147853,3.565790099781225,1.5711711089526867,1437.7,2026-07-27 13:15:00,1435.3342099002189,False,7.192087440770422,0.00785977603116085,11.299999999999955,0.7637614981349441,0.0008346664811852581,1.2000000000000455,-0.004660221186617545,0.0004868887806914137,-0.0006259998608888249,-0.0020171106628642022,2026-07-27 13:24:00,SELL,ICICIBANK
,,,,2026-07-27 14:03:00,1.1593188826080858,1440.6,STRONG_BEARISH_DISPLACEMENT_AFTER_EXHAUSTION,2026-07-27 13:48:00,,EXPERIMENT:ICICIBANK:2026-07-27T13:36:00:UP,UP,2026-07-27 15:06:00,2026-07-27 13:48:00,1442.8,0.1392757660167131,1439.6,False,2.2402696174370074,0.00280901755228961,4.043861668276122,1.8050781195267576,1439.0,2026-07-27 13:36:00,1435.5561383317238,False,4.653538209306056,0.005830903790087527,8.400000000000091,0.27699632198250035,0.0003470776065528252,0.5,-0.0024989587671804363,-0.0003470776065528252,-0.001735388032764126,-0.0018048035540747858,2026-07-27 14:00:00,SELL,ICICIBANK
,,,,2026-07-27 14:21:00,0.8006132922664435,1442.9,STRONG_BEARISH_DISPLACEMENT_AFTER_EXHAUSTION,2026-07-27 14:09:00,,EXPERIMENT:ICICIBANK:2026-07-27T13:57:00:UP,UP,2026-07-27 15:27:00,2026-07-27 14:09:00,1444.3,0.1392757660167131,1443.3,True,4.00673638312835,0.005028791544402783,7.258054836036536,1.8114630317579432,1442.7,2026-07-27 13:57:00,1436.0419451639634,False,3.367443824718926,0.0042275972000831025,6.099999999999909,0.0552039971266159,6.930487213260546e-05,0.10000000000013642,-0.0017326218033127728,-0.0009009633377226104,-0.0025642802689027776,-0.002148451036107775,2026-07-27 14:12:00,SELL,ICICIBANK
,,,,,1.6165635555791513,1446.0,LOWER_HIGH_AND_PREVIOUS_LOW_BREAK,2026-07-27 14:36:00,,EXPERIMENT:ICICIBANK:2026-07-27T14:21:00:UP,UP,2026-07-27 15:51:00,2026-07-27 14:30:00,1449.0,0.1392757660167131,1445.0,True,5.037449539875025,0.005758472031360706,8.32099208531622,1.6518263894158345,1444.4,2026-07-27 14:21:00,1436.6790079146838,False,1.089702895857307,0.0012448132780082672,1.7999999999999545,1.452937194476501,0.0016597510373444612,2.400000000000091,,0.0012448132780082672,0.00013831258644539797,0.0006915629322268327,,SELL,ICICIBANK
,,,,2026-07-27 11:36:00,3.2600205012714243,507.3,PREVIOUS_HIGH_BREAK_AFTER_EXHAUSTION,2026-07-27 10:39:00,,EXPERIMENT:ICICIPRULI:2026-07-27T10:33:00:DOWN,DOWN,2026-07-27 12:03:00,2026-07-27 10:39:00,504.15,0.2996404314822213,504.7,False,1.7543964983173204,0.002639695995073413,1.3322545687135516,0.7593805448148955,504.95,2026-07-27 10:33:00,506.03225456871354,False,4.148117859363739,0.006209343583678364,3.150000000000034,4.345647281238171,0.006505026611472523,3.3000000000000114,0.001971220185294697,0.0020697811945594546,0.0014784151389710231,-0.0029568302779420462,,BUY,ICICIPRULI
,,,,2026-07-27 13:06:00,0.9664112870633792,508.15,LOWER_HIGH_AND_PREVIOUS_LOW_BREAK,2026-07-27 11:48:00,,EXPERIMENT:ICICIPRULI:2026-07-27T11:36:00:UP,UP,2026-07-27 13:06:00,2026-07-27 11:42:00,508.85,0.2996404314822213,508.45,False,2.2408772327219197,0.003327023858813396,1.6916252810136712,0.7548942245974402,508.15,2026-07-27 11:36:00,506.7583747189863,False,3.2454878050054607,0.0048214110006888624,2.4500000000000455,3.311722250005511,0.004919807143559973,2.5,0.00019679228574233178,0.0005903768572271072,0.004329430286332754,0.00019679228574233178,2026-07-27 13:03:00,SELL,ICICIPRULI
,,,,2026-07-27 14:33:00,1.2260333914993402,508.7,LOWER_HIGH_AND_PREVIOUS_LOW_BREAK,2026-07-27 13:09:00,,EXPERIMENT:ICICIPRULI:2026-07-27T13:00:00:UP,UP,2026-07-27 14:30:00,2026-07-27 13:06:00,509.7,0.2996404314822213,509.7,False,3.0490661143409197,0.004771370682526524,2.431967636883769,0.7976106603413087,509.3,2026-07-27 13:00:00,507.2680323631162,False,2.3821146011100174,0.00373501081187347,1.900000000000034,1.4418062059349561,0.0022606644387654358,1.1499999999999773,0.000982897582071948,0.0007863180656575138,0.0008846078238647309,0.0010811873402791653,,SELL,ICICIPRULI
,,,,2026-07-27 15:03:00,1.9035314314633696,508.85,LOWER_HIGH_AND_PREVIOUS_LOW_BREAK,2026-07-27 14:48:00,,EXPERIMENT:ICICIPRULI:2026-07-27T14:30:00:UP,UP,2026-07-27 16:00:00,2026-07-27 14:42:00,509.7,0.2996404314822213,508.9,False,3.6511190924698345,0.0029917819915553988,1.5225178555025423,0.4170003270073068,508.9,2026-07-27 14:30:00,507.37748214449744,False,4.196639394887899,0.003439127444237005,1.75,0.11990398271111008,9.826078412107963e-05,0.05000000000001137,,-0.0006878254888473339,-0.0025547803871474,-0.0026530411712684795,2026-07-27 15:00:00,SELL,ICICIPRULI
,,,,,1.2957655970461448,509.95,LOWER_HIGH_AND_PREVIOUS_LOW_BREAK,2026-07-27 15:09:00,,EXPERIMENT:ICICIPRULI:2026-07-27T14:51:00:UP,UP,2026-07-27 16:21:00,2026-07-27 15:03:00,510.6,0.2996404314822213,510.6,True,5.875027874219573,0.005999542673161243,3.063366488916131,0.5214216093099069,510.0,2026-07-27 14:51:00,507.5366335110839,False,0.575350147833452,0.000588292969899032,0.30000000000001137,1.8219421348058404,0.0018629277380135085,0.9499999999999886,,0.0,0.0018629277380135085,,,SELL,ICICIPRULI
,,,,2026-07-27 11:06:00,1.5092917302375783,5157.5,LOWER_HIGH_AND_PREVIOUS_LOW_BREAK,2026-07-27 09:51:00,,EXPERIMENT:INDIGO:2026-07-27T09:33:00:UP,UP,2026-07-27 11:03:00,2026-07-27 09:48:00,5184.0,2.6,5164.0,False,1.1648815478320822,0.004543497418989383,23.46262067166117,20.141636473963025,5160.5,2026-07-27 09:33:00,5140.537379328339,True,4.220113897392548,0.016480853126514785,85.0,3.103024924553344,0.012118274357731459,62.5,0.004556471158507029,-0.0018419777023751817,-0.0031022782355792536,0.0024236548715462916,,SELL,INDIGO
,,,,2026-07-27 11:51:00,0.3934009938052141,5210.0,STRONG_BEARISH_DISPLACEMENT_AFTER_EXHAUSTION,2026-07-27 11:30:00,,EXPERIMENT:INDIGO:2026-07-27T11:03:00:UP,UP,2026-07-27 12:33:00,2026-07-27 11:30:00,5216.0,2.6,5157.0,False,0.83848159261127,0.002075622787949278,10.703986717454427,12.765917357969863,5153.5,2026-07-27 11:03:00,5146.296013282546,True,2.5458413280194074,0.006238003838771593,32.5,0.8225025828985777,0.002015355086372361,10.5,-0.0005758157389635317,9.596928982725528e-05,-0.001727447216890595,-0.0015355086372360845,2026-07-27 11:48:00,SELL,INDIGO
,,,,2026-07-27 13:06:00,0.9250959657790965,5218.0,STRONG_BEARISH_DISPLACEMENT_AFTER_EXHAUSTION,2026-07-27 11:57:00,,EXPERIMENT:INDIGO:2026-07-27T11:51:00:UP,UP,2026-07-27 13:21:00,2026-07-27 11:54:00,5230.0,2.6,5222.0,True,4.912952627176605,0.012319368153198675,64.33174049600348,13.094313212007073,5216.5,2026-07-27 11:51:00,5157.6682595039965,True,1.8710412377744463,0.004695285550019164,24.5,1.4128270570949901,0.003545419701034879,18.5,0.0003832886163280951,-0.00019164430816404754,0.0007665772326561902,0.0003832886163280951,2026-07-27 13:03:00,SELL,INDIGO
,,,,2026-07-27 14:27:00,1.0844220835590819,5221.0,LOWER_HIGH_AND_PREVIOUS_LOW_BREAK,2026-07-27 13:06:00,,EXPERIMENT:INDIGO:2026-07-27T12:54:00:UP,UP,2026-07-27 14:24:00,2026-07-27 13:06:00,5231.0,2.6,5231.0,True,6.873860119901982,0.012117628030855192,63.387312229403506,9.221501619719806,5221.0,2026-07-27 12:54:00,5167.6126877705965,True,2.331507479652026,0.00411798506033327,21.5,2.331507479652026,0.00411798506033327,21.5,0.0012449722275426163,-0.0007661367554108408,0.0005746025665581306,0.003926450871480559,,SELL,INDIGO
,,,,2026-07-27 15:09:00,1.8397581995500782,5204.0,PREVIOUS_LOW_BREAK_AFTER_EXHAUSTION,2026-07-27 14:42:00,2026-07-27 15:03:00,EXPERIMENT:INDIGO:2026-07-27T14:21:00:UP,UP,2026-07-27 15:51:00,2026-07-27 14:27:00,5215.0,2.6,5215.0,True,6.573551424799317,0.0077692874412209414,40.51683400596721,6.1636140630335365,5213.0,2026-07-27 14:21:00,5174.483165994033,True,6.246335284180904,0.00739815526518063,38.5,0.1622424749137897,0.0001921598770176787,1.0,,-0.0011529592621060721,-0.002498078401229823,-0.006245196003074558,2026-07-27 15:00:00,SELL,INDIGO
,,,,,1.3479284100361506,5232.0,STRONG_BEARISH_DISPLACEMENT_AFTER_EXHAUSTION,2026-07-27 15:15:00,,EXPERIMENT:INDIGO:2026-07-27T15:09:00:UP,UP,2026-07-27 16:39:00,2026-07-27 15:09:00,5242.5,2.6,5242.5,True,8.094237052053192,0.01166458615700272,61.15159292808676,7.554954535532783,5236.5,2026-07-27 15:09:00,5181.348407071913,True,1.0589077621015535,0.0015290519877675841,8.0,1.1912712323642476,0.0017201834862385322,9.0,,0.001337920489296636,,,,SELL,INDIGO
,,,,2026-07-27 10:33:00,1.2691458695647029,1071.0,LOWER_HIGH_AND_PREVIOUS_LOW_BREAK,2026-07-27 09:45:00,,EXPERIMENT:INFY:2026-07-27T09:39:00:UP,UP,2026-07-27 11:09:00,2026-07-27 09:42:00,1076.0,2.3387872954764153,1074.9,True,1.9136798194086782,0.007039929913857842,7.567220664405795,3.954277297413339,1073.6,2026-07-27 09:39:00,1067.3327793355943,True,2.7817978286944034,0.01027077497665733,11.0,0.45520328105907265,0.0016806722689075206,1.7999999999999545,-0.00046685340802987864,-0.001120448179271751,-0.00046685340802987864,-0.0003734827264239878,2026-07-27 10:30:00,SELL,INFY
,,,,2026-07-27 11:06:00,2.0754070092069474,1071.0,LOWER_HIGH_AND_PREVIOUS_LOW_BREAK,2026-07-27 10:48:00,2026-07-27 11:00:00,EXPERIMENT:INFY:2026-07-27T10:24:00:UP,UP,2026-07-27 11:54:00,2026-07-27 10:42:00,1075.9,2.3387872954764153,1074.9,False,2.0307673629648106,0.004570389989967431,4.912712200215992,2.419140808449717,1074.1,2026-07-27 10:24:00,1069.987287799784,True,4.54706892694239,0.01027077497665733,11.0,0.7440658244087359,0.0016806722689075206,1.7999999999999545,-0.006535947712418301,-0.005415499533146549,-0.004575163398692896,-0.005228758169934556,2026-07-27 10:57:00,SELL,INFY
,,,,2026-07-27 11:27:00,0.9507067135547828,1075.9,LOWER_HIGH_AND_PREVIOUS_LOW_BREAK,2026-07-27 11:06:00,,EXPERIMENT:INFY:2026-07-27T11:06:00:UP,UP,2026-07-27 12:36:00,2026-07-27 11:06:00,1078.4,2.3387872954764153,1078.4,True,2.8034139286375237,0.006835980190020528,7.371921036918138,2.629622747326841,1075.9,2026-07-27 11:06:00,1071.028078963082,True,2.319724381073635,0.0056696719025930925,6.099999999999909,0.7225371023016695,0.0017659633794963202,1.900000000000091,-0.0039037085230967726,-0.0006506180871826546,-0.0026024723487312524,-0.0024165814666789747,2026-07-27 11:09:00,SELL,INFY
,,,,2026-07-27 11:54:00,0.6140981878664363,1078.5,LOWER_HIGH_AND_PREVIOUS_LOW_BREAK,2026-07-27 11:33:00,,EXPERIMENT:INFY:2026-07-27T11:27:00:UP,UP,2026-07-27 12:57:00,2026-07-27 11:30:00,1079.9,2.3387872954764153,1079.5,True,3.1057203672782623,0.007193077576288607,7.764927243603552,2.50020166831969,1079.3,2026-07-27 11:27:00,1071.7350727563964,True,1.3998870748503438,0.003245248029670839,3.5,0.6399483770744064,0.0014835419564208708,1.599999999999909,-9.272137227622536e-05,-0.0003708854891053231,-0.00129809921186842,-0.0013908205841446453,2026-07-27 11:51:00,SELL,INFY
,,,,2026-07-27 13:06:00,1.3198294950607947,1078.3,LOWER_HIGH_AND_PREVIOUS_LOW_BREAK,2026-07-27 12:15:00,,EXPERIMENT:INFY:2026-07-27T11:48:00:UP,UP,2026-07-27 13:18:00,2026-07-27 12:06:00,1080.4,2.3387872954764153,1080.2,True,3.9754493661443893,0.007024199519345456,7.587540320796961,1.9085994115316272,1080.0,2026-07-27 11:48:00,1072.612459679203,True,1.9385943313431298,0.003431327088936331,3.7000000000000455,0.7335221794270497,0.0012983399795973881,1.3999999999998636,-0.0023184642492812763,0.00018547713994254426,-0.000278215709913711,-0.0005564314198276328,2026-07-27 13:03:00,SELL,INFY
,,,,2026-07-27 14:30:00,0.6910054661188042,1080.3,STRONG_BEARISH_DISPLACEMENT_AFTER_EXHAUSTION,2026-07-27 13:18:00,,EXPERIMENT:INFY:2026-07-27T12:57:00:UP,UP,2026-07-27 14:27:00,2026-07-27 13:15:00,1081.2,2.3387872954764153,1081.0,True,4.684540336113522,0.006228770968230986,6.733301416657696,1.4373451680520497,1080.1,2026-07-27 12:57:00,1074.2666985833423,True,0.6261543990994234,0.0008331019161344913,0.900000000000091,2.365472174375266,0.003147273905396523,3.3999999999998636,0.00037026751828183246,0.0013885031935573452,0.0008331019161342809,0.0010182356752753024,,SELL,INFY
,,,,2026-07-27 15:15:00,1.1748478541323326,1079.4,PREVIOUS_LOW_BREAK_AFTER_EXHAUSTION,2026-07-27 14:33:00,,EXPERIMENT:INFY:2026-07-27T14:21:00:UP,UP,2026-07-27 15:51:00,2026-07-27 14:30:00,1080.9,2.3387872954764153,1080.9,True,4.783098057066548,0.0054376581486503366,5.877564692876149,1.2288196107944382,1080.9,2026-07-27 14:21:00,1075.022435307124,True,1.3020625533193604,0.0014823049842504251,1.599999999999909,1.7903360108142594,0.0020381693533444924,2.2000000000000455,,-0.0002779321845469284,0.00129701686121928,0.001482304984250636,2026-07-27 15:12:00,SELL,INFY
,,,,,1.352517440208022,1078.9,PREVIOUS_LOW_BREAK_AFTER_EXHAUSTION,2026-07-27 15:24:00,,EXPERIMENT:INFY:2026-07-27T15:03:00:UP,UP,2026-07-27 16:33:00,2026-07-27 15:15:00,1080.6,2.3387872954764153,1080.6,False,3.7957639575805047,0.004732518785803714,5.113959799939494,1.3472807732752785,1080.0,2026-07-27 15:03:00,1075.4860402000604,True,0.8164593615670602,0.0010195569561589665,1.099999999999909,0.6680122049186266,0.0008341829641302168,0.900000000000091,,,,,,SELL,INFY
210.0,1061.2,REVERSAL,2026-07-27 13:57:00,2026-07-27 11:09:00,0.9782060000060071,1065.2,STRONG_BEARISH_DISPLACEMENT_AFTER_EXHAUSTION,2026-07-27 10:27:00,,EXPERIMENT:JINDALSTEL:2026-07-27T09:36:00:UP,UP,2026-07-27 11:06:00,2026-07-27 10:21:00,1068.2,1.5288461538461626,1052.9,False,0.9697972772311034,0.003839814776599102,4.0429409782811945,4.168851648897503,1051.8,2026-07-27 09:36:00,1048.857059021719,True,0.5037358430721027,0.001971460758542911,2.099999999999909,1.295320739328342,0.005069470521967791,5.400000000000091,0.00018775816748032808,0.0023469770935035674,0.004130679684566364,0.004036800600826093,,SELL,JINDALSTEL
120.0,1061.2,REVERSAL,2026-07-27 13:57:00,2026-07-27 12:33:00,0.9932882010935398,1064.5,STRONG_BEARISH_DISPLACEMENT_AFTER_EXHAUSTION,2026-07-27 11:57:00,,EXPERIMENT:JINDALSTEL:2026-07-27T11:00:00:UP,UP,2026-07-27 12:30:00,2026-07-27 11:30:00,1066.0,1.5288461538461626,1064.9,True,3.0347916120784304,0.007077332748652381,7.536651644039921,2.483416526539795,1064.4,2026-07-27 11:00:00,1057.3633483559602,True,1.1274790072776326,0.002630342883983048,2.7999999999999545,1.7314856183192313,0.0040394551432597035,4.2999999999999545,-0.00037576326914052696,0.0005636449037105768,0.0009394081728511038,0.0004697040864255519,,SELL,JINDALSTEL
78.0,1061.2,REVERSAL,2026-07-27 13:57:00,2026-07-27 12:57:00,1.1307642011631445,1062.6,STRONG_BEARISH_DISPLACEMENT_AFTER_EXHAUSTION,2026-07-27 12:39:00,,EXPERIMENT:JINDALSTEL:2026-07-27T12:24:00:UP,UP,2026-07-27 13:54:00,2026-07-27 12:39:00,1064.3,1.5288461538461626,1063.9,False,2.6635309605964306,0.003588940425140478,3.818273718306955,1.4335383274283204,1063.6,2026-07-27 12:24:00,1060.0817262816931,True,3.2786008647787996,0.0044231131187653355,4.7000000000000455,1.6741791649933182,0.002258610954263,2.3999999999998636,-0.00047054394880481843,-0.00037643515904394034,-0.002164502164502336,-0.003482025221155699,2026-07-27 12:54:00,SELL,JINDALSTEL
60.0,1061.2,REVERSAL,2026-07-27 13:57:00,2026-07-27 13:09:00,0.6093531800589581,1064.9,STRONG_BEARISH_DISPLACEMENT_AFTER_EXHAUSTION,2026-07-27 12:57:00,,EXPERIMENT:JINDALSTEL:2026-07-27T12:45:00:UP,UP,2026-07-27 14:15:00,2026-07-27 12:57:00,1065.9,1.5288461538461626,1065.9,True,3.3792507755770487,0.0052027730023600696,5.545635743215598,1.6410844034706518,1064.9,2026-07-27 12:45:00,1060.3543642567845,True,1.4624476321414164,0.002253732744858544,2.3999999999998636,2.8030246282712907,0.004319654427645916,4.600000000000136,0.003474504648323829,-0.001314677434500764,-0.0002817165931072913,-0.00093905531035778,2026-07-27 13:06:00,SELL,JINDALSTEL
45.0,1061.2,REVERSAL,2026-07-27 13:57:00,2026-07-27 14:06:00,1.241894518421285,1065.3,LOWER_HIGH_AND_PREVIOUS_LOW_BREAK,2026-07-27 13:12:00,,EXPERIMENT:JINDALSTEL:2026-07-27T13:09:00:UP,UP,2026-07-27 14:39:00,2026-07-27 13:09:00,1067.3,1.5288461538461626,1067.3,True,4.301649381878205,0.006431964973901237,6.86483621664479,1.5958614027365092,1066.3,2026-07-27 13:09:00,1060.4351637833552,True,0.8146070816493053,0.0012203135267060496,1.2999999999999545,3.1331041601897454,0.0046935135642542005,5.0,0.00262836759598231,-0.00018774054257021073,0.000375481085140208,0.002065145968271891,,SELL,JINDALSTEL
,,,,2026-07-27 15:09:00,1.030480477678098,1062.9,HIGHER_LOW_AND_PREVIOUS_HIGH_BREAK,2026-07-27 14:09:00,2026-07-27 14:39:00,EXPERIMENT:JINDALSTEL:2026-07-27T14:06:00:DOWN,DOWN,2026-07-27 15:36:00,2026-07-27 14:06:00,1061.5,1.5288461538461626,1061.5,False,0.0,0.0,0.0,1.4092502757820604,1062.7,2026-07-27 14:06:00,1060.5758371970471,True,1.8449526281321975,0.0024461379245461815,2.6000000000001364,2.5545497927982286,0.003386960203217526,3.599999999999909,0.0029165490638817467,-0.0008467400508044886,-0.0005644933672030636,-0.0017875623294760475,2026-07-27 14:30:00,BUY,JINDALSTEL
,,,,,1.0071428872364665,1065.4,PREVIOUS_LOW_BREAK_AFTER_EXHAUSTION,2026-07-27 15:24:00,,EXPERIMENT:JINDALSTEL:2026-07-27T15:09:00:UP,UP,2026-07-27 16:39:00,2026-07-27 15:12:00,1066.5,1.5288461538461626,1066.0,False,4.506583371321781,0.004930025845056179,5.2554075508298865,1.166162282556081,1066.0,2026-07-27 15:09:00,1060.74459244917,True,0.9432649438711459,0.001032476065327491,1.099999999999909,0.0,0.0,0.0,,,,,,SELL,JINDALSTEL
,,,,2026-07-27 11:06:00,0.9534484130479879,424.75,STRONG_BEARISH_DISPLACEMENT_AFTER_EXHAUSTION,2026-07-27 09:45:00,,EXPERIMENT:JUBLFOOD:2026-07-27T09:33:00:UP,UP,2026-07-27 11:03:00,2026-07-27 09:42:00,425.7,0.5975143403441683,424.5,False,0.7863259469119467,0.0018893070255159446,0.8020108323315185,1.019947053103321,424.2,2026-07-27 09:33:00,423.6979891676685,False,3.5786171339917887,0.008593290170688586,3.6499999999999773,1.9608861008174305,0.004708652148322542,2.0,0.0008240141259564985,0.001883460859329044,0.0036492054149499975,0.004120070629782225,,SELL,JUBLFOOD
,,,,2026-07-27 11:24:00,1.0539701098443537,424.0,PREVIOUS_LOW_BREAK_AFTER_EXHAUSTION,2026-07-27 11:09:00,,EXPERIMENT:JUBLFOOD:2026-07-27T10:57:00:UP,UP,2026-07-27 12:27:00,2026-07-27 11:06:00,424.65,0.5975143403441683,424.65,False,1.2064330819522688,0.001712038335353976,0.7270170791080659,0.602616995491864,424.55,2026-07-27 10:57:00,423.9229829208919,False,7.301486736876113,0.010377358490565983,4.399999999999977,1.4105144832602032,0.0020047169811321292,0.8500000000000227,-0.006957547169811294,-0.0014150943396226952,-0.003183962264150997,-0.0024764150943396494,2026-07-27 11:21:00,SELL,JUBLFOOD
,,,,2026-07-27 12:00:00,1.1131741140898799,425.0,LOWER_HIGH_AND_PREVIOUS_LOW_BREAK,2026-07-27 11:30:00,2026-07-27 11:57:00,EXPERIMENT:JUBLFOOD:2026-07-27T11:18:00:UP,UP,2026-07-27 12:48:00,2026-07-27 11:24:00,425.6,0.5975143403441683,425.6,False,2.9168720785802766,0.0037610939626813817,1.600721590517196,0.5487801821245147,425.45,2026-07-27 11:18:00,423.9992784094828,False,6.195559006590619,0.007999999999999946,3.3999999999999773,3.3711129888802533,0.004352941176470642,1.8500000000000227,-0.002352941176470588,0.00023529411764711234,0.0036470588235294386,-0.004235294117647085,2026-07-27 11:54:00,SELL,JUBLFOOD
,,,,2026-07-27 12:21:00,0.7715237756940542,426.25,STRONG_BEARISH_DISPLACEMENT_AFTER_EXHAUSTION,2026-07-27 12:00:00,2026-07-27 12:09:00,EXPERIMENT:JUBLFOOD:2026-07-27T12:00:00:UP,UP,2026-07-27 13:30:00,2026-07-27 12:00:00,426.8,0.5975143403441683,426.8,True,3.6105492294330355,0.006030623776140343,2.5738702276566983,0.7128749849675566,426.25,2026-07-27 12:00:00,424.2261297723433,False,3.0159565777130264,0.0050439882697946685,2.1499999999999773,2.1041557518928315,0.0035190615835777126,1.5,-0.004340175953079233,-0.0016422287390029059,0.00046920821114366834,0.0015249266862169555,2026-07-27 12:03:00,SELL,JUBLFOOD
,,,,2026-07-27 12:45:00,1.3872203158623666,425.6,LOWER_HIGH_AND_PREVIOUS_LOW_BREAK,2026-07-27 12:27:00,2026-07-27 12:42:00,EXPERIMENT:JUBLFOOD:2026-07-27T12:21:00:UP,UP,2026-07-27 13:51:00,2026-07-27 12:21:00,426.8,0.5975143403441683,426.8,False,1.886441721305644,0.0039373713192364344,1.6804700790501101,0.8908147334056116,426.8,2026-07-27 12:21:00,425.1195299209499,False,3.143190042777436,0.006578947368420946,2.7999999999999545,0.056128393621039316,0.0001174812030075455,0.05000000000001137,-0.005286654135338346,-0.002467105263157788,-0.00446428571428566,-0.006109022556390897,2026-07-27 12:39:00,SELL,JUBLFOOD
,,,,2026-07-27 13:06:00,0.9739647890724785,427.5,STRONG_BEARISH_DISPLACEMENT_AFTER_EXHAUSTION,2026-07-27 12:45:00,,EXPERIMENT:JUBLFOOD:2026-07-27T12:45:00:UP,UP,2026-07-27 14:15:00,2026-07-27 12:45:00,428.35,0.5975143403441683,428.35,True,3.457591661929876,0.0070445069223081126,3.01751454017068,0.8727214880216467,427.5,2026-07-27 12:45:00,425.33248545982934,False,1.031256835488453,0.0021052631578946835,0.8999999999999773,2.0052216245609316,0.004093567251461989,1.75,0.00035087719298240293,-0.0016374269005847686,-0.0009356725146198298,0.00023391812865502395,2026-07-27 12:57:00,SELL,JUBLFOOD
,,,,2026-07-27 14:33:00,1.0066305288730046,427.4,LOWER_HIGH_AND_PREVIOUS_LOW_BREAK,2026-07-27 13:12:00,,EXPERIMENT:JUBLFOOD:2026-07-27T13:06:00:UP,UP,2026-07-27 14:36:00,2026-07-27 13:06:00,428.1,0.5975143403441683,428.1,True,3.419868465075657,0.005835196558151082,2.498047646544478,0.7304513819917382,427.75,2026-07-27 13:06:00,425.60195235345554,False,0.958311555371885,0.001637810014038478,0.7000000000000455,2.2588772376621225,0.003860552175947537,1.6499999999999773,0.001637810014038345,-0.000701918577445043,0.000584932147870847,0.001052877866167498,,SELL,JUBLFOOD
0.0,426.95,ACCEPTED_BREAKOUT,2026-07-27 14:39:00,,2.3179777728081845,426.95,HIGHER_LOW_AND_PREVIOUS_HIGH_BREAK,2026-07-27 14:39:00,,EXPERIMENT:JUBLFOOD:2026-07-27T14:33:00:DOWN,DOWN,2026-07-27 16:03:00,2026-07-27 14:36:00,425.75,0.5975143403441683,426.0,False,0.0,0.0,0.0,0.4749571282712697,426.25,2026-07-27 14:33:00,425.75405038937464,False,2.2107258476607354,0.0024593043681930236,1.0500000000000114,2.4212711664856132,0.0026935238318305053,1.150000000000034,,-0.0007026583909123114,-0.0002342194636373484,-0.0002342194636373484,,BUY,JUBLFOOD
,,,,2026-07-27 11:00:00,0.9050964580355976,579.45,PREVIOUS_HIGH_BREAK_AFTER_EXHAUSTION,2026-07-27 09:45:00,2026-07-27 10:42:00,EXPERIMENT:KALYANKJIL:2026-07-27T09:39:00:DOWN,DOWN,2026-07-27 11:09:00,2026-07-27 09:45:00,577.5,0.611407109791248,579.0,False,0.6299873093751016,0.0024338149461871797,1.409178853842377,2.2368368900004874,579.0,2026-07-27 09:39:00,580.4091788538424,False,7.600017719663187,0.029338165501768917,17.0,1.8105924567432685,0.006989386487186046,4.0499999999999545,-0.011735266200707684,0.004228147381137168,0.0011217533868323017,0.0022435067736646034,2026-07-27 10:39:00,BUY,KALYANKJIL
,,,,2026-07-27 11:27:00,0.9885751346929684,570.65,STRONG_BULLISH_DISPLACEMENT_AFTER_EXHAUSTION,2026-07-27 11:18:00,,EXPERIMENT:KALYANKJIL:2026-07-27T11:00:00:DOWN,DOWN,2026-07-27 12:30:00,2026-07-27 11:18:00,568.2,0.611407109791248,570.8,True,2.5592313254697583,0.01207882706300144,6.894594487561221,2.6940098845092435,571.0,2026-07-27 11:00:00,577.6945944875612,False,3.043789871429403,0.014369578550775313,8.199999999999932,0.5011117471255851,0.002365723297993556,1.3500000000000227,-0.0076228861824235924,-0.0077105055638306795,-0.005432401647244411,-0.003680014019101065,2026-07-27 11:24:00,BUY,KALYANKJIL
,,,,2026-07-27 12:33:00,0.8927474305156775,567.85,PREVIOUS_HIGH_BREAK_AFTER_EXHAUSTION,2026-07-27 11:30:00,2026-07-27 12:27:00,EXPERIMENT:KALYANKJIL:2026-07-27T11:27:00:DOWN,DOWN,2026-07-27 12:57:00,2026-07-27 11:27:00,565.5,0.611407109791248,565.5,True,4.264026742239484,0.019403179693382032,10.97249811660754,2.5732714121874243,566.25,2026-07-27 11:27:00,576.4724981166075,False,2.098496091172006,0.009509553579290266,5.399999999999977,0.9132344100470893,0.004138416835431932,2.3500000000000227,-0.00501893105573659,-0.0005283085321829148,0.0011446684863960152,-0.002113234128731259,2026-07-27 12:24:00,BUY,KALYANKJIL
,,,,2026-07-27 12:54:00,0.6769165274296074,566.0,HIGHER_LOW_AND_PREVIOUS_HIGH_BREAK,2026-07-27 12:33:00,2026-07-27 12:39:00,EXPERIMENT:KALYANKJIL:2026-07-27T12:33:00:DOWN,DOWN,2026-07-27 14:03:00,2026-07-27 12:33:00,564.8,0.611407109791248,564.8,True,5.473857408729583,0.01718086084104919,9.703750203024583,1.7727444247176156,566.0,2026-07-27 12:33:00,574.5037502030245,False,2.0025447269791536,0.0062720848056536296,3.5499999999999545,0.9307602252156622,0.0029151943462897125,1.6499999999999773,-0.0017667844522968198,-0.003003533568904674,0.0,-0.0015901060070670975,2026-07-27 12:36:00,BUY,KALYANKJIL
,,,,2026-07-27 13:15:00,0.5781730468525488,566.5,HIGHER_LOW_AND_PREVIOUS_HIGH_BREAK,2026-07-27 12:54:00,2026-07-27 13:03:00,EXPERIMENT:KALYANKJIL:2026-07-27T12:54:00:DOWN,DOWN,2026-07-27 14:24:00,2026-07-27 12:54:00,565.65,0.611407109791248,565.65,True,5.730571182136146,0.014893995001989149,8.424788272875162,1.4701480891010783,566.5,2026-07-27 12:54:00,574.0747882728751,False,2.754824517356157,0.007149161518093476,4.0499999999999545,0.7822341222122354,0.002030008826125291,1.1499999999999773,-0.005207413945278103,-0.002206531332744925,0.0005295675198587018,-0.0007943512797882532,2026-07-27 12:57:00,BUY,KALYANKJIL
,,,,2026-07-27 13:36:00,0.5335101377791096,566.55,HIGHER_LOW_AND_PREVIOUS_HIGH_BREAK,2026-07-27 13:27:00,2026-07-27 13:33:00,EXPERIMENT:KALYANKJIL:2026-07-27T13:15:00:DOWN,DOWN,2026-07-27 14:45:00,2026-07-27 13:24:00,565.95,0.611407109791248,566.6,True,5.628352918856452,0.012761226032126186,7.2305106698026975,1.2846583670292953,566.7,2026-07-27 13:15:00,573.8305106698027,False,3.191509980572456,0.007236784043773558,4.099999999999909,0.5059710944810811,0.0011472950313301403,0.650000000000091,-0.0014120554231752795,-0.0027358573824021793,-0.003883152413732119,-0.005295207836907599,2026-07-27 13:30:00,BUY,KALYANKJIL
,,,,2026-07-27 15:09:00,1.394519587140853,565.0,STRONG_BULLISH_DISPLACEMENT_AFTER_EXHAUSTION,2026-07-27 14:06:00,,EXPERIMENT:KALYANKJIL:2026-07-27T13:36:00:DOWN,DOWN,2026-07-27 15:06:00,2026-07-27 13:48:00,563.45,0.611407109791248,564.7,True,8.375480868603997,0.015852529957019332,8.951923666728817,1.0688250390835052,565.0,2026-07-27 13:36:00,573.6519236667289,False,2.385797400654578,0.004513274336283105,2.5499999999999545,2.058335012329519,0.0038938053097345936,2.2000000000000455,0.0,0.001327433628318584,0.0009734513274335478,0.0017699115044247787,,BUY,KALYANKJIL
,,,,,0.9889448574287996,565.85,HIGHER_LOW_AND_PREVIOUS_HIGH_BREAK,2026-07-27 15:09:00,2026-07-27 15:15:00,EXPERIMENT:KALYANKJIL:2026-07-27T15:09:00:DOWN,DOWN,2026-07-27 16:39:00,2026-07-27 15:09:00,564.85,0.611407109791248,564.85,True,7.464157316005481,0.013362126365885112,7.547597077770206,1.0111787249695026,565.85,2026-07-27 15:09:00,572.3975970777702,False,3.362412515257896,0.006008659538746977,3.3999999999999773,0.14834172861429745,0.0002650879208270341,0.14999999999997726,,-8.836264027581198e-05,-0.00017672528055142305,,2026-07-27 15:12:00,BUY,KALYANKJIL
,,,,2026-07-27 10:54:00,0.925155878299625,384.7,HIGHER_LOW_AND_PREVIOUS_HIGH_BREAK,2026-07-27 10:42:00,,EXPERIMENT:KOTAKBANK:2026-07-27T09:42:00:DOWN,DOWN,2026-07-27 11:12:00,2026-07-27 10:36:00,384.25,0.3640145605824174,385.85,False,2.261921187289204,0.0038436495844566044,1.483072192162581,0.6556692604926551,386.1,2026-07-27 09:42:00,387.3330721921626,False,1.7539330715853496,0.0029893423446841105,1.1499999999999773,2.363996748658579,0.004029113595009128,1.5500000000000114,0.0007798284377437259,-0.001169742656615515,-0.0003899142188717891,-0.0015596568754873042,2026-07-27 10:51:00,BUY,KOTAKBANK
,,,,2026-07-27 11:15:00,1.16509857861179,384.65,PREVIOUS_HIGH_BREAK_AFTER_EXHAUSTION,2026-07-27 10:57:00,,EXPERIMENT:KOTAKBANK:2026-07-27T10:45:00:DOWN,DOWN,2026-07-27 12:15:00,2026-07-27 10:54:00,384.1,0.3640145605824174,384.1,False,3.949635571455664,0.004634300375174379,1.7800347741044789,0.4506832951801767,384.25,2026-07-27 10:45:00,385.8800347741045,False,2.4407383450061126,0.0028597426231638267,1.099999999999966,3.5501648654635973,0.004159625633693027,1.6000000000000227,0.0009099181073703958,-0.0007799298063173132,-0.0019498245157935786,0.0003899649031588044,2026-07-27 11:12:00,BUY,KOTAKBANK
,,,,2026-07-27 12:39:00,2.087606095459435,384.7,HIGHER_LOW_AND_PREVIOUS_HIGH_BREAK,2026-07-27 11:18:00,,EXPERIMENT:KOTAKBANK:2026-07-27T11:06:00:DOWN,DOWN,2026-07-27 12:36:00,2026-07-27 11:15:00,383.7,0.3640145605824174,383.7,False,4.22349107952497,0.0047468835659853605,1.8213792242685827,0.4312496913035837,383.9,2026-07-27 11:06:00,385.52137922426857,False,2.6666685755153856,0.0029893423446841105,1.1499999999999773,3.594205471346921,0.004029113595009128,1.5500000000000114,0.001169742656615515,0.0016896282817780975,0.0012997140629061607,0.0020795425006498868,,BUY,KOTAKBANK
,,,,2026-07-27 13:45:00,1.2402486702099005,384.45,PREVIOUS_HIGH_BREAK_AFTER_EXHAUSTION,2026-07-27 12:57:00,,EXPERIMENT:KOTAKBANK:2026-07-27T12:39:00:DOWN,DOWN,2026-07-27 14:09:00,2026-07-27 12:57:00,383.95,0.3640145605824174,384.75,False,1.5143674315518831,0.0015629106914048692,0.6013298885180234,0.39708321507006833,384.9,2026-07-27 12:39:00,385.351329888518,False,2.266527432646997,0.0023410066328520673,0.8999999999999773,3.903463911781066,0.0040317336454675804,1.5500000000000114,-0.0011705033164260336,-0.00013005592404736994,0.0002601118480947399,0.0006502796202367018,2026-07-27 13:42:00,BUY,KOTAKBANK
,,,,2026-07-27 14:03:00,1.37778572872925,384.45,PREVIOUS_HIGH_BREAK_AFTER_EXHAUSTION,2026-07-27 13:45:00,,EXPERIMENT:KOTAKBANK:2026-07-27T13:42:00:DOWN,DOWN,2026-07-27 15:12:00,2026-07-27 13:45:00,383.9,0.3640145605824174,383.9,False,3.2709867512291657,0.003401274479460123,1.305749272664741,0.399191244713562,384.45,2026-07-27 13:42:00,385.2057492726647,False,2.2545584651932145,0.0023410066328520673,0.8999999999999773,3.882850690055107,0.0040317336454675804,1.5500000000000114,0.0007803355442840718,-0.0013005592404734035,0.0014306151645207736,0.003121342177136139,2026-07-27 13:48:00,BUY,KOTAKBANK
,,,,2026-07-27 14:51:00,1.2564267516375383,385.0,HIGHER_LOW_AND_PREVIOUS_HIGH_BREAK,2026-07-27 14:03:00,,EXPERIMENT:KOTAKBANK:2026-07-27T14:03:00:DOWN,DOWN,2026-07-27 15:33:00,2026-07-27 14:03:00,384.4,0.3640145605824174,384.4,False,1.5393225927158276,0.0019123190008533927,0.7350954239280441,0.4775447507926944,385.0,2026-07-27 14:03:00,385.135095423928,False,2.0940445860624846,0.0025974025974025974,1.0,2.0940445860624846,0.0025974025974025974,1.0,-0.0016883116883116293,0.0016883116883116293,-0.0002597402597403188,-0.0003896103896103306,2026-07-27 14:48:00,BUY,KOTAKBANK
,,,,,0.8651708480347388,384.45,STRONG_BULLISH_DISPLACEMENT_AFTER_EXHAUSTION,2026-07-27 15:06:00,,EXPERIMENT:KOTAKBANK:2026-07-27T14:45:00:DOWN,DOWN,2026-07-27 16:15:00,2026-07-27 15:00:00,384.0,0.3640145605824174,384.65,False,0.9416457232069819,0.0012108477586569644,0.46575259036740135,0.49461552140987625,384.85,2026-07-27 14:45:00,385.1157525903674,False,0.8087089520761453,0.0010404473923786637,0.39999999999997726,3.1337471892952644,0.0040317336454675804,1.5500000000000114,,0.00013005592404736994,0.0028612303290415472,,,BUY,KOTAKBANK
,,,,2026-07-27 10:00:00,0.5877087586972666,1658.9,LOWER_HIGH_AND_PREVIOUS_LOW_BREAK,2026-07-27 09:33:00,,EXPERIMENT:LAURUSLABS:2026-07-27T09:33:00:UP,UP,2026-07-27 11:03:00,2026-07-27 09:33:00,1663.9,1.2437810945273633,1663.9,True,1.544627204920127,0.007897766674237996,13.141093969264602,8.507615253315528,1658.9,2026-07-27 09:33:00,1650.7589060307355,True,8.886156431502659,0.04557236723129779,75.59999999999991,1.6338303491784116,0.008379046356019102,13.900000000000091,-0.01036831635421051,0.005666405449394231,0.0016275845439749504,-0.006389776357827421,2026-07-27 09:57:00,SELL,LAURUSLABS
,,,,2026-07-27 10:24:00,0.55078580653812,1667.6,STRONG_BEARISH_DISPLACEMENT_AFTER_EXHAUSTION,2026-07-27 10:03:00,,EXPERIMENT:LAURUSLABS:2026-07-27T09:54:00:UP,UP,2026-07-27 11:24:00,2026-07-27 10:03:00,1672.0,1.2437810945273633,1669.7,True,2.0939413011592896,0.010055831307362218,16.790221533902695,8.018477654844936,1669.5,2026-07-27 09:54:00,1652.9097784660974,True,8.34322958542856,0.040117534180858776,66.90000000000009,0.5362613933832941,0.0025785560086351374,4.2999999999999545,-0.009474694171264201,0.0007195970256655182,-0.0014391940513313092,-0.003957783641161032,2026-07-27 10:21:00,SELL,LAURUSLABS
,,,,2026-07-27 10:36:00,0.5525748607801191,1674.2,LOWER_HIGH_AND_PREVIOUS_LOW_BREAK,2026-07-27 10:30:00,,EXPERIMENT:LAURUSLABS:2026-07-27T10:15:00:UP,UP,2026-07-27 11:45:00,2026-07-27 10:27:00,1677.8,1.2437810945273633,1677.6,True,3.1461675856037936,0.013068206247615817,21.923222801000293,6.968231095290787,1676.1,2026-07-27 10:15:00,1655.6767771989996,True,8.653559156605958,0.036017202245848735,60.299999999999955,0.31571857619458565,0.001314060446780579,2.2000000000000455,-0.010213833472703326,-0.0037032612591088553,-0.0044200215028072296,-0.005674351929279656,2026-07-27 10:33:00,SELL,LAURUSLABS
,,,,2026-07-27 11:06:00,0.702297052204923,1680.2,LOWER_HIGH_AND_PREVIOUS_LOW_BREAK,2026-07-27 11:00:00,,EXPERIMENT:LAURUSLABS:2026-07-27T10:36:00:UP,UP,2026-07-27 12:06:00,2026-07-27 10:42:00,1684.0,1.2437810945273633,1679.0,True,3.392177802248684,0.012975914905845126,21.786561126913966,6.4225882005570565,1677.0,2026-07-27 10:36:00,1657.213438873086,True,8.454535508798509,0.032317581240328505,54.299999999999955,0.4826714563034356,0.0018450184501845829,3.1000000000001364,-0.00952267587192001,-0.0019045351743840289,-0.00023806689679791904,-0.006130222592548479,2026-07-27 11:03:00,SELL,LAURUSLABS
,,,,2026-07-27 11:33:00,1.1651636045357854,1678.4,LOWER_HIGH_AND_PREVIOUS_LOW_BREAK,2026-07-27 11:12:00,2026-07-27 11:24:00,EXPERIMENT:LAURUSLABS:2026-07-27T11:00:00:UP,UP,2026-07-27 12:30:00,2026-07-27 11:09:00,1684.5,1.2437810945273633,1684.0,True,4.252259708797164,0.013486426839796856,22.711142798217907,5.340958538170334,1683.0,2026-07-27 11:00:00,1661.288857201782,True,10.503732541465906,0.03342469018112482,56.09999999999991,0.24340200185218558,0.0007745471877980111,1.300000000000182,-0.0045281220209723,-0.0048856053384174316,-0.007685891325071415,-0.012094852240228762,2026-07-27 11:21:00,SELL,LAURUSLABS
,,,,2026-07-27 13:06:00,1.4563588109872572,1695.0,LOWER_HIGH_AND_PREVIOUS_LOW_BREAK,2026-07-27 11:48:00,,EXPERIMENT:LAURUSLABS:2026-07-27T11:33:00:UP,UP,2026-07-27 13:03:00,2026-07-27 11:45:00,1702.3,1.2437810945273633,1692.3,True,5.914420330235555,0.01659011507253656,28.075451737253616,4.746949011000618,1691.8,2026-07-27 11:33:00,1664.2245482627463,True,8.321134250328448,0.023303834808259587,39.5,2.1066162659059366,0.0058997050147492625,10.0,-0.0005899705014749262,0.0,0.004424778761061947,0.004424778761061947,2026-07-27 13:03:00,SELL,LAURUSLABS
,,,,2026-07-27 13:24:00,0.8376542909561165,1699.8,LOWER_HIGH_AND_PREVIOUS_LOW_BREAK,2026-07-27 13:06:00,2026-07-27 13:21:00,EXPERIMENT:LAURUSLABS:2026-07-27T12:57:00:UP,UP,2026-07-27 14:27:00,2026-07-27 13:06:00,1702.8,1.2437810945273633,1702.8,True,8.29288336324596,0.017442083164047467,29.700379211740028,3.5814297525721925,1699.8,2026-07-27 12:57:00,1673.09962078826,True,9.688867965392427,0.02041416637251444,34.700000000000045,0.4746707648751454,0.0010001176609013092,1.7000000000000455,-0.013354512295564211,-0.0015884221673138285,-0.0030003529827039277,-0.004294622896811363,2026-07-27 13:15:00,SELL,LAURUSLABS
,,,,2026-07-27 13:54:00,1.161407940881134,1703.0,STRONG_BEARISH_DISPLACEMENT_AFTER_EXHAUSTION,2026-07-27 13:27:00,2026-07-27 13:39:00,EXPERIMENT:LAURUSLABS:2026-07-27T13:24:00:UP,UP,2026-07-27 14:54:00,2026-07-27 13:27:00,1707.0,1.2437810945273633,1704.9,True,8.922520571640845,0.01780073335032194,30.34847028896388,3.4013337425550834,1704.9,2026-07-27 13:24:00,1674.5515297110362,True,9.261072974373043,0.01849677040516735,31.5,0.0,0.0,0.0,-0.01397533763945975,-0.005695830886670608,-0.011156782149148562,-0.011391661773341217,2026-07-27 13:30:00,SELL,LAURUSLABS
,,,,2026-07-27 14:21:00,1.226896331531499,1722.5,STRONG_BEARISH_DISPLACEMENT_AFTER_EXHAUSTION,2026-07-27 14:06:00,,EXPERIMENT:LAURUSLABS:2026-07-27T13:54:00:UP,UP,2026-07-27 15:24:00,2026-07-27 13:57:00,1727.7,1.2437810945273633,1724.0,True,10.567552120573287,0.025512519302712852,43.98358327787696,4.1621354478345225,1722.4,2026-07-27 13:54:00,1680.016416722123,True,2.883135388167957,0.006966618287373005,12.0,4.2285985693129815,0.010217706821480354,17.59999999999991,0.0020319303338171262,-0.0019158200290275498,-0.0037735849056603774,-0.00029027576197387516,2026-07-27 14:18:00,SELL,LAURUSLABS
,,,,2026-07-27 14:48:00,0.9210164207209746,1726.8,LOWER_HIGH_AND_PREVIOUS_LOW_BREAK,2026-07-27 14:27:00,,EXPERIMENT:LAURUSLABS:2026-07-27T14:15:00:UP,UP,2026-07-27 15:45:00,2026-07-27 14:24:00,1730.6,1.2437810945273633,1729.5,True,11.174000351644718,0.026281871843666663,45.45449735362149,4.067880429852589,1728.6,2026-07-27 14:15:00,1684.0455026463785,True,1.8928776626502457,0.004459115126245104,7.7000000000000455,5.383639066498685,0.012682418346073584,21.899999999999864,0.009149872596710653,-0.0004053741023859425,-0.004285383368079738,-0.0004632846884410207,2026-07-27 14:45:00,SELL,LAURUSLABS
,,,,,1.3168584383356075,1728.6,STRONG_BEARISH_DISPLACEMENT_AFTER_EXHAUSTION,2026-07-27 14:48:00,,EXPERIMENT:LAURUSLABS:2026-07-27T14:36:00:UP,UP,2026-07-27 16:06:00,2026-07-27 14:48:00,1734.3,1.2437810945273633,1734.3,True,10.749353429058091,0.026828345022409026,46.52839877236397,4.328483483163415,1728.6,2026-07-27 14:36:00,1687.771601227636,True,1.3168584383356075,0.0032974661575841985,5.7000000000000455,5.47535876992165,0.013710517181534085,23.699999999999818,,0.0038181187087816208,0.0055536272127732905,0.01151220640981133,,SELL,LAURUSLABS
,,,,2026-07-27 11:27:00,0.8227999558425081,543.75,STRONG_BEARISH_DISPLACEMENT_AFTER_EXHAUSTION,2026-07-27 10:00:00,,EXPERIMENT:LICHSGFIN:2026-07-27T09:54:00:UP,UP,2026-07-27 11:24:00,2026-07-27 09:54:00,544.6,0.20370370370370794,544.6,False,0.7304773665293653,0.001312573713013854,0.7148276441073449,0.9785760337840784,543.9,2026-07-27 09:54:00,543.8851723558927,False,9.963456761042368,0.01793103448275862,9.75,2.554732502831376,0.004597701149425287,2.5,0.0002758620689654754,0.0004597701149425287,-9.195402298842211e-05,0.002758620689655172,2026-07-27 11:24:00,SELL,LICHSGFIN
,,,,2026-07-27 11:39:00,0.5638386074651757,544.9,STRONG_BEARISH_DISPLACEMENT_AFTER_EXHAUSTION,2026-07-27 11:27:00,2026-07-27 11:36:00,EXPERIMENT:LICHSGFIN:2026-07-27T11:18:00:UP,UP,2026-07-27 12:48:00,2026-07-27 11:27:00,545.25,0.20370370370370794,545.25,False,2.360391065596996,0.002687209476611722,1.4652009671225414,0.6207450064008605,544.9,2026-07-27 11:18:00,543.7847990328775,False,13.854320069143453,0.01578271242429808,8.600000000000023,0.24164511748502296,0.0002752798678656217,0.14999999999997726,-0.0024775188107910126,-0.001651679207193939,-0.0008258396035970738,-0.00036703982382096803,2026-07-27 11:33:00,SELL,LICHSGFIN
,,,,2026-07-27 12:00:00,0.5176603132585815,545.5,STRONG_BEARISH_DISPLACEMENT_AFTER_EXHAUSTION,2026-07-27 11:39:00,,EXPERIMENT:LICHSGFIN:2026-07-27T11:39:00:UP,UP,2026-07-27 13:09:00,2026-07-27 11:39:00,545.8,0.20370370370370794,545.8,False,3.420024834902564,0.003631383469847391,1.982009097842706,0.5795306155720279,545.5,2026-07-27 11:39:00,543.8179909021572,False,13.804275020230932,0.01466544454628781,8.0,1.2941507831466499,0.001374885426214482,0.75,-0.0001833180568286393,0.0,0.0005499541704857095,-9.165902841421545e-05,2026-07-27 11:54:00,SELL,LICHSGFIN
,,,,2026-07-27 12:18:00,1.0299083093741346,545.0,LOWER_HIGH_AND_PREVIOUS_LOW_BREAK,2026-07-27 12:03:00,2026-07-27 12:12:00,EXPERIMENT:LICHSGFIN:2026-07-27T12:00:00:UP,UP,2026-07-27 13:30:00,2026-07-27 12:00:00,545.55,0.20370370370370794,545.55,False,3.147401790298962,0.003096030686617931,1.6890395410844121,0.5366456695457288,545.5,2026-07-27 12:00:00,543.8609604589155,False,15.8391290238031,0.015596330275229359,8.5,0.4658567359942088,0.00045871559633027525,0.25,-0.003669724770642202,-0.0027522935779816515,-0.003302752293577898,-0.0015596330275229775,2026-07-27 12:06:00,SELL,LICHSGFIN
,,,,2026-07-27 13:21:00,1.3744610455889534,546.8,PREVIOUS_LOW_BREAK_AFTER_EXHAUSTION,2026-07-27 12:21:00,,EXPERIMENT:LICHSGFIN:2026-07-27T12:18:00:UP,UP,2026-07-27 13:48:00,2026-07-27 12:18:00,547.8,0.20370370370370794,547.8,True,5.1077345220964,0.0063373740065987,3.471613480814767,0.6796777447606832,547.75,2026-07-27 12:18:00,544.3283865191852,False,9.857612746109758,0.012253108997805498,6.7000000000000455,2.2069282267409758,0.00274323335771763,1.5,-0.00091441111923921,0.0017373811265543743,0.0021945866861739793,0.001005852231163048,2026-07-27 13:18:00,SELL,LICHSGFIN
,,,,2026-07-27 13:57:00,0.5391143655252357,547.8,STRONG_BEARISH_DISPLACEMENT_AFTER_EXHAUSTION,2026-07-27 13:27:00,2026-07-27 13:54:00,EXPERIMENT:LICHSGFIN:2026-07-27T13:21:00:UP,UP,2026-07-27 14:51:00,2026-07-27 13:27:00,548.1,0.20370370370370794,547.45,True,5.338715771493103,0.005104940689487741,2.794699780460064,0.5234779111828345,547.3,2026-07-27 13:21:00,544.65530021954,False,10.888711592663961,0.010405257393209284,5.7000000000000455,1.528240223531685,0.0014603870025555945,0.7999999999999545,-0.0075757575757577425,0.001095290251916592,0.000821467688937444,-0.0037422416940490477,2026-07-27 13:51:00,SELL,LICHSGFIN
,,,,2026-07-27 14:45:00,1.6202047147580045,551.35,LOWER_HIGH_AND_PREVIOUS_LOW_BREAK,2026-07-27 14:21:00,,EXPERIMENT:LICHSGFIN:2026-07-27T13:57:00:UP,UP,2026-07-27 15:27:00,2026-07-27 14:12:00,552.4,0.20370370370370794,549.85,True,7.887703343090559,0.008234117125766943,4.527529301602954,0.5739984257355422,549.8,2026-07-27 13:57:00,545.3224706983971,False,3.7456548722148324,0.0038995193615670213,2.1499999999999773,0.7839742755799362,0.0008161784710257467,0.4500000000000455,-0.001995102929173887,-0.0008161784710255405,-0.002448535413077034,-0.0009975514645868405,2026-07-27 14:39:00,SELL,LICHSGFIN
,,,,,0.9301514896997405,552.65,LOWER_HIGH_AND_PREVIOUS_LOW_BREAK,2026-07-27 15:12:00,,EXPERIMENT:LICHSGFIN:2026-07-27T14:45:00:UP,UP,2026-07-27 16:15:00,2026-07-27 15:09:00,553.2,0.20370370370370794,552.25,True,9.560014354549391,0.010600535348412009,5.854145646160532,0.6123574117202741,551.85,2026-07-27 14:45:00,546.3958543538395,False,1.3880782427571958,0.0015380439699629472,0.8500000000000227,2.8578081468529737,0.0031665611146295125,1.75,,0.000361892698814678,,,2026-07-27 15:27:00,SELL,LICHSGFIN
21.0,1190.6,REVERSAL,2026-07-27 10:06:00,2026-07-27 10:03:00,0.8012586392194297,1180.75,HIGHER_LOW_AND_PREVIOUS_HIGH_BREAK,2026-07-27 09:45:00,,EXPERIMENT:LODHA:2026-07-27T09:45:00:DOWN,DOWN,2026-07-27 11:15:00,2026-07-27 09:45:00,1175.0,1.049042748492001,1175.0,False,0.0,0.0,0.0,7.176209676318169,1180.75,2026-07-27 09:45:00,1168.256363304627,True,0.8012586392194297,0.004869786152868939,5.75,3.6579198746973964,0.022231632437010374,26.25,0.013931822993859873,0.01291551979673936,0.006013127249629395,0.012746135930552576,,BUY,LODHA
,,,,2026-07-27 10:24:00,0.4421966274369596,1187.85,LOWER_HIGH_AND_PREVIOUS_LOW_BREAK,2026-07-27 10:03:00,2026-07-27 10:12:00,EXPERIMENT:LODHA:2026-07-27T10:03:00:UP,UP,2026-07-27 11:33:00,2026-07-27 10:03:00,1191.0,1.049042748492001,1191.0,True,2.2846836041905068,0.013664993560721905,16.27500733081979,7.123527870978982,1187.85,2026-07-27 10:03:00,1174.7249926691802,True,2.6882747350531973,0.016121564170560335,19.15000000000009,0.8633362726149723,0.005177421391589733,6.149999999999864,-0.0037883571157974493,-0.006692764237908866,-0.005219514248432079,-0.010228564212653191,2026-07-27 10:06:00,SELL,LODHA
,,,,2026-07-27 11:57:00,1.4932476893575581,1196.2,LOWER_HIGH_AND_PREVIOUS_LOW_BREAK,2026-07-27 10:33:00,,EXPERIMENT:LODHA:2026-07-27T10:24:00:UP,UP,2026-07-27 11:54:00,2026-07-27 10:30:00,1204.85,1.049042748492001,1197.0,True,3.241113678525657,0.01634365431075619,19.56335420997516,6.035997546026923,1196.45,2026-07-27 10:24:00,1177.4366457900248,True,1.7892651409556721,0.00902859053669951,10.799999999999955,2.4022541244312365,0.012121718776124394,14.5,0.011034943989299486,-0.002800535027587284,-0.0011285738170873675,0.003511118542049862,,SELL,LODHA
,,,,2026-07-27 12:09:00,1.1642564084271125,1185.1,LOWER_HIGH_AND_PREVIOUS_LOW_BREAK,2026-07-27 11:57:00,,EXPERIMENT:LODHA:2026-07-27T11:48:00:UP,UP,2026-07-27 13:18:00,2026-07-27 11:57:00,1189.4,1.049042748492001,1189.4,True,1.9606236857833985,0.006088161007221058,7.241258701988727,3.693344497720564,1185.1,2026-07-27 11:48:00,1182.1587412980114,True,5.929584963849487,0.018479453210699597,21.90000000000009,0.5279767433564097,0.0016454307653361053,1.949999999999818,-0.008733440216015641,-0.004936292296008891,-0.010041346721795706,-0.005822293477343761,2026-07-27 12:00:00,SELL,LODHA
,,,,2026-07-27 12:24:00,1.3154993724326605,1192.95,HIGHER_LOW_AND_PREVIOUS_HIGH_BREAK,2026-07-27 12:09:00,,EXPERIMENT:LODHA:2026-07-27T12:09:00:DOWN,DOWN,2026-07-27 13:39:00,2026-07-27 12:09:00,1187.75,1.049042748492001,1187.75,False,0.0,0.0,0.0,3.952871517060515,1192.95,2026-07-27 12:09:00,1182.3612714814055,True,2.479210355738442,0.008214929376755064,9.799999999999955,3.554378112053588,0.011777526300347839,14.049999999999955,-0.0011316484345531132,0.003981725973427218,0.0007125193847184785,-0.0007963451946854818,,BUY,LODHA
,,,,2026-07-27 13:57:00,1.8777374413338968,1192.0,PREVIOUS_LOW_BREAK_AFTER_EXHAUSTION,2026-07-27 12:24:00,,EXPERIMENT:LODHA:2026-07-27T12:24:00:UP,UP,2026-07-27 13:54:00,2026-07-27 12:24:00,1199.9,1.049042748492001,1199.9,True,3.9464643435077473,0.013837427397514607,16.603529134277778,4.207190966159855,1192.0,2026-07-27 12:24:00,1183.2964708657223,True,3.5653242556972313,0.012583892617449664,15.0,2.103541310861345,0.007424496644295226,8.849999999999909,0.0003775167785235281,-0.0012164429530201724,-0.0015100671140939215,-0.002894295302013461,,SELL,LODHA
,,,,2026-07-27 14:39:00,0.8657844174991125,1193.75,HIGHER_LOW_AND_PREVIOUS_HIGH_BREAK,2026-07-27 14:24:00,,EXPERIMENT:LODHA:2026-07-27T14:18:00:DOWN,DOWN,2026-07-27 15:48:00,2026-07-27 14:18:00,1191.1,1.049042748492001,1191.1,False,0.0,0.0,0.0,3.1036591545731453,1191.55,2026-07-27 14:18:00,1185.0174689062464,True,0.8860509041232703,0.0023036649214659686,2.75,4.2691543562303025,0.011099476439790576,13.25,0.004565445026178049,-0.0004607329842931556,-0.0003769633507853784,-0.0006282722513089005,2026-07-27 14:36:00,BUY,LODHA
,,,,2026-07-27 15:12:00,0.501111149955566,1193.9,HIGHER_LOW_AND_PREVIOUS_HIGH_BREAK,2026-07-27 14:48:00,,EXPERIMENT:LODHA:2026-07-27T14:39:00:DOWN,DOWN,2026-07-27 16:09:00,2026-07-27 14:39:00,1192.7,1.049042748492001,1192.7,False,0.0,0.0,0.0,2.676625977853271,1193.35,2026-07-27 14:39:00,1185.230614313219,True,1.083453580737482,0.0024290141552894638,2.900000000000091,4.894221347469129,0.010972443253203708,13.099999999999909,,-8.375910880319659e-05,0.004564871429767835,0.005360582963397155,2026-07-27 14:54:00,BUY,LODHA
,,,,,0.7896007968158789,1197.7,LOWER_HIGH_AND_PREVIOUS_LOW_BREAK,2026-07-27 15:21:00,,EXPERIMENT:LODHA:2026-07-27T15:12:00:UP,UP,2026-07-27 16:42:00,2026-07-27 15:18:00,1200.85,1.049042748492001,1197.7,True,2.91992735714159,0.009158826996834218,10.969527094108344,3.756780821029316,1195.45,2026-07-27 15:12:00,1186.7304729058917,True,1.6769676752858382,0.005260081823494994,6.2999999999999545,0.865102372171272,0.002713534274025215,3.25,,,,,2026-07-27 15:27:00,SELL,LODHA
159.0,3807.5,ACCEPTED_BREAKOUT,2026-07-27 12:45:00,2026-07-27 10:18:00,0.8848149026217712,3825.3,PREVIOUS_LOW_BREAK_AFTER_EXHAUSTION,2026-07-27 10:06:00,,EXPERIMENT:LT:2026-07-27T09:57:00:UP,UP,2026-07-27 11:27:00,2026-07-27 10:03:00,3830.0,0.9024461039132456,3828.9,False,0.9863014853221421,0.0014697281347765324,5.627442055245865,5.705600304766702,3828.9,2026-07-27 09:57:00,3823.272557944754,False,2.1031967468830035,0.0031370088620500352,12.0,4.662086122257388,0.00695370297754434,26.600000000000364,0.0011763783232687632,-0.0012809452853370026,-0.0014639374689566593,-0.00013070870258541814,2026-07-27 10:12:00,SELL,LT
141.0,3807.5,ACCEPTED_BREAKOUT,2026-07-27 12:45:00,2026-07-27 11:51:00,1.167094794440088,3830.9,LOWER_HIGH_AND_PREVIOUS_LOW_BREAK,2026-07-27 10:24:00,,EXPERIMENT:LT:2026-07-27T10:18:00:UP,UP,2026-07-27 11:48:00,2026-07-27 10:21:00,3837.3,0.9024461039132456,3833.2,False,1.5617027500021652,0.0021696785430426165,8.316811791190958,5.325476817646269,3833.2,2026-07-27 10:18:00,3824.883188208809,False,0.4131085488364147,0.0005742775849016728,2.199999999999818,6.046406942060803,0.008405335560834339,32.20000000000027,0.0008875199039390459,0.0013312798559085095,0.0021143856535017643,0.0026886632384035556,,SELL,LT
66.0,3820.8,REVERSAL,2026-07-27 13:21:00,2026-07-27 12:33:00,1.1575779517047848,3815.4,HIGHER_LOW_AND_PREVIOUS_HIGH_BREAK,2026-07-27 12:15:00,,EXPERIMENT:LT:2026-07-27T12:06:00:DOWN,DOWN,2026-07-27 13:36:00,2026-07-27 12:09:00,3810.0,0.9024461039132456,3810.3,False,2.764606852165725,0.0034666184947350176,13.208856450488838,4.777842621688268,3813.5,2026-07-27 12:06:00,3823.508856450489,False,3.495301399044255,0.00437699847984491,16.700000000000273,2.8674029441260402,0.0035907113277768563,13.699999999999818,0.0022278135975258165,-0.0008124967238035092,-0.0001834670021492564,-0.0016774125910782856,2026-07-27 12:30:00,BUY,LT
39.0,3820.8,REVERSAL,2026-07-27 13:21:00,2026-07-27 12:57:00,0.6835527543650889,3809.0,STRONG_BULLISH_DISPLACEMENT_AFTER_EXHAUSTION,2026-07-27 12:42:00,,EXPERIMENT:LT:2026-07-27T12:27:00:DOWN,DOWN,2026-07-27 13:57:00,2026-07-27 12:42:00,3806.0,0.9024461039132456,3812.9,False,2.0997840841073607,0.0024241464553709934,9.243028019684061,4.401894504126297,3814.7,2026-07-27 12:27:00,3822.143028019684,False,2.3399016015365777,0.0027041218167498508,10.300000000000182,4.566215746687783,0.0052769755841427955,20.09999999999991,0.002467839327907611,-0.0007088474665265997,-2.6253609871333435e-05,0.0016802310317668918,2026-07-27 12:54:00,BUY,LT
24.0,3820.8,REVERSAL,2026-07-27 13:21:00,2026-07-27 14:21:00,0.8830688720905515,3809.5,HIGHER_LOW_AND_PREVIOUS_HIGH_BREAK,2026-07-27 12:57:00,2026-07-27 15:09:00,EXPERIMENT:LT:2026-07-27T12:48:00:DOWN,DOWN,2026-07-27 14:18:00,2026-07-27 12:57:00,3806.1,0.9024461039132456,3806.1,False,4.0312465897463055,0.004077965157010717,15.521143184098491,3.850209318273251,3809.5,2026-07-27 12:48:00,3821.6211431840984,False,2.805042299581724,0.0028350177188607908,10.800000000000182,5.09063232146302,0.005145032156450954,19.59999999999991,0.00207376296101853,0.0001575009843811285,0.003780023625147681,0.0030975193594960444,2026-07-27 15:06:00,BUY,LT
,,,,,1.2675493803604403,3804.2,HIGHER_LOW_AND_PREVIOUS_HIGH_BREAK,2026-07-27 15:15:00,,EXPERIMENT:LT:2026-07-27T15:12:00:DOWN,DOWN,2026-07-27 16:42:00,2026-07-27 15:12:00,3798.7,0.9024461039132456,3798.7,True,4.754341738520814,0.005444057362741349,20.68034070384556,4.349780020289347,3800.7,2026-07-27 15:12:00,3819.3803407038454,False,0.8046383917518616,0.0009200357499605699,3.5,1.0575247434453874,0.0012091898428054162,4.600000000000364,,-0.00018400714999206616,,,,BUY,LT
240.0,311.3,REVERSAL,2026-07-27 13:42:00,2026-07-27 09:54:00,0.7167734541791435,311.0,STRONG_BEARISH_DISPLACEMENT_AFTER_EXHAUSTION,2026-07-27 09:42:00,,EXPERIMENT:LTF:2026-07-27T09:33:00:UP,UP,2026-07-27 11:03:00,2026-07-27 09:39:00,311.7,1.0743801652892562,309.65,False,1.6681489794247428,0.004935380804011951,1.5282406659623007,0.9161296052162624,309.35,2026-07-27 09:33:00,308.1217593340377,True,2.019364934247824,0.005948553054662452,1.8500000000000227,0.6003517372088176,0.0017684887459807439,0.5500000000000114,-0.0009646302250804224,-0.001607717041800643,-0.00016077170418010088,-0.00032154340836020175,2026-07-27 09:45:00,SELL,LTF
210.0,311.3,REVERSAL,2026-07-27 13:42:00,2026-07-27 11:27:00,1.7820879477572058,310.85,LOWER_HIGH_AND_PREVIOUS_LOW_BREAK,2026-07-27 10:12:00,,EXPERIMENT:LTF:2026-07-27T09:54:00:UP,UP,2026-07-27 11:24:00,2026-07-27 10:09:00,312.3,1.0743801652892562,311.85,True,2.0531790167081265,0.005806880557132937,1.8108757017419066,0.8819862695875851,311.4,2026-07-27 09:54:00,310.0391242982581,True,2.2676089968330184,0.006433971368827408,2.0,0.4535217993666424,0.0012867942737655913,0.4000000000000341,0.0003216985684414436,0.0003216985684414436,-0.0012867942737654085,-0.0011259449895446867,,SELL,LTF
90.0,311.3,REVERSAL,2026-07-27 13:42:00,2026-07-27 12:24:00,1.0190563963471537,312.0,LOWER_HIGH_AND_PREVIOUS_LOW_BREAK,2026-07-27 12:12:00,,EXPERIMENT:LTF:2026-07-27T11:24:00:UP,UP,2026-07-27 12:54:00,2026-07-27 12:12:00,312.45,1.0743801652892562,311.25,False,1.3868483191274363,0.002248758300914645,0.6999260211596834,0.5046882283421276,310.9,2026-07-27 11:24:00,310.5500739788403,True,1.684208095743039,0.002724358974359047,0.8500000000000227,2.575847675842249,0.004166666666666703,1.3000000000000114,0.0,-0.000961538461538498,-0.00016025641025644669,0.0012820512820512092,2026-07-27 12:21:00,SELL,LTF
78.0,311.3,REVERSAL,2026-07-27 13:42:00,2026-07-27 13:45:00,0.8365953257402132,312.05,LOWER_HIGH_AND_PREVIOUS_LOW_BREAK,2026-07-27 12:24:00,,EXPERIMENT:LTF:2026-07-27T12:12:00:UP,UP,2026-07-27 13:42:00,2026-07-27 12:24:00,312.4,1.0743801652892562,312.4,True,3.8226818055522838,0.0051192900296734905,1.5992662052699984,0.4183623661658503,312.05,2026-07-27 12:12:00,310.80073379473,True,1.912217887406415,0.002563691716071179,0.8000000000000114,3.226867684998334,0.0043262297708701256,1.3500000000000227,0.0009613843935267148,-0.0003204614645087835,0.0006409229290177492,0.00016023073225448283,,SELL,LTF
15.0,312.0,REVERSAL,2026-07-27 14:30:00,2026-07-27 14:24:00,0.8159706609834078,311.95,STRONG_BULLISH_DISPLACEMENT_AFTER_EXHAUSTION,2026-07-27 14:15:00,,EXPERIMENT:LTF:2026-07-27T14:15:00:DOWN,DOWN,2026-07-27 15:45:00,2026-07-27 14:15:00,311.6,1.0743801652892562,311.6,False,0.0,0.0,0.0,0.4289369909184552,311.95,2026-07-27 14:15:00,310.99485708266064,True,0.9325378982667897,0.0012822567719185038,0.39999999999997726,2.0982102711004753,0.002885077736816907,0.9000000000000341,0.0,-0.0004808462894693934,-0.0006411283859592519,0.0004808462894695756,,BUY,LTF
,,,,2026-07-27 15:15:00,1.4749608843262019,311.75,LOWER_HIGH_AND_PREVIOUS_LOW_BREAK,2026-07-27 14:33:00,2026-07-27 15:09:00,EXPERIMENT:LTF:2026-07-27T14:24:00:UP,UP,2026-07-27 15:54:00,2026-07-27 14:30:00,312.35,1.0743801652892562,312.0,False,2.4163573459017798,0.003198300597700173,0.997869786482454,0.41296449309323946,311.8,2026-07-27 14:24:00,311.00213021351755,True,2.663667260496567,0.003528468323977619,1.1000000000000227,0.4843031382720656,0.0006415396952686083,0.19999999999998863,,-0.0011226944667202012,-0.00048115477145141064,-0.00048115477145141064,2026-07-27 15:06:00,SELL,LTF
,,,,,1.3714598095191446,311.95,LOWER_HIGH_AND_PREVIOUS_LOW_BREAK,2026-07-27 15:15:00,,EXPERIMENT:LTF:2026-07-27T15:15:00:UP,UP,2026-07-27 16:45:00,2026-07-27 15:15:00,312.55,1.0743801652892562,312.55,False,3.1073463331084454,0.004349489860424156,1.35943305587557,0.4374900349507086,311.95,2026-07-27 15:15:00,311.19056694412444,True,1.9429013968187665,0.0027247956403270487,0.8500000000000227,0.5714415872996219,0.0008014104824491105,0.25,,-0.001923385157877938,,,2026-07-27 15:21:00,SELL,LTF
,,,,2026-07-27 09:57:00,1.3157405036231198,4169.0,PREVIOUS_LOW_BREAK_AFTER_EXHAUSTION,2026-07-27 09:45:00,,EXPERIMENT:LTM:2026-07-27T09:36:00:UP,UP,2026-07-27 11:06:00,2026-07-27 09:45:00,4187.9,1.3422982885085486,4182.6,True,2.5744033174323118,0.008512400468987774,35.603966201588264,13.829987694818293,4176.6,2026-07-27 09:36:00,4146.996033798412,True,3.326105634731324,0.011033821060206284,46.0,1.0050623548427,0.0033341328855839856,13.899999999999636,0.0019429119692972808,-0.0037658911009834056,-0.0002638522427441506,-0.0005756776205324145,2026-07-27 09:48:00,SELL,LTM
,,,,2026-07-27 11:27:00,0.7193744818735524,4180.3,LOWER_HIGH_AND_PREVIOUS_LOW_BREAK,2026-07-27 10:00:00,,EXPERIMENT:LTM:2026-07-27T09:57:00:UP,UP,2026-07-27 11:27:00,2026-07-27 09:57:00,4190.2,1.3422982885085486,4190.2,True,2.0710369602813823,0.006895550368091789,28.893735152378213,13.951337280070826,4187.3,2026-07-27 09:57:00,4161.306264847622,True,2.4872167666369873,0.008300839652656464,34.69999999999982,1.8062784587680678,0.0060282754826208205,25.199999999999818,-2.392172810550781e-05,0.0027031552759371772,0.0032772767504724103,0.0024639379948807934,2026-07-27 11:24:00,SELL,LTM
,,,,2026-07-27 11:42:00,0.578006762862646,4189.1,STRONG_BEARISH_DISPLACEMENT_AFTER_EXHAUSTION,2026-07-27 11:27:00,,EXPERIMENT:LTM:2026-07-27T11:21:00:UP,UP,2026-07-27 12:51:00,2026-07-27 11:27:00,4194.0,1.3422982885085486,4194.0,True,3.294559349394373,0.006659353504602111,27.929328598301254,8.477409460975533,4189.1,2026-07-27 11:21:00,4166.070671401699,True,3.0551786037027413,0.006182712277100006,25.899999999999636,1.6042636683536284,0.0032465207323769695,13.600000000000364,-0.00045355804349374236,2.3871475973446274e-05,0.0005013009954406349,-0.000930987562960931,2026-07-27 11:30:00,SELL,LTM
,,,,2026-07-27 12:03:00,0.4275072860663861,4187.0,STRONG_BEARISH_DISPLACEMENT_AFTER_EXHAUSTION,2026-07-27 11:45:00,,EXPERIMENT:LTM:2026-07-27T11:42:00:UP,UP,2026-07-27 13:12:00,2026-07-27 11:42:00,4190.0,1.3422982885085486,4190.0,True,3.1018664914743006,0.005378235572504845,22.5348070487953,7.26491843241281,4188.9,2026-07-27 11:42:00,4167.465192951205,True,3.8541382481428212,0.006687365655600669,28.0,1.5829496376300873,0.002746596608550275,11.5,-0.0016479579651300779,-0.0014330069262001434,0.0007165034631000717,-0.0007165034631000717,2026-07-27 11:54:00,SELL,LTM
,,,,2026-07-27 12:24:00,1.1194913571655274,4184.0,PREVIOUS_LOW_BREAK_AFTER_EXHAUSTION,2026-07-27 12:03:00,,EXPERIMENT:LTM:2026-07-27T12:03:00:UP,UP,2026-07-27 13:33:00,2026-07-27 12:03:00,4191.5,1.3422982885085486,4191.5,True,3.4043917855013297,0.0054413991168311415,22.80762439819773,6.699471105332575,4184.0,2026-07-27 12:03:00,4168.692375601802,True,4.627230942950846,0.0074091778202676865,31.0,1.2687568714542643,0.0020315487571701723,8.5,-0.0014340344168260039,-0.0014340344168260039,-0.0014579349904398574,-0.002652963671128194,2026-07-27 12:12:00,SELL,LTM
,,,,2026-07-27 13:48:00,0.8692952397529778,4190.9,LOWER_HIGH_AND_PREVIOUS_LOW_BREAK,2026-07-27 12:33:00,,EXPERIMENT:LTM:2026-07-27T12:24:00:UP,UP,2026-07-27 13:54:00,2026-07-27 12:30:00,4196.0,1.3422982885085486,4193.3,True,3.8500089312873906,0.005655592545158024,23.715596219611143,6.159880832193543,4190.6,2026-07-27 12:24:00,4169.584403780389,True,3.9124133496294147,0.005750554773437774,24.100000000000364,2.500048364493388,0.0036746283614497214,15.399999999999636,0.002123648858240387,-0.0003340571237682946,-0.0002624734543893588,-0.0003101959006419103,2026-07-27 13:45:00,SELL,LTM
,,,,2026-07-27 15:21:00,2.9583917540269025,4195.0,LOWER_HIGH_AND_PREVIOUS_LOW_BREAK,2026-07-27 14:09:00,,EXPERIMENT:LTM:2026-07-27T13:48:00:UP,UP,2026-07-27 15:18:00,2026-07-27 14:03:00,4215.0,1.3422982885085486,4198.4,True,4.186989504197971,0.005920742279480555,24.85764438617116,5.936877644725003,4194.8,2026-07-27 13:48:00,4173.5423556138285,True,3.0318967439043054,0.004290822407628129,18.0,2.3076102995271355,0.0032657926102502544,13.699999999999818,0.0011680572109653484,0.0011918951132300357,0.0012157330154947232,0.0005482717520858598,,SELL,LTM
,,,,2026-07-27 11:33:00,1.506440585741269,3192.1,LOWER_HIGH_AND_PREVIOUS_LOW_BREAK,2026-07-27 10:48:00,2026-07-27 11:30:00,EXPERIMENT:M&M:2026-07-27T10:45:00:UP,UP,2026-07-27 12:15:00,2026-07-27 10:45:00,3199.9,0.7835703001579837,3199.9,False,2.2109081001412836,0.0034327947238020212,10.984599836694088,4.9683656394366364,3197.1,2026-07-27 10:45:00,3188.915400163306,False,11.009656689881366,0.017136054634879945,54.70000000000027,1.3284046463110721,0.002067604398358419,6.599999999999909,-0.0034146799912283736,0.0010651295385483196,-0.0017230036652987062,-0.0015663669684533694,2026-07-27 11:27:00,SELL,M&M
,,,,2026-07-27 11:57:00,0.8688148760310829,3205.0,STRONG_BEARISH_DISPLACEMENT_AFTER_EXHAUSTION,2026-07-27 11:42:00,,EXPERIMENT:M&M:2026-07-27T11:33:00:UP,UP,2026-07-27 13:03:00,2026-07-27 11:39:00,3209.0,0.7835703001579837,3204.9,False,2.7003751894898844,0.004074591084251217,13.058656965916725,4.835867629336195,3204.3,2026-07-27 11:33:00,3191.8413430340834,False,8.643743626567781,0.013042121684867451,41.80000000000018,0.7857948751425597,0.0011856474258970927,3.800000000000182,-0.003868954758190356,0.0009984399375974472,-0.006458658346333797,-0.00546021840873635,2026-07-27 11:54:00,SELL,M&M
,,,,2026-07-27 13:30:00,1.1435643857954236,3222.3,PREVIOUS_LOW_BREAK_AFTER_EXHAUSTION,2026-07-27 12:06:00,,EXPERIMENT:M&M:2026-07-27T11:57:00:UP,UP,2026-07-27 13:27:00,2026-07-27 11:57:00,3228.5,0.7835703001579837,3228.5,True,4.816375845364991,0.00874082056926342,28.21973920786695,5.859123148585682,3225.5,2026-07-27 11:57:00,3200.280260792133,False,4.181513065809854,0.0076032647487819256,24.5,1.2459202196086814,0.002265462557800385,7.300000000000182,0.0004344722713589954,0.0005896409397014837,0.0005896409397014837,-0.00021723613567942713,,SELL,M&M
,,,,2026-07-27 13:51:00,0.6073392053867833,3223.1,STRONG_BEARISH_DISPLACEMENT_AFTER_EXHAUSTION,2026-07-27 13:30:00,,EXPERIMENT:M&M:2026-07-27T13:27:00:UP,UP,2026-07-27 14:57:00,2026-07-27 13:30:00,3225.6,0.7835703001579837,3225.6,True,3.9716050727747954,0.005068322460197516,16.348380927613107,4.116315854182141,3223.1,2026-07-27 13:27:00,3209.251619072387,False,5.757575667066773,0.007353169309050378,23.700000000000273,1.8463111843757993,0.0023579783438304456,7.599999999999909,-0.005026216996059779,-0.0004343644317582734,-9.30780925196804e-05,-0.0015513015419937328,2026-07-27 13:39:00,SELL,M&M
,,,,2026-07-27 15:24:00,1.0965344541045914,3241.0,STRONG_BEARISH_DISPLACEMENT_AFTER_EXHAUSTION,2026-07-27 14:36:00,,EXPERIMENT:M&M:2026-07-27T13:51:00:UP,UP,2026-07-27 15:21:00,2026-07-27 14:27:00,3246.0,0.7835703001579837,3227.0,True,4.065930667552227,0.005240640667130618,16.911547432830503,4.159330007221102,3226.0,2026-07-27 13:51:00,3210.0884525671695,False,0.9136086805814688,0.0011724776303610558,3.800000000000182,2.1397676992565176,0.002746066029003422,8.900000000000091,,0.0008330762110459174,-0.0002468373958655297,0.0021598272138228943,,SELL,M&M
,,,,,,,,,,EXPERIMENT:M&M:2026-07-27T15:18:00:UP,UP,2026-07-27 16:48:00,2026-07-27 15:27:00,3244.8,0.7835703001579837,3242.0,True,5.595010429349593,0.0071992043844228215,23.339820614298787,4.171541931694306,3240.4,2026-07-27 15:18:00,3218.660179385701,False,,,,,,,,,,,,SELL,M&M
,,,,2026-07-27 12:30:00,1.3652697740539816,355.55,PREVIOUS_HIGH_BREAK_AFTER_EXHAUSTION,2026-07-27 12:00:00,,EXPERIMENT:MANAPPURAM:2026-07-27T10:57:00:DOWN,DOWN,2026-07-27 12:27:00,2026-07-27 11:54:00,354.75,0.565850898288301,355.8,False,1.0621521484610776,0.002038559409735043,0.7253194379837282,0.6828771556265486,355.85,2026-07-27 10:57:00,356.52531943798374,False,0.8054157259007724,0.0015468991702995679,0.5500000000000114,8.71313376201725,0.016734636478694945,5.949999999999989,0.000703135986499789,-0.0001406271972999898,0.002812543945999156,0.001406271972999578,,BUY,MANAPPURAM
,,,,2026-07-27 13:21:00,2.8530132178065033,358.8,HIGHER_LOW_AND_PREVIOUS_HIGH_BREAK,2026-07-27 13:12:00,,EXPERIMENT:MANAPPURAM:2026-07-27T13:09:00:DOWN,DOWN,2026-07-27 14:39:00,2026-07-27 13:09:00,357.05,0.565850898288301,357.05,False,0.0,0.0,0.0,0.5528778476974159,357.4,2026-07-27 13:09:00,356.4084249292464,False,3.7078714738485132,0.005713489409141614,2.0500000000000114,4.883538038727263,0.007525083612040102,2.6999999999999886,-0.0022296544035674787,-0.0022296544035674787,-0.0022296544035674787,-0.003623188405797133,,BUY,MANAPPURAM
,,,,2026-07-27 14:12:00,0.5561350799199946,357.85,PREVIOUS_LOW_BREAK_AFTER_EXHAUSTION,2026-07-27 13:27:00,,EXPERIMENT:MANAPPURAM:2026-07-27T13:21:00:UP,UP,2026-07-27 14:51:00,2026-07-27 13:24:00,358.2,0.565850898288301,358.0,False,1.974805511665778,0.003735729579586421,1.3373911894919388,0.6772267859247716,358.0,2026-07-27 13:21:00,356.66260881050806,False,5.389627338817975,0.010199804387313056,3.6499999999999773,1.624271252794502,0.0030739136509711404,1.1000000000000227,0.0023752969121140777,0.0004191700433143331,0.0030739136509711404,0.0005588933910857775,2026-07-27 14:09:00,SELL,MANAPPURAM
,,,,2026-07-27 15:03:00,2.1053101836694172,358.0,STRONG_BEARISH_DISPLACEMENT_AFTER_EXHAUSTION,2026-07-27 14:12:00,,EXPERIMENT:MANAPPURAM:2026-07-27T14:03:00:UP,UP,2026-07-27 15:33:00,2026-07-27 14:12:00,359.45,0.565850898288301,359.45,True,3.78190842982451,0.007246435522400423,2.604731248526832,0.6887346155675426,358.0,2026-07-27 14:03:00,356.84526875147316,False,5.081783201960703,0.009776536312849162,3.5,1.5971318634733966,0.003072625698324086,1.1000000000000227,-0.005726256983240256,0.002374301675977717,0.0016759776536313484,0.001256983240223432,2026-07-27 15:00:00,SELL,MANAPPURAM
,,,,2026-07-27 15:15:00,0.6102687258885574,359.55,STRONG_BEARISH_DISPLACEMENT_AFTER_EXHAUSTION,2026-07-27 15:09:00,,EXPERIMENT:MANAPPURAM:2026-07-27T14:45:00:UP,UP,2026-07-27 16:15:00,2026-07-27 15:09:00,359.95,0.565850898288301,359.6,True,3.7451669507663965,0.00720520191926579,2.590990610167978,0.6918224592465144,359.6,2026-07-27 14:45:00,357.00900938983204,False,2.8186422310194943,0.0054234459741343026,1.9499999999999886,0.28909151087377954,0.0005562508691419514,0.19999999999998863,,-0.0040328188012793455,-0.0013906271728549575,,2026-07-27 15:12:00,SELL,MANAPPURAM
,,,,,1.6392699625050733,360.25,STRONG_BEARISH_DISPLACEMENT_AFTER_EXHAUSTION,2026-07-27 15:21:00,,EXPERIMENT:MANAPPURAM:2026-07-27T15:06:00:UP,UP,2026-07-27 16:36:00,2026-07-27 15:21:00,361.5,0.565850898288301,360.3,True,4.591012976276248,0.00859583775430549,3.097080342876268,0.6745962947350014,360.3,2026-07-27 15:06:00,357.20291965712374,False,1.8529600736853022,0.0034698126301179735,1.25,0.592947223579263,0.0011103400416376885,0.39999999999997726,,,,,,SELL,MANAPPURAM
,,,,2026-07-27 12:33:00,0.5764693984057812,13598.0,HIGHER_LOW_AND_PREVIOUS_HIGH_BREAK,2026-07-27 11:15:00,,EXPERIMENT:MARUTI:2026-07-27T11:12:00:DOWN,DOWN,2026-07-27 12:42:00,2026-07-27 11:12:00,13586.0,1.2863409918953082,13586.0,False,0.24366585825240403,0.0003855062861320971,5.237488403390671,21.49455176426629,13590.0,2026-07-27 11:12:00,13591.23748840339,True,0.4652341723461544,0.0007354022650389764,10.0,7.536793592007701,0.011913516693631417,162.0,0.0021326665686130313,0.0007354022650389764,0.001985586115605236,0.0027209883806442125,,BUY,MARUTI
,,,,2026-07-27 13:06:00,0.8886833288939686,13630.0,STRONG_BEARISH_DISPLACEMENT_AFTER_EXHAUSTION,2026-07-27 12:51:00,,EXPERIMENT:MARUTI:2026-07-27T12:33:00:UP,UP,2026-07-27 14:03:00,2026-07-27 12:48:00,13642.0,1.2863409918953082,13634.0,False,1.7630524482981778,0.0020691144305172954,28.210306145672803,16.000832064243678,13629.0,2026-07-27 12:33:00,13605.789693854327,True,8.124577489348507,0.009537784299339692,130.0,1.2499349983613088,0.001467351430667645,20.0,-0.00036683785766691124,-0.00036683785766691124,-0.0007336757153338225,-0.000293470286133529,2026-07-27 13:03:00,SELL,MARUTI
,,,,2026-07-27 13:24:00,1.6410211780660588,13631.0,LOWER_HIGH_AND_PREVIOUS_LOW_BREAK,2026-07-27 13:12:00,,EXPERIMENT:MARUTI:2026-07-27T12:54:00:UP,UP,2026-07-27 14:24:00,2026-07-27 13:06:00,13654.0,1.2863409918953082,13654.0,False,3.139808600822044,0.0032412392244458273,44.25588037058333,14.095088585653452,13642.0,2026-07-27 12:54:00,13609.744119629417,True,9.152124104512644,0.00946372239747634,129.0,1.4898806681764771,0.001540605971682195,21.0,-0.00029344875651089427,0.00014672437825544713,-0.00014672437825544713,-0.00036681094563861783,2026-07-27 13:15:00,SELL,MARUTI
,,,,2026-07-27 13:48:00,0.5289054894731031,13630.0,STRONG_BEARISH_DISPLACEMENT_AFTER_EXHAUSTION,2026-07-27 13:27:00,,EXPERIMENT:MARUTI:2026-07-27T13:24:00:UP,UP,2026-07-27 14:54:00,2026-07-27 13:24:00,13638.0,1.2863409918953082,13638.0,False,1.7408243686532563,0.0019515768897012758,26.615605621746,15.289081484042226,13638.0,2026-07-27 13:24:00,13611.384394378254,True,8.502799866407,0.009537784299339692,130.0,1.308123056370308,0.001467351430667645,20.0,-0.000586940572267058,-0.0005135730007336757,-0.0005135730007336757,-0.0008070432868672047,2026-07-27 13:33:00,SELL,MARUTI
,,,,2026-07-27 14:36:00,1.0688208396770669,13636.0,LOWER_HIGH_AND_PREVIOUS_LOW_BREAK,2026-07-27 14:03:00,,EXPERIMENT:MARUTI:2026-07-27T13:48:00:UP,UP,2026-07-27 15:18:00,2026-07-27 13:57:00,13650.0,1.2863409918953082,13641.0,False,2.0411067136031282,0.002079484251130206,28.36624466966714,13.897482420011606,13636.0,2026-07-27 13:48:00,13612.633755330333,True,8.922479356508978,0.009093575828688765,124.0,1.8708424457196247,0.0019067175124669992,26.0,-0.005280140803754767,7.333528894103843e-05,0.001540041067761807,-0.00022000586682311527,2026-07-27 14:33:00,SELL,MARUTI
,,,,,0.7331653971785116,13733.0,LOWER_HIGH_AND_PREVIOUS_LOW_BREAK,2026-07-27 15:21:00,,EXPERIMENT:MARUTI:2026-07-27T14:30:00:UP,UP,2026-07-27 16:00:00,2026-07-27 15:21:00,13746.0,1.2863409918953082,13652.0,False,2.700239293741608,0.0026556020617040403,36.254279346383555,13.42632093030078,13652.0,2026-07-27 14:30:00,13615.745720653616,True,0.9682473752479243,0.0009466249180805359,13.0,2.457858721783192,0.002402970945896745,33.0,,,,,,SELL,MARUTI
243.0,1098.7,REVERSAL,2026-07-27 13:39:00,2026-07-27 10:06:00,0.8927332046511455,1105.1,STRONG_BEARISH_DISPLACEMENT_AFTER_EXHAUSTION,2026-07-27 09:36:00,,EXPERIMENT:MAXHEALTH:2026-07-27T09:36:00:UP,UP,2026-07-27 11:06:00,2026-07-27 09:36:00,1107.9,0.6575291720689144,1107.9,True,1.9215796404284615,0.005439940746074256,6.026910352575669,3.1364353710740955,1105.1,2026-07-27 09:36:00,1101.8730896474244,False,4.686849324418223,0.013301963623201563,14.700000000000045,2.5506662990031073,0.0072391638765722565,8.0,0.004162519229028965,0.0037100714867431992,0.0037100714867431992,-0.0012668536784002271,2026-07-27 10:00:00,SELL,MAXHEALTH
213.0,1098.7,REVERSAL,2026-07-27 13:39:00,2026-07-27 11:21:00,0.8298472218707109,1104.4,LOWER_HIGH_AND_PREVIOUS_LOW_BREAK,2026-07-27 10:06:00,,EXPERIMENT:MAXHEALTH:2026-07-27T10:06:00:UP,UP,2026-07-27 11:36:00,2026-07-27 10:06:00,1106.9,0.6575291720689144,1106.9,False,1.1301878362621318,0.0030759842376376707,3.404806952641138,3.0126027226605534,1104.4,2026-07-27 10:06:00,1103.495193047359,False,5.1118588867235335,0.013944223107569596,15.399999999999864,2.423153887862536,0.006609923940601396,7.300000000000182,0.002173125679101857,0.0019014849692141763,0.002173125679101857,0.0038935168417241774,2026-07-27 11:18:00,SELL,MAXHEALTH
135.0,1098.7,REVERSAL,2026-07-27 13:39:00,2026-07-27 11:36:00,0.6137477661561744,1109.5,STRONG_BEARISH_DISPLACEMENT_AFTER_EXHAUSTION,2026-07-27 11:24:00,,EXPERIMENT:MAXHEALTH:2026-07-27T11:09:00:UP,UP,2026-07-27 12:39:00,2026-07-27 11:24:00,1110.9,0.6575291720689144,1110.5,True,3.2886589773610715,0.006842010550632365,7.598052716477241,2.3103802397213498,1110.3,2026-07-27 11:09:00,1102.9019472835228,False,4.458140622446726,0.009283461018476751,10.299999999999955,5.367081914401947,0.01117620549797214,12.400000000000091,0.004957187922487607,-0.0011716989634970299,-0.000811176205498054,0.0014420910319963129,2026-07-27 11:33:00,SELL,MAXHEALTH
117.0,1098.7,REVERSAL,2026-07-27 13:39:00,2026-07-27 13:03:00,1.3912965947625582,1110.4,LOWER_HIGH_AND_PREVIOUS_LOW_BREAK,2026-07-27 11:42:00,,EXPERIMENT:MAXHEALTH:2026-07-27T11:30:00:UP,UP,2026-07-27 13:00:00,2026-07-27 11:39:00,1113.5,0.6575291720689144,1112.5,True,4.090528607622917,0.008122095156144742,9.035830861211025,2.2089641041434778,1112.3,2026-07-27 11:30:00,1103.464169138789,False,4.255388298237964,0.008465417867435035,9.399999999999864,6.0209217411240985,0.011977665706052036,13.300000000000182,0.005493515850144215,0.0022514409221902018,0.0022514409221902018,0.002611671469740716,,SELL,MAXHEALTH
30.0,1098.7,REVERSAL,2026-07-27 13:39:00,2026-07-27 13:33:00,1.0079486295566247,1103.4,STRONG_BEARISH_DISPLACEMENT_AFTER_EXHAUSTION,2026-07-27 13:09:00,,EXPERIMENT:MAXHEALTH:2026-07-27T12:54:00:UP,UP,2026-07-27 14:24:00,2026-07-27 13:09:00,1104.7,0.6575291720689144,1104.4,False,0.16999340973686364,0.00019808865128726822,0.21876910648165904,1.2869269862890351,1104.3,2026-07-27 12:54:00,1104.1812308935184,False,12.743535705386579,0.014863150262823874,16.399999999999864,4.895382618532832,0.005709624796084993,6.300000000000182,0.002718868950516585,0.0010875475802066751,0.003897045495740603,0.0035345296356716427,,SELL,MAXHEALTH
,,,,2026-07-27 13:57:00,1.194333805249612,1099.5,STRONG_BULLISH_DISPLACEMENT_AFTER_EXHAUSTION,2026-07-27 13:36:00,,EXPERIMENT:MAXHEALTH:2026-07-27T13:33:00:DOWN,DOWN,2026-07-27 15:03:00,2026-07-27 13:33:00,1097.8,0.6575291720689144,1097.8,True,4.062662380326673,0.005331166817084685,5.8525549317955665,1.4405713258715265,1098.7,2026-07-27 13:33:00,1103.6525549317955,False,1.666005672123262,0.0021828103683493322,2.400000000000091,14.091631310042024,0.01846293769895403,20.299999999999955,0.003274215552523792,-0.0001819008640291455,-0.0014552069122327504,-0.0014552069122327504,2026-07-27 13:51:00,BUY,MAXHEALTH
,,,,2026-07-27 14:30:00,2.5381557920617936,1100.4,HIGHER_LOW_AND_PREVIOUS_HIGH_BREAK,2026-07-27 14:09:00,,EXPERIMENT:MAXHEALTH:2026-07-27T13:57:00:DOWN,DOWN,2026-07-27 15:27:00,2026-07-27 14:00:00,1097.1,0.6575291720689144,1097.8,True,4.736403549966045,0.005172493714392916,5.678363599660543,1.198876645487957,1097.8,2026-07-27 13:57:00,1103.4783635996605,False,2.0018740118365246,0.002181025081788523,2.400000000000091,16.18181492901118,0.017629952744456435,19.399999999999864,0.009723736822973297,0.001817520901490367,0.003453289712831656,0.00245365321701183,,BUY,MAXHEALTH
,,,,2026-07-27 14:54:00,1.1345054820879155,1103.5,PREVIOUS_LOW_BREAK_AFTER_EXHAUSTION,2026-07-27 14:30:00,2026-07-27 14:45:00,EXPERIMENT:MAXHEALTH:2026-07-27T14:30:00:UP,UP,2026-07-27 16:00:00,2026-07-27 14:30:00,1104.9,0.6575291720689144,1104.9,False,1.4337098933536423,0.0016012522220370255,1.7692235801287097,1.2340178360562577,1103.5,2026-07-27 14:30:00,1103.1307764198714,False,13.208885255736979,0.014771182600815546,16.299999999999955,1.1345054820879155,0.0012686905301314826,1.400000000000091,,-0.00027186225645668737,-0.0029904848210239735,-0.004531037607612143,2026-07-27 14:42:00,SELL,MAXHEALTH
,,,,2026-07-27 15:09:00,1.1302472020421048,1107.1,STRONG_BEARISH_DISPLACEMENT_AFTER_EXHAUSTION,2026-07-27 15:00:00,2026-07-27 15:06:00,EXPERIMENT:MAXHEALTH:2026-07-27T14:54:00:UP,UP,2026-07-27 16:24:00,2026-07-27 14:57:00,1108.7,0.6575291720689144,1107.4,False,3.0940683982089268,0.0037853061196175303,4.191847996864453,1.3548013351259467,1107.0,2026-07-27 14:54:00,1103.2081520031356,False,9.37406811665078,0.011471411796585717,12.700000000000045,0.0738115599735608,9.032607713838773e-05,0.09999999999990905,,-0.0036130430855387955,-0.008580977328154639,-0.00921325986812397,2026-07-27 15:03:00,SELL,MAXHEALTH
,,,,,0.7072007537780765,1110.8,LOWER_HIGH_AND_PREVIOUS_LOW_BREAK,2026-07-27 15:12:00,2026-07-27 15:18:00,EXPERIMENT:MAXHEALTH:2026-07-27T15:09:00:UP,UP,2026-07-27 16:39:00,2026-07-27 15:09:00,1111.8,0.6575291720689144,1111.8,True,5.530082393171244,0.007383069388832902,8.20849654650442,1.484335306945984,1111.1,2026-07-27 15:09:00,1103.5915034534955,False,6.063320031453996,0.008102268635217862,9.0,0.06737022257164979,9.002520705789436e-05,0.09999999999990905,,-0.007292041771696198,,,2026-07-27 15:15:00,SELL,MAXHEALTH
,,,,2026-07-27 10:51:00,0.7331311454816666,2750.6,STRONG_BEARISH_DISPLACEMENT_AFTER_EXHAUSTION,2026-07-27 10:27:00,,EXPERIMENT:MCX:2026-07-27T10:24:00:UP,UP,2026-07-27 11:54:00,2026-07-27 10:27:00,2755.1,0.4245196706312867,2754.9,False,1.441906696320067,0.003278591037092659,9.032190448086567,6.264060269043683,2754.9,2026-07-27 10:24:00,2745.8678095519135,False,2.602146100118647,0.0059259797862285255,16.300000000000182,2.0434030724857424,0.004653530138878691,12.799999999999727,0.002435832182069301,0.0006544026757797307,0.0016723623936595322,0.0006544026757797307,2026-07-27 10:30:00,SELL,MCX
,,,,2026-07-27 12:24:00,1.6473164111181358,2747.0,LOWER_HIGH_AND_PREVIOUS_LOW_BREAK,2026-07-27 11:06:00,,EXPERIMENT:MCX:2026-07-27T10:51:00:UP,UP,2026-07-27 12:21:00,2026-07-27 11:03:00,2754.8,0.4245196706312867,2750.9,False,0.8368368698149158,0.0015836014664969515,4.356329274186464,5.205709059102474,2750.5,2026-07-27 10:51:00,2746.5436707258136,False,3.822726121277144,0.007244266472515504,19.90000000000009,1.7672904681280839,0.003349108117946785,9.199999999999818,-0.0019293775027303174,-0.001419730615216633,0.0,-0.0002912267928650098,,SELL,MCX
,,,,2026-07-27 13:39:00,3.6033912756659525,2763.0,HIGHER_LOW_AND_PREVIOUS_HIGH_BREAK,2026-07-27 13:30:00,,EXPERIMENT:MCX:2026-07-27T12:24:00:DOWN,DOWN,2026-07-27 13:54:00,2026-07-27 12:36:00,2750.0,0.4245196706312867,2753.2,False,0.0,0.0,0.0,3.839544980722072,2754.1,2026-07-27 12:24:00,2747.451319461607,False,3.5160416319595154,0.004885993485342019,13.5,1.0157453603438837,0.0014115092290988387,3.900000000000091,-0.003981179876945349,-0.002171552660152009,-0.0035468693449150135,-0.0026058631921823446,,BUY,MCX
,,,,2026-07-27 14:00:00,1.4003290494313958,2754.2,LOWER_HIGH_AND_PREVIOUS_LOW_BREAK,2026-07-27 13:45:00,,EXPERIMENT:MCX:2026-07-27T13:39:00:UP,UP,2026-07-27 15:09:00,2026-07-27 13:42:00,2759.3,0.4245196706312867,2757.5,False,2.359862463646597,0.0031585128526531443,8.709599191191046,3.6907232202560087,2757.0,2026-07-27 13:39:00,2748.790400808809,False,2.1134069217629197,0.002832038341442227,7.800000000000182,1.2734631451647573,0.0017064846416381594,4.699999999999818,0.0014523273545857236,-0.0018154091932321547,-0.00010892455159399532,-0.0013434028029918935,2026-07-27 13:54:00,SELL,MCX
,,,,2026-07-27 14:21:00,1.0482182576257961,2752.4,LOWER_HIGH_AND_PREVIOUS_LOW_BREAK,2026-07-27 14:00:00,,EXPERIMENT:MCX:2026-07-27T14:00:00:UP,UP,2026-07-27 15:30:00,2026-07-27 14:00:00,2756.8,0.4245196706312867,2756.8,False,1.8609287070770948,0.002833514451426348,7.811432639692157,4.197599085867906,2752.4,2026-07-27 14:00:00,2748.988567360308,False,1.5246811020011481,0.0023252434239209746,6.400000000000091,0.6908711243442821,0.0010536259264642097,2.900000000000091,-0.0011989536404591365,-0.0014532771399505884,-0.0013079494259554967,0.0001453277139950919,2026-07-27 14:09:00,SELL,MCX
,,,,2026-07-27 15:09:00,0.7538432538876969,2753.2,LOWER_HIGH_AND_PREVIOUS_LOW_BREAK,2026-07-27 14:21:00,,EXPERIMENT:MCX:2026-07-27T14:21:00:UP,UP,2026-07-27 15:51:00,2026-07-27 14:21:00,2756.0,0.4245196706312867,2756.0,False,1.8346176458509795,0.0024725400315888223,6.814320327058795,3.714300002765972,2753.2,2026-07-27 14:21:00,2749.185679672941,False,1.1307648808315454,0.0015254976027895806,4.200000000000273,0.9961500140657715,0.0013438907453144772,3.699999999999818,-0.0006537846869098438,0.0004358564579397858,0.0010169984018595553,0.0009080342873746914,2026-07-27 15:03:00,SELL,MCX
,,,,,0.8005428124389565,2755.1,LOWER_HIGH_AND_PREVIOUS_LOW_BREAK,2026-07-27 15:12:00,,EXPERIMENT:MCX:2026-07-27T15:09:00:UP,UP,2026-07-27 16:39:00,2026-07-27 15:09:00,2757.2,0.4245196706312867,2757.2,False,2.9452947056707153,0.002738346203889035,7.550168153362847,2.5634678047076753,2756.9,2026-07-27 15:09:00,2749.649831846637,False,0.7021738274592626,0.0006533338172843751,1.800000000000182,1.989492511134341,0.0018511124823055096,5.099999999999909,,3.6296323182428606e-05,,,,SELL,MCX
,,,,2026-07-27 12:03:00,1.0757798750108778,867.7,HIGHER_LOW_AND_PREVIOUS_HIGH_BREAK,2026-07-27 10:39:00,,EXPERIMENT:MOTILALOFS:2026-07-27T10:30:00:DOWN,DOWN,2026-07-27 12:00:00,2026-07-27 10:36:00,865.3,0.25200458190149433,867.0,False,1.5618239631492026,0.00418227491593449,3.626032352115203,2.321665205343507,867.55,2026-07-27 10:30:00,870.6260323521152,False,2.089017826014423,0.0055894894548807455,4.850000000000023,2.6704970146988085,0.00714532672582682,6.199999999999932,0.001786331681456672,-0.0008067304367869603,-0.001843955284084387,-0.0006338596289040777,,BUY,MOTILALOFS
,,,,2026-07-27 12:39:00,1.3135394549450916,868.8,HIGHER_LOW_AND_PREVIOUS_HIGH_BREAK,2026-07-27 12:12:00,,EXPERIMENT:MOTILALOFS:2026-07-27T11:54:00:DOWN,DOWN,2026-07-27 13:24:00,2026-07-27 12:06:00,867.05,0.25200458190149433,867.2,False,1.9797817860293458,0.0031859810117501014,2.762882733389688,1.3955491220731608,867.3,2026-07-27 11:54:00,869.9628827333897,False,4.26355468674646,0.006848526703499001,5.949999999999932,3.6544754457827375,0.00587016574585638,5.100000000000023,0.001381215469613312,-0.0005755064456721916,-0.0008057090239409896,0.004604051565377533,,BUY,MOTILALOFS
,,,,2026-07-27 13:48:00,1.931540522525734,870.8,LOWER_HIGH_AND_PREVIOUS_LOW_BREAK,2026-07-27 12:45:00,,EXPERIMENT:MOTILALOFS:2026-07-27T12:39:00:UP,UP,2026-07-27 14:09:00,2026-07-27 12:42:00,873.9,0.25200458190149433,873.55,False,2.436242841325543,0.0040458438587972914,3.5342469028523738,1.450695654350046,872.8,2026-07-27 12:39:00,870.0157530971476,False,2.1024396060292587,0.0035025264124943366,3.050000000000068,5.480129464895767,0.009129536058796432,7.949999999999932,0.007406982085438599,0.0009761139182360004,0.0009186954524574582,0.0009186954524574582,,SELL,MOTILALOFS
,,,,2026-07-27 15:03:00,1.4404539928969144,864.9,PREVIOUS_HIGH_BREAK_AFTER_EXHAUSTION,2026-07-27 13:54:00,,EXPERIMENT:MOTILALOFS:2026-07-27T13:48:00:DOWN,DOWN,2026-07-27 15:18:00,2026-07-27 13:48:00,862.85,0.25200458190149433,862.85,True,4.92063823491304,0.008059464607504344,6.954109036585123,1.4132534652200497,864.0,2026-07-27 13:48:00,869.8041090365851,False,1.1321394494163832,0.001849924846803125,1.6000000000000227,5.306903669139221,0.008671522719389525,7.5,0.00849809226500176,0.002196785755578653,0.002138975604116109,0.0024280263614290935,,BUY,MOTILALOFS
,,,,,1.6504735895169456,870.15,PREVIOUS_LOW_BREAK_AFTER_EXHAUSTION,2026-07-27 15:06:00,,EXPERIMENT:MOTILALOFS:2026-07-27T15:03:00:UP,UP,2026-07-27 16:33:00,2026-07-27 15:06:00,872.4,0.25200458190149433,872.3,False,2.0947972215353774,0.0030915029763124834,2.696718046237379,1.287340855006875,872.15,2026-07-27 15:03:00,869.6032819537626,False,1.747788855802284,0.0025857610756766076,2.25,3.456737959253353,0.005114060794115879,4.449999999999932,,0.0012066885019823646,0.0029879905763374394,,,SELL,MOTILALOFS
,,,,2026-07-27 10:00:00,1.007603802482773,2347.9,LOWER_HIGH_AND_PREVIOUS_LOW_BREAK,2026-07-27 09:45:00,2026-07-27 09:57:00,EXPERIMENT:MPHASIS:2026-07-27T09:36:00:UP,UP,2026-07-27 11:06:00,2026-07-27 09:42:00,2358.0,1.9938650306748467,2355.0,True,1.9410070704690678,0.008576723772727887,20.198184484774174,10.40603344113169,2352.4,2026-07-27 09:36:00,2334.801815515226,True,1.9796207764021554,0.008773797861919123,20.59999999999991,3.0270900221683577,0.013416244303420076,31.5,0.008007155330295234,-0.00609054900123503,-0.003833212658120022,-0.0018740150773031605,2026-07-27 09:54:00,SELL,MPHASIS
,,,,2026-07-27 11:33:00,0.9823727800646106,2356.9,LOWER_HIGH_AND_PREVIOUS_LOW_BREAK,2026-07-27 10:03:00,,EXPERIMENT:MPHASIS:2026-07-27T10:00:00:UP,UP,2026-07-27 11:30:00,2026-07-27 10:00:00,2366.0,1.9938650306748467,2366.0,True,2.723922709129582,0.010723353770181493,25.371455020249414,9.314307977687353,2361.6,2026-07-27 10:00:00,2340.6285449797506,True,0.7730042873015999,0.003054860197717263,7.199999999999818,4.3481491160716095,0.01718358861216004,40.5,0.01141329712758288,0.0019517162374304844,0.0028851457422886767,0.0026305740591456035,,SELL,MPHASIS
,,,,2026-07-27 13:12:00,0.8887035244474121,2344.6,LOWER_HIGH_AND_PREVIOUS_LOW_BREAK,2026-07-27 11:45:00,,EXPERIMENT:MPHASIS:2026-07-27T11:39:00:UP,UP,2026-07-27 13:09:00,2026-07-27 11:39:00,2349.0,1.9938650306748467,2349.0,False,1.3685519166398055,0.00304785363326952,7.159408184550102,5.2313749281273445,2347.9,2026-07-27 11:39:00,2341.84059181545,True,0.6308093083248901,0.0014074895504564454,3.300000000000182,5.390552271139638,0.012027637976627066,28.199999999999818,0.0019619551309391406,-0.0009809775654696672,0.004137166254371671,0.005672609400324033,,SELL,MPHASIS
,,,,,0.8589928839078386,2334.0,LOWER_HIGH_AND_PREVIOUS_LOW_BREAK,2026-07-27 14:39:00,,EXPERIMENT:MPHASIS:2026-07-27T14:36:00:UP,UP,2026-07-27 16:06:00,2026-07-27 14:36:00,2337.6,1.9938650306748467,2337.6,False,0.0,0.0,0.0,4.174873961229235,2336.5,2026-07-27 14:36:00,2338.990335479861,True,0.8383486621400835,0.0014995715509854327,3.5,1.8683198756265156,0.0033419023136247567,7.800000000000182,,0.0011996572407884242,0.0003856041131105788,-0.00025706940874032096,,SELL,MPHASIS
,,,,2026-07-27 10:03:00,0.8565077088989796,3031.8,LOWER_HIGH_AND_PREVIOUS_LOW_BREAK,2026-07-27 09:45:00,,EXPERIMENT:MUTHOOTFIN:2026-07-27T09:42:00:UP,UP,2026-07-27 11:12:00,2026-07-27 09:42:00,3040.0,1.5085484411666108,3040.0,False,0.8781512139845989,0.002831607752553934,8.60808756776396,9.802511720851449,3036.2,2026-07-27 09:42:00,3031.391912432236,True,3.040037170943703,0.009829144402664993,29.799999999999727,0.9895423006092288,0.003199419486773624,9.700000000000273,-0.00488158849528324,-0.000527739296787357,-0.0018470875387558245,-0.001583217890362071,2026-07-27 09:57:00,SELL,MUTHOOTFIN
,,,,2026-07-27 10:24:00,0.8505129143299915,3033.0,STRONG_BEARISH_DISPLACEMENT_AFTER_EXHAUSTION,2026-07-27 10:06:00,,EXPERIMENT:MUTHOOTFIN:2026-07-27T10:03:00:UP,UP,2026-07-27 11:33:00,2026-07-27 10:03:00,3040.2,1.5085484411666108,3040.2,False,0.8960971629467537,0.0025306894069687534,7.6938019350664035,8.585901454888962,3037.4,2026-07-27 10:03:00,3032.5061980649334,True,3.331042191698412,0.00942960764919219,28.59999999999991,1.2695230730598988,0.0035938015166502115,10.900000000000091,-0.0009561490273656746,-0.0024068578964722,-0.0019782393669634025,-3.297065611602672e-05,2026-07-27 10:15:00,SELL,MUTHOOTFIN
,,,,2026-07-27 10:45:00,0.6236047798227455,3035.9,STRONG_BEARISH_DISPLACEMENT_AFTER_EXHAUSTION,2026-07-27 10:27:00,,EXPERIMENT:MUTHOOTFIN:2026-07-27T10:24:00:UP,UP,2026-07-27 11:54:00,2026-07-27 10:27:00,3040.1,1.5085484411666108,3039.0,False,0.8527873596200753,0.0019252416564271711,5.850809393882173,6.860806891519549,3039.0,2026-07-27 10:24:00,3033.149190606118,True,3.745915080595967,0.008465364471820487,25.699999999999818,2.011425218374529,0.0045456042689153734,13.800000000000182,-0.0027339503936228884,0.0005929049046411877,-0.0035244902664777556,-0.003656246911953592,2026-07-27 10:42:00,SELL,MUTHOOTFIN
,,,,2026-07-27 12:18:00,0.729329893334676,3044.9,LOWER_HIGH_AND_PREVIOUS_LOW_BREAK,2026-07-27 10:48:00,,EXPERIMENT:MUTHOOTFIN:2026-07-27T10:45:00:UP,UP,2026-07-27 12:15:00,2026-07-27 10:45:00,3049.8,1.5085484411666108,3049.8,True,2.2899094256717114,0.005120662459789718,15.616996369866683,6.819918811979066,3046.6,2026-07-27 10:45:00,3034.1830036301335,True,2.448709502328175,0.005484580774409609,16.699999999999818,3.343148302579847,0.007487930638116254,22.800000000000182,0.0023646096751946772,-0.0003284180104436927,0.0029557620939932344,0.0023317678741501886,2026-07-27 12:15:00,SELL,MUTHOOTFIN
,,,,2026-07-27 12:45:00,0.767286125058055,3043.0,LOWER_HIGH_AND_PREVIOUS_LOW_BREAK,2026-07-27 12:24:00,,EXPERIMENT:MUTHOOTFIN:2026-07-27T12:24:00:UP,UP,2026-07-27 13:54:00,2026-07-27 12:24:00,3047.1,1.5085484411666108,3047.1,False,1.8673910031645131,0.0032747267453397807,9.978419865724845,5.343508589692915,3043.0,2026-07-27 12:24:00,3037.121580134275,True,3.4808590063609928,0.006112389089714068,18.59999999999991,3.911287808222872,0.006868222149194903,20.90000000000009,-0.005915215248110417,0.0002628984554716339,-0.0002628984554716339,-0.0006243838317450184,2026-07-27 12:39:00,SELL,MUTHOOTFIN
,,,,2026-07-27 13:18:00,0.45700225955963797,3051.2,STRONG_BEARISH_DISPLACEMENT_AFTER_EXHAUSTION,2026-07-27 13:09:00,,EXPERIMENT:MUTHOOTFIN:2026-07-27T12:45:00:UP,UP,2026-07-27 14:15:00,2026-07-27 13:09:00,3053.2,1.5085484411666108,3045.9,False,1.6231338701292792,0.002745908150232978,8.363761634794628,5.152847703269522,3042.9,2026-07-27 12:45:00,3037.5362383652055,True,2.0183014517198345,0.0034084950183534647,10.400000000000091,5.647362715869854,0.00953723125327737,29.09999999999991,0.0020975353959096867,-0.0002949659150498463,-0.002523597273204075,0.001671473518615597,2026-07-27 13:15:00,SELL,MUTHOOTFIN
,,,,2026-07-27 13:30:00,1.007135993939179,3052.1,STRONG_BEARISH_DISPLACEMENT_AFTER_EXHAUSTION,2026-07-27 13:18:00,2026-07-27 13:27:00,EXPERIMENT:MUTHOOTFIN:2026-07-27T13:09:00:UP,UP,2026-07-27 14:39:00,2026-07-27 13:18:00,3057.0,1.5085484411666108,3057.0,True,3.6923739696840605,0.005876492747275065,17.964438328419874,4.865281381548957,3052.1,2026-07-27 13:09:00,3039.03556167158,True,1.9526106004942902,0.003112610989155008,9.5,6.166138738403022,0.0098292978604895,30.0,0.005242292192261066,-0.0022279741817110127,0.0019658595720979,0.0020641525507027053,2026-07-27 13:24:00,SELL,MUTHOOTFIN
,,,,2026-07-27 14:51:00,0.6528337105218621,3055.6,LOWER_HIGH_AND_PREVIOUS_LOW_BREAK,2026-07-27 13:30:00,,EXPERIMENT:MUTHOOTFIN:2026-07-27T13:30:00:UP,UP,2026-07-27 15:00:00,2026-07-27 13:30:00,3058.9,1.5085484411666108,3058.9,True,3.79411396536678,0.006269840027784289,19.178813660989363,5.054886025052579,3055.6,2026-07-27 13:30:00,3039.7211863390107,True,0.6528337105218621,0.001079984291137643,3.300000000000182,6.627251303782175,0.01096347689488153,33.5,0.00739625605445736,0.0029781384998036095,0.0028145045162979152,0.0013417986647466648,,SELL,MUTHOOTFIN
,,,,2026-07-27 15:03:00,0.6873779610610767,3029.0,STRONG_BULLISH_DISPLACEMENT_AFTER_EXHAUSTION,2026-07-27 14:51:00,,EXPERIMENT:MUTHOOTFIN:2026-07-27T14:51:00:DOWN,DOWN,2026-07-27 16:21:00,2026-07-27 14:51:00,3026.0,1.5085484411666108,3026.0,False,3.134394172694893,0.004520748415307212,13.679784704719623,4.364411095416886,3029.0,2026-07-27 14:51:00,3039.6797847047196,True,1.5809693104404974,0.0022779795311984453,6.900000000000091,1.3060181260160042,0.001881809177946457,5.699999999999818,,0.00039617035325183826,-0.0008913832948167111,-0.00029712776493895376,2026-07-27 14:54:00,BUY,MUTHOOTFIN
,,,,,1.0719643228894544,3028.3,STRONG_BULLISH_DISPLACEMENT_AFTER_EXHAUSTION,2026-07-27 15:06:00,,EXPERIMENT:MUTHOOTFIN:2026-07-27T15:03:00:DOWN,DOWN,2026-07-27 16:33:00,2026-07-27 15:06:00,3023.1,1.5085484411666108,3024.1,False,3.110677150554481,0.004930512493963914,14.91036283299627,4.793285227410529,3024.6,2026-07-27 15:03:00,3039.010362832996,True,1.2934761245889164,0.0020473533005317414,6.200000000000273,0.9388133162338496,0.0014859822342568436,4.5,,-0.0013538949245452444,-0.0001651091371396493,,2026-07-27 15:27:00,BUY,MUTHOOTFIN
219.0,1444.0,REVERSAL,2026-07-27 13:48:00,2026-07-27 10:21:00,1.424843837648573,1445.2,HIGHER_LOW_AND_PREVIOUS_HIGH_BREAK,2026-07-27 10:09:00,,EXPERIMENT:NESTLEIND:2026-07-27T10:00:00:DOWN,DOWN,2026-07-27 11:30:00,2026-07-27 10:00:00,1441.0,0.4930213179640398,1441.0,True,3.7557929829375465,0.008444533835840418,12.168573257446042,3.239947812014001,1443.6,2026-07-27 10:00:00,1453.168573257446,False,3.055604773413341,0.006850262939385615,9.900000000000091,0.9259408404282766,0.002075837254359258,3.0,-0.0013146969277609264,-0.002421810130085801,-0.0019374481040686095,-0.0019374481040686095,2026-07-27 10:12:00,BUY,NESTLEIND
189.0,1444.0,REVERSAL,2026-07-27 13:48:00,2026-07-27 10:48:00,1.0261785699012347,1443.8,PREVIOUS_HIGH_BREAK_AFTER_EXHAUSTION,2026-07-27 10:39:00,,EXPERIMENT:NESTLEIND:2026-07-27T10:21:00:DOWN,DOWN,2026-07-27 11:51:00,2026-07-27 10:24:00,1441.1,0.4930213179640398,1441.4,True,2.896028546614757,0.0061742836042267876,8.899612387132493,3.073040283921055,1441.6,2026-07-27 10:21:00,1450.2996123871326,False,2.765990424686005,0.005887242000277047,8.5,1.431806808072785,0.0030475135060258284,4.400000000000091,-0.001593018423604346,-0.002631943482476766,-0.0016622800941957776,-0.0006926167059149467,2026-07-27 10:45:00,BUY,NESTLEIND
174.0,1444.0,REVERSAL,2026-07-27 13:48:00,2026-07-27 12:03:00,1.3245244111816656,1441.8,HIGHER_LOW_AND_PREVIOUS_HIGH_BREAK,2026-07-27 10:54:00,,EXPERIMENT:NESTLEIND:2026-07-27T10:42:00:DOWN,DOWN,2026-07-27 12:12:00,2026-07-27 10:48:00,1438.4,0.4930213179640398,1438.4,True,3.624637749045388,0.006878666675234717,9.894274145657619,2.7297277219670986,1440.0,2026-07-27 10:42:00,1448.2942741456577,False,2.3811898702175194,0.004508253571923984,6.5,2.344556179906514,0.0044388958246636785,6.400000000000091,-0.0005548619780829203,-0.0006242197253432262,0.0015258704397281492,0.0006935774726036898,2026-07-27 12:00:00,BUY,NESTLEIND
87.0,1444.0,REVERSAL,2026-07-27 13:48:00,2026-07-27 12:42:00,0.662778700114521,1438.0,HIGHER_LOW_AND_PREVIOUS_HIGH_BREAK,2026-07-27 12:21:00,,EXPERIMENT:NESTLEIND:2026-07-27T11:48:00:DOWN,DOWN,2026-07-27 13:18:00,2026-07-27 12:18:00,1436.8,0.4930213179640398,1437.7,True,4.063223251498076,0.005140834424047673,7.3909776514533405,1.8189937382171528,1438.1,2026-07-27 11:48:00,1445.0909776514534,False,1.0995090076342189,0.0013908205841446453,2.0,5.607495938934542,0.007093184979137723,10.200000000000045,0.0013908205841446453,0.0011821974965229801,-0.001043115438108484,0.0006954102920723226,2026-07-27 12:39:00,BUY,NESTLEIND
66.0,1444.0,REVERSAL,2026-07-27 13:48:00,2026-07-27 13:51:00,1.4073479241690348,1439.2,HIGHER_LOW_AND_PREVIOUS_HIGH_BREAK,2026-07-27 12:42:00,,EXPERIMENT:NESTLEIND:2026-07-27T12:39:00:DOWN,DOWN,2026-07-27 14:09:00,2026-07-27 12:42:00,1436.4,0.4930213179640398,1436.4,False,3.262626236975629,0.004519063899950671,6.491183385889144,1.9895577716883392,1439.2,2026-07-27 12:39:00,1442.8911833858892,False,1.4073479241690348,0.0019455252918287621,2.7999999999999545,4.523618327686257,0.006253474152306837,9.0,0.0038910505836575243,0.0002084491384101963,0.0005558643690939095,0.0004168982768203926,,BUY,NESTLEIND
,,,,2026-07-27 14:57:00,1.7319844389005041,1443.6,LOWER_HIGH_AND_PREVIOUS_LOW_BREAK,2026-07-27 13:54:00,,EXPERIMENT:NESTLEIND:2026-07-27T13:51:00:UP,UP,2026-07-27 15:21:00,2026-07-27 13:51:00,1446.8,0.4930213179640398,1446.8,False,2.3511986622108623,0.0029584724594693607,4.280317954360271,1.8204833233170663,1445.8,2026-07-27 13:51:00,1442.5196820456397,False,2.526801504349168,0.003186478248822483,4.600000000000136,1.4281921546320462,0.001801052923247374,2.599999999999909,-0.0022166805209199543,-0.0007619839290663178,-0.0009697977279025292,-0.001316154059296267,2026-07-27 14:54:00,SELL,NESTLEIND
,,,,2026-07-27 15:18:00,0.7345361424473691,1445.9,PREVIOUS_LOW_BREAK_AFTER_EXHAUSTION,2026-07-27 15:00:00,,EXPERIMENT:NESTLEIND:2026-07-27T14:57:00:UP,UP,2026-07-27 16:27:00,2026-07-27 15:00:00,1446.9,0.4930213179640398,1446.8,False,2.8280324994663832,0.002685378009158137,3.885204903649992,1.3738190435870468,1446.1,2026-07-27 14:57:00,1442.91479509635,False,1.674165175345543,0.0015907047513658997,2.2999999999999545,3.566699721388468,0.00338889273117096,4.900000000000091,,-0.0011065772183414544,-0.00034580538073172417,-0.0014523825990731785,2026-07-27 15:06:00,SELL,NESTLEIND
,,,,,1.1366839156984772,1445.3,STRONG_BEARISH_DISPLACEMENT_AFTER_EXHAUSTION,2026-07-27 15:21:00,,EXPERIMENT:NESTLEIND:2026-07-27T15:18:00:UP,UP,2026-07-27 16:48:00,2026-07-27 15:18:00,1446.9,0.4930213179640398,1446.9,False,2.48767899564953,0.0023814445235447374,3.4457120811168807,1.3851112169788646,1446.4,2026-07-27 15:18:00,1443.4542879188832,False,2.0936946899653486,0.002006503840033274,2.900000000000091,3.1044438506381455,0.002975160866256109,4.2999999999999545,,,,,2026-07-27 15:27:00,SELL,NESTLEIND
201.0,11043.0,REVERSAL,2026-07-27 12:57:00,2026-07-27 11:09:00,1.149382538300412,11120.0,STRONG_BEARISH_DISPLACEMENT_AFTER_EXHAUSTION,2026-07-27 09:36:00,,EXPERIMENT:OFSS:2026-07-27T09:36:00:UP,UP,2026-07-27 11:06:00,2026-07-27 09:36:00,11189.0,1.3195098963242224,11189.0,True,2.9903858441458073,0.01604428803799016,179.5195388570719,60.0322326995067,11120.0,2026-07-27 09:36:00,11009.480461142928,True,1.149382538300412,0.0062050359712230215,69.0,2.4986576919574173,0.013489208633093525,150.0,0.009532374100719424,-0.0018884892086330936,0.003237410071942446,0.01223021582733813,,SELL,OFSS
108.0,11043.0,REVERSAL,2026-07-27 12:57:00,2026-07-27 11:30:00,0.6750971870682864,11025.0,LOWER_HIGH_AND_PREVIOUS_LOW_BREAK,2026-07-27 11:09:00,,EXPERIMENT:OFSS:2026-07-27T11:03:00:UP,UP,2026-07-27 12:33:00,2026-07-27 11:09:00,11049.0,1.3195098963242224,11049.0,False,0.3973504610772356,0.0012784851591094992,14.125982523000857,35.550436973709964,11025.0,2026-07-27 11:03:00,11034.874017477,True,4.0787121718708965,0.013151927437641724,145.0,0.9563876816800724,0.0030839002267573695,34.0,-0.008707482993197279,-0.00027210884353741496,-0.0021768707482993197,-0.0014512471655328798,2026-07-27 11:27:00,SELL,OFSS
84.0,11043.0,REVERSAL,2026-07-27 12:57:00,2026-07-27 11:45:00,1.2468099903299292,11040.0,PREVIOUS_LOW_BREAK_AFTER_EXHAUSTION,2026-07-27 11:33:00,,EXPERIMENT:OFSS:2026-07-27T11:24:00:UP,UP,2026-07-27 12:54:00,2026-07-27 11:33:00,11084.0,1.3195098963242224,11070.0,False,1.0439723894515345,0.0032068606687097457,35.499947602616885,34.00468054645322,11054.0,2026-07-27 11:24:00,11034.500052397383,True,3.8230031251847576,0.01177536231884058,130.0,0.6469697596466513,0.0019927536231884057,22.0,-0.006159420289855073,-0.005434782608695652,-0.004076086956521739,-0.004528985507246377,2026-07-27 11:39:00,SELL,OFSS
69.0,11043.0,REVERSAL,2026-07-27 12:57:00,2026-07-27 13:09:00,1.679410000416398,11102.0,STRONG_BEARISH_DISPLACEMENT_AFTER_EXHAUSTION,2026-07-27 11:48:00,,EXPERIMENT:OFSS:2026-07-27T11:45:00:UP,UP,2026-07-27 13:15:00,2026-07-27 11:45:00,11170.0,1.3195098963242224,11170.0,True,3.316876055091155,0.011623473609116277,129.8342002138288,39.14351879822072,11130.0,2026-07-27 11:45:00,11040.165799786171,True,0.8941454696605083,0.0031525851197982345,35.0,2.14594912718522,0.007566204287515763,84.0,0.0051342100522428396,-0.00027022158169699153,-0.0010808863267879661,-0.0018915510718789407,,SELL,OFSS
,,,,2026-07-27 14:18:00,0.8485899920761677,11044.0,HIGHER_LOW_AND_PREVIOUS_HIGH_BREAK,2026-07-27 13:18:00,,EXPERIMENT:OFSS:2026-07-27T13:09:00:DOWN,DOWN,2026-07-27 14:39:00,2026-07-27 13:09:00,11024.0,1.3195098963242224,11024.0,False,0.8104328664933894,0.0019691861250813523,21.70830784289683,26.78606549710296,11031.0,2026-07-27 13:09:00,11045.708307842897,True,0.9333210957280705,0.002263672582397682,25.0,2.8372961310133347,0.006881564650488953,76.0,0.0015392973560304237,-0.0015392973560304237,-0.0002716407098877218,-0.0007243752263672582,2026-07-27 13:27:00,BUY,OFSS
,,,,2026-07-27 14:39:00,0.5357365952880595,11061.0,STRONG_BEARISH_DISPLACEMENT_AFTER_EXHAUSTION,2026-07-27 14:18:00,2026-07-27 14:27:00,EXPERIMENT:OFSS:2026-07-27T14:18:00:UP,UP,2026-07-27 15:48:00,2026-07-27 14:18:00,11071.0,1.3195098963242224,11071.0,False,1.3500229165023119,0.002276160993428551,25.199378358247486,18.665889334334373,11061.0,2026-07-27 14:18:00,11045.800621641753,True,3.1608459121995507,0.005334056595244553,59.0,0.5893102548168654,0.0009944851279269505,11.0,-0.003977940511707802,-0.0012657083446343006,-0.0005424464334147003,-0.0011753006057318507,2026-07-27 14:21:00,SELL,OFSS
,,,,2026-07-27 15:00:00,0.4159135945789147,11061.0,STRONG_BEARISH_DISPLACEMENT_AFTER_EXHAUSTION,2026-07-27 14:39:00,2026-07-27 14:48:00,EXPERIMENT:OFSS:2026-07-27T14:39:00:UP,UP,2026-07-27 16:09:00,2026-07-27 14:39:00,11068.0,1.3195098963242224,11068.0,False,1.290659238770565,0.0019626251874222934,21.722335574389945,16.830418844777224,11061.0,2026-07-27 14:39:00,11046.27766442561,True,3.505557440022281,0.005334056595244553,59.0,0.6535785057668659,0.0009944851279269505,11.0,,-0.0014465238224392009,0.0001808154778049001,-0.0011753006057318507,2026-07-27 14:45:00,SELL,OFSS
,,,,,,,,,,EXPERIMENT:OFSS:2026-07-27T15:00:00:UP,UP,2026-07-27 16:30:00,2026-07-27 15:24:00,11120.0,1.3195098963242224,11063.0,False,0.9982237960907332,0.0014580757847449967,16.130692406633898,16.159394786825644,11063.0,2026-07-27 15:00:00,11046.869307593366,True,,,,,,,,,,,,SELL,OFSS
126.0,242.66,REVERSAL,2026-07-27 11:39:00,2026-07-27 09:54:00,0.6456522322600683,243.79,HIGHER_LOW_AND_PREVIOUS_HIGH_BREAK,2026-07-27 09:33:00,2026-07-27 09:39:00,EXPERIMENT:ONGC:2026-07-27T09:33:00:DOWN,DOWN,2026-07-27 11:03:00,2026-07-27 09:33:00,243.38,-0.4176706827309205,243.38,False,1.912037060177047,0.004988806034450321,1.2141756126645191,0.6350167776309165,243.79,2026-07-27 09:33:00,244.59417561266451,False,8.897402712852243,0.02317568399031956,5.650000000000006,0.33069992384053803,0.0008613971040650066,0.21000000000000796,-0.006439968825628587,-0.004676155707781232,-0.004101890971737972,-0.005004306985520321,2026-07-27 09:36:00,BUY,ONGC
102.0,242.66,REVERSAL,2026-07-27 11:39:00,2026-07-27 10:21:00,0.9215141213443,242.86,PREVIOUS_HIGH_BREAK_AFTER_EXHAUSTION,2026-07-27 09:57:00,,EXPERIMENT:ONGC:2026-07-27T09:54:00:DOWN,DOWN,2026-07-27 11:24:00,2026-07-27 09:57:00,242.33,-0.4176706827309205,242.49,True,2.1202480494405846,0.005059188128266815,1.22680252922342,0.5786127380459587,242.49,2026-07-27 09:54:00,243.71680252922343,False,8.157442257389643,0.019435065469818113,4.720000000000027,0.2419580330581424,0.0005764638063081049,0.13999999999998636,-0.004735238408959918,-0.0004941118339784425,-0.0018529193774191593,-0.0030881989623651484,2026-07-27 10:15:00,BUY,ONGC
69.0,242.66,REVERSAL,2026-07-27 11:39:00,2026-07-27 10:54:00,0.6484420656292474,242.33,HIGHER_LOW_AND_PREVIOUS_HIGH_BREAK,2026-07-27 10:30:00,,EXPERIMENT:ONGC:2026-07-27T10:21:00:DOWN,DOWN,2026-07-27 11:51:00,2026-07-27 10:21:00,242.06,-0.4176706827309205,242.06,True,3.1438858181410136,0.006160801202663832,1.4912835391168073,0.47434405235448607,242.22,2026-07-27 10:21:00,243.5512835391168,False,8.833250842299508,0.017290471670862156,4.190000000000026,1.4124768649977382,0.00276482482565092,0.6699999999999875,0.0016093756447818526,-0.0004539264639129024,-0.0009491189699996624,-0.002558494614781515,2026-07-27 10:51:00,BUY,ONGC
30.0,242.66,REVERSAL,2026-07-27 11:39:00,2026-07-27 11:39:00,0.8539981764868104,241.92,HIGHER_LOW_AND_PREVIOUS_HIGH_BREAK,2026-07-27 11:09:00,,EXPERIMENT:ONGC:2026-07-27T10:42:00:DOWN,DOWN,2026-07-27 12:12:00,2026-07-27 10:57:00,241.71,-0.4176706827309205,241.75,True,5.472507084262269,0.006653531244113522,1.608491178264444,0.29392217378577945,241.9,2026-07-27 10:42:00,243.35849117826444,False,12.860547237089348,0.015625000000000007,3.780000000000001,3.674442067739855,0.004464285714285766,1.0800000000000125,-0.0024801587301587066,0.0015707671957672946,0.0031415343915344716,0.0035548941798942365,,BUY,ONGC
,,,,2026-07-27 12:09:00,1.2492849475068006,242.44,LOWER_HIGH_AND_PREVIOUS_LOW_BREAK,2026-07-27 11:42:00,,EXPERIMENT:ONGC:2026-07-27T11:39:00:UP,UP,2026-07-27 13:09:00,2026-07-27 11:39:00,242.78,-0.4176706827309205,242.78,False,0.0,0.0,0.0,0.26924458328678225,242.66,2026-07-27 11:39:00,243.16584324835136,False,0.7799599807596845,0.0008661936974097012,0.21000000000000796,15.970609129840597,0.017736347137436114,4.300000000000011,0.005320904141230787,0.0007836990595611192,0.0021448605840620784,0.00461969971951825,,SELL,ONGC
,,,,2026-07-27 13:21:00,2.2488374629379893,241.71,HIGHER_LOW_AND_PREVIOUS_HIGH_BREAK,2026-07-27 12:12:00,2026-07-27 13:18:00,EXPERIMENT:ONGC:2026-07-27T12:09:00:DOWN,DOWN,2026-07-27 13:39:00,2026-07-27 12:09:00,241.0,-0.4176706827309205,241.0,True,6.71631791345116,0.008339256325032324,2.00976077433279,0.2992355037732394,241.32,2026-07-27 12:09:00,243.0097607743328,False,11.93040249229706,0.014769765421372809,3.5700000000000216,0.2673479550094031,0.0003309751354928802,0.07999999999998408,-0.002482313516197072,-0.0007860659467957376,-0.0011170410822887353,-0.0023581978403873303,2026-07-27 13:15:00,BUY,ONGC
,,,,2026-07-27 14:12:00,1.0580106901012143,240.11,STRONG_BULLISH_DISPLACEMENT_AFTER_EXHAUSTION,2026-07-27 13:36:00,,EXPERIMENT:ONGC:2026-07-27T13:21:00:DOWN,DOWN,2026-07-27 14:51:00,2026-07-27 13:24:00,239.81,-0.4176706827309205,240.51,True,9.956425537265941,0.008950304397032378,2.152637710530257,0.2162058765440611,240.71,2026-07-27 13:21:00,242.66263771053025,False,9.111685729775049,0.00820457290408574,1.9700000000000273,0.5550265419151132,0.0004997709383198373,0.11999999999997613,-0.0021656740660531016,-0.0004164757819333752,-0.000666361251093353,-0.0004581233601266654,2026-07-27 14:09:00,BUY,ONGC
,,,,2026-07-27 14:24:00,0.7346477839766941,239.84,STRONG_BULLISH_DISPLACEMENT_AFTER_EXHAUSTION,2026-07-27 14:18:00,,EXPERIMENT:ONGC:2026-07-27T14:03:00:DOWN,DOWN,2026-07-27 15:33:00,2026-07-27 14:15:00,239.71,-0.4176706827309205,239.81,True,12.719234071525918,0.009789671259190535,2.3476610646664824,0.18457566324076896,239.86,2026-07-27 14:03:00,242.15766106466648,False,9.210315001184414,0.00708805870580394,1.700000000000017,0.5417832353637528,0.00041694462975314507,0.09999999999999432,-0.005045030020013375,-0.001834556370913933,-0.001042361574382922,-0.0028769179452968552,2026-07-27 14:21:00,BUY,ONGC
,,,,2026-07-27 14:48:00,2.71830124601227,239.74,HIGHER_LOW_AND_PREVIOUS_HIGH_BREAK,2026-07-27 14:33:00,,EXPERIMENT:ONGC:2026-07-27T14:24:00:DOWN,DOWN,2026-07-27 15:54:00,2026-07-27 14:30:00,239.05,-0.4176706827309205,239.83,True,13.814879076957602,0.00952958572176757,2.2854805436515164,0.1654361598766045,239.88,2026-07-27 14:24:00,242.11548054365153,False,9.671404372498916,0.00667389672144833,1.6000000000000227,1.2089255465622788,0.000834237090180982,0.19999999999998863,,-0.0018770334529073873,-0.003086677233669847,-0.004838575123049956,2026-07-27 14:45:00,BUY,ONGC
,,,,,1.4382299834485992,238.63,PREVIOUS_HIGH_BREAK_AFTER_EXHAUSTION,2026-07-27 15:18:00,,EXPERIMENT:ONGC:2026-07-27T14:45:00:DOWN,DOWN,2026-07-27 16:15:00,2026-07-27 15:18:00,238.2,-0.4176706827309205,238.9,True,10.233658827798953,0.011650401170939606,2.783280839737472,0.2719731902901533,239.05,2026-07-27 14:45:00,241.68328083973748,False,1.8016481678846907,0.002053388090349114,0.4900000000000091,0.6250616092661642,0.0007123999497130114,0.17000000000001592,,-0.0010057411054771367,,,2026-07-27 15:27:00,BUY,ONGC
69.0,5246.1,REVERSAL,2026-07-27 10:45:00,2026-07-27 09:57:00,0.923180331393173,5305.0,LOWER_HIGH_AND_PREVIOUS_LOW_BREAK,2026-07-27 09:36:00,,EXPERIMENT:PERSISTENT:2026-07-27T09:33:00:UP,UP,2026-07-27 11:03:00,2026-07-27 09:33:00,5323.9,1.0529355149181872,5323.9,True,1.9607165067615835,0.0076325207945789975,40.63477745825912,20.72445318745928,5308.0,2026-07-27 09:33:00,5283.2652225417405,True,1.6647001340849148,0.006503298774740811,34.5,3.0881393791720155,0.012064090480678606,64.0,0.011083883129123503,-0.003430725730442944,0.000942507068803016,0.0057115928369463114,2026-07-27 09:39:00,SELL,PERSISTENT
45.0,5246.1,REVERSAL,2026-07-27 10:45:00,2026-07-27 11:30:00,0.8169293269255119,5292.1,LOWER_HIGH_AND_PREVIOUS_LOW_BREAK,2026-07-27 10:00:00,,EXPERIMENT:PERSISTENT:2026-07-27T09:57:00:UP,UP,2026-07-27 11:27:00,2026-07-27 09:57:00,5308.0,1.0529355149181872,5308.0,False,0.49219434687859337,0.00185727537477856,9.858417689324597,20.02952238652248,5298.0,2026-07-27 09:57:00,5298.141582310675,True,0.6041082641162395,0.0022864269382663694,12.099999999999454,2.551234074077806,0.009655902193836163,51.100000000000364,0.00020785699438792988,0.002891101831031194,0.004081555526161706,0.004346100791746187,,SELL,PERSISTENT
45.0,5250.0,REVERSAL,2026-07-27 12:18:00,2026-07-27 12:18:00,1.096290900399477,5282.1,LOWER_HIGH_AND_PREVIOUS_LOW_BREAK,2026-07-27 11:33:00,,EXPERIMENT:PERSISTENT:2026-07-27T11:18:00:UP,UP,2026-07-27 12:48:00,2026-07-27 11:30:00,5293.5,1.0529355149181872,5293.5,False,0.34152107674424526,0.0006728722673203289,3.5618493470601607,10.429369048070557,5288.6,2026-07-27 11:18:00,5289.93815065294,True,0.9971840052897204,0.001968913878949591,10.399999999999636,3.825734789525171,0.007553813824047357,39.900000000000546,0.006077128414835077,-0.000814070161488664,0.00020825050642743676,0.0005679559266200942,,SELL,PERSISTENT
33.0,5279.6,REVERSAL,2026-07-27 12:57:00,2026-07-27 12:51:00,1.0077012591908534,5252.1,STRONG_BULLISH_DISPLACEMENT_AFTER_EXHAUSTION,2026-07-27 12:24:00,,EXPERIMENT:PERSISTENT:2026-07-27T12:18:00:DOWN,DOWN,2026-07-27 13:48:00,2026-07-27 12:18:00,5242.2,1.0529355149181872,5242.2,True,4.5448828058831765,0.008770199234240427,45.97513842573517,10.115802846714136,5250.0,2026-07-27 12:18:00,5288.175138425735,True,0.7018721210355162,0.0013518402162945038,7.100000000000364,3.5884447878292147,0.006911521105843238,36.29999999999927,0.004417280706764878,-0.00039984006397447946,0.004931360789017657,0.002913120466099136,,BUY,PERSISTENT
60.0,5265.0,REVERSAL,2026-07-27 13:51:00,2026-07-27 13:12:00,0.64531024563699,5267.4,LOWER_HIGH_AND_PREVIOUS_LOW_BREAK,2026-07-27 12:51:00,2026-07-27 12:57:00,EXPERIMENT:PERSISTENT:2026-07-27T12:51:00:UP,UP,2026-07-27 14:21:00,2026-07-27 12:51:00,5273.5,1.0529355149181872,5273.5,False,0.0,0.0,0.0,9.452817526520152,5267.4,2026-07-27 12:51:00,5286.624267696367,True,2.2215598620288497,0.0039867866499601326,21.0,0.7828353799529847,0.001404867676652549,7.399999999999636,0.00045563275999537466,-0.0022971484983104313,-0.0011200972016555694,3.7969396666252445e-05,2026-07-27 12:54:00,SELL,PERSISTENT
36.0,5265.0,REVERSAL,2026-07-27 13:51:00,2026-07-27 13:54:00,0.5865246479159563,5273.7,STRONG_BEARISH_DISPLACEMENT_AFTER_EXHAUSTION,2026-07-27 13:15:00,,EXPERIMENT:PERSISTENT:2026-07-27T13:12:00:UP,UP,2026-07-27 14:42:00,2026-07-27 13:15:00,5279.2,1.0529355149181872,5279.0,False,0.0,0.0,0.0,9.467829258011848,5278.7,2026-07-27 13:12:00,5286.43973153316,True,0.9822737341962894,0.0017634677740486153,9.300000000000182,1.4470053933858842,0.0025977966133833587,13.699999999999818,0.0009481009537895595,-0.000303392305212728,0.0014600754688358871,0.0013273413353053834,,SELL,PERSISTENT
27.0,5280.0,REVERSAL,2026-07-27 14:27:00,2026-07-27 14:33:00,0.4428192115741028,5265.0,STRONG_BULLISH_DISPLACEMENT_AFTER_EXHAUSTION,2026-07-27 14:00:00,,EXPERIMENT:PERSISTENT:2026-07-27T13:54:00:DOWN,DOWN,2026-07-27 15:24:00,2026-07-27 14:00:00,5262.0,1.0529355149181872,5262.3,False,3.286938739512161,0.004464576799165331,23.49394249024772,7.1476666747171045,5264.0,2026-07-27 13:54:00,5285.793942490248,True,0.4616891287996151,0.0006267806267806613,3.300000000000182,2.518304338906853,0.003418803418803419,18.0,0.00015194681861351982,0.0006267806267806613,0.0015954415954415263,0.002849002849002849,,BUY,PERSISTENT
,,,,,0.8444256490623224,5278.0,STRONG_BEARISH_DISPLACEMENT_AFTER_EXHAUSTION,2026-07-27 14:42:00,,EXPERIMENT:PERSISTENT:2026-07-27T14:33:00:UP,UP,2026-07-27 16:03:00,2026-07-27 14:33:00,5282.8,1.0529355149181872,5282.8,False,0.0,0.0,0.0,5.868694062659281,5282.2,2026-07-27 14:33:00,5285.237628625123,True,0.7156617733275863,0.0007957559681697268,4.199999999999818,2.7774492631524508,0.0030882910193255363,16.300000000000182,,0.002216748768472872,0.002311481621826415,0.0008336491095111096,,SELL,PERSISTENT
,,,,2026-07-27 10:06:00,0.5662839292780474,1595.0,LOWER_HIGH_AND_PREVIOUS_LOW_BREAK,2026-07-27 09:48:00,,EXPERIMENT:PIDILITIND:2026-07-27T09:36:00:UP,UP,2026-07-27 11:06:00,2026-07-27 09:45:00,1597.1,0.9032504293620027,1596.5,False,0.6890413716085205,0.0018716451565535148,2.9880814924376864,4.336577766676349,1595.8,2026-07-27 09:36:00,1593.5119185075623,False,6.318346279997664,0.017178683385579995,27.40000000000009,0.9223863182478311,0.0025078369905956114,4.0,-0.011974921630093987,0.001442006269592448,-0.0009404388714733542,-0.0009404388714733542,2026-07-27 09:51:00,SELL,PIDILITIND
,,,,2026-07-27 10:36:00,0.8599661017118185,1596.5,STRONG_BEARISH_DISPLACEMENT_AFTER_EXHAUSTION,2026-07-27 10:15:00,2026-07-27 10:30:00,EXPERIMENT:PIDILITIND:2026-07-27T10:06:00:UP,UP,2026-07-27 11:36:00,2026-07-27 10:15:00,1599.6,0.9032504293620027,1596.5,False,0.4781271162777109,0.0011219769818911528,1.7912362515892255,3.746359891767403,1596.5,2026-07-27 10:06:00,1594.7087637484108,False,6.91337745124678,0.016222987785781455,25.90000000000009,0.34700350141391767,0.0008142812402129374,1.2999999999999545,-0.010898841215158215,-0.0021296586282493523,-0.01096147823363608,-0.007766990291262193,2026-07-27 10:21:00,SELL,PIDILITIND
,,,,2026-07-27 11:06:00,1.5485675492090503,1612.0,PREVIOUS_LOW_BREAK_AFTER_EXHAUSTION,2026-07-27 10:39:00,,EXPERIMENT:PIDILITIND:2026-07-27T10:36:00:UP,UP,2026-07-27 12:06:00,2026-07-27 10:39:00,1619.0,0.9032504293620027,1618.5,True,4.234492222113289,0.01132745866590732,18.333491850770997,4.329560875098593,1615.7,2026-07-27 10:36:00,1600.166508149229,False,2.402091181998512,0.006451612903225863,10.400000000000091,1.8477624476911467,0.004962779156327543,8.0,0.00043424317617868824,-0.0013027295285359237,-0.00508684863523576,-0.0020471464019850834,2026-07-27 10:57:00,SELL,PIDILITIND
,,,,2026-07-27 12:21:00,1.026778829464868,1613.9,PREVIOUS_LOW_BREAK_AFTER_EXHAUSTION,2026-07-27 11:15:00,,EXPERIMENT:PIDILITIND:2026-07-27T11:06:00:UP,UP,2026-07-27 12:36:00,2026-07-27 11:15:00,1618.3,0.9032504293620027,1618.0,True,2.8020571419677025,0.007628852324024919,12.34348306027232,4.405150371631713,1615.3,2026-07-27 11:06:00,1605.6565169397277,False,1.9295595570898783,0.005266745151496375,8.5,2.2473693664929377,0.006134209058801717,9.900000000000091,0.00018588512299410242,0.00030980853832331617,0.0013011958609580126,0.0020447363529339994,,SELL,PIDILITIND
,,,,2026-07-27 13:54:00,1.130332346711869,1616.5,HIGHER_LOW_AND_PREVIOUS_HIGH_BREAK,2026-07-27 12:27:00,2026-07-27 13:33:00,EXPERIMENT:PIDILITIND:2026-07-27T12:21:00:DOWN,DOWN,2026-07-27 13:51:00,2026-07-27 12:21:00,1612.9,0.9032504293620027,1612.9,False,0.0,0.0,0.0,3.379533620441839,1614.4,2026-07-27 12:21:00,1609.2961563295537,False,3.698735211388651,0.007732755954222085,12.5,1.7458030197754704,0.0036498608103928804,5.900000000000091,-0.001546551190844417,0.0006186204763377668,0.001979585524280882,0.0016702752861119984,2026-07-27 13:27:00,BUY,PIDILITIND
,,,,,1.9014043891749097,1612.5,HIGHER_LOW_AND_PREVIOUS_HIGH_BREAK,2026-07-27 14:15:00,,EXPERIMENT:PIDILITIND:2026-07-27T14:06:00:DOWN,DOWN,2026-07-27 15:36:00,2026-07-27 14:09:00,1607.2,0.9032504293620027,1609.0,False,0.9612856511705314,0.0015113000466556307,2.4316817750689097,2.5296141392601843,1609.1,2026-07-27 14:06:00,1611.431681775069,False,3.360196271865371,0.005271317829457364,8.5,1.1464199045188095,0.0017984496124031572,2.900000000000091,0.000310077519379845,-0.0005581395348837774,-0.0007441860465116562,-0.00018604651162787878,2026-07-27 15:27:00,BUY,PIDILITIND
93.0,1074.5,REVERSAL,2026-07-27 11:36:00,2026-07-27 10:27:00,2.768239389276338,1069.0,PREVIOUS_HIGH_BREAK_AFTER_EXHAUSTION,2026-07-27 10:03:00,,EXPERIMENT:PNBHOUSING:2026-07-27T10:00:00:DOWN,DOWN,2026-07-27 11:30:00,2026-07-27 10:03:00,1062.0,0.8384361752237486,1063.1,False,1.9640934091155455,0.004036332198944229,4.29102476069761,2.184735583746961,1063.4,2026-07-27 10:00:00,1067.3910247606975,False,7.964350528020412,0.016276894293732545,17.40000000000009,7.552401362777937,0.015434985968194575,16.5,-0.005425631431244111,-0.0031805425631432093,-0.006548175865294668,-0.009167446211412493,2026-07-27 10:21:00,BUY,PNBHOUSING
48.0,1074.5,REVERSAL,2026-07-27 11:36:00,2026-07-27 11:33:00,1.6892458266814845,1058.8,HIGHER_LOW_AND_PREVIOUS_HIGH_BREAK,2026-07-27 10:48:00,,EXPERIMENT:PNBHOUSING:2026-07-27T10:27:00:DOWN,DOWN,2026-07-27 11:57:00,2026-07-27 10:45:00,1053.9,0.8384361752237486,1059.1,True,2.533848708789199,0.006238013387615785,6.606679978823877,2.6073695544280864,1060.6,2026-07-27 10:27:00,1065.7066799788238,False,1.4574075215177795,0.003588968643747596,3.7999999999999545,10.240205480138222,0.025217227049490032,26.700000000000045,0.01907820173781644,0.0026445032111824278,0.005761239138647655,0.01095579901775608,,BUY,PNBHOUSING
93.0,1070.2,REVERSAL,2026-07-27 13:39:00,2026-07-27 13:06:00,1.2484276083607224,1081.4,LOWER_HIGH_AND_PREVIOUS_LOW_BREAK,2026-07-27 12:06:00,,EXPERIMENT:PNBHOUSING:2026-07-27T11:33:00:UP,UP,2026-07-27 13:03:00,2026-07-27 12:03:00,1084.8,0.8384361752237486,1075.4,True,4.333578682989994,0.011051253263760878,11.88451775984845,2.7424257476845013,1074.8,2026-07-27 11:33:00,1063.5154822401516,False,0.8022095044350183,0.002034399852043479,2.199999999999818,4.485080411159857,0.011374144627335103,12.300000000000182,0.008415017569817029,-0.0017569816904012053,0.0012021453671168688,0.0019419271314963346,,SELL,PNBHOUSING
33.0,1070.2,REVERSAL,2026-07-27 13:39:00,2026-07-27 13:57:00,1.1356174233218437,1072.3,STRONG_BEARISH_DISPLACEMENT_AFTER_EXHAUSTION,2026-07-27 13:06:00,,EXPERIMENT:PNBHOUSING:2026-07-27T13:03:00:UP,UP,2026-07-27 14:33:00,2026-07-27 13:06:00,1075.0,0.8384361752237486,1075.0,True,2.8205275586526524,0.006238118210609215,6.705977076404906,2.377561267158229,1072.3,2026-07-27 13:03:00,1068.294022923595,False,4.416289979584874,0.009792035810873822,10.5,1.3459169461592186,0.002984239485218731,3.2000000000000455,-0.002797724517392521,-0.0010258323230440515,0.0017718921943484693,0.0024246945817401,,SELL,PNBHOUSING
,,,,2026-07-27 14:18:00,1.6271690365080362,1073.4,PREVIOUS_HIGH_BREAK_AFTER_EXHAUSTION,2026-07-27 14:03:00,,EXPERIMENT:PNBHOUSING:2026-07-27T13:57:00:DOWN,DOWN,2026-07-27 15:27:00,2026-07-27 14:03:00,1070.4,0.8384361752237486,1070.9,False,0.0,0.0,0.0,1.773750345769037,1071.8,2026-07-27 13:57:00,1068.7146560356734,False,1.6913315941874016,0.002794857462269424,3.0,5.299505661787115,0.008757220048444068,9.399999999999864,0.00549655300912974,0.002515371716042312,0.003726476616359232,0.002235885969815412,,BUY,PNBHOUSING
,,,,2026-07-27 15:00:00,0.6081615482489743,1076.9,STRONG_BEARISH_DISPLACEMENT_AFTER_EXHAUSTION,2026-07-27 14:18:00,,EXPERIMENT:PNBHOUSING:2026-07-27T14:18:00:UP,UP,2026-07-27 15:48:00,2026-07-27 14:18:00,1078.1,0.8384361752237486,1078.1,True,4.670456291417677,0.008547961436432095,9.215557224617442,1.973159933334937,1076.9,2026-07-27 14:18:00,1068.8844427753825,False,2.9901276122245073,0.00547868882904621,5.899999999999864,1.216323096498179,0.002228619184696899,2.400000000000091,0.0007428730615657739,0.00083573219426139,0.0014857461231313365,0.0004642956634785031,2026-07-27 14:54:00,SELL,PNBHOUSING
,,,,,1.2736630747607243,1080.3,STRONG_BEARISH_DISPLACEMENT_AFTER_EXHAUSTION,2026-07-27 15:09:00,,EXPERIMENT:PNBHOUSING:2026-07-27T15:00:00:UP,UP,2026-07-27 16:30:00,2026-07-27 15:06:00,1082.8,0.8384361752237486,1079.3,True,5.397656068599309,0.009193456968115497,9.922498105687055,1.8382975831696409,1078.4,2026-07-27 15:00:00,1069.377501894313,False,0.8703705072828168,0.0014810700731279613,1.6000000000001364,2.828704148668938,0.004813477737665506,5.2000000000000455,,0.003887808941960609,0.0040729427011014195,,,SELL,PNBHOUSING
,,,,2026-07-27 10:45:00,0.7940746268618988,1552.0,PREVIOUS_LOW_BREAK_AFTER_EXHAUSTION,2026-07-27 10:33:00,,EXPERIMENT:POLICYBZR:2026-07-27T10:15:00:UP,UP,2026-07-27 11:45:00,2026-07-27 10:18:00,1554.6,0.2669270833333274,1553.8,True,2.3332666101278114,0.0062326626655741105,9.684311249769053,4.15053779440943,1552.0,2026-07-27 10:15:00,1544.115688750231,False,1.6624351690747285,0.004445876288659853,6.900000000000091,1.2046631659961642,0.0032216494845360823,5.0,0.0001288659793814726,-0.002319587628865921,-0.0023840206185567303,-0.002963917525773137,2026-07-27 10:42:00,SELL,POLICYBZR
,,,,2026-07-27 12:09:00,0.8608236713190757,1556.6,STRONG_BEARISH_DISPLACEMENT_AFTER_EXHAUSTION,2026-07-27 11:00:00,,EXPERIMENT:POLICYBZR:2026-07-27T10:36:00:UP,UP,2026-07-27 12:06:00,2026-07-27 10:57:00,1558.9,0.2669270833333274,1557.2,True,3.2868553794085917,0.006553639833055327,10.205327948033755,3.1048910797742533,1555.8,2026-07-27 10:36:00,1546.9946720519663,False,0.354279738560141,0.0007066683798022205,1.1000000000001364,3.091895900160818,0.006167287678273101,9.599999999999909,0.00276243093922649,0.0012848515996402416,0.0022484902993704227,0.0019272773994603624,,SELL,POLICYBZR
,,,,2026-07-27 12:30:00,0.7178991502647731,1553.2,PREVIOUS_LOW_BREAK_AFTER_EXHAUSTION,2026-07-27 12:18:00,,EXPERIMENT:POLICYBZR:2026-07-27T12:00:00:UP,UP,2026-07-27 13:30:00,2026-07-27 12:12:00,1554.4,0.2669270833333274,1553.8,False,2.604686494617037,0.0030414472609521497,4.72580075406745,1.8143453209566691,1553.7,2026-07-27 12:00:00,1549.0741992459325,False,0.9920933899456634,0.0011588977594643023,1.7999999999999545,3.4172105653685074,0.0039917589492660605,6.2000000000000455,0.003347926860674765,-0.0007082152974503663,0.00012876641771828836,0.0007725985063095838,2026-07-27 12:27:00,SELL,POLICYBZR
,,,,2026-07-27 13:18:00,0.8770008594127229,1553.7,PREVIOUS_LOW_BREAK_AFTER_EXHAUSTION,2026-07-27 12:33:00,,EXPERIMENT:POLICYBZR:2026-07-27T12:21:00:UP,UP,2026-07-27 13:51:00,2026-07-27 12:33:00,1555.0,0.2669270833333274,1554.8,False,3.7545095250962475,0.003613364387508231,5.618058949697797,1.496349632926761,1554.2,2026-07-27 12:21:00,1549.1819410503022,False,0.8687809128253271,0.0008367123640342115,1.2999999999999545,4.47756316609995,0.004312286799253424,6.7000000000000455,0.0036686619038424698,0.001094162322198652,0.001094162322198652,0.0009654373431164317,,SELL,POLICYBZR
78.0,1552.2,ACCEPTED_BREAKOUT,2026-07-27 14:39:00,2026-07-27 14:45:00,0.8270933728131828,1549.0,STRONG_BULLISH_DISPLACEMENT_AFTER_EXHAUSTION,2026-07-27 13:21:00,,EXPERIMENT:POLICYBZR:2026-07-27T13:18:00:DOWN,DOWN,2026-07-27 14:48:00,2026-07-27 13:18:00,1547.6,0.2669270833333274,1547.6,False,1.1253211103948972,0.0012080273764238762,1.8695431677535908,1.661341949852457,1548.0,2026-07-27 13:18:00,1549.4695431677535,False,1.203846083690127,0.0012911555842479018,2.0,3.6115382510703813,0.003873466752743706,6.0,0.0006455777921239509,-0.0002582311168496391,-0.0005164622336991314,-0.0006455777921239509,2026-07-27 13:33:00,BUY,POLICYBZR
,,,,,1.3199740396349788,1551.9,PREVIOUS_HIGH_BREAK_AFTER_EXHAUSTION,2026-07-27 14:57:00,,EXPERIMENT:POLICYBZR:2026-07-27T14:45:00:DOWN,DOWN,2026-07-27 16:15:00,2026-07-27 14:57:00,1550.0,0.2669270833333274,1550.6,False,0.0,0.0,0.0,1.5039860332506394,1551.7,2026-07-27 14:45:00,1549.2123985589506,False,1.263309603941951,0.001224305689799659,1.900000000000091,2.061189353799866,0.0019975513886203423,3.099999999999909,,0.0007088085572523416,0.0005799342741155122,0.0012887428313680005,,BUY,POLICYBZR
,,,,2026-07-27 11:21:00,1.315528358842185,9036.0,HIGHER_LOW_AND_PREVIOUS_HIGH_BREAK,2026-07-27 10:27:00,2026-07-27 10:39:00,EXPERIMENT:POLYCAB:2026-07-27T10:12:00:DOWN,DOWN,2026-07-27 11:42:00,2026-07-27 10:18:00,9013.5,0.9550561797752809,9031.0,False,0.0,0.0,0.0,17.324503398374627,9039.0,2026-07-27 10:12:00,9011.484322188391,False,2.2800076337949093,0.004371403275785746,39.5,0.8081039714716134,0.0015493581230633024,14.0,-0.0018260292164674634,-0.0035413899955732625,-0.0018813634351482957,-0.001217352810978309,2026-07-27 10:36:00,BUY,POLYCAB
,,,,2026-07-27 12:54:00,0.7969524493509137,9019.5,HIGHER_LOW_AND_PREVIOUS_HIGH_BREAK,2026-07-27 11:27:00,,EXPERIMENT:POLYCAB:2026-07-27T11:21:00:DOWN,DOWN,2026-07-27 12:51:00,2026-07-27 11:24:00,9008.5,0.9550561797752809,9013.0,False,0.21249369897596018,0.0003290653456709229,2.965865960532028,13.95743014887026,9015.5,2026-07-27 11:21:00,9015.965865960532,False,1.3971053261246924,0.002161982371528355,19.5,2.1852160229129804,0.003381562170852043,30.5,-0.0004989190088142358,0.0016630633627141194,0.0006652253450856477,0.002272853262375963,2026-07-27 12:36:00,BUY,POLYCAB
,,,,2026-07-27 14:54:00,0.7333665542936348,9019.5,LOWER_HIGH_AND_PREVIOUS_LOW_BREAK,2026-07-27 13:48:00,2026-07-27 14:48:00,EXPERIMENT:POLYCAB:2026-07-27T13:48:00:UP,UP,2026-07-27 15:18:00,2026-07-27 13:48:00,9027.0,0.9550561797752809,9027.0,False,0.7893478617238394,0.0008942627853393046,8.072510163257903,10.226809439413094,9019.5,2026-07-27 13:48:00,9018.927489836742,False,2.982357320794115,0.003381562170852043,30.5,1.9067530411634506,0.002161982371528355,19.5,-0.0011641443538998836,0.0002771772271190199,0.0011641443538998836,0.0006652253450856477,2026-07-27 14:45:00,SELL,POLYCAB
,,,,,1.0933139043524895,9017.5,LOWER_HIGH_AND_PREVIOUS_LOW_BREAK,2026-07-27 14:57:00,,EXPERIMENT:POLYCAB:2026-07-27T14:54:00:UP,UP,2026-07-27 16:24:00,2026-07-27 14:54:00,9030.5,0.9550561797752809,9030.5,False,0.9348262125816579,0.0012499203962332596,11.287406138184451,12.07433636997902,9023.5,2026-07-27 14:54:00,9019.212593861816,False,0.6211521503283275,0.0008317161075686166,7.5,1.449355017432764,0.0019406709176601053,17.5,,0.0011089548100914888,0.0013861935126143609,0.0009980593290823399,,SELL,POLYCAB
36.0,31190.0,REVERSAL,2026-07-27 10:18:00,2026-07-27 10:51:00,0.9277573754356353,31065.0,STRONG_BULLISH_DISPLACEMENT_AFTER_EXHAUSTION,2026-07-27 09:42:00,,EXPERIMENT:POWERINDIA:2026-07-27T09:33:00:DOWN,DOWN,2026-07-27 11:03:00,2026-07-27 09:42:00,30960.0,0.3852327447833066,31045.0,False,0.30547665510188043,0.001164811011167556,36.16155784169678,118.3774839672656,31095.0,2026-07-27 09:33:00,31081.161557841697,False,0.8869930030700364,0.003380009657170449,105.0,5.828811163031667,0.02221149203283438,690.0,0.008047642040882022,0.0016095284081764044,0.0011266698857234831,0.0020923869306293257,,BUY,POWERINDIA
,,,,2026-07-27 12:24:00,0.9633037871127956,31580.0,STRONG_BEARISH_DISPLACEMENT_AFTER_EXHAUSTION,2026-07-27 11:36:00,,EXPERIMENT:POWERINDIA:2026-07-27T10:51:00:UP,UP,2026-07-27 12:21:00,2026-07-27 11:33:00,31650.0,0.3852327447833066,31335.0,True,2.6176140781480197,0.006571122337237897,205.9061184373495,78.66175543456335,31335.0,2026-07-27 10:51:00,31129.09388156265,False,2.2247151621931183,0.005541481950601647,175.0,1.970462000799619,0.004908169727675744,155.0,-0.00047498416719442683,-0.0009499683343888537,-0.00031665611146295124,0.0011082963901203294,,SELL,POWERINDIA
,,,,2026-07-27 13:45:00,2.1048703477879047,31560.0,LOWER_HIGH_AND_PREVIOUS_LOW_BREAK,2026-07-27 12:51:00,,EXPERIMENT:POWERINDIA:2026-07-27T12:12:00:UP,UP,2026-07-27 13:42:00,2026-07-27 12:42:00,31690.0,0.3852327447833066,31460.0,True,3.044929736385394,0.00571052380178154,179.65307880404725,59.000730511867786,31455.0,2026-07-27 12:12:00,31280.346921195953,False,3.3050438241739473,0.006178707224334601,195.0,2.2033625494492983,0.004119138149556401,130.0,0.0015842839036755386,0.0012674271229404308,0.0,-0.0003168567807351077,,SELL,POWERINDIA
,,,,2026-07-27 13:57:00,,,,,,EXPERIMENT:POWERINDIA:2026-07-27T13:36:00:UP,UP,2026-07-27 15:06:00,2026-07-27 13:51:00,31525.0,0.3852327447833066,31510.0,True,3.5138210084029766,0.005191398170956779,163.5809563668481,46.553582546082865,31480.0,2026-07-27 13:36:00,31346.419043633152,False,,,,,,,,,,,,SELL,POWERINDIA
,,,,2026-07-27 14:27:00,0.7351310073653963,31530.0,STRONG_BULLISH_DISPLACEMENT_AFTER_EXHAUSTION,2026-07-27 14:03:00,,EXPERIMENT:POWERINDIA:2026-07-27T13:57:00:DOWN,DOWN,2026-07-27 15:27:00,2026-07-27 13:57:00,31500.0,0.3852327447833066,31500.0,False,0.0,0.0,0.0,41.70754037637112,31500.0,2026-07-27 13:57:00,31349.561778665113,False,0.719294394473478,0.0009514747859181732,30.0,5.394707958551085,0.007136060894386299,225.0,0.0009514747859181732,-0.0006343165239454488,0.00507453219156359,0.004440215667618141,,BUY,POWERINDIA
,,,,2026-07-27 15:21:00,0.785104426552931,31685.0,STRONG_BEARISH_DISPLACEMENT_AFTER_EXHAUSTION,2026-07-27 14:27:00,,EXPERIMENT:POWERINDIA:2026-07-27T14:27:00:UP,UP,2026-07-27 15:57:00,2026-07-27 14:27:00,31725.0,0.3852327447833066,31725.0,True,7.05358218135046,0.011327671999820401,359.3703941943022,50.94863644524776,31685.0,2026-07-27 14:27:00,31365.629605805698,False,0.785104426552931,0.001262427015938141,40.0,3.631107972807306,0.005838724948713903,185.0,0.0036294776708221555,0.0015780337699226763,0.0029982641628530852,0.0039450844248066904,,SELL,POWERINDIA
,,,,,,,,,,EXPERIMENT:POWERINDIA:2026-07-27T15:21:00:DOWN,DOWN,2026-07-27 16:51:00,2026-07-27 15:24:00,31535.0,0.3852327447833066,31550.0,False,0.0,0.0,0.0,50.10387032591707,31570.0,2026-07-27 15:21:00,31398.000970322453,False,,,,,,,,,,,,BUY,POWERINDIA
,,,,2026-07-27 09:54:00,1.0835187481904003,1024.7,HIGHER_LOW_AND_PREVIOUS_HIGH_BREAK,2026-07-27 09:36:00,2026-07-27 09:45:00,EXPERIMENT:PREMIERENE:2026-07-27T09:33:00:DOWN,DOWN,2026-07-27 11:03:00,2026-07-27 09:33:00,1021.1,1.2875958325142542,1021.1,False,1.3043234297204833,0.004334720406375531,4.426183006950055,3.3934704430622595,1022.6,2026-07-27 09:33:00,1025.52618300695,True,2.062785021248989,0.006831267688103835,7.0,5.304304340354544,0.017566116912267005,18.0,-0.003122865228847512,-0.0047818873816727735,-0.0036108129208549285,-0.0036108129208549285,2026-07-27 09:42:00,BUY,PREMIERENE
,,,,2026-07-27 11:27:00,0.6899342813070375,1021.0,PREVIOUS_HIGH_BREAK_AFTER_EXHAUSTION,2026-07-27 09:54:00,,EXPERIMENT:PREMIERENE:2026-07-27T09:54:00:DOWN,DOWN,2026-07-27 11:24:00,2026-07-27 09:54:00,1019.0,1.2875958325142542,1019.0,False,1.410671714464707,0.004013045145028087,4.08929300278362,2.8988268218983477,1021.0,2026-07-27 09:54:00,1023.0892930027836,True,0.6899342813070375,0.0019588638589618022,2.0,7.485786952181372,0.021253672869735597,21.700000000000045,0.0027424094025464783,0.0,0.002448579823702253,0.0008814887365327887,,BUY,PREMIERENE
,,,,2026-07-27 13:03:00,1.4994560853679797,1032.7,STRONG_BEARISH_DISPLACEMENT_AFTER_EXHAUSTION,2026-07-27 12:09:00,,EXPERIMENT:PREMIERENE:2026-07-27T11:39:00:UP,UP,2026-07-27 13:09:00,2026-07-27 11:51:00,1035.7,1.2875958325142542,1034.0,True,3.2344614301217165,0.007787358249336383,8.05212842981382,2.4894804293618704,1034.0,2026-07-27 11:39:00,1025.9478715701862,True,4.016902435566968,0.009683354313934347,10.0,0.6828734140464029,0.001646170233368883,1.7000000000000455,-0.0017430037765081383,0.00019366708627873097,0.00019366708627873097,-0.0009683354313934346,2026-07-27 12:57:00,SELL,PREMIERENE
,,,,2026-07-27 13:57:00,0.7459746659355844,1034.4,LOWER_HIGH_AND_PREVIOUS_LOW_BREAK,2026-07-27 13:06:00,,EXPERIMENT:PREMIERENE:2026-07-27T13:03:00:UP,UP,2026-07-27 14:33:00,2026-07-27 13:03:00,1035.5,1.2875958325142542,1035.5,True,5.294653820580785,0.007883723494405052,8.163595678456431,1.5418563621145196,1035.0,2026-07-27 13:03:00,1027.3364043215436,True,5.383121413863247,0.008023975251353397,8.299999999999955,0.9079963830613345,0.0013534416086621141,1.400000000000091,-0.0017401392111368469,-0.00048337200309358076,-0.000580046403712209,0.0012567672080434859,2026-07-27 13:54:00,SELL,PREMIERENE
,,,,2026-07-27 14:48:00,1.3277101991723903,1036.2,PREVIOUS_LOW_BREAK_AFTER_EXHAUSTION,2026-07-27 14:06:00,,EXPERIMENT:PREMIERENE:2026-07-27T13:48:00:UP,UP,2026-07-27 15:18:00,2026-07-27 13:57:00,1038.0,1.2875958325142542,1038.0,True,6.90118577927538,0.009166298436186195,9.51461777676127,1.3786931812985186,1037.3,2026-07-27 13:48:00,1028.4853822232387,True,4.714609521661659,0.006272920285659139,6.5,0.4351947250765598,0.0005790387955994367,0.6000000000001364,-0.003281219841729264,-0.0004825323296660876,-0.00038602586373273845,-0.000868558193398826,,SELL,PREMIERENE
,,,,,2.4590006367413615,1040.3,HIGHER_LOW_AND_PREVIOUS_HIGH_BREAK,2026-07-27 14:54:00,,EXPERIMENT:PREMIERENE:2026-07-27T14:48:00:DOWN,DOWN,2026-07-27 16:18:00,2026-07-27 14:48:00,1036.8,1.2875958325142542,1036.8,False,0.0,0.0,0.0,1.240681188930416,1037.1,2026-07-27 14:48:00,1028.9437026124892,True,2.3374256222099548,0.00278765740651722,2.8999999999998636,1.934421204587713,0.0023070268191868605,2.400000000000091,,0.001345765644525705,-0.0012496395270594584,-0.0011535134095934302,,BUY,PREMIERENE
180.0,1634.9,REVERSAL,2026-07-27 12:57:00,2026-07-27 10:15:00,0.6941979715696059,1630.0,PREVIOUS_LOW_BREAK_AFTER_EXHAUSTION,2026-07-27 09:57:00,,EXPERIMENT:PRESTIGE:2026-07-27T09:54:00:UP,UP,2026-07-27 11:24:00,2026-07-27 09:57:00,1634.0,0.5,1633.9,True,2.1401983513091545,0.007725078628955296,12.622005971850058,5.897586998947647,1633.4,2026-07-27 09:54:00,1621.27799402815,False,3.357305284946712,0.012147239263803653,19.799999999999955,0.06782434919085825,0.00024539877300619077,0.40000000000009095,-0.002208588957055159,-0.002147239263803681,-0.004417177914110457,-0.003067484662576687,2026-07-27 10:06:00,SELL,PRESTIGE
159.0,1634.9,REVERSAL,2026-07-27 12:57:00,2026-07-27 10:36:00,1.016456051248413,1634.4,LOWER_HIGH_AND_PREVIOUS_LOW_BREAK,2026-07-27 10:18:00,,EXPERIMENT:PRESTIGE:2026-07-27T10:15:00:UP,UP,2026-07-27 11:45:00,2026-07-27 10:15:00,1639.5,0.5,1639.5,True,2.4469413315869977,0.007593808366107901,12.450048816233902,5.0880046266410694,1637.2,2026-07-27 10:15:00,1627.049951183766,False,3.0267268074727416,0.0094224180127263,15.399999999999864,0.8647790878493803,0.0026921194322075933,4.400000000000091,-0.0009177679882525697,-0.0046500244738129646,0.000856583455702454,-0.0004894762604013427,2026-07-27 10:27:00,SELL,PRESTIGE
120.0,1634.9,REVERSAL,2026-07-27 12:57:00,2026-07-27 11:45:00,0.8317331538120041,1633.6,STRONG_BEARISH_DISPLACEMENT_AFTER_EXHAUSTION,2026-07-27 10:57:00,,EXPERIMENT:PRESTIGE:2026-07-27T10:36:00:UP,UP,2026-07-27 12:06:00,2026-07-27 10:51:00,1636.9,0.5,1633.6,False,1.0213478432538887,0.0031399704377295954,5.129455707075067,5.022241678930119,1633.0,2026-07-27 10:36:00,1628.4705442929248,False,3.2256512202437673,0.009916748285994152,16.200000000000045,0.7168113822763725,0.002203721841331972,3.599999999999909,0.0014079333986287675,0.001285504407443627,-0.00024485798237028095,-0.0018364348677766896,2026-07-27 11:36:00,SELL,PRESTIGE
72.0,1634.9,REVERSAL,2026-07-27 12:57:00,2026-07-27 12:18:00,0.5152068519201589,1634.0,LOWER_HIGH_AND_PREVIOUS_LOW_BREAK,2026-07-27 11:45:00,2026-07-27 12:06:00,EXPERIMENT:PRESTIGE:2026-07-27T11:45:00:UP,UP,2026-07-27 13:15:00,2026-07-27 11:45:00,1635.4,0.5,1635.4,False,2.396673044251256,0.003982274596494738,6.5126118751074955,2.7173551647893213,1634.0,2026-07-27 11:45:00,1628.8873881248926,False,5.814477328812828,0.009669522643818821,15.799999999999955,1.4720195769146442,0.0024479804161566705,4.0,-0.0018359853121175031,-0.0009179926560587516,-0.0012239902080783353,-0.004651162790697619,2026-07-27 11:51:00,SELL,PRESTIGE
36.0,1634.9,REVERSAL,2026-07-27 12:57:00,2026-07-27 12:39:00,0.5415759807134991,1641.9,STRONG_BEARISH_DISPLACEMENT_AFTER_EXHAUSTION,2026-07-27 12:21:00,2026-07-27 12:27:00,EXPERIMENT:PRESTIGE:2026-07-27T12:18:00:UP,UP,2026-07-27 13:48:00,2026-07-27 12:18:00,1643.5,0.5,1643.5,True,4.6428713748738915,0.008596829947225501,14.12889001826511,3.043136214095286,1643.1,2026-07-27 12:18:00,1629.371109981735,False,2.5960060425190354,0.00481149887325651,7.899999999999864,3.9104394817692776,0.007247700834399227,11.900000000000091,0.004080638284913847,-0.002862537304342419,0.0003045252451428223,0.004872403922285157,2026-07-27 12:24:00,SELL,PRESTIGE
18.0,1634.9,REVERSAL,2026-07-27 12:57:00,2026-07-27 13:15:00,0.7954641586402224,1641.4,LOWER_HIGH_AND_PREVIOUS_LOW_BREAK,2026-07-27 12:39:00,,EXPERIMENT:PRESTIGE:2026-07-27T12:39:00:UP,UP,2026-07-27 14:09:00,2026-07-27 12:39:00,1644.1,0.5,1644.1,True,3.8699616281715685,0.007989536356492376,13.135596723709114,3.3942446943369973,1641.4,2026-07-27 12:39:00,1630.9644032762908,False,2.2685459338999925,0.004691117338856962,7.699999999999818,3.358626447592303,0.006945290605580657,11.400000000000091,0.004508346533447113,0.004569270135250395,0.00396003411721701,0.001279395637870194,,SELL,PRESTIGE
,,,,2026-07-27 14:24:00,0.7465960448795488,1635.2,HIGHER_LOW_AND_PREVIOUS_HIGH_BREAK,2026-07-27 13:21:00,2026-07-27 13:45:00,EXPERIMENT:PRESTIGE:2026-07-27T13:15:00:DOWN,DOWN,2026-07-27 14:45:00,2026-07-27 13:15:00,1632.9,0.5,1632.9,False,0.6201541901325834,0.001280729649285939,2.09130344431901,3.372231418563677,1634.3,2026-07-27 13:15:00,1634.991303444319,False,1.5420056794960009,0.003180039138943276,5.2000000000000455,4.121899797114233,0.008500489236790523,13.899999999999864,0.0027519569471624265,-0.001161937377690858,-0.0007338551859100083,-0.0020181017612524183,2026-07-27 13:24:00,BUY,PRESTIGE
,,,,,0.8050122410286099,1639.8,STRONG_BULLISH_DISPLACEMENT_AFTER_EXHAUSTION,2026-07-27 14:27:00,,EXPERIMENT:PRESTIGE:2026-07-27T14:24:00:DOWN,DOWN,2026-07-27 15:54:00,2026-07-27 14:24:00,1637.8,0.5,1637.8,False,0.0,0.0,0.0,2.506313830058875,1638.8,2026-07-27 14:24:00,1634.9843657805582,False,0.797984664176321,0.0012196609342602757,2.0,3.7106286884198743,0.005671423344310254,9.299999999999955,0.0009147457006952067,0.0011586778875473174,0.002927186242224634,0.0019514574948164688,,BUY,PRESTIGE
,,,,2026-07-27 10:51:00,0.7545149588213702,4148.7,LOWER_HIGH_AND_PREVIOUS_LOW_BREAK,2026-07-27 09:45:00,2026-07-27 10:45:00,EXPERIMENT:RADICO:2026-07-27T09:45:00:UP,UP,2026-07-27 11:15:00,2026-07-27 09:45:00,4159.9,0.33787068546425947,4159.9,False,0.4761326022653076,0.0016990071146839813,7.067699696373893,14.843973428300702,4148.7,2026-07-27 09:45:00,4152.832300303626,False,3.523315388067718,0.012606358618362424,52.30000000000018,2.0883896181663264,0.007472220213560875,31.0,-0.0075445320220792495,0.003133511702461012,0.004820787234555403,-0.001566755851230506,2026-07-27 10:42:00,SELL,RADICO
,,,,2026-07-27 12:24:00,1.1601103786398084,4187.7,LOWER_HIGH_AND_PREVIOUS_LOW_BREAK,2026-07-27 11:03:00,,EXPERIMENT:RADICO:2026-07-27T10:51:00:UP,UP,2026-07-27 12:21:00,2026-07-27 10:54:00,4201.0,0.33787068546425947,4199.0,True,3.555601296407674,0.010526832822749138,44.20217102272363,12.43170067110234,4186.3,2026-07-27 10:51:00,4154.797828977276,False,0.426329441177755,0.0012656111946892524,5.300000000000182,4.190898846294347,0.01244119683835983,52.099999999999454,0.00900255510184584,0.001862597607278502,0.0037490746710604436,0.00733099314659594,,SELL,RADICO
,,,,2026-07-27 13:27:00,1.9927665869626792,4149.7,LOWER_HIGH_AND_PREVIOUS_LOW_BREAK,2026-07-27 12:27:00,,EXPERIMENT:RADICO:2026-07-27T12:18:00:UP,UP,2026-07-27 13:48:00,2026-07-27 12:24:00,4160.4,0.33787068546425947,4160.4,False,0.39809164436250993,0.0004892631970839029,2.035530605147869,5.113221123762838,4158.0,2026-07-27 12:18:00,4158.364469394852,False,3.305157275804214,0.0040725835602574995,16.900000000000546,2.757557253777285,0.00339783598814359,14.099999999999454,0.0023375183748222325,0.0019760464611899217,0.0014458876545292432,0.001662770802708542,,SELL,RADICO
,,,,2026-07-27 14:06:00,0.9115796423850783,4139.0,HIGHER_LOW_AND_PREVIOUS_HIGH_BREAK,2026-07-27 13:39:00,,EXPERIMENT:RADICO:2026-07-27T13:27:00:DOWN,DOWN,2026-07-27 14:57:00,2026-07-27 13:36:00,4135.6,0.33787068546425947,4138.3,False,4.404321662106163,0.004493705605968318,18.596301909178692,4.2222851407918895,4140.0,2026-07-27 13:27:00,4156.896301909179,False,0.4736771519000017,0.00048320850446967865,2.0,6.53674469622011,0.006668277361681654,27.600000000000364,0.003285817830393903,0.0024160425223483935,0.004397197390674032,0.003334138680840827,,BUY,RADICO
,,,,2026-07-27 14:27:00,1.1557155686716154,4152.8,PREVIOUS_LOW_BREAK_AFTER_EXHAUSTION,2026-07-27 14:06:00,,EXPERIMENT:RADICO:2026-07-27T14:06:00:UP,UP,2026-07-27 15:36:00,2026-07-27 14:06:00,4158.1,0.33787068546425947,4158.1,False,0.4569473665844216,0.0005039601018529653,2.0955164995148152,4.585903438241319,4152.8,2026-07-27 14:06:00,4156.004483500486,False,3.0092216693713123,0.0033230591408206947,13.800000000000182,2.2678192290915127,0.0025043344249664192,10.400000000000546,0.0011317665189751055,-0.0004093623579271378,0.0006742438836448136,0.0006742438836448136,2026-07-27 14:09:00,SELL,RADICO
,,,,2026-07-27 14:48:00,1.077928194408621,4150.0,LOWER_HIGH_AND_PREVIOUS_LOW_BREAK,2026-07-27 14:33:00,2026-07-27 14:45:00,EXPERIMENT:RADICO:2026-07-27T14:27:00:UP,UP,2026-07-27 15:57:00,2026-07-27 14:27:00,4155.0,0.33787068546425947,4155.0,False,0.0,0.0,0.0,4.595570814673166,4153.6,2026-07-27 14:27:00,4155.928381680609,False,3.6121736927648556,0.004000000000000088,16.600000000000364,1.6537662689767236,0.001831325301204907,7.600000000000364,,-0.0019759036144577874,-0.0009638554216867469,0.0,2026-07-27 14:42:00,SELL,RADICO
,,,,,1.3690382555609846,4150.4,PREVIOUS_LOW_BREAK_AFTER_EXHAUSTION,2026-07-27 14:54:00,,EXPERIMENT:RADICO:2026-07-27T14:48:00:UP,UP,2026-07-27 16:18:00,2026-07-27 14:54:00,4157.1,0.33787068546425947,4156.6,False,0.15510078262307833,0.00017533622008363583,0.7288025323996408,4.698896550191862,4155.2,2026-07-27 14:48:00,4155.871197467601,False,3.4476179304988657,0.003903238242097323,16.200000000000728,1.702527373085783,0.0019275250578257518,8.0,,-0.000626445643793457,0.0012769853508093852,0.0016143022359290235,2026-07-27 15:27:00,SELL,RADICO
,,,,2026-07-27 11:12:00,,,,,,EXPERIMENT:SBICARD:2026-07-27T09:39:00:DOWN,DOWN,2026-07-27 11:09:00,2026-07-27 09:51:00,628.8,2.111650485436886,631.65,True,1.6592834395147928,0.007316419150030141,4.621416156116538,2.7851878986196184,632.15,2026-07-27 09:39:00,636.2714161561165,True,,,,,,,,,,,,BUY,SBICARD
,,,,2026-07-27 11:51:00,1.0479468456520749,643.0,PREVIOUS_LOW_BREAK_AFTER_EXHAUSTION,2026-07-27 11:42:00,,EXPERIMENT:SBICARD:2026-07-27T11:24:00:UP,UP,2026-07-27 12:54:00,2026-07-27 11:36:00,644.95,2.111650485436886,640.3,True,3.2690979804510727,0.00903149446735932,5.782865907450173,1.7689484812113978,639.35,2026-07-27 11:24:00,634.5171340925498,True,2.4025572508983117,0.006609642301710731,4.25,1.526330488806012,0.004199066874028065,2.7000000000000455,0.0010108864696733706,-0.0013996889580092959,-0.002643856920684363,-0.0009331259720062562,2026-07-27 11:48:00,SELL,SBICARD
,,,,2026-07-27 13:18:00,0.9628055883517849,644.7,STRONG_BEARISH_DISPLACEMENT_AFTER_EXHAUSTION,2026-07-27 12:00:00,,EXPERIMENT:SBICARD:2026-07-27T11:45:00:UP,UP,2026-07-27 13:15:00,2026-07-27 11:57:00,646.45,2.111650485436886,644.5,True,4.923393569237561,0.01361460891920099,8.774615448425038,1.78222913220888,643.9,2026-07-27 11:45:00,635.725384551575,True,1.4307924575553908,0.0039553280595625165,2.5499999999999545,2.468818358134887,0.006824879789049311,4.400000000000091,0.002869551729486618,0.0017062199472623277,0.0017837753994107196,0.0025593299208935797,,SELL,SBICARD
,,,,2026-07-27 13:45:00,1.2059601348926068,642.8,LOWER_HIGH_AND_PREVIOUS_LOW_BREAK,2026-07-27 13:18:00,,EXPERIMENT:SBICARD:2026-07-27T13:12:00:UP,UP,2026-07-27 14:42:00,2026-07-27 13:18:00,644.3,2.111650485436886,644.3,True,5.969243524676228,0.011523634443781794,7.42467767212861,1.2438222098722842,642.8,2026-07-27 13:12:00,636.8753223278713,True,3.57768173351477,0.006922837585563233,4.4500000000000455,1.246158806055657,0.0024113254511511427,1.5499999999999545,0.000622277535780923,-0.0010889856876167478,-0.0014779091474798468,-0.0007000622277536489,2026-07-27 13:42:00,SELL,SBICARD
,,,,2026-07-27 14:00:00,0.8620035094963397,643.25,LOWER_HIGH_AND_PREVIOUS_LOW_BREAK,2026-07-27 13:45:00,,EXPERIMENT:SBICARD:2026-07-27T13:33:00:UP,UP,2026-07-27 15:03:00,2026-07-27 13:45:00,644.2,2.111650485436886,644.2,True,6.542482385426544,0.011192739932138948,7.210363064283911,1.1020836800944362,643.25,2026-07-27 13:33:00,636.9896369357161,True,3.6294884610370466,0.006218422075398368,4.0,1.8147442305185233,0.003109211037699184,2.0,-0.001088223863194785,-0.0010104935872521995,-0.0004663816556548069,7.77302759424089e-05,2026-07-27 13:57:00,SELL,SBICARD
,,,,2026-07-27 15:12:00,0.9550504171589683,643.55,LOWER_HIGH_AND_PREVIOUS_LOW_BREAK,2026-07-27 14:03:00,,EXPERIMENT:SBICARD:2026-07-27T13:54:00:UP,UP,2026-07-27 15:24:00,2026-07-27 14:00:00,644.55,2.111650485436886,644.55,True,6.974365521452168,0.011452197575452797,7.3815139472580995,1.0583778444868712,643.75,2026-07-27 13:54:00,637.1684860527419,True,3.495915961651579,0.005749359024162918,3.7000000000000455,2.1731369491346957,0.0035739258798849426,2.2999999999999545,-0.00023308212260133782,0.0005438582860693171,0.002952373552948454,0.0022531271851447938,2026-07-27 15:09:00,SELL,SBICARD
,,,,,,,,,,EXPERIMENT:SBICARD:2026-07-27T14:57:00:UP,UP,2026-07-27 16:27:00,2026-07-27 15:27:00,647.25,2.111650485436886,644.4,True,6.691830076077044,0.010136281339337859,6.531819695069316,0.9760886963373806,644.1,2026-07-27 14:57:00,637.8681803049307,True,,,,,,,,,,,,SELL,SBICARD
,,,,2026-07-27 10:27:00,0.5664041280360019,1845.6,HIGHER_LOW_AND_PREVIOUS_HIGH_BREAK,2026-07-27 10:12:00,,EXPERIMENT:SBILIFE:2026-07-27T09:57:00:DOWN,DOWN,2026-07-27 11:27:00,2026-07-27 10:03:00,1842.9,0.043173232595788154,1846.0,False,1.3748208523272798,0.004185036792195504,7.725577918392901,5.6193342611258315,1846.9,2026-07-27 09:57:00,1853.725577918393,False,1.6727960223025737,0.005093194625054109,9.399999999999864,4.46672129359526,0.013599913307325606,25.100000000000136,-0.004117902037277801,-0.0013545730385782402,-0.001083658430862592,-0.0014629388816644008,2026-07-27 10:24:00,BUY,SBILIFE
,,,,2026-07-27 10:45:00,1.2594238827374569,1845.4,PREVIOUS_HIGH_BREAK_AFTER_EXHAUSTION,2026-07-27 10:27:00,,EXPERIMENT:SBILIFE:2026-07-27T10:18:00:DOWN,DOWN,2026-07-27 11:48:00,2026-07-27 10:27:00,1840.2,0.043173232595788154,1840.2,True,2.754563599534408,0.006180437184090455,11.373240506163256,4.12887199558058,1845.4,2026-07-27 10:18:00,1851.5732405061633,False,2.228211484843184,0.004985369025685513,9.200000000000045,6.127581583318715,0.013709764820635068,25.299999999999955,-0.0021133629565406368,-0.0017340414002384552,-0.00037932155630218136,-0.0015172862252087254,2026-07-27 10:39:00,BUY,SBILIFE
,,,,2026-07-27 12:18:00,1.1594772671326246,1839.9,PREVIOUS_HIGH_BREAK_AFTER_EXHAUSTION,2026-07-27 11:21:00,,EXPERIMENT:SBILIFE:2026-07-27T10:45:00:DOWN,DOWN,2026-07-27 12:15:00,2026-07-27 11:09:00,1836.5,0.043173232595788154,1843.2,False,1.8952465174864142,0.003867685634365446,7.128918161262391,3.761472766464795,1844.7,2026-07-27 10:45:00,1850.3289181612624,False,0.5051212963548313,0.0010326648187401982,1.900000000000091,8.188282067225282,0.016740040219577125,30.799999999999955,0.0015218218381433525,0.0009239632588726659,-0.0006522093592043293,0.00032610467960210286,,BUY,SBILIFE
,,,,2026-07-27 13:45:00,0.7946041159235165,1842.7,HIGHER_LOW_AND_PREVIOUS_HIGH_BREAK,2026-07-27 12:21:00,,EXPERIMENT:SBILIFE:2026-07-27T12:12:00:DOWN,DOWN,2026-07-27 13:42:00,2026-07-27 12:18:00,1840.9,0.043173232595788154,1840.9,False,2.3859978170886946,0.002862785189376204,5.270101255122654,2.2087619768039164,1840.9,2026-07-27 12:12:00,1846.1701012551227,False,0.679113465259169,0.0008140229011776198,1.5,12.676784684837822,0.015195094155315569,28.0,0.009931079394366937,0.00021707277364729123,0.003798773538828892,0.001790850382590739,,BUY,SBILIFE
,,,,2026-07-27 15:09:00,1.8609521081698386,1860.7,HIGHER_LOW_AND_PREVIOUS_HIGH_BREAK,2026-07-27 13:45:00,,EXPERIMENT:SBILIFE:2026-07-27T13:36:00:DOWN,DOWN,2026-07-27 15:06:00,2026-07-27 13:45:00,1855.1,0.043173232595788154,1855.1,False,0.0,0.0,0.0,3.0092123141779723,1860.7,2026-07-27 13:36:00,1853.967076097574,False,1.8609521081698386,0.003009620035470595,5.600000000000136,3.3231287645889167,0.0053743214919116464,10.0,-0.00010748642983825736,0.00016122964475732493,0.00042994571935290726,0.0007524050088675571,,BUY,SBILIFE
,,,,2026-07-27 15:21:00,,,,,,EXPERIMENT:SBILIFE:2026-07-27T15:09:00:DOWN,DOWN,2026-07-27 16:39:00,2026-07-27 15:12:00,1866.0,0.043173232595788154,1867.3,False,0.0,0.0,0.0,2.3987515727956965,1868.3,2026-07-27 15:09:00,1856.7357595286153,False,,,,,,,,,,,,BUY,SBILIFE
,,,,,,,,,,EXPERIMENT:SBILIFE:2026-07-27T15:21:00:UP,UP,2026-07-27 16:51:00,2026-07-27 15:21:00,1867.9,0.043173232595788154,1867.9,True,4.529176513564404,0.005680966899057444,10.6114780707494,2.342915547444253,1866.5,2026-07-27 15:21:00,1857.2885219292507,False,,,,,,,,,,,,SELL,SBILIFE
,,,,2026-07-27 10:42:00,1.5504062834557502,1019.3,HIGHER_LOW_AND_PREVIOUS_HIGH_BREAK,2026-07-27 10:09:00,,EXPERIMENT:SBIN:2026-07-27T10:03:00:DOWN,DOWN,2026-07-27 11:33:00,2026-07-27 10:06:00,1016.3,1.1765869092347219,1017.1,False,1.5679004833732029,0.002798081709561661,2.845928906795166,1.8151208810602537,1017.1,2026-07-27 10:03:00,1019.9459289067952,True,1.818060733273229,0.003237515942313308,3.2999999999999545,1.928246232259512,0.003433729029726283,3.5,0.0007848523496517887,-0.0008829588933581648,-9.8106543706376e-05,-0.0027469832237809817,2026-07-27 10:39:00,BUY,SBIN
,,,,2026-07-27 12:06:00,1.2883265271270994,1018.8,HIGHER_LOW_AND_PREVIOUS_HIGH_BREAK,2026-07-27 10:42:00,,EXPERIMENT:SBIN:2026-07-27T10:33:00:DOWN,DOWN,2026-07-27 12:03:00,2026-07-27 10:42:00,1016.7,1.1765869092347219,1016.7,False,1.6535307347563413,0.0026510187152886154,2.6952907278339353,1.6300215479400233,1018.8,2026-07-27 10:33:00,1019.395290727834,True,1.2883265271270994,0.002061248527679534,2.099999999999909,2.45395528976601,0.0039261876717707105,4.0,0.0013741656851198381,0.0006870828425599191,0.0017667844522968868,0.001276010993325548,,BUY,SBIN
,,,,2026-07-27 13:30:00,0.9348898930088315,1019.0,STRONG_BULLISH_DISPLACEMENT_AFTER_EXHAUSTION,2026-07-27 12:09:00,,EXPERIMENT:SBIN:2026-07-27T11:57:00:DOWN,DOWN,2026-07-27 13:27:00,2026-07-27 12:06:00,1018.1,1.1765869092347219,1018.1,False,1.4371443491856846,0.0013765785805050343,1.4014946528121754,0.975194074002581,1018.4,2026-07-27 11:57:00,1019.5014946528122,True,1.0254369121580136,0.0009813542688910696,1.0,3.896660266200405,0.00372914622178602,3.7999999999999545,0.0011776251226693283,0.001275760549558346,0.001079489695780199,0.001079489695780199,,BUY,SBIN
,,,,2026-07-27 14:54:00,1.3843998602958736,1019.2,HIGHER_LOW_AND_PREVIOUS_HIGH_BREAK,2026-07-27 13:36:00,,EXPERIMENT:SBIN:2026-07-27T13:21:00:DOWN,DOWN,2026-07-27 14:51:00,2026-07-27 13:33:00,1018.0,1.1765869092347219,1018.5,False,1.3659596069365403,0.0011125429707314523,1.1331250156899841,0.8295450392059996,1019.0,2026-07-27 13:21:00,1019.63312501569,True,1.084932050056652,0.0008830455259027579,0.900000000000091,4.33972820022606,0.003532182103610586,3.599999999999909,0.0015698587127157663,0.0002943485086341783,0.0015698587127157663,0.0010792778649920615,,BUY,SBIN
,,,,2026-07-27 11:12:00,1.0648740861579797,1018.6,PREVIOUS_LOW_BREAK_AFTER_EXHAUSTION,2026-07-27 09:51:00,,EXPERIMENT:SHRIRAMFIN:2026-07-27T09:39:00:UP,UP,2026-07-27 11:09:00,2026-07-27 09:45:00,1024.5,1.779324055666002,1022.1,True,1.490405244630436,0.008645578211406189,8.836645489878265,5.9290220037231665,1021.0,2026-07-27 09:39:00,1013.2633545101218,True,3.609364240267908,0.021009228352640855,21.399999999999977,2.074541128752129,0.012075397604555338,12.300000000000068,0.009326526605144315,0.004123306499116479,0.005792263891615921,0.0037306106420577933,,SELL,SHRIRAMFIN
,,,,2026-07-27 12:00:00,1.8694442663956579,1019.0,LOWER_HIGH_AND_PREVIOUS_LOW_BREAK,2026-07-27 11:33:00,,EXPERIMENT:SHRIRAMFIN:2026-07-27T11:03:00:UP,UP,2026-07-27 12:33:00,2026-07-27 11:30:00,1024.5,1.779324055666002,1011.6,False,0.0,0.0,0.0,2.817077136690391,1011.2,2026-07-27 11:03:00,1013.6397420109788,True,7.454534959831308,0.020608439646712464,21.0,0.24848449866105976,0.0006869479882237934,0.7000000000000455,-0.010794896957801767,-0.005299313052011865,-0.0014720314033366045,-0.0062806673209029355,2026-07-27 11:45:00,SELL,SHRIRAMFIN
,,,,2026-07-27 12:21:00,1.071270507328208,1024.5,LOWER_HIGH_AND_PREVIOUS_LOW_BREAK,2026-07-27 12:09:00,2026-07-27 12:18:00,EXPERIMENT:SHRIRAMFIN:2026-07-27T12:00:00:UP,UP,2026-07-27 13:30:00,2026-07-27 12:06:00,1027.4,1.779324055666002,1025.7,True,3.7639380772571123,0.010285464912863269,10.549801361123855,2.8028626254159295,1025.4,2026-07-27 12:00:00,1015.1501986388762,True,5.53006053862518,0.015129331381161543,15.5,0.3567780992661406,0.0009760858955588092,1.0,-0.007223035627135277,-0.003416300634455832,-0.004587603709126448,-0.004782820888238254,2026-07-27 12:12:00,SELL,SHRIRAMFIN
,,,,2026-07-27 12:42:00,0.5153910238085336,1027.2,LOWER_HIGH_AND_PREVIOUS_LOW_BREAK,2026-07-27 12:24:00,2026-07-27 12:30:00,EXPERIMENT:SHRIRAMFIN:2026-07-27T12:21:00:UP,UP,2026-07-27 13:51:00,2026-07-27 12:21:00,1028.5,1.779324055666002,1028.5,True,4.839120077823086,0.012310157506337351,12.660996995267965,2.6163841342336784,1028.2,2026-07-27 12:21:00,1015.839003004732,True,4.892247981678344,0.012461059190031107,12.799999999999955,0.11466206207056921,0.0002920560747663109,0.2999999999999545,-0.0073014018691588784,-0.0027258566978192703,-0.0026285046728972404,-0.0029205607476635513,2026-07-27 12:27:00,SELL,SHRIRAMFIN
,,,,2026-07-27 13:18:00,1.11448565899144,1031.1,LOWER_HIGH_AND_PREVIOUS_LOW_BREAK,2026-07-27 13:12:00,,EXPERIMENT:SHRIRAMFIN:2026-07-27T12:42:00:UP,UP,2026-07-27 14:12:00,2026-07-27 13:06:00,1033.0,1.779324055666002,1030.0,True,6.090253236917919,0.012927906547786808,13.315743744220413,2.1864023097599605,1029.9,2026-07-27 12:42:00,1016.6842562557796,True,4.0706140678095055,0.008631558529725625,8.900000000000091,0.41163513045258,0.0008728542333428995,0.8999999999998636,-0.004267287363010466,-0.002133643681505233,0.0007758704296382064,-0.0026185627000291393,2026-07-27 13:15:00,SELL,SHRIRAMFIN
,,,,2026-07-27 13:30:00,1.1357146815644266,1032.7,STRONG_BEARISH_DISPLACEMENT_AFTER_EXHAUSTION,2026-07-27 13:18:00,,EXPERIMENT:SHRIRAMFIN:2026-07-27T13:03:00:UP,UP,2026-07-27 14:33:00,2026-07-27 13:18:00,1034.8,1.779324055666002,1034.8,True,8.751775485335571,0.015638309446780387,16.18252261552834,1.849055959290054,1032.7,2026-07-27 13:03:00,1018.6174773844716,True,3.947960559724106,0.007068848649172029,7.2999999999999545,1.352041287576757,0.002420838578483587,2.5,-0.004067008811852469,-0.00029050062941798633,9.683354313947557e-05,-0.0015493366902294074,2026-07-27 13:24:00,SELL,SHRIRAMFIN
,,,,2026-07-27 13:57:00,1.681065151634081,1030.3,LOWER_HIGH_AND_PREVIOUS_LOW_BREAK,2026-07-27 13:30:00,2026-07-27 13:48:00,EXPERIMENT:SHRIRAMFIN:2026-07-27T13:30:00:UP,UP,2026-07-27 15:00:00,2026-07-27 13:30:00,1033.6,1.779324055666002,1033.6,True,7.126535759141109,0.01353490969601039,13.989682661796337,1.9630411092587257,1030.3,2026-07-27 13:30:00,1019.6103173382036,True,4.941312718439663,0.009414733572745847,9.700000000000045,0.05094136823129016,9.705910899729114e-05,0.09999999999990905,-0.00689119673881407,-0.0033970688149082794,-0.003979423468892688,-0.00485295544986897,2026-07-27 13:39:00,SELL,SHRIRAMFIN
,,,,2026-07-27 14:27:00,1.7166852629206764,1034.1,PREVIOUS_LOW_BREAK_AFTER_EXHAUSTION,2026-07-27 14:03:00,,EXPERIMENT:SHRIRAMFIN:2026-07-27T13:57:00:UP,UP,2026-07-27 15:27:00,2026-07-27 14:03:00,1037.1,1.779324055666002,1035.8,True,9.320735469077846,0.015032460804250995,15.57062290104318,1.6705358662628873,1035.3,2026-07-27 13:57:00,1020.2293770989568,True,3.5318008545358732,0.0057054443477420865,5.900000000000091,0.05986103143275605,9.670244657181033e-05,0.09999999999990905,-0.004545014988879263,-0.0013538342520066637,-0.002804370950585138,-0.003191180736872819,2026-07-27 14:24:00,SELL,SHRIRAMFIN
,,,,2026-07-27 15:06:00,0.8465306168643688,1037.4,STRONG_BEARISH_DISPLACEMENT_AFTER_EXHAUSTION,2026-07-27 14:30:00,,EXPERIMENT:SHRIRAMFIN:2026-07-27T14:18:00:UP,UP,2026-07-27 15:48:00,2026-07-27 14:27:00,1038.8,1.779324055666002,1038.8,True,9.76923302802432,0.015953621659551366,16.57262217994196,1.6964097521679775,1038.0,2026-07-27 14:18:00,1022.227377820058,True,1.5326485813213238,0.0025062656641603133,2.599999999999909,1.7094926483969743,0.002795450163871304,2.900000000000091,,-0.00019278966647370165,-0.0007711586658954641,0.0013495276653172265,2026-07-27 15:03:00,SELL,SHRIRAMFIN
,,,,2026-07-27 15:24:00,1.9642408261935853,1036.0,LOWER_HIGH_AND_PREVIOUS_LOW_BREAK,2026-07-27 15:12:00,,EXPERIMENT:SHRIRAMFIN:2026-07-27T15:00:00:UP,UP,2026-07-27 16:30:00,2026-07-27 15:09:00,1039.4,1.779324055666002,1038.9,True,9.28720464192464,0.01481442678267712,15.39070798452326,1.657194880259875,1038.6,2026-07-27 15:00:00,1023.5092920154768,True,2.353374395767206,0.003764478764478852,3.900000000000091,0.3017146661239937,0.00048262548262548264,0.5,,-0.0030888030888031326,,,2026-07-27 15:21:00,SELL,SHRIRAMFIN
,,,,,1.1452794012008896,1038.0,PREVIOUS_LOW_BREAK_AFTER_EXHAUSTION,2026-07-27 15:27:00,,EXPERIMENT:SHRIRAMFIN:2026-07-27T15:21:00:UP,UP,2026-07-27 16:51:00,2026-07-27 15:27:00,1039.9,1.779324055666002,1039.6,True,9.634633278626376,0.014490142218803596,15.063951850668218,1.5635210407111528,1039.3,2026-07-27 15:21:00,1024.5360481493317,True,1.2152059041916659,0.0018304431599230164,1.900000000000091,0.6395820548376883,0.0009633911368015414,1.0,,,,,,SELL,SHRIRAMFIN
,,,,2026-07-27 11:12:00,1.2550729702032524,3705.7,HIGHER_LOW_AND_PREVIOUS_HIGH_BREAK,2026-07-27 10:42:00,,EXPERIMENT:SIEMENS:2026-07-27T10:36:00:DOWN,DOWN,2026-07-27 12:06:00,2026-07-27 10:39:00,3695.0,0.6186681075239792,3702.4,False,1.9023713841032188,0.004187425018139844,15.503522387160956,8.14957716285737,3703.7,2026-07-27 10:36:00,3717.903522387161,False,1.926480317476392,0.004236716409855039,15.699999999999818,4.086101565093308,0.008986156461667212,33.30000000000018,-0.0025906036646247427,0.0007555927355156062,-0.00129530183231231,-0.002752516393663766,2026-07-27 11:09:00,BUY,SIEMENS
,,,,2026-07-27 12:30:00,0.9152370552052395,3696.0,STRONG_BULLISH_DISPLACEMENT_AFTER_EXHAUSTION,2026-07-27 11:27:00,,EXPERIMENT:SIEMENS:2026-07-27T10:57:00:DOWN,DOWN,2026-07-27 12:27:00,2026-07-27 11:24:00,3690.0,0.6186681075239792,3695.5,True,2.6504076401083716,0.005076337792876773,18.759606313576114,7.0780079372277465,3696.2,2026-07-27 10:57:00,3714.259606313576,False,0.7205417181260514,0.0013798701298701052,5.099999999999909,6.075155662631522,0.011634199134199134,43.0,0.0035984848484848977,0.0007575757575758068,-0.00010822510822513284,0.0021645021645021645,,BUY,SIEMENS
,,,,2026-07-27 12:57:00,1.040346777168716,3714.5,HIGHER_LOW_AND_PREVIOUS_HIGH_BREAK,2026-07-27 12:30:00,,EXPERIMENT:SIEMENS:2026-07-27T12:21:00:DOWN,DOWN,2026-07-27 13:51:00,2026-07-27 12:30:00,3708.5,0.6186681075239792,3708.5,False,0.5697388305932205,0.0008860345574678434,3.285859156369497,5.767307720536113,3714.5,2026-07-27 12:21:00,3711.7858591563695,False,1.647215730517134,0.0025575447570332483,9.5,4.248082673438924,0.006595773320769956,24.5,0.00339211199353881,-0.0006461165701978977,0.0005653519989231145,-0.0010499394265715684,2026-07-27 12:39:00,BUY,SIEMENS
,,,,2026-07-27 13:36:00,1.5648125798054735,3717.0,HIGHER_LOW_AND_PREVIOUS_HIGH_BREAK,2026-07-27 13:00:00,,EXPERIMENT:SIEMENS:2026-07-27T12:57:00:DOWN,DOWN,2026-07-27 14:27:00,2026-07-27 12:57:00,3707.8,0.6186681075239792,3707.8,False,0.7458012210252644,0.0011745281775375283,4.354915576673648,5.839244364184438,3710.6,2026-07-27 12:57:00,3712.154915576674,False,2.055060424188298,0.003228410008071025,12.0,3.7676107776785464,0.005918751681463546,22.0,0.0009147161689534815,-0.0005380683346785041,0.0012913640032284589,0.0026634382566586203,,BUY,SIEMENS
,,,,2026-07-27 15:09:00,0.8087406681944881,3724.0,LOWER_HIGH_AND_PREVIOUS_LOW_BREAK,2026-07-27 13:45:00,,EXPERIMENT:SIEMENS:2026-07-27T13:36:00:UP,UP,2026-07-27 15:06:00,2026-07-27 13:42:00,3728.0,0.6186681075239792,3726.0,False,2.463159893419272,0.0035874649862414863,13.366894538735778,5.426726285389588,3725.0,2026-07-27 13:36:00,3712.633105461264,False,2.7640973970595497,0.004027926960257788,15.0,3.50119003627543,0.00510204081632653,19.0,0.0025778732545649594,0.0017991407089150962,0.0009129967776584562,0.0011278195488721315,,SELL,SIEMENS
,,,,,,,,,,EXPERIMENT:SIEMENS:2026-07-27T15:27:00:DOWN,DOWN,2026-07-27 16:57:00,2026-07-27 15:27:00,3705.0,0.6186681075239792,3705.0,False,1.1722785867066166,0.002507104173502872,9.28882096282814,7.923731669384175,3705.0,2026-07-27 15:27:00,3714.288820962828,False,,,,,,,,,,,,BUY,SIEMENS
84.0,2299.0,REVERSAL,2026-07-27 11:03:00,2026-07-27 10:18:00,1.4348137342069482,2303.9,STRONG_BEARISH_DISPLACEMENT_AFTER_EXHAUSTION,2026-07-27 09:39:00,,EXPERIMENT:TCS:2026-07-27T09:36:00:UP,UP,2026-07-27 11:06:00,2026-07-27 09:36:00,2313.0,1.3543516873889876,2313.0,True,3.4636377476352442,0.009571340363189778,22.138510260057956,6.391693321616197,2306.0,2026-07-27 09:36:00,2290.861489739942,True,1.7366290029060991,0.004817917444333482,11.099999999999909,1.9087273725635188,0.005295368722600925,12.200000000000273,-0.0009114978948738699,-0.0009983072181951158,0.0007378792482313785,0.0012587351881592477,2026-07-27 10:15:00,SELL,TCS
42.0,2299.0,REVERSAL,2026-07-27 11:03:00,2026-07-27 11:27:00,0.6792996351896848,2309.6,LOWER_HIGH_AND_PREVIOUS_LOW_BREAK,2026-07-27 10:21:00,,EXPERIMENT:TCS:2026-07-27T10:18:00:UP,UP,2026-07-27 11:48:00,2026-07-27 10:18:00,2313.3,1.3543516873889876,2313.3,True,2.653213298670676,0.006471823010194421,14.971268169482755,5.642693023204626,2311.5,2026-07-27 10:18:00,2298.3287318305174,True,0.4430508605942536,0.0010824385174922064,2.5,3.172244161854872,0.0077502597852442375,17.90000000000009,0.005542085209559979,0.000909248354693414,0.001558711465188738,0.004199861447869682,,SELL,TCS
,,,,2026-07-27 11:48:00,,,,,,EXPERIMENT:TCS:2026-07-27T11:27:00:DOWN,DOWN,2026-07-27 12:57:00,2026-07-27 11:39:00,2306.9,1.3543516873889876,2309.6,False,0.0,0.0,0.0,5.041247892273845,2310.5,2026-07-27 11:27:00,2299.934726653553,True,,,,,,,,,,,,BUY,TCS
,,,,2026-07-27 12:09:00,0.9059452900258183,2304.9,LOWER_HIGH_AND_PREVIOUS_LOW_BREAK,2026-07-27 11:51:00,,EXPERIMENT:TCS:2026-07-27T11:48:00:UP,UP,2026-07-27 13:18:00,2026-07-27 11:48:00,2308.5,1.3543516873889876,2308.5,False,1.934159651459777,0.003327685154443533,7.681961179032896,3.971730654827307,2307.5,2026-07-27 11:48:00,2300.818038820967,True,1.2588970488023696,0.002169291509393032,5.0,3.3234882088383246,0.005726929584797724,13.200000000000273,0.0007375591131937493,-0.0011714174150721584,0.0008243307735693917,0.001084645754696516,2026-07-27 11:54:00,SELL,TCS
,,,,2026-07-27 12:33:00,0.9413724509336576,2303.0,LOWER_HIGH_AND_PREVIOUS_LOW_BREAK,2026-07-27 12:09:00,,EXPERIMENT:TCS:2026-07-27T12:09:00:UP,UP,2026-07-27 13:39:00,2026-07-27 12:09:00,2306.6,1.3543516873889876,2306.6,False,1.4549076888152588,0.0024121492028810363,5.563863351365399,3.82420368944238,2303.0,2026-07-27 12:09:00,2301.0361366486345,True,1.804297197622913,0.002996092053842853,6.900000000000091,2.954863526541881,0.004906643508467296,11.300000000000182,0.001563178462874472,0.0002605297438123791,-0.00017368649587498522,-0.0008250108554060316,2026-07-27 12:30:00,SELL,TCS
,,,,2026-07-27 13:03:00,0.6563147070696627,2303.8,STRONG_BEARISH_DISPLACEMENT_AFTER_EXHAUSTION,2026-07-27 12:33:00,,EXPERIMENT:TCS:2026-07-27T12:30:00:UP,UP,2026-07-27 14:00:00,2026-07-27 12:33:00,2306.0,1.3543516873889876,2306.0,False,1.448622912139379,0.0021057489437409926,4.855857064266729,3.35205043602094,2303.8,2026-07-27 12:30:00,2301.1441429357333,True,1.819781687784188,0.002647799288132611,6.099999999999909,3.6097308888835515,0.005252192030558366,12.100000000000364,0.0038197760222242303,-0.0005208785484850326,0.00026043927424271367,-0.0006510981856063894,2026-07-27 13:00:00,SELL,TCS
,,,,2026-07-27 13:15:00,1.1642098051253642,2303.1,STRONG_BEARISH_DISPLACEMENT_AFTER_EXHAUSTION,2026-07-27 13:03:00,,EXPERIMENT:TCS:2026-07-27T12:51:00:UP,UP,2026-07-27 14:21:00,2026-07-27 13:03:00,2307.4,1.3543516873889876,2307.4,False,1.6265336194853701,0.0026036185611413693,6.007589467977596,3.693492342247667,2303.1,2026-07-27 12:51:00,2301.3924105320225,True,1.1642098051253642,0.0018670487603665417,4.300000000000182,3.0865097159136505,0.004949850201901824,11.400000000000091,0.0024749251009508135,0.0023880856237245454,0.0027788632712431468,0.004081455429638353,,SELL,TCS
,,,,2026-07-27 14:48:00,1.06679026796888,2295.0,STRONG_BULLISH_DISPLACEMENT_AFTER_EXHAUSTION,2026-07-27 13:33:00,,EXPERIMENT:TCS:2026-07-27T13:15:00:DOWN,DOWN,2026-07-27 14:45:00,2026-07-27 13:27:00,2291.7,1.3543516873889876,2296.2,False,1.4712820119561831,0.0022443478079638836,5.153471436646669,3.50270811086362,2297.3,2026-07-27 13:15:00,2301.3534714366465,True,0.799381481807178,0.0012200435729848287,2.800000000000182,1.3418189158904812,0.0020479302832243215,4.699999999999818,0.0003050108932461081,0.0008714596949891067,0.00017429193899786097,0.00039215686274513765,,BUY,TCS
,,,,,1.5210034585152896,2296.6,HIGHER_LOW_AND_PREVIOUS_HIGH_BREAK,2026-07-27 14:57:00,,EXPERIMENT:TCS:2026-07-27T14:51:00:DOWN,DOWN,2026-07-27 16:21:00,2026-07-27 14:51:00,2292.3,1.3543516873889876,2292.3,False,2.965805257960458,0.003608953683893244,8.272804529588484,2.7893957323676655,2293.3,2026-07-27 14:51:00,2300.5728045295887,True,1.1830519283108876,0.001436906731690206,3.299999999999727,0.5019008180713598,0.0006095967952626017,1.400000000000091,,-8.708525646600109e-05,-0.0006095967952626017,-0.00030479839763120184,,BUY,TCS
,,,,2026-07-27 10:00:00,0.7513933680343086,1591.3,STRONG_BEARISH_DISPLACEMENT_AFTER_EXHAUSTION,2026-07-27 09:39:00,2026-07-27 09:54:00,EXPERIMENT:TECHM:2026-07-27T09:36:00:UP,UP,2026-07-27 11:06:00,2026-07-27 09:36:00,1594.8,1.4267352185090003,1594.8,True,2.075906826089253,0.0060690146535014675,9.67886456940414,4.662475428937195,1594.0,2026-07-27 09:36:00,1585.1211354305958,True,1.7801702392868006,0.0052158612455225,8.299999999999955,4.35391034427978,0.012756865455916517,20.299999999999955,0.0004398919122730129,-0.0018852510525985044,-0.0037076604034437825,-0.0025765097718847083,2026-07-27 09:42:00,SELL,TECHM
,,,,2026-07-27 11:33:00,0.9451830742636328,1595.9,LOWER_HIGH_AND_PREVIOUS_LOW_BREAK,2026-07-27 10:03:00,,EXPERIMENT:TECHM:2026-07-27T10:00:00:UP,UP,2026-07-27 11:30:00,2026-07-27 10:00:00,1599.6,1.4267352185090003,1599.6,True,2.4315100549248676,0.0061860219136030846,9.895160652999493,4.0695536639700425,1597.7,2026-07-27 10:00:00,1589.7048393470004,True,0.6388907026878927,0.0016291747603232715,2.599999999999909,6.118607114203517,0.015602481358481165,24.90000000000009,0.0026317438435992514,-0.0002506422708188881,-0.0005639451093426051,0.001942477598847131,,SELL,TECHM
,,,,2026-07-27 12:57:00,0.950356406664674,1589.3,STRONG_BEARISH_DISPLACEMENT_AFTER_EXHAUSTION,2026-07-27 11:33:00,,EXPERIMENT:TECHM:2026-07-27T11:24:00:UP,UP,2026-07-27 12:54:00,2026-07-27 11:33:00,1591.9,1.4267352185090003,1591.9,False,0.35468115716158677,0.0006095497747889844,0.9703422864865843,2.735815723203228,1589.3,2026-07-27 11:24:00,1590.9296577135135,True,0.950356406664674,0.0016359403510980536,2.6000000000001364,6.689047016139454,0.011514503240420283,18.299999999999955,0.002516831309381489,6.292078273447999e-05,0.000251683130938063,0.0003146039136726861,,SELL,TECHM
,,,,2026-07-27 14:15:00,2.1588504052533173,1578.3,HIGHER_LOW_AND_PREVIOUS_HIGH_BREAK,2026-07-27 14:03:00,,EXPERIMENT:TECHM:2026-07-27T13:12:00:DOWN,DOWN,2026-07-27 14:42:00,2026-07-27 13:15:00,1573.8,1.4267352185090003,1575.6,True,6.942349668539885,0.008974478376734556,14.140188130382967,2.0368014873207807,1576.4,2026-07-27 13:12:00,1589.7401881303829,True,3.584050799964022,0.00462522967750108,7.2999999999999545,0.24548293150438663,0.0003167965532535006,0.5,-0.0016473420769181455,-0.0015206234556167165,-0.001457264144966074,-0.00044351517455492966,2026-07-27 14:12:00,BUY,TECHM
,,,,2026-07-27 15:09:00,0.7123990242247437,1575.5,STRONG_BULLISH_DISPLACEMENT_AFTER_EXHAUSTION,2026-07-27 14:57:00,,EXPERIMENT:TECHM:2026-07-27T14:00:00:DOWN,DOWN,2026-07-27 15:30:00,2026-07-27 14:57:00,1574.1,1.4267352185090003,1575.0,True,6.233076160178411,0.008276594151950034,13.035635789321304,2.0913647538277766,1575.7,2026-07-27 14:00:00,1588.0356357893213,True,2.1517050011308423,0.002856236115518883,4.5,1.482285667445648,0.0019676293240240617,3.099999999999909,,-0.0006981910504601137,-0.0014598540145985112,-0.00012694382735642365,2026-07-27 15:06:00,BUY,TECHM
,,,,,,,,,,EXPERIMENT:TECHM:2026-07-27T14:54:00:DOWN,DOWN,2026-07-27 16:24:00,2026-07-27 15:12:00,1573.5,1.4267352185090003,1573.9,True,5.638021027100234,0.0073911655085469,11.632955393901966,2.063304719508126,1574.1,2026-07-27 14:54:00,1585.532955393902,True,,,,,,,,,,,,BUY,TECHM
264.0,328.05,REVERSAL,2026-07-27 14:27:00,2026-07-27 11:30:00,0.6343438055857662,327.6,STRONG_BEARISH_DISPLACEMENT_AFTER_EXHAUSTION,2026-07-27 10:03:00,,EXPERIMENT:TMPV:2026-07-27T09:57:00:UP,UP,2026-07-27 11:27:00,2026-07-27 09:57:00,327.95,0.7708911501695961,327.95,False,0.8842668817555916,0.001596959144840529,0.5237227515504514,0.5922677444513936,327.95,2026-07-27 09:57:00,327.42627724844954,False,2.4482170666631458,0.004426129426129391,1.4499999999999886,2.532638344823964,0.004578754578754578,1.5,0.0013736263736265123,0.00030525030525037464,0.00030525030525037464,0.002289377289377289,,SELL,TMPV
,,,,2026-07-27 13:51:00,1.2807571032573228,327.0,PREVIOUS_HIGH_BREAK_AFTER_EXHAUSTION,2026-07-27 12:36:00,,EXPERIMENT:TMPV:2026-07-27T12:30:00:DOWN,DOWN,2026-07-27 14:00:00,2026-07-27 12:36:00,326.5,0.7708911501695961,326.7,False,1.5531505173922782,0.001743170498285637,0.5694938017899176,0.3666700654010605,326.7,2026-07-27 12:30:00,327.2694938017899,False,1.363623723832226,0.0015290519877675841,0.5,5.590857267712158,0.006269113149847129,2.0500000000000114,0.0033639143730887547,0.0,-0.0006116207951069989,0.0006116207951069989,,BUY,TMPV
24.0,328.05,REVERSAL,2026-07-27 14:27:00,2026-07-27 14:27:00,2.1629778456467474,328.35,PREVIOUS_LOW_BREAK_AFTER_EXHAUSTION,2026-07-27 14:03:00,,EXPERIMENT:TMPV:2026-07-27T13:51:00:UP,UP,2026-07-27 15:21:00,2026-07-27 14:03:00,329.05,0.7708911501695961,328.35,False,3.3526573357667275,0.0030835959658295116,1.0124987353801203,0.30199887252974195,328.15,2026-07-27 13:51:00,327.3375012646199,False,2.3178894481834535,0.002131871478605112,0.6999999999999886,3.642397704288418,0.0033500837520938713,1.1000000000000227,0.0013704888076748758,0.0007613826709304095,0.0013704888076748758,0.0009136592051165261,,SELL,TMPV
,,,,2026-07-27 15:27:00,1.130244749885546,328.05,HIGHER_LOW_AND_PREVIOUS_HIGH_BREAK,2026-07-27 14:39:00,2026-07-27 15:21:00,EXPERIMENT:TMPV:2026-07-27T14:27:00:DOWN,DOWN,2026-07-27 15:57:00,2026-07-27 14:33:00,327.7,0.7708911501695961,328.0,False,0.0,0.0,0.0,0.33027850683887156,328.05,2026-07-27 14:27:00,327.47971594275435,False,2.4221981855764425,0.002438652644413996,0.8000000000000114,0.6055495463940677,0.0006096631611034556,0.19999999999998863,,-0.0004572473708277217,-0.0012193263222070845,-0.0009144947416552701,2026-07-27 14:57:00,BUY,TMPV
,,,,,,,,,,EXPERIMENT:TMPV:2026-07-27T15:27:00:DOWN,DOWN,2026-07-27 16:57:00,2026-07-27 15:27:00,327.25,0.7708911501695961,327.25,False,0.9462458562460095,0.0009281296014173513,0.3037304120638282,0.3209846680531861,327.4,2026-07-27 15:27:00,327.5537304120638,False,,,,,,,,,,,,BUY,TMPV
225.0,2934.6,REVERSAL,2026-07-27 13:42:00,2026-07-27 10:09:00,0.5903143391536381,2942.0,STRONG_BEARISH_DISPLACEMENT_AFTER_EXHAUSTION,2026-07-27 09:57:00,,EXPERIMENT:TRENT:2026-07-27T09:48:00:UP,UP,2026-07-27 11:18:00,2026-07-27 09:54:00,2946.0,1.0315344940980902,2943.0,False,2.022421254793249,0.004898112309714012,14.415144527488337,7.127666648737821,2941.5,2026-07-27 09:48:00,2928.5848554725117,True,1.6134312344750914,0.003908905506458192,11.5,1.9641771550131546,0.004758667573079538,14.0,-0.000849762066621346,-0.0012576478585995302,-0.0028891910265125766,-0.0006458191706322539,2026-07-27 10:06:00,SELL,TRENT
204.0,2934.6,REVERSAL,2026-07-27 13:42:00,2026-07-27 11:42:00,0.9823644326684877,2947.5,LOWER_HIGH_AND_PREVIOUS_LOW_BREAK,2026-07-27 10:18:00,,EXPERIMENT:TRENT:2026-07-27T10:09:00:UP,UP,2026-07-27 11:39:00,2026-07-27 10:15:00,2953.5,1.0315344940980902,2948.1,False,2.181787688487516,0.004718521607402251,13.910673550782576,6.375814486525907,2946.0,2026-07-27 10:09:00,2934.1893264492173,True,0.48621239004854677,0.001051738761662395,3.099999999999909,3.0584327761119163,0.0066157760814249365,19.5,0.0018659881255301102,0.0008481764206955047,0.0020016963528414217,0.0008481764206955047,,SELL,TRENT
120.0,2934.6,REVERSAL,2026-07-27 13:42:00,2026-07-27 12:24:00,0.8752588282449248,2944.0,PREVIOUS_LOW_BREAK_AFTER_EXHAUSTION,2026-07-27 11:42:00,,EXPERIMENT:TRENT:2026-07-27T11:36:00:UP,UP,2026-07-27 13:06:00,2026-07-27 11:42:00,2947.6,1.0315344940980902,2947.6,False,2.0148641006467654,0.0028115331723391184,8.287275178786786,4.113069053206415,2944.0,2026-07-27 11:36:00,2939.312724821213,True,1.4587647137415782,0.0020380434782608695,6.0,3.890039236644209,0.005434782608695652,16.0,0.00033967391304347825,0.0008491847826086956,0.00010190217391310526,-0.00033967391304347825,2026-07-27 12:18:00,SELL,TRENT
75.0,2934.6,REVERSAL,2026-07-27 13:42:00,2026-07-27 13:39:00,0.6289450701297511,2945.0,LOWER_HIGH_AND_PREVIOUS_LOW_BREAK,2026-07-27 12:27:00,,EXPERIMENT:TRENT:2026-07-27T12:24:00:UP,UP,2026-07-27 13:54:00,2026-07-27 12:24:00,2947.1,1.0315344940980902,2947.1,False,2.0523847445036805,0.0023969804387702475,7.064141051099796,3.4419185145561424,2947.0,2026-07-27 12:24:00,2940.0358589489,True,0.552017716853215,0.0006451612903226115,1.900000000000091,4.939105887633793,0.005772495755517827,17.0,0.003429541595925266,6.791171477073619e-05,0.0008488964346349745,0.0025466893039049238,,SELL,TRENT
,,,,2026-07-27 14:03:00,0.8049863635303885,2934.6,HIGHER_LOW_AND_PREVIOUS_HIGH_BREAK,2026-07-27 13:42:00,2026-07-27 13:54:00,EXPERIMENT:TRENT:2026-07-27T13:39:00:DOWN,DOWN,2026-07-27 15:09:00,2026-07-27 13:39:00,2931.5,1.0315344940980902,2931.5,False,2.070021389602157,0.0027546668220638196,8.075305788880087,3.901073597327466,2932.5,2026-07-27 13:39:00,2939.57530578888,True,1.3329663925238981,0.001771962107271798,5.199999999999818,1.9994495887859638,0.002657943160907852,7.800000000000182,-0.0006474476930416721,-0.0014652763579362526,-0.0010563620254889624,-0.001328971580453926,2026-07-27 13:48:00,BUY,TRENT
,,,,2026-07-27 14:39:00,0.6400569170909165,2932.0,STRONG_BULLISH_DISPLACEMENT_AFTER_EXHAUSTION,2026-07-27 14:24:00,,EXPERIMENT:TRENT:2026-07-27T14:03:00:DOWN,DOWN,2026-07-27 15:33:00,2026-07-27 14:09:00,2930.0,1.0315344940980902,2931.0,False,2.430858531623257,0.0028746102178336497,8.425482548470427,3.4660521946721983,2932.1,2026-07-27 14:03:00,2939.4254825484704,True,0.7501329622203811,0.0008867667121418517,2.599999999999909,3.0005318488816557,0.003547066848567562,10.400000000000091,0.0028649386084584213,-0.0006821282401091405,0.00023874488403813714,-0.00044338335607100335,2026-07-27 14:36:00,BUY,TRENT
,,,,2026-07-27 15:24:00,1.648217993577996,2934.3,HIGHER_LOW_AND_PREVIOUS_HIGH_BREAK,2026-07-27 14:57:00,,EXPERIMENT:TRENT:2026-07-27T14:24:00:DOWN,DOWN,2026-07-27 15:54:00,2026-07-27 14:39:00,2929.5,1.0315344940980902,2929.5,False,3.500419915820774,0.003294073115327534,9.649987191352011,2.7568084468200995,2930.6,2026-07-27 14:24:00,2939.149987191352,True,1.1970363787178027,0.0011246293834986816,3.300000000000182,2.9381802023071386,0.0027604539413147626,8.099999999999909,,0.0009542309920593419,0.0005793545308931664,0.0020788603755580236,,BUY,TRENT
,,,,,0.6065061417912174,2940.4,STRONG_BEARISH_DISPLACEMENT_AFTER_EXHAUSTION,2026-07-27 15:24:00,,EXPERIMENT:TRENT:2026-07-27T15:24:00:UP,UP,2026-07-27 16:54:00,2026-07-27 15:24:00,2942.4,1.0315344940980902,2942.4,False,1.1558490839844586,0.00129537113039252,3.811500014066951,3.2975758400291295,2940.4,2026-07-27 15:24:00,2938.588499985933,True,0.6065061417912174,0.0006801795674057951,2.0,0.9400845197763593,0.0010542783294789516,3.099999999999909,,,,,,SELL,TRENT
180.0,11790.0,BREAKOUT_INITIATION,2026-07-27 12:48:00,2026-07-27 11:12:00,0.7411559226581159,11862.0,LOWER_HIGH_AND_PREVIOUS_LOW_BREAK,2026-07-27 09:48:00,,EXPERIMENT:ULTRACEMCO:2026-07-27T09:42:00:UP,UP,2026-07-27 11:12:00,2026-07-27 09:45:00,11879.0,0.8361486486486486,11874.0,False,0.09265928857353371,0.00019068723995554086,2.2642202872320922,24.435977462046065,11869.0,2026-07-27 09:42:00,11871.735779712768,False,1.5550840992148385,0.0032035069971337042,38.0,4.501559234569269,0.009273309728544933,110.0,0.0004215140785702242,0.00025290844714213456,0.0014331478671387623,-0.00025290844714213456,2026-07-27 10:18:00,SELL,ULTRACEMCO
87.0,11790.0,BREAKOUT_INITIATION,2026-07-27 12:48:00,2026-07-27 11:57:00,0.6975673295292989,11840.0,STRONG_BEARISH_DISPLACEMENT_AFTER_EXHAUSTION,2026-07-27 11:21:00,,EXPERIMENT:ULTRACEMCO:2026-07-27T11:12:00:UP,UP,2026-07-27 12:42:00,2026-07-27 11:21:00,11851.0,0.8361486486486486,11835.0,False,0.0,0.0,0.0,16.258249927654706,11831.0,2026-07-27 11:12:00,11865.513634973291,False,3.690434103731062,0.005067567567567568,60.0,5.412636685472225,0.007432432432432433,88.0,0.0033783783783783786,0.00016891891891891893,0.0021114864864864866,0.00633445945945946,,SELL,ULTRACEMCO
75.0,11820.0,REVERSAL,2026-07-27 13:15:00,2026-07-27 13:24:00,0.9789664088743055,11789.0,HIGHER_LOW_AND_PREVIOUS_HIGH_BREAK,2026-07-27 12:00:00,,EXPERIMENT:ULTRACEMCO:2026-07-27T11:57:00:DOWN,DOWN,2026-07-27 13:27:00,2026-07-27 11:57:00,11771.0,0.8361486486486486,11771.0,True,3.835860653838119,0.006051585704999584,71.2332153335501,18.570334472988467,11785.0,2026-07-27 11:57:00,11842.23321533355,False,0.5923425889824484,0.0009330732038340826,11.0,5.977275216095616,0.009415556875053015,111.0,0.0017813215709559758,0.0011027228772584612,0.001017898040546272,0.001017898040546272,,BUY,ULTRACEMCO
,,,,2026-07-27 14:27:00,2.009314000519461,11800.0,LOWER_HIGH_AND_PREVIOUS_LOW_BREAK,2026-07-27 13:33:00,,EXPERIMENT:ULTRACEMCO:2026-07-27T13:24:00:UP,UP,2026-07-27 14:54:00,2026-07-27 13:27:00,11830.0,0.8361486486486486,11829.0,False,0.0,0.0,0.0,14.600913243139145,11828.0,2026-07-27 13:24:00,11831.539246907289,False,6.848886664468691,0.00847457627118644,100.0,0.6848886664468692,0.000847457627118644,10.0,-0.00288135593220339,-0.001271186440677966,-0.00016949152542372882,-0.0002542372881355932,2026-07-27 14:24:00,SELL,ULTRACEMCO
,,,,2026-07-27 14:45:00,0.9161818130514314,11840.0,STRONG_BEARISH_DISPLACEMENT_AFTER_EXHAUSTION,2026-07-27 14:27:00,,EXPERIMENT:ULTRACEMCO:2026-07-27T14:12:00:UP,UP,2026-07-27 15:42:00,2026-07-27 14:27:00,11852.0,0.8361486486486486,11852.0,False,1.7234117186188544,0.0019045701721943232,22.57296568084712,13.097836945739894,11840.0,2026-07-27 14:12:00,11829.427034319153,False,4.580909065257157,0.005067567567567568,60.0,0.8398333286304789,0.0009290540540540541,11.0,-0.004391891891891892,0.0005912162162162162,-0.0008445945945945946,-0.001097972972972973,2026-07-27 14:42:00,SELL,ULTRACEMCO
,,,,2026-07-27 15:09:00,1.0132302392556358,11856.0,STRONG_BEARISH_DISPLACEMENT_AFTER_EXHAUSTION,2026-07-27 15:03:00,,EXPERIMENT:ULTRACEMCO:2026-07-27T14:39:00:UP,UP,2026-07-27 16:09:00,2026-07-27 15:03:00,11868.0,0.8361486486486486,11856.0,False,2.0533307331687123,0.0021589105806396245,25.596043844063388,12.465621553603018,11850.0,2026-07-27 14:39:00,11830.403956155937,False,3.529707669272408,0.003711201079622132,44.0,0.0,0.0,0.0,,-0.0019399460188933874,-0.0028677462887989206,,2026-07-27 15:06:00,SELL,ULTRACEMCO
,,,,,,,,,,EXPERIMENT:ULTRACEMCO:2026-07-27T15:00:00:UP,UP,2026-07-27 16:30:00,2026-07-27 15:27:00,11892.0,0.8361486486486486,11885.0,False,3.499736861250314,0.003902464287525635,46.38078805724217,13.252650098005423,11880.0,2026-07-27 15:00:00,11838.619211942758,False,,,,,,,,,,,,SELL,ULTRACEMCO
,,,,2026-07-27 10:03:00,0.6424757385958395,607.2,PREVIOUS_HIGH_BREAK_AFTER_EXHAUSTION,2026-07-27 09:48:00,,EXPERIMENT:UPL:2026-07-27T09:42:00:DOWN,DOWN,2026-07-27 11:12:00,2026-07-27 09:42:00,606.4,0.016531658125313726,606.4,False,0.5068746506139367,0.0011262348827175159,0.6829488328799016,1.3473722389799931,606.7,2026-07-27 09:42:00,607.0829488328799,False,1.632807873246313,0.003623188405797176,2.2000000000000455,2.7831952384879757,0.006175889328063241,3.75,0.002635046113306833,-0.000988142292490156,-0.0016469038208168643,-0.0018939393939395436,2026-07-27 09:54:00,BUY,UPL
,,,,2026-07-27 11:36:00,1.0115964100696035,606.05,HIGHER_LOW_AND_PREVIOUS_HIGH_BREAK,2026-07-27 10:15:00,,EXPERIMENT:UPL:2026-07-27T10:03:00:DOWN,DOWN,2026-07-27 11:33:00,2026-07-27 10:12:00,605.0,0.016531658125313726,605.85,False,1.0344613795862871,0.001917608861881955,1.1617833289711825,1.1230804280347473,606.1,2026-07-27 10:03:00,607.0117833289712,False,0.6678061350533976,0.001237521656628991,0.75,4.363000082348945,0.008085141489976225,4.900000000000091,0.006105106839369765,0.0022275389819322216,0.0021450375381570305,0.0028050490883591217,,BUY,UPL
,,,,2026-07-27 13:15:00,,,,,,EXPERIMENT:UPL:2026-07-27T11:42:00:DOWN,DOWN,2026-07-27 13:12:00,2026-07-27 11:57:00,607.9,0.016531658125313726,608.85,False,0.0,0.0,0.0,0.825164007824364,609.25,2026-07-27 11:42:00,607.222639498623,False,,,,,,,,,,,,BUY,UPL
,,,,2026-07-27 13:30:00,0.801983833507061,609.7,STRONG_BULLISH_DISPLACEMENT_AFTER_EXHAUSTION,2026-07-27 13:15:00,,EXPERIMENT:UPL:2026-07-27T13:09:00:DOWN,DOWN,2026-07-27 14:39:00,2026-07-27 13:15:00,609.0,0.016531658125313726,609.0,False,0.0,0.0,0.0,0.8728355494885202,609.7,2026-07-27 13:09:00,607.4421897079917,False,4.640049322433487,0.006642611120223172,4.050000000000068,0.34370735721723744,0.0004920452681645965,0.2999999999999545,-0.0017221584385764608,-0.0010660980810236033,-0.0018861735279647217,-0.0013941282597999388,2026-07-27 13:21:00,BUY,UPL
,,,,2026-07-27 13:54:00,0.973747829168358,609.25,PREVIOUS_HIGH_BREAK_AFTER_EXHAUSTION,2026-07-27 13:36:00,,EXPERIMENT:UPL:2026-07-27T13:30:00:DOWN,DOWN,2026-07-27 15:00:00,2026-07-27 13:33:00,608.5,0.016531658125313726,609.0,False,0.0,0.0,0.0,0.7684207652991234,609.1,2026-07-27 13:30:00,607.4839810513256,False,4.684933258666754,0.005908904390644272,3.6000000000000227,0.9760277622222342,0.0012310217480508822,0.75,-0.002872384078785392,-0.000738613048830604,-0.0009027492819039057,-0.0016413623307345096,2026-07-27 13:48:00,BUY,UPL
,,,,2026-07-27 14:39:00,0.7030207284823845,608.75,HIGHER_LOW_AND_PREVIOUS_HIGH_BREAK,2026-07-27 14:06:00,,EXPERIMENT:UPL:2026-07-27T13:54:00:DOWN,DOWN,2026-07-27 15:24:00,2026-07-27 14:06:00,608.25,0.016531658125313726,608.45,False,0.0,0.0,0.0,0.7082173676241444,608.7,2026-07-27 13:54:00,607.5579915568295,False,4.377187205108493,0.005092402464065746,3.1000000000000227,1.7649948407695406,0.002053388090349076,1.25,0.0018891170431211126,-0.00016427104722796342,-0.00032854209445592683,8.213552361388833e-05,2026-07-27 14:36:00,BUY,UPL
,,,,2026-07-27 15:06:00,0.7444044120419371,607.9,STRONG_BULLISH_DISPLACEMENT_AFTER_EXHAUSTION,2026-07-27 14:39:00,,EXPERIMENT:UPL:2026-07-27T14:27:00:DOWN,DOWN,2026-07-27 15:57:00,2026-07-27 14:39:00,607.3,0.016531658125313726,607.3,False,0.5165978422800206,0.0006856328521099315,0.4163848310863614,0.8060134925237666,607.9,2026-07-27 14:27:00,607.7163848310863,False,2.791516545157158,0.003701266655699951,2.25,2.6054154421467093,0.0034545155453199914,2.1000000000000227,,0.0003290014805067371,-0.0004112518506333279,0.003290014805066623,2026-07-27 14:42:00,BUY,UPL
,,,,,0.9719714501161911,609.9,HIGHER_LOW_AND_PREVIOUS_HIGH_BREAK,2026-07-27 15:06:00,2026-07-27 15:18:00,EXPERIMENT:UPL:2026-07-27T15:06:00:DOWN,DOWN,2026-07-27 16:36:00,2026-07-27 15:06:00,609.1,0.016531658125313726,609.1,False,0.0,0.0,0.0,0.8230694429392151,609.9,2026-07-27 15:06:00,607.7780030657007,False,5.163598328742559,0.006968355468109527,4.25,0.12149643126455842,0.00016396130513202613,0.10000000000002274,,-0.0021314969667157804,-0.003935071323167695,,2026-07-27 15:15:00,BUY,UPL
