auction_exhaustion_reason_codes,auction_exhaustion_started_at,baseline_delay_minutes,baseline_first_same_side_signal_price,baseline_first_same_side_signal_setup,baseline_first_same_side_signal_time,baseline_signal_id,completed_time,completion_reason,confirmation_displacement_atr,confirmation_price,confirmation_reason,confirmation_time,continuation_unlocked_time,episode_id,exhausted_side,expires_at,extreme_time,failure_candidate_time,final_pre_confirmation_extreme,gap_pct,initial_extreme,initial_room_qualified,initial_vwap_room_atr,initial_vwap_room_pct,initial_vwap_room_points,initiation_atr,initiation_close,initiation_reason_codes,initiation_time,initiation_vwap,large_gap,mae_atr,mae_pct,mae_points,maturity_qualified,maturity_reason_source,mfe_atr,mfe_pct,mfe_points,move_20_bars_pct,move_3_bars_pct,move_6_bars_pct,move_9_bars_pct,reversal_failed_time,reversal_side,sequence_number,stock_context_reason_codes,symbol
PRIOR_MOVE_EXTENDED|REJECTION_OR_FAILED_EXTREME,2026-07-27 10:27:00,,,,,,2026-07-27 12:30:00,CONFIRMED_EXPIRED_UNFAILED,1.9659226757936865,7275.0,HIGHER_LOW_AND_LOCAL_RESISTANCE_BREAK,2026-07-27 11:18:00,,EXPERIMENT_V2_1:ABB:1:2026-07-27T10:27:00:DOWN,DOWN,2026-07-27 12:27:00,2026-07-27 11:09:00,,7235.5,0.5345060893098782,7276.5,True,3.217970861269187,0.009205379889962432,66.98294676931164,20.815274487256595,7290.5,PRIOR_MOVE_EXTENDED|REJECTION_OR_FAILED_EXTREME,2026-07-27 10:27:00,7343.482946769312,False,1.8255824598068182,0.005223367697594502,38.0,True,AUCTION_STATE_MEMORY,3.0986860173036783,0.008865979381443298,64.5,-0.0007560137457044674,-0.0038487972508591066,-0.002542955326460481,-0.003711340206185567,,BUY,1,STOCK_CONTEXT_OBJECTIVE_SESSION_PATH|ACCEPTED_RANGE_PRESENT|PRICE_OUTSIDE_ACCEPTED_RANGE|EXHAUSTION_CONTEXT_ACTIVE,ABB
CURRENT_LEG_MATURE|PROGRESS_DECAY|REJECTION_OR_FAILED_EXTREME,2026-07-27 14:33:00,,,,,,,,1.7135398850018428,7315.0,LOWER_HIGH_AND_LOCAL_SUPPORT_BREAK,2026-07-27 14:51:00,,EXPERIMENT_V2_1:ABB:4:2026-07-27T14:39:00:UP,UP,2026-07-27 16:39:00,2026-07-27 14:39:00,2026-07-27 15:06:00,7334.0,0.5345060893098782,7334.0,True,3.0783972762232508,0.005062735937191742,37.13010536336424,12.06150539767808,7326.5,CURRENT_LEG_MATURE|PROGRESS_DECAY|REJECTION_OR_FAILED_EXTREME,2026-07-27 14:39:00,7296.869894636636,False,2.0312555682076314,0.0033492822966507177,24.5,True,AUCTION_STATE_MEMORY,0.414541952695435,0.000683526999316473,5.0,,-0.0024606971975393026,-0.0024606971975393026,-0.0021189336978810662,,SELL,4,STOCK_CONTEXT_OBJECTIVE_SESSION_PATH|ACCEPTED_RANGE_PRESENT|PRICE_OUTSIDE_ACCEPTED_RANGE|EXHAUSTION_CONTEXT_ACTIVE,ABB
PRIOR_MOVE_EXTENDED|PROGRESS_DECAY,2026-07-27 10:42:00,,,,,,2026-07-27 11:06:00,REVERSAL_FAILED_WITH_ACCEPTANCE,1.5668456791348313,308.6,HIGHER_LOW_AND_LOCAL_RESISTANCE_BREAK,2026-07-27 10:48:00,2026-07-27 11:06:00,EXPERIMENT_V2_1:ANGELONE:11:2026-07-27T10:42:00:DOWN,DOWN,2026-07-27 12:42:00,2026-07-27 10:42:00,2026-07-27 11:03:00,307.45,0.6820396232543108,307.45,True,2.983631410045336,0.006675733365603,2.0524542232546423,0.6879047513524653,307.7,PRIOR_MOVE_EXTENDED|PROGRESS_DECAY,2026-07-27 10:42:00,309.50245422325463,False,8.213346381009533,0.01830848995463394,5.650000000000034,True,AUCTION_STATE_MEMORY,1.0175827374701851,0.002268308489954597,0.6999999999999886,-0.0042125729099157854,0.0001620220349966122,-0.005184705119896379,-0.0034024627349319874,2026-07-27 11:06:00,BUY,11,STOCK_CONTEXT_OBJECTIVE_SESSION_PATH|ACCEPTED_RANGE_PRESENT|PRICE_OUTSIDE_ACCEPTED_RANGE|EXHAUSTION_CONTEXT_ACTIVE,ANGELONE
PRIOR_MOVE_EXTENDED|REJECTION_OR_FAILED_EXTREME,2026-07-27 11:45:00,,,,,,2026-07-27 12:39:00,REVERSAL_FAILED_WITH_ACCEPTANCE,2.1378086980740774,308.1,HIGHER_LOW_AND_LOCAL_RESISTANCE_BREAK,2026-07-27 12:21:00,2026-07-27 12:39:00,EXPERIMENT_V2_1:ANGELONE:12:2026-07-27T11:51:00:DOWN,DOWN,2026-07-27 13:51:00,2026-07-27 11:51:00,2026-07-27 12:36:00,307.0,0.6820396232543108,307.0,True,3.632479093402197,0.006682671667342216,2.05158020187406,0.5647878897914153,307.2,PRIOR_MOVE_EXTENDED|REJECTION_OR_FAILED_EXTREME,2026-07-27 11:51:00,309.05158020187406,False,9.118467469091817,0.01671535215839024,5.150000000000034,True,AUCTION_STATE_MEMORY,0.17705762075900283,0.0003245699448229987,0.0999999999999659,-0.01152223304122042,-0.002921129503408095,-0.0045439792275236415,-0.0038948393378774597,2026-07-27 12:39:00,BUY,12,STOCK_CONTEXT_OBJECTIVE_SESSION_PATH|ACCEPTED_RANGE_PRESENT|PRICE_OUTSIDE_ACCEPTED_RANGE|EXHAUSTION_CONTEXT_ACTIVE,ANGELONE
PRIOR_MOVE_EXTENDED,2026-07-27 12:51:00,,,,,,2026-07-27 13:18:00,REVERSAL_FAILED_WITH_ACCEPTANCE,1.2865012951886672,307.2,HIGHER_LOW_AND_LOCAL_RESISTANCE_BREAK,2026-07-27 13:03:00,2026-07-27 13:18:00,EXPERIMENT_V2_1:ANGELONE:13:2026-07-27T13:00:00:DOWN,DOWN,2026-07-27 15:00:00,2026-07-27 13:00:00,2026-07-27 13:15:00,306.6,0.6820396232543108,306.6,True,4.796348383451022,0.007074952738390376,2.1691805095904897,0.4522566619795333,306.85,PRIOR_MOVE_EXTENDED,2026-07-27 13:00:00,308.7691805095905,False,9.397318729143082,0.013834635416666668,4.25,True,AUCTION_STATE_MEMORY,0.6633401455865956,0.000976562500000037,0.30000000000001137,-0.00911458333333337,0.0,-0.00862630208333326,-0.007161458333333297,2026-07-27 13:18:00,BUY,13,STOCK_CONTEXT_OBJECTIVE_SESSION_PATH|ACCEPTED_RANGE_PRESENT|PRICE_OUTSIDE_ACCEPTED_RANGE|EXHAUSTION_CONTEXT_ACTIVE,ANGELONE
CURRENT_LEG_MATURE|PRIOR_MOVE_EXTENDED,2026-07-27 13:24:00,,,,,,,,1.4426798252948763,305.0,HIGHER_LOW_AND_LOCAL_RESISTANCE_BREAK,2026-07-27 13:48:00,,EXPERIMENT_V2_1:ANGELONE:14:2026-07-27T13:30:00:DOWN,DOWN,2026-07-27 15:30:00,2026-07-27 13:36:00,2026-07-27 14:48:00,304.25,0.6820396232543108,304.45,True,6.3008694640417255,0.011777946002499505,3.585795660460974,0.5690953734122983,305.0,CURRENT_LEG_MATURE|PRIOR_MOVE_EXTENDED,2026-07-27 13:30:00,308.03579566046096,False,3.6022081636478656,0.006721311475409874,2.0500000000000114,True,AUCTION_STATE_MEMORY,0.9664460926860273,0.0018032786885246275,0.5500000000000114,-0.0026229508196721684,-0.0022950819672130775,-0.001147540983606632,-0.000819672131147541,,BUY,14,STOCK_CONTEXT_OBJECTIVE_SESSION_PATH|ACCEPTED_RANGE_PRESENT|PRICE_OUTSIDE_ACCEPTED_RANGE|EXHAUSTION_CONTEXT_ACTIVE,ANGELONE
PRIOR_MOVE_EXTENDED|REJECTION_OR_FAILED_EXTREME,2026-07-27 10:15:00,,,,,,2026-07-27 12:33:00,CONFIRMED_EXPIRED_UNFAILED,2.5049000769265506,2711.6,LOWER_HIGH_AND_LOCAL_SUPPORT_BREAK,2026-07-27 11:06:00,,EXPERIMENT_V2_1:ASIANPAINT:19:2026-07-27T10:30:00:UP,UP,2026-07-27 12:30:00,2026-07-27 10:30:00,,2722.5,1.265391172570566,2722.5,True,2.8219838184487056,0.005264084136112963,14.331469060567542,5.078508589197299,2717.1,PRIOR_MOVE_EXTENDED|REJECTION_OR_FAILED_EXTREME,2026-07-27 10:30:00,2708.1685309394325,True,1.8509371077948378,0.0034665879923292857,9.400000000000091,True,AUCTION_STATE_MEMORY,1.201140038037046,0.002249594335447673,6.099999999999909,0.000737571913261543,-0.00044254314795702645,-0.0010326006785662274,-0.002397108718100015,,SELL,19,STOCK_CONTEXT_OBJECTIVE_SESSION_PATH|ACCEPTED_RANGE_PRESENT|PRICE_INSIDE_ACCEPTED_RANGE|EXHAUSTION_CONTEXT_ACTIVE,ASIANPAINT
PRIOR_MOVE_EXTENDED|PROGRESS_DECAY|REJECTION_OR_FAILED_EXTREME,2026-07-27 11:09:00,,,,,,2026-07-27 13:12:00,CONFIRMED_EXPIRED_UNFAILED,1.6278516599510848,1058.0,LOWER_HIGH_AND_LOCAL_SUPPORT_BREAK,2026-07-27 12:54:00,,EXPERIMENT_V2_1:AUBANK:7:2026-07-27T11:09:00:UP,UP,2026-07-27 13:09:00,2026-07-27 12:45:00,,1061.1,1.431250616918358,1047.0,True,3.0467103726452285,0.007338857790645982,7.683784106806343,2.521993615079038,1046.3,PRIOR_MOVE_EXTENDED|PROGRESS_DECAY|REJECTION_OR_FAILED_EXTREME,2026-07-27 11:09:00,1039.3162158931937,True,0.6344187354137159,0.0015122873345934868,1.599999999999909,True,AUCTION_STATE_MEMORY,3.1720936770687596,0.007561436672967864,8.0,0.003213610586011428,0.0004725897920604915,0.001606805293005714,0.005293005671077418,,SELL,7,STOCK_CONTEXT_OBJECTIVE_SESSION_PATH|ACCEPTED_RANGE_PRESENT|PRICE_OUTSIDE_ACCEPTED_RANGE|EXHAUSTION_CONTEXT_ACTIVE,AUBANK
PRIOR_MOVE_EXTENDED|PROGRESS_DECAY|REJECTION_OR_FAILED_EXTREME,2026-07-27 11:27:00,,,,,,2026-07-27 13:36:00,CONFIRMED_EXPIRED_UNFAILED,1.1905579878022279,1225.1,HIGHER_LOW_AND_LOCAL_RESISTANCE_BREAK,2026-07-27 11:42:00,,EXPERIMENT_V2_1:AXISBANK:29:2026-07-27T11:33:00:DOWN,DOWN,2026-07-27 13:33:00,2026-07-27 11:33:00,2026-07-27 12:36:00,1223.4,0.4963788754170322,1223.4,True,4.069545394058969,0.0051726291912686006,6.328194552598006,1.5550126463354812,1223.5,PRIOR_MOVE_EXTENDED|PROGRESS_DECAY|REJECTION_OR_FAILED_EXTREME,2026-07-27 11:33:00,1229.728194552598,False,2.250785553576073,0.0028569096400293858,3.5,True,AUCTION_STATE_MEMORY,3.279716092353794,0.004162925475471502,5.100000000000136,-0.0015508938045872694,0.0,8.162598971523666e-05,-0.00016325197943010213,,BUY,29,STOCK_CONTEXT_OBJECTIVE_SESSION_PATH|ACCEPTED_RANGE_PRESENT|PRICE_OUTSIDE_ACCEPTED_RANGE|EXHAUSTION_CONTEXT_ACTIVE,AXISBANK
PRIOR_MOVE_EXTENDED|REJECTION_OR_FAILED_EXTREME,2026-07-27 09:33:00,,,,,,2026-07-27 11:48:00,CONFIRMED_EXPIRED_UNFAILED,1.7931198085112052,1904.8,LOWER_HIGH_AND_LOCAL_SUPPORT_BREAK,2026-07-27 09:54:00,,EXPERIMENT_V2_1:BAJAJFINSV:5:2026-07-27T09:45:00:UP,UP,2026-07-27 11:45:00,2026-07-27 09:48:00,,1912.9,0.6648936170212766,1912.4,True,2.2183479803333204,0.005301161027778291,10.137940349523205,4.570040606523742,1908.3,PRIOR_MOVE_EXTENDED|REJECTION_OR_FAILED_EXTREME,2026-07-27 09:45:00,1902.2620596504769,False,3.3260098342019138,0.007979840403191961,15.200000000000045,True,AUCTION_STATE_MEMORY,1.9474662844997692,0.004672406551868891,8.899999999999864,0.0008924821503570168,0.002834943301133906,0.003044939101217952,0.0014699706005879645,,SELL,5,STOCK_CONTEXT_OBJECTIVE_SESSION_PATH|ACCEPTED_RANGE_PRESENT|PRICE_OUTSIDE_ACCEPTED_RANGE|EXHAUSTION_CONTEXT_ACTIVE,BAJAJFINSV
CURRENT_LEG_MATURE|PRIOR_MOVE_EXTENDED|REJECTION_OR_FAILED_EXTREME,2026-07-27 13:09:00,27.0,1907.0,REVERSAL,2026-07-27 13:48:00,e73b62ad-dbaf-575e-a1c1-e54c3cc55c8f,2026-07-27 15:18:00,CONFIRMED_EXPIRED_UNFAILED,2.0897538919740994,1910.1,LOWER_HIGH_AND_LOCAL_SUPPORT_BREAK,2026-07-27 13:21:00,,EXPERIMENT_V2_1:BAJAJFINSV:6:2026-07-27T13:15:00:UP,UP,2026-07-27 15:15:00,2026-07-27 13:15:00,2026-07-27 15:18:00,1914.4,0.6648936170212766,1914.4,True,4.911138619518073,0.005123160575698115,9.807778606116472,1.9970478062129924,1913.8,CURRENT_LEG_MATURE|PRIOR_MOVE_EXTENDED|REJECTION_OR_FAILED_EXTREME,2026-07-27 13:15:00,1904.5922213938836,False,4.957317480933764,0.00518297471336584,9.900000000000091,True,AUCTION_STATE_MEMORY,2.503695697441272,0.0026176639966493903,5.0,0.0017276582377885737,0.0007852991989948171,0.002041777917386453,0.0016229516779225743,,SELL,6,STOCK_CONTEXT_OBJECTIVE_SESSION_PATH|ACCEPTED_RANGE_PRESENT|PRICE_OUTSIDE_ACCEPTED_RANGE|EXHAUSTION_CONTEXT_ACTIVE,BAJAJFINSV
PRIOR_MOVE_EXTENDED|PROGRESS_DECAY|REJECTION_OR_FAILED_EXTREME,2026-07-27 11:33:00,,,,,,2026-07-27 13:36:00,CONFIRMED_EXPIRED_UNFAILED,2.211937252368443,1042.2,LOWER_HIGH_AND_LOCAL_SUPPORT_BREAK,2026-07-27 12:36:00,,EXPERIMENT_V2_1:BAJFINANCE:7:2026-07-27T11:33:00:UP,UP,2026-07-27 13:33:00,2026-07-27 12:30:00,,1046.0,1.1389297987236042,1043.3,True,3.170188464198392,0.006382777161933325,6.659151413045038,2.10055379616961,1041.9,PRIOR_MOVE_EXTENDED|PROGRESS_DECAY|REJECTION_OR_FAILED_EXTREME,2026-07-27 11:33:00,1036.640848586955,True,3.71330646909561,0.00748416810592972,7.7999999999999545,True,AUCTION_STATE_MEMORY,0.19042597277417828,0.00038380349261187,0.40000000000009095,-0.0017271157167529788,-0.0017271157167529788,-0.002206870082517707,-0.002590673575129577,,SELL,7,STOCK_CONTEXT_OBJECTIVE_SESSION_PATH|ACCEPTED_RANGE_PRESENT|PRICE_INSIDE_ACCEPTED_RANGE|EXHAUSTION_CONTEXT_ACTIVE,BAJFINANCE
PRIOR_MOVE_EXTENDED,2026-07-27 13:39:00,,,,,,,,1.3096827426154207,1047.9,LOWER_HIGH_AND_LOCAL_SUPPORT_BREAK,2026-07-27 14:12:00,,EXPERIMENT_V2_1:BAJFINANCE:8:2026-07-27T13:51:00:UP,UP,2026-07-27 15:51:00,2026-07-27 14:09:00,2026-07-27 15:27:00,1049.8,1.1389297987236042,1047.8,True,4.860880982822164,0.007072751077453442,7.410828578955716,1.5245854825791447,1047.0,PRIOR_MOVE_EXTENDED,2026-07-27 13:51:00,1040.3891714210442,True,1.3774235843091818,0.0020040080160319772,2.099999999999909,True,AUCTION_STATE_MEMORY,1.9021563783318691,0.0027674396411872227,2.900000000000091,0.0003817158125776228,0.00095428953144384,0.0017177211565990854,0.0017177211565990854,,SELL,8,STOCK_CONTEXT_OBJECTIVE_SESSION_PATH|ACCEPTED_RANGE_PRESENT|PRICE_OUTSIDE_ACCEPTED_RANGE|EXHAUSTION_CONTEXT_ACTIVE,BAJFINANCE
CURRENT_LEG_MATURE|REJECTION_OR_FAILED_EXTREME,2026-07-27 11:57:00,,,,,,2026-07-27 12:51:00,REVERSAL_FAILED_WITH_ACCEPTANCE,2.0950933274895904,244.8,HIGHER_LOW_AND_LOCAL_RESISTANCE_BREAK,2026-07-27 12:12:00,2026-07-27 12:51:00,EXPERIMENT_V2_1:BANKBARODA:43:2026-07-27T11:57:00:DOWN,DOWN,2026-07-27 13:57:00,2026-07-27 12:09:00,2026-07-27 12:39:00,243.7,-1.604060913705579,244.1,True,3.82058518778224,0.006612926809693123,1.6142154342460913,0.42250476168105167,244.15,CURRENT_LEG_MATURE|REJECTION_OR_FAILED_EXTREME,2026-07-27 11:57:00,245.71421543424609,True,4.4969907379039515,0.007761437908496755,1.9000000000000057,True,AUCTION_STATE_MEMORY,3.0768883996184435,0.005310457516339799,1.299999999999983,-0.004901960784313795,-0.0018382352941177166,-0.002042483660130719,-0.004084967320261438,2026-07-27 12:51:00,BUY,43,STOCK_CONTEXT_OBJECTIVE_SESSION_PATH|ACCEPTED_RANGE_PRESENT|PRICE_OUTSIDE_ACCEPTED_RANGE|EXHAUSTION_CONTEXT_ACTIVE,BANKBARODA
CURRENT_LEG_MATURE,2026-07-27 12:48:00,,,,,,2026-07-27 15:06:00,CONFIRMED_EXPIRED_UNFAILED,1.5116197702810306,243.6,LOCAL_RESISTANCE_BREAK_AFTER_EXHAUSTION,2026-07-27 13:09:00,,EXPERIMENT_V2_1:BANKBARODA:44:2026-07-27T13:03:00:DOWN,DOWN,2026-07-27 15:03:00,2026-07-27 13:03:00,,242.9,-1.604060913705579,242.9,True,5.193264048215143,0.01018580234879487,2.474131390522274,0.4764116300561687,243.2,CURRENT_LEG_MATURE,2026-07-27 13:03:00,245.37413139052228,True,1.1544638403036849,0.002257799671592705,0.549999999999983,True,AUCTION_STATE_MEMORY,3.568342779120627,0.006978653530377739,1.700000000000017,0.0016420361247947688,-0.002052545155993432,-0.0008210180623973261,-0.0006157635467980529,,BUY,44,STOCK_CONTEXT_OBJECTIVE_SESSION_PATH|ACCEPTED_RANGE_PRESENT|PRICE_OUTSIDE_ACCEPTED_RANGE|EXHAUSTION_CONTEXT_ACTIVE,BANKBARODA
CURRENT_LEG_MATURE|PRIOR_MOVE_EXTENDED|REJECTION_OR_FAILED_EXTREME,2026-07-27 09:45:00,,,,,,2026-07-27 11:48:00,CONFIRMED_EXPIRED_UNFAILED,1.5622169013214289,420.75,LOWER_HIGH_AND_LOCAL_SUPPORT_BREAK,2026-07-27 09:51:00,,EXPERIMENT_V2_1:BHEL:1:2026-07-27T09:45:00:UP,UP,2026-07-27 11:45:00,2026-07-27 09:45:00,,422.4,0.8523409363745525,422.4,True,2.0535207379021054,0.005356728794627203,2.2626822428505307,1.1018550731375163,421.8,CURRENT_LEG_MATURE|PRIOR_MOVE_EXTENDED|REJECTION_OR_FAILED_EXTREME,2026-07-27 09:45:00,420.13731775714945,False,0.31764613017881094,0.0008318478906714741,0.35000000000002274,True,AUCTION_STATE_MEMORY,7.1243489197243175,0.018657159833630477,7.850000000000023,0.008437314319667287,0.007486631016042727,0.008912655971479501,0.010338680926916276,,SELL,1,STOCK_CONTEXT_OBJECTIVE_SESSION_PATH|ACCEPTED_RANGE_PRESENT|PRICE_OUTSIDE_ACCEPTED_RANGE|EXHAUSTION_CONTEXT_ACTIVE,BHEL
CURRENT_LEG_MATURE|PRIOR_MOVE_EXTENDED|REJECTION_OR_FAILED_EXTREME,2026-07-27 12:06:00,,,,,,2026-07-27 14:09:00,CONFIRMED_EXPIRED_UNFAILED,2.6049680106672066,414.45,HIGHER_LOW_AND_LOCAL_RESISTANCE_BREAK,2026-07-27 12:42:00,,EXPERIMENT_V2_1:BHEL:2:2026-07-27T12:06:00:DOWN,DOWN,2026-07-27 14:06:00,2026-07-27 12:12:00,,412.9,0.8523409363745525,413.35,True,7.104922911152962,0.011112370035040921,4.593298153984165,0.6464951430752091,413.65,CURRENT_LEG_MATURE|PRIOR_MOVE_EXTENDED|REJECTION_OR_FAILED_EXTREME,2026-07-27 12:06:00,417.9432981539842,False,0.6187208121893715,0.0009651345156230602,0.39999999999997726,True,AUCTION_STATE_MEMORY,4.253705583802171,0.0066352997949089155,2.75,0.0013270599589818106,0.0004825672578115301,-0.00036192544335861325,0.0015683435878876442,,BUY,2,STOCK_CONTEXT_OBJECTIVE_SESSION_PATH|ACCEPTED_RANGE_PRESENT|PRICE_OUTSIDE_ACCEPTED_RANGE|EXHAUSTION_CONTEXT_ACTIVE,BHEL
CURRENT_LEG_MATURE|PRIOR_MOVE_EXTENDED|REJECTION_OR_FAILED_EXTREME,2026-07-27 15:27:00,,,,,,,,,,,,,EXPERIMENT_V2_1:BLUESTARCO:69:2026-07-27T15:27:00:DOWN,DOWN,2026-07-27 17:27:00,2026-07-27 15:27:00,,1638.3,0.5558949297495364,1638.3,True,5.478034537837254,0.009043650421490716,14.81621248552824,2.7046584652198504,1638.4,CURRENT_LEG_MATURE|PRIOR_MOVE_EXTENDED|REJECTION_OR_FAILED_EXTREME,2026-07-27 15:27:00,1653.1162124855282,False,,,,True,AUCTION_STATE_MEMORY,,,,,,,,,BUY,69,STOCK_CONTEXT_OBJECTIVE_SESSION_PATH|ACCEPTED_RANGE_PRESENT|PRICE_OUTSIDE_ACCEPTED_RANGE|EXHAUSTION_CONTEXT_ACTIVE,BLUESTARCO
CURRENT_LEG_MATURE|PRIOR_MOVE_EXTENDED|REJECTION_OR_FAILED_EXTREME,2026-07-27 09:45:00,81.0,316.15,REVERSAL,2026-07-27 11:21:00,a45a8f7f-e5e6-5da3-9ba5-19dca2de1500,2026-07-27 11:48:00,CONFIRMED_EXPIRED_UNFAILED,0.8848725718247555,313.85,HIGHER_LOW_AND_LOCAL_RESISTANCE_BREAK,2026-07-27 10:00:00,,EXPERIMENT_V2_1:BPCL:1:2026-07-27T09:45:00:DOWN,DOWN,2026-07-27 11:45:00,2026-07-27 09:57:00,,313.2,1.4516129032258065,313.5,True,2.3455702937363094,0.006538383410770439,2.0497831992765327,0.8738954465574292,313.65,CURRENT_LEG_MATURE|PRIOR_MOVE_EXTENDED|REJECTION_OR_FAILED_EXTREME,2026-07-27 09:45:00,315.54978319927653,True,0.4005055769300453,0.0011151824119803176,0.35000000000002274,True,AUCTION_STATE_MEMORY,4.348346263811585,0.012107694758642517,3.7999999999999545,0.003504859009080662,0.0009558706388400653,0.00047793531942003266,0.002548988370240416,,BUY,1,STOCK_CONTEXT_OBJECTIVE_SESSION_PATH|ACCEPTED_RANGE_PRESENT|PRICE_OUTSIDE_ACCEPTED_RANGE|EXHAUSTION_CONTEXT_ACTIVE,BPCL
PRIOR_MOVE_EXTENDED|REJECTION_OR_FAILED_EXTREME,2026-07-27 09:36:00,,,,,,2026-07-27 11:09:00,REVERSAL_FAILED_WITH_ACCEPTANCE,2.11395433423628,3551.3,HIGHER_LOW_AND_LOCAL_RESISTANCE_BREAK,2026-07-27 09:51:00,2026-07-27 11:09:00,EXPERIMENT_V2_1:BSE:2:2026-07-27T09:39:00:DOWN,DOWN,2026-07-27 11:39:00,2026-07-27 09:48:00,2026-07-27 10:30:00,3535.0,0.6758659532526049,3541.0,True,2.819768815731008,0.006137081280049935,21.73140481265682,7.706803724979519,3541.0,PRIOR_MOVE_EXTENDED|REJECTION_OR_FAILED_EXTREME,2026-07-27 09:39:00,3562.731404812657,False,7.720450931836612,0.01675442795595979,59.5,True,AUCTION_STATE_MEMORY,0.45414417246097716,0.0009855545856446934,3.5,-0.003463520400979974,-0.0016050460394785775,-0.001492411229690587,-0.001492411229690587,2026-07-27 11:09:00,BUY,2,STOCK_CONTEXT_OBJECTIVE_SESSION_PATH|ACCEPTED_RANGE_PRESENT|PRICE_OUTSIDE_ACCEPTED_RANGE|EXHAUSTION_CONTEXT_ACTIVE,BSE
CURRENT_LEG_MATURE|PRIOR_MOVE_EXTENDED,2026-07-27 11:21:00,,,,,,2026-07-27 11:39:00,REVERSAL_FAILED_WITH_ACCEPTANCE,0.9600592778456775,3529.5,HIGHER_LOW_AND_LOCAL_RESISTANCE_BREAK,2026-07-27 11:30:00,2026-07-27 11:39:00,EXPERIMENT_V2_1:BSE:3:2026-07-27T11:21:00:DOWN,DOWN,2026-07-27 13:21:00,2026-07-27 11:21:00,2026-07-27 11:36:00,3525.2,0.6758659532526049,3525.2,True,4.432161626057492,0.006294852393714281,22.19061365832158,5.006724828774043,3526.9,CURRENT_LEG_MATURE|PRIOR_MOVE_EXTENDED,2026-07-27 11:21:00,3547.3906136583214,False,7.529872579242809,0.010681399631675824,37.69999999999982,True,AUCTION_STATE_MEMORY,4.873445382852152,0.006913160504320751,24.40000000000009,-0.006799830004249894,-0.004674883127921802,-0.005751522878594754,-0.008074798130046749,2026-07-27 11:39:00,BUY,3,STOCK_CONTEXT_OBJECTIVE_SESSION_PATH|ACCEPTED_RANGE_PRESENT|PRICE_OUTSIDE_ACCEPTED_RANGE|EXHAUSTION_CONTEXT_ACTIVE,BSE
PRIOR_MOVE_EXTENDED,2026-07-27 11:48:00,,,,,,2026-07-27 13:54:00,CONFIRMED_EXPIRED_UNFAILED,3.2265255154553136,3511.2,HIGHER_LOW_AND_LOCAL_RESISTANCE_BREAK,2026-07-27 12:18:00,,EXPERIMENT_V2_1:BSE:4:2026-07-27T11:51:00:DOWN,DOWN,2026-07-27 13:51:00,2026-07-27 12:00:00,,3491.8,0.6758659532526049,3504.0,True,6.2688730883962425,0.009864274951033631,34.56441942842184,5.513657549137657,3505.5,PRIOR_MOVE_EXTENDED,2026-07-27 11:51:00,3538.564419428422,False,2.62983325873545,0.004129642287537025,14.5,True,AUCTION_STATE_MEMORY,7.744405527448581,0.01216108452950566,42.70000000000027,-0.0011676919571656154,-0.0020505809979493674,-0.002734107997265866,-0.002791068580542187,,BUY,4,STOCK_CONTEXT_OBJECTIVE_SESSION_PATH|ACCEPTED_RANGE_PRESENT|PRICE_OUTSIDE_ACCEPTED_RANGE|EXHAUSTION_CONTEXT_ACTIVE,BSE
CURRENT_LEG_MATURE|PRIOR_MOVE_EXTENDED|REJECTION_OR_FAILED_EXTREME,2026-07-27 09:36:00,,,,,,2026-07-27 11:39:00,CONFIRMED_EXPIRED_UNFAILED,1.1564489087303205,1337.1,HIGHER_LOW_AND_LOCAL_RESISTANCE_BREAK,2026-07-27 09:51:00,,EXPERIMENT_V2_1:CDSL:1:2026-07-27T09:36:00:DOWN,DOWN,2026-07-27 11:36:00,2026-07-27 09:45:00,2026-07-27 10:36:00,1333.1,0.45692883895130404,1334.6,True,1.8157639606991745,0.005258294374879755,7.01771967271452,3.864885428176629,1337.4,CURRENT_LEG_MATURE|PRIOR_MOVE_EXTENDED|REJECTION_OR_FAILED_EXTREME,2026-07-27 09:36:00,1341.6177196727144,False,2.872012691262792,0.00830154812654245,11.099999999999909,True,AUCTION_STATE_MEMORY,1.0608335165926068,0.0030663375962905817,4.100000000000136,-0.000747887218607434,0.001645351880936389,0.0010470421060504757,0.0006730984967467586,,BUY,1,STOCK_CONTEXT_OBJECTIVE_SESSION_PATH|ACCEPTED_RANGE_PRESENT|PRICE_OUTSIDE_ACCEPTED_RANGE|EXHAUSTION_CONTEXT_ACTIVE,CDSL
PRIOR_MOVE_EXTENDED|PROGRESS_DECAY,2026-07-27 11:51:00,,,,,,2026-07-27 14:09:00,CONFIRMED_EXPIRED_UNFAILED,1.6331843758308673,1330.5,LOCAL_RESISTANCE_BREAK_AFTER_EXHAUSTION,2026-07-27 12:51:00,,EXPERIMENT_V2_1:CDSL:2:2026-07-27T12:06:00:DOWN,DOWN,2026-07-27 14:06:00,2026-07-27 12:42:00,,1327.5,0.45692883895130404,1331.5,True,3.3938846855623956,0.005106855912219371,6.7997786471200925,2.003538504430156,1332.9,PRIOR_MOVE_EXTENDED|PROGRESS_DECAY,2026-07-27 12:06:00,1338.29977864712,False,2.2460262131472657,0.0033821871476888386,4.5,True,AUCTION_STATE_MEMORY,1.2477923406373699,0.0018789928598271326,2.5,-0.000751597143930853,0.0,0.0005261180007516313,-0.0011273957158962795,,BUY,2,STOCK_CONTEXT_OBJECTIVE_SESSION_PATH|ACCEPTED_RANGE_PRESENT|PRICE_OUTSIDE_ACCEPTED_RANGE|EXHAUSTION_CONTEXT_ACTIVE,CDSL
PRIOR_MOVE_EXTENDED|REJECTION_OR_FAILED_EXTREME,2026-07-27 15:06:00,,,,,,,,,,,,,EXPERIMENT_V2_1:CDSL:3:2026-07-27T15:24:00:DOWN,DOWN,2026-07-27 17:24:00,2026-07-27 15:24:00,,1326.0,0.45692883895130404,1326.0,True,6.187511932807505,0.006729576623798441,8.923418603156733,1.4421658818697172,1328.0,PRIOR_MOVE_EXTENDED|REJECTION_OR_FAILED_EXTREME,2026-07-27 15:24:00,1334.9234186031567,False,,,,True,AUCTION_STATE_MEMORY,,,,,,,,,BUY,3,STOCK_CONTEXT_OBJECTIVE_SESSION_PATH|ACCEPTED_RANGE_PRESENT|PRICE_INSIDE_ACCEPTED_RANGE|EXHAUSTION_CONTEXT_ACTIVE,CDSL
CURRENT_LEG_MATURE|REJECTION_OR_FAILED_EXTREME,2026-07-27 10:15:00,,,,,,2026-07-27 12:18:00,CONFIRMED_EXPIRED_UNFAILED,0.9112032730781413,871.9,HIGHER_LOW_AND_LOCAL_RESISTANCE_BREAK,2026-07-27 10:18:00,,EXPERIMENT_V2_1:CGPOWER:1:2026-07-27T10:15:00:DOWN,DOWN,2026-07-27 12:15:00,2026-07-27 10:15:00,,868.35,-0.5209513023782585,868.35,True,1.4568090144986694,0.0066582095126104714,5.781656230275303,3.96871255788113,870.15,CURRENT_LEG_MATURE|REJECTION_OR_FAILED_EXTREME,2026-07-27 10:15:00,874.1316562302753,False,0.7811097313772436,0.0035554536070650567,3.1000000000000227,True,AUCTION_STATE_MEMORY,2.003168504660992,0.009118018121344244,7.9500000000000455,-0.001376304622089611,-0.0006881523110448707,-0.0033260695033833897,0.0014909966739305748,,BUY,1,STOCK_CONTEXT_OBJECTIVE_SESSION_PATH|ACCEPTED_RANGE_PRESENT|PRICE_INSIDE_ACCEPTED_RANGE|EXHAUSTION_CONTEXT_ACTIVE,CGPOWER
PRIOR_MOVE_EXTENDED|REJECTION_OR_FAILED_EXTREME,2026-07-27 14:00:00,,,,,,,,1.768116521648233,876.5,LOWER_HIGH_AND_LOCAL_SUPPORT_BREAK,2026-07-27 14:03:00,,EXPERIMENT_V2_1:CGPOWER:30:2026-07-27T14:00:00:UP,UP,2026-07-27 16:00:00,2026-07-27 14:00:00,2026-07-27 14:18:00,879.0,-0.5209513023782585,879.0,True,3.646284083599359,0.005534704878307012,4.865005588031863,1.3342365752340029,878.15,PRIOR_MOVE_EXTENDED|REJECTION_OR_FAILED_EXTREME,2026-07-27 14:00:00,874.1349944119681,False,2.5107991057826373,0.0038220193953223307,3.3500000000000227,True,AUCTION_STATE_MEMORY,0.37474613519143585,0.0005704506560182544,0.5,-0.001026811180832832,-0.0022818026240730175,-0.002852253280091272,-0.0027952082144894986,,SELL,30,STOCK_CONTEXT_OBJECTIVE_SESSION_PATH|ACCEPTED_RANGE_PRESENT|PRICE_OUTSIDE_ACCEPTED_RANGE|EXHAUSTION_CONTEXT_ACTIVE,CGPOWER
PRIOR_MOVE_EXTENDED|PROGRESS_DECAY|REJECTION_OR_FAILED_EXTREME,2026-07-27 09:33:00,,,,,,2026-07-27 11:24:00,REVERSAL_FAILED_WITH_ACCEPTANCE,1.711377724826007,1774.7,LOWER_HIGH_AND_LOCAL_SUPPORT_BREAK,2026-07-27 09:51:00,2026-07-27 11:24:00,EXPERIMENT_V2_1:CHOLAFIN:2:2026-07-27T09:36:00:UP,UP,2026-07-27 11:36:00,2026-07-27 09:45:00,2026-07-27 11:21:00,1786.9,2.044728434504795,1769.4,True,1.3429201542959488,0.0051997900509441865,9.200508516140644,6.851121034045531,1768.8,PRIOR_MOVE_EXTENDED|PROGRESS_DECAY|REJECTION_OR_FAILED_EXTREME,2026-07-27 09:36:00,1760.1994914838594,True,4.349653122739141,0.016791570406265822,29.799999999999955,True,AUCTION_STATE_MEMORY,1.1239036592312628,0.004338761480813684,7.7000000000000455,-0.00045078041359100386,0.0009015608271821358,0.00219755451625632,-0.00016904265509661042,2026-07-27 11:24:00,SELL,2,STOCK_CONTEXT_OBJECTIVE_SESSION_PATH|ACCEPTED_RANGE_PRESENT|PRICE_INSIDE_ACCEPTED_RANGE|EXHAUSTION_CONTEXT_ACTIVE,CHOLAFIN
PRIOR_MOVE_EXTENDED|PROGRESS_DECAY|REJECTION_OR_FAILED_EXTREME,2026-07-27 11:27:00,,,,,,2026-07-27 12:51:00,REVERSAL_FAILED_WITH_ACCEPTANCE,1.788706329033638,1789.0,LOWER_HIGH_AND_LOCAL_SUPPORT_BREAK,2026-07-27 11:54:00,2026-07-27 12:51:00,EXPERIMENT_V2_1:CHOLAFIN:3:2026-07-27T11:36:00:UP,UP,2026-07-27 13:36:00,2026-07-27 11:45:00,2026-07-27 12:21:00,1796.0,2.044728434504795,1791.5,True,4.2555489776724835,0.009584315329405754,17.17030091263041,4.034802795765607,1790.8,PRIOR_MOVE_EXTENDED|PROGRESS_DECAY|REJECTION_OR_FAILED_EXTREME,2026-07-27 11:36:00,1774.3296990873696,True,3.8415756071812828,0.008664058133035215,15.5,True,AUCTION_STATE_MEMORY,2.2305922880407447,0.005030743432084964,9.0,-0.004807154835103359,0.0005030743432085472,0.001229737283398572,-0.003018446059251029,2026-07-27 12:51:00,SELL,3,STOCK_CONTEXT_OBJECTIVE_SESSION_PATH|ACCEPTED_RANGE_PRESENT|PRICE_OUTSIDE_ACCEPTED_RANGE|EXHAUSTION_CONTEXT_ACTIVE,CHOLAFIN
CURRENT_LEG_MATURE|PRIOR_MOVE_EXTENDED|PROGRESS_DECAY,2026-07-27 12:51:00,,,,,,2026-07-27 15:06:00,CONFIRMED_EXPIRED_UNFAILED,2.0661825171142865,1797.1,LOWER_HIGH_AND_LOCAL_SUPPORT_BREAK,2026-07-27 13:09:00,,EXPERIMENT_V2_1:CHOLAFIN:4:2026-07-27T13:03:00:UP,UP,2026-07-27 15:03:00,2026-07-27 13:06:00,,1804.5,2.044728434504795,1801.7,True,6.00940775708992,0.011357581374433634,20.462954362317078,3.405153251279182,1801.7,CURRENT_LEG_MATURE|PRIOR_MOVE_EXTENDED|PROGRESS_DECAY,2026-07-27 13:03:00,1781.237045637683,True,0.8222831083882443,0.001558065772633789,2.800000000000182,True,AUCTION_STATE_MEMORY,5.021800411942139,0.009515330254298541,17.09999999999991,0.00428468087474254,0.0019475822157921097,0.0006120972678203267,0.004507261699404546,,SELL,4,STOCK_CONTEXT_OBJECTIVE_SESSION_PATH|ACCEPTED_RANGE_PRESENT|PRICE_OUTSIDE_ACCEPTED_RANGE|EXHAUSTION_CONTEXT_ACTIVE,CHOLAFIN
CURRENT_LEG_MATURE|PRIOR_MOVE_EXTENDED|REJECTION_OR_FAILED_EXTREME,2026-07-27 09:45:00,,,,,,2026-07-27 11:48:00,CONFIRMED_EXPIRED_UNFAILED,1.6040437829458747,1523.2,LOWER_HIGH_AND_LOCAL_SUPPORT_BREAK,2026-07-27 10:03:00,,EXPERIMENT_V2_1:COFORGE:1:2026-07-27T09:45:00:UP,UP,2026-07-27 11:45:00,2026-07-27 09:54:00,2026-07-27 11:30:00,1531.7,0.9353970390309617,1527.5,True,3.2226286810314404,0.012203673130178241,18.641110706347263,5.7844426247646235,1523.4,CURRENT_LEG_MATURE|PRIOR_MOVE_EXTENDED|REJECTION_OR_FAILED_EXTREME,2026-07-27 09:45:00,1508.8588892936527,False,2.5931625522191726,0.009847689075630252,15.0,True,AUCTION_STATE_MEMORY,1.4175955285464887,0.005383403361344567,8.200000000000045,-0.000919117647058734,-0.0009847689075630252,0.00045955882352944163,-0.003282563025210084,,SELL,1,STOCK_CONTEXT_OBJECTIVE_SESSION_PATH|ACCEPTED_RANGE_PRESENT|PRICE_OUTSIDE_ACCEPTED_RANGE|EXHAUSTION_CONTEXT_ACTIVE,COFORGE
CURRENT_LEG_MATURE|PRIOR_MOVE_EXTENDED|PROGRESS_DECAY,2026-07-27 14:09:00,12.0,1528.1,REVERSAL,2026-07-27 14:54:00,7bb97d32-0d12-5360-ada3-3f6fc09a375e,,,2.475596902594294,1532.6,LOWER_HIGH_AND_LOCAL_SUPPORT_BREAK,2026-07-27 14:42:00,,EXPERIMENT_V2_1:COFORGE:2:2026-07-27T14:24:00:UP,UP,2026-07-27 16:24:00,2026-07-27 14:24:00,,1538.2,0.9353970390309617,1538.2,True,7.741551575421326,0.012096003635430931,18.60607279201986,2.403403582699408,1536.2,CURRENT_LEG_MATURE|PRIOR_MOVE_EXTENDED|PROGRESS_DECAY,2026-07-27 14:24:00,1519.5939272079802,False,0.7489378866526001,0.0011744747487930198,1.800000000000182,True,AUCTION_STATE_MEMORY,3.5366511314146982,0.005546130758188699,8.5,,0.001957457914654835,0.003523424246378614,0.004045413023619874,,SELL,2,STOCK_CONTEXT_OBJECTIVE_SESSION_PATH|ACCEPTED_RANGE_PRESENT|PRICE_OUTSIDE_ACCEPTED_RANGE|EXHAUSTION_CONTEXT_ACTIVE,COFORGE
PRIOR_MOVE_EXTENDED|REJECTION_OR_FAILED_EXTREME,2026-07-27 11:18:00,,,,,,2026-07-27 13:21:00,CONFIRMED_EXPIRED_UNFAILED,1.571413098664519,462.95,HIGHER_LOW_AND_LOCAL_RESISTANCE_BREAK,2026-07-27 11:30:00,,EXPERIMENT_V2_1:DELHIVERY:13:2026-07-27T11:18:00:DOWN,DOWN,2026-07-27 13:18:00,2026-07-27 11:18:00,,461.7,0.7996542035876353,461.7,True,2.866411183559626,0.005623626292920841,2.596428259441552,0.9058115159239652,462.75,PRIOR_MOVE_EXTENDED|REJECTION_OR_FAILED_EXTREME,2026-07-27 11:18:00,464.29642825944154,False,1.048783310102819,0.0020520574576087885,0.9499999999999886,True,AUCTION_STATE_MEMORY,9.218253304588071,0.01803650502214067,8.350000000000023,0.0041041149152177,0.008100226806350579,0.005184145156064444,0.004752133059725648,,BUY,13,STOCK_CONTEXT_OBJECTIVE_SESSION_PATH|ACCEPTED_RANGE_PRESENT|PRICE_INSIDE_ACCEPTED_RANGE|EXHAUSTION_CONTEXT_ACTIVE,DELHIVERY
PRIOR_MOVE_EXTENDED|REJECTION_OR_FAILED_EXTREME,2026-07-27 13:42:00,,,,,,2026-07-27 15:15:00,REVERSAL_FAILED_WITH_ACCEPTANCE,1.968160202828922,468.3,LOWER_HIGH_AND_LOCAL_SUPPORT_BREAK,2026-07-27 14:45:00,2026-07-27 15:15:00,EXPERIMENT_V2_1:DELHIVERY:14:2026-07-27T13:42:00:UP,UP,2026-07-27 15:42:00,2026-07-27 14:15:00,2026-07-27 15:12:00,469.55,0.7996542035876353,468.95,True,4.06046648740586,0.006902512611315925,3.236933289076603,0.7971826141445651,468.65,PRIOR_MOVE_EXTENDED|REJECTION_OR_FAILED_EXTREME,2026-07-27 13:42:00,465.7130667109234,False,3.7632531703155845,0.0064061499039077515,3.0,True,AUCTION_STATE_MEMORY,0.25088354468769136,0.00042707666026049247,0.19999999999998863,,-0.0007473841554558315,-0.002135383301302584,-0.004591074097800507,2026-07-27 15:15:00,SELL,14,STOCK_CONTEXT_OBJECTIVE_SESSION_PATH|ACCEPTED_RANGE_PRESENT|PRICE_OUTSIDE_ACCEPTED_RANGE|EXHAUSTION_CONTEXT_ACTIVE,DELHIVERY
PRIOR_MOVE_EXTENDED|PROGRESS_DECAY|REJECTION_OR_FAILED_EXTREME,2026-07-27 15:18:00,,,,,,,,,,,,,EXPERIMENT_V2_1:DELHIVERY:15:2026-07-27T15:27:00:UP,UP,2026-07-27 17:27:00,2026-07-27 15:27:00,,470.95,0.7996542035876353,470.95,True,4.805233558731982,0.008022012440979944,3.7779667590795043,0.7862191739284458,469.9,PRIOR_MOVE_EXTENDED|PROGRESS_DECAY|REJECTION_OR_FAILED_EXTREME,2026-07-27 15:27:00,467.1720332409205,False,,,,True,AUCTION_STATE_MEMORY,,,,,,,,,SELL,15,STOCK_CONTEXT_OBJECTIVE_SESSION_PATH|ACCEPTED_RANGE_PRESENT|PRICE_INSIDE_ACCEPTED_RANGE|EXHAUSTION_CONTEXT_ACTIVE,DELHIVERY
PRIOR_MOVE_EXTENDED|REJECTION_OR_FAILED_EXTREME,2026-07-27 10:51:00,,,,,,2026-07-27 11:30:00,REVERSAL_FAILED_WITH_ACCEPTANCE,1.4704250366289522,7718.5,LOWER_HIGH_AND_LOCAL_SUPPORT_BREAK,2026-07-27 10:54:00,2026-07-27 11:30:00,EXPERIMENT_V2_1:EICHERMOT:14:2026-07-27T10:51:00:UP,UP,2026-07-27 12:51:00,2026-07-27 10:51:00,2026-07-27 11:27:00,7741.0,0.6145397489539749,7741.0,True,2.9641976000034402,0.005544229603423354,42.91788136010018,14.478751807926155,7734.0,PRIOR_MOVE_EXTENDED|REJECTION_OR_FAILED_EXTREME,2026-07-27 10:51:00,7698.0821186399,False,8.875074433533337,0.016648312495951285,128.5,True,AUCTION_STATE_MEMORY,0.7942673617559017,0.0014899267992485588,11.5,-0.015417503400919868,0.0,0.00019433827816285547,-0.00200816220768284,2026-07-27 11:30:00,SELL,14,STOCK_CONTEXT_OBJECTIVE_SESSION_PATH|ACCEPTED_RANGE_PRESENT|PRICE_OUTSIDE_ACCEPTED_RANGE|EXHAUSTION_CONTEXT_ACTIVE,EICHERMOT
PRIOR_MOVE_EXTENDED|PROGRESS_DECAY|REJECTION_OR_FAILED_EXTREME,2026-07-27 11:45:00,93.0,7782.5,REVERSAL,2026-07-27 13:36:00,088d7871-8419-59e2-9c59-2b065df33abd,2026-07-27 13:48:00,CONFIRMED_EXPIRED_UNFAILED,1.9559184471657016,7811.0,LOWER_HIGH_AND_LOCAL_SUPPORT_BREAK,2026-07-27 12:03:00,,EXPERIMENT_V2_1:EICHERMOT:15:2026-07-27T11:45:00:UP,UP,2026-07-27 13:45:00,2026-07-27 11:54:00,,7847.0,0.6145397489539749,7804.5,True,4.582765269044519,0.010027514364974439,78.259735861443,17.076968002282108,7794.5,PRIOR_MOVE_EXTENDED|PROGRESS_DECAY|REJECTION_OR_FAILED_EXTREME,2026-07-27 11:45:00,7726.240264138557,False,0.9954928765884071,0.0021764178722314684,17.0,True,AUCTION_STATE_MEMORY,3.601341877069826,0.007873511714249135,61.5,0.0010241966457559851,-0.0015362949686339778,-0.0006401229035974907,-0.0012162335168352323,,SELL,15,STOCK_CONTEXT_OBJECTIVE_SESSION_PATH|ACCEPTED_RANGE_PRESENT|PRICE_OUTSIDE_ACCEPTED_RANGE|EXHAUSTION_CONTEXT_ACTIVE,EICHERMOT
PRIOR_MOVE_EXTENDED,2026-07-27 12:00:00,,,,,,2026-07-27 12:21:00,REVERSAL_FAILED_WITH_ACCEPTANCE,1.0070866824418674,439.65,HIGHER_LOW_AND_LOCAL_RESISTANCE_BREAK,2026-07-27 12:12:00,2026-07-27 12:21:00,EXPERIMENT_V2_1:EXIDEIND:23:2026-07-27T12:03:00:DOWN,DOWN,2026-07-27 14:03:00,2026-07-27 12:09:00,2026-07-27 12:18:00,438.9,0.8424408014571924,439.05,True,2.9535880482670787,0.0052524659682812525,2.306095183373884,0.78077753081609,439.2,PRIOR_MOVE_EXTENDED,2026-07-27 12:03:00,441.3560951833739,False,21.132780271934504,0.037529853292391675,16.5,True,AUCTION_STATE_MEMORY,0.32019364048385607,0.0005686341407938133,0.25,-0.0011372682815876266,-0.002501990219492701,-0.0014784487660638628,-0.0026157170476514896,2026-07-27 12:21:00,BUY,23,STOCK_CONTEXT_OBJECTIVE_SESSION_PATH|ACCEPTED_RANGE_PRESENT|PRICE_OUTSIDE_ACCEPTED_RANGE|EXHAUSTION_CONTEXT_ACTIVE,EXIDEIND
CURRENT_LEG_MATURE|PRIOR_MOVE_EXTENDED|PROGRESS_DECAY|REJECTION_OR_FAILED_EXTREME,2026-07-27 12:24:00,,,,,,2026-07-27 13:36:00,REVERSAL_FAILED_WITH_ACCEPTANCE,2.5698394574469052,438.55,HIGHER_LOW_AND_LOCAL_RESISTANCE_BREAK,2026-07-27 13:03:00,2026-07-27 13:36:00,EXPERIMENT_V2_1:EXIDEIND:24:2026-07-27T12:33:00:DOWN,DOWN,2026-07-27 14:33:00,2026-07-27 12:57:00,2026-07-27 13:33:00,436.55,0.8424408014571924,438.05,True,4.343395967371959,0.007193656819101472,3.1511813696074,0.7255109580796689,438.5,CURRENT_LEG_MATURE|PRIOR_MOVE_EXTENDED|PROGRESS_DECAY|REJECTION_OR_FAILED_EXTREME,2026-07-27 12:33:00,441.2011813696074,False,21.226419571610315,0.03511572226656033,15.400000000000034,True,AUCTION_STATE_MEMORY,1.860757559848905,0.0030783263025879965,1.349999999999966,-0.006954737202143453,0.0013681450233723996,-0.0010261087675293322,-0.004332459240679589,2026-07-27 13:36:00,BUY,24,STOCK_CONTEXT_OBJECTIVE_SESSION_PATH|ACCEPTED_RANGE_PRESENT|PRICE_OUTSIDE_ACCEPTED_RANGE|EXHAUSTION_CONTEXT_ACTIVE,EXIDEIND
CURRENT_LEG_MATURE|PRIOR_MOVE_EXTENDED,2026-07-27 13:39:00,,,,,,2026-07-27 14:45:00,REVERSAL_FAILED_WITH_ACCEPTANCE,2.0545962060522474,436.6,HIGHER_LOW_AND_LOCAL_RESISTANCE_BREAK,2026-07-27 13:54:00,2026-07-27 14:45:00,EXPERIMENT_V2_1:EXIDEIND:25:2026-07-27T13:48:00:DOWN,DOWN,2026-07-27 15:48:00,2026-07-27 13:48:00,2026-07-27 14:30:00,434.75,0.8424408014571924,434.75,True,6.223039814468353,0.012610129503048219,5.482253801450213,0.8809607466602032,434.95,CURRENT_LEG_MATURE|PRIOR_MOVE_EXTENDED,2026-07-27 13:48:00,440.2322538014502,False,15.267422584933705,0.030806229958772434,13.450000000000045,True,AUCTION_STATE_MEMORY,0.34053730672709304,0.0006871278057717693,0.2999999999999545,-0.009619789280806333,-0.0025194686211635884,-0.00011452130096200496,-0.0016032982134678091,2026-07-27 14:45:00,BUY,25,STOCK_CONTEXT_OBJECTIVE_SESSION_PATH|ACCEPTED_RANGE_PRESENT|PRICE_OUTSIDE_ACCEPTED_RANGE|EXHAUSTION_CONTEXT_ACTIVE,EXIDEIND
CURRENT_LEG_MATURE|PRIOR_MOVE_EXTENDED|REJECTION_OR_FAILED_EXTREME,2026-07-27 14:57:00,,,,,,,,1.6924623988983467,428.0,HIGHER_LOW_AND_LOCAL_RESISTANCE_BREAK,2026-07-27 15:21:00,,EXPERIMENT_V2_1:EXIDEIND:26:2026-07-27T14:57:00:DOWN,DOWN,2026-07-27 16:57:00,2026-07-27 15:18:00,,425.3,0.8424408014571924,431.65,True,9.3212245931162,0.01752822677655644,7.566059088100587,0.8117022621349756,432.25,CURRENT_LEG_MATURE|PRIOR_MOVE_EXTENDED|REJECTION_OR_FAILED_EXTREME,2026-07-27 14:57:00,439.21605908810056,False,2.463957652082317,0.004672897196261682,2.0,True,AUCTION_STATE_MEMORY,2.463957652082317,0.004672897196261682,2.0,,,,,,BUY,26,STOCK_CONTEXT_OBJECTIVE_SESSION_PATH|ACCEPTED_RANGE_PRESENT|PRICE_OUTSIDE_ACCEPTED_RANGE|EXHAUSTION_CONTEXT_ACTIVE,EXIDEIND
CURRENT_LEG_MATURE|PRIOR_MOVE_EXTENDED|REJECTION_OR_FAILED_EXTREME,2026-07-27 10:18:00,,,,,,2026-07-27 12:21:00,CONFIRMED_EXPIRED_UNFAILED,2.0869119777055296,17389.0,HIGHER_LOW_AND_LOCAL_RESISTANCE_BREAK,2026-07-27 11:39:00,,EXPERIMENT_V2_1:FORCEMOT:14:2026-07-27T10:18:00:DOWN,DOWN,2026-07-27 12:18:00,2026-07-27 11:36:00,,17300.0,1.3341660043147496,17585.0,True,2.3329131422496205,0.005152095189000633,90.59959389857613,38.835390935819945,17589.0,CURRENT_LEG_MATURE|PRIOR_MOVE_EXTENDED|REJECTION_OR_FAILED_EXTREME,2026-07-27 10:18:00,17675.599593898576,True,3.8367065815364145,0.008568635344183104,149.0,True,AUCTION_STATE_MEMORY,4.145703084747401,0.009258726781298523,161.0,0.0006900914371154177,0.0029328886077405257,0.005808269595721433,0.00529070101788487,,BUY,14,STOCK_CONTEXT_OBJECTIVE_SESSION_PATH|ACCEPTED_RANGE_PRESENT|PRICE_OUTSIDE_ACCEPTED_RANGE|EXHAUSTION_CONTEXT_ACTIVE,FORCEMOT
CURRENT_LEG_MATURE|PRIOR_MOVE_EXTENDED|REJECTION_OR_FAILED_EXTREME,2026-07-27 14:36:00,,,,,,,,2.5253634243956693,17310.0,LOCAL_RESISTANCE_BREAK_AFTER_EXHAUSTION,2026-07-27 14:51:00,,EXPERIMENT_V2_1:FORCEMOT:15:2026-07-27T14:36:00:DOWN,DOWN,2026-07-27 16:36:00,2026-07-27 14:39:00,2026-07-27 15:24:00,17250.0,1.3341660043147496,17261.0,True,8.32994021671866,0.010604542956278135,183.04501596831687,21.974349299762707,17273.0,CURRENT_LEG_MATURE|PRIOR_MOVE_EXTENDED|REJECTION_OR_FAILED_EXTREME,2026-07-27 14:36:00,17444.045015968317,True,3.1855323243066818,0.004043905257076834,70.0,True,AUCTION_STATE_MEMORY,0.0,0.0,0.0,,-0.00011554015020219527,-0.002657423454650491,-0.0028885037550548816,,BUY,15,STOCK_CONTEXT_OBJECTIVE_SESSION_PATH|ACCEPTED_RANGE_PRESENT|PRICE_OUTSIDE_ACCEPTED_RANGE|EXHAUSTION_CONTEXT_ACTIVE,FORCEMOT
PRIOR_MOVE_EXTENDED|REJECTION_OR_FAILED_EXTREME,2026-07-27 15:27:00,,,,,,,,,,,,,EXPERIMENT_V2_1:GLENMARK:102:2026-07-27T15:27:00:DOWN,DOWN,2026-07-27 17:27:00,2026-07-27 15:27:00,,2183.1,-0.03612553623843675,2183.1,True,4.848193224982224,0.008138484847308934,17.767126270160134,3.664690214616039,2199.0,PRIOR_MOVE_EXTENDED|REJECTION_OR_FAILED_EXTREME,2026-07-27 15:27:00,2200.86712627016,False,,,,True,AUCTION_STATE_MEMORY,,,,,,,,,BUY,102,STOCK_CONTEXT_OBJECTIVE_SESSION_PATH|ACCEPTED_RANGE_PRESENT|PRICE_INSIDE_ACCEPTED_RANGE|EXHAUSTION_CONTEXT_ACTIVE,GLENMARK
PRIOR_MOVE_EXTENDED,2026-07-27 09:36:00,,,,,,2026-07-27 11:39:00,CONFIRMED_EXPIRED_UNFAILED,2.7002134685834913,4188.1,HIGHER_LOW_AND_LOCAL_RESISTANCE_BREAK,2026-07-27 09:45:00,,EXPERIMENT_V2_1:GVT&D:1:2026-07-27T09:36:00:DOWN,DOWN,2026-07-27 11:36:00,2026-07-27 09:39:00,,4135.0,0.2140309155766944,4173.1,True,1.3603263085725374,0.005093692167752496,21.256486785247944,15.626020500591142,4173.1,PRIOR_MOVE_EXTENDED,2026-07-27 09:36:00,4194.356486785248,False,2.3038495308922764,0.00859578329075237,36.0,True,AUCTION_STATE_MEMORY,9.618571791475208,0.035887395238890965,150.29999999999927,0.016188725197583454,-0.005276855853489736,-0.0005252978677683741,-0.0005014206919606417,,BUY,1,STOCK_CONTEXT_OBJECTIVE_SESSION_PATH|ACCEPTED_RANGE_PRESENT|PRICE_INSIDE_ACCEPTED_RANGE|EXHAUSTION_CONTEXT_ACTIVE,GVT&D
PRIOR_MOVE_EXTENDED|PROGRESS_DECAY|REJECTION_OR_FAILED_EXTREME,2026-07-27 11:42:00,,,,,,2026-07-27 12:09:00,REVERSAL_FAILED_WITH_ACCEPTANCE,1.1306155975986862,4255.7,LOWER_HIGH_AND_LOCAL_SUPPORT_BREAK,2026-07-27 11:54:00,2026-07-27 12:09:00,EXPERIMENT_V2_1:GVT&D:2:2026-07-27T11:51:00:UP,UP,2026-07-27 13:51:00,2026-07-27 11:51:00,2026-07-27 12:03:00,4269.8,0.2140309155766944,4269.8,True,3.892084880235862,0.011604239643115221,49.54778242817338,12.730396163706162,4264.1,PRIOR_MOVE_EXTENDED|PROGRESS_DECAY|REJECTION_OR_FAILED_EXTREME,2026-07-27 11:51:00,4220.252217571827,False,6.496262876388257,0.01943276076791123,82.69999999999982,True,AUCTION_STATE_MEMORY,5.69503093758343,0.01703597528021242,72.5,-0.012265902201752901,-0.003289705571351364,-0.005169537326409287,-0.00453509410907728,2026-07-27 12:09:00,SELL,2,STOCK_CONTEXT_OBJECTIVE_SESSION_PATH|ACCEPTED_RANGE_PRESENT|PRICE_INSIDE_ACCEPTED_RANGE|EXHAUSTION_CONTEXT_ACTIVE,GVT&D
PRIOR_MOVE_EXTENDED|PROGRESS_DECAY,2026-07-27 12:03:00,96.0,4248.3,REVERSAL,2026-07-27 14:21:00,0e26688f-7410-5657-bfe0-8d9f39181926,2026-07-27 14:24:00,CONFIRMED_EXPIRED_UNFAILED,1.9332882259048676,4304.4,LOWER_HIGH_AND_LOCAL_SUPPORT_BREAK,2026-07-27 12:45:00,,EXPERIMENT_V2_1:GVT&D:3:2026-07-27T12:21:00:UP,UP,2026-07-27 14:21:00,2026-07-27 12:42:00,,4333.2,0.2140309155766944,4281.1,True,5.680865948718862,0.01346041475183671,57.62538159408814,10.143767185191846,4275.0,PRIOR_MOVE_EXTENDED|PROGRESS_DECAY,2026-07-27 12:21:00,4223.474618405912,False,1.764630405371632,0.0041585354520956574,17.900000000000546,True,AUCTION_STATE_MEMORY,11.948223750337148,0.028157234457764108,121.19999999999982,0.00392621503577726,-0.0008131214571136512,0.00048787287426806396,-0.0007201932905864613,,SELL,3,STOCK_CONTEXT_OBJECTIVE_SESSION_PATH|ACCEPTED_RANGE_PRESENT|PRICE_INSIDE_ACCEPTED_RANGE|EXHAUSTION_CONTEXT_ACTIVE,GVT&D
CURRENT_LEG_MATURE|PRIOR_MOVE_EXTENDED,2026-07-27 14:57:00,,,,,,,,1.7688198090025724,4210.1,HIGHER_LOW_AND_LOCAL_RESISTANCE_BREAK,2026-07-27 15:06:00,,EXPERIMENT_V2_1:GVT&D:4:2026-07-27T14:57:00:DOWN,DOWN,2026-07-27 16:57:00,2026-07-27 15:00:00,,4183.2,0.2140309155766944,4189.5,True,4.264890826567662,0.015389716499946885,64.47521727652747,15.117671213266773,4191.6,CURRENT_LEG_MATURE|PRIOR_MOVE_EXTENDED,2026-07-27 14:57:00,4253.9752172765275,False,1.5015540211034588,0.005391795919337005,22.700000000000728,True,AUCTION_STATE_MEMORY,0.773928724533464,0.0027790313769268703,11.699999999999818,,-0.0024227453029620977,0.0005225529084819405,,,BUY,4,STOCK_CONTEXT_OBJECTIVE_SESSION_PATH|ACCEPTED_RANGE_PRESENT|PRICE_OUTSIDE_ACCEPTED_RANGE|EXHAUSTION_CONTEXT_ACTIVE,GVT&D
CURRENT_LEG_MATURE|PRIOR_MOVE_EXTENDED|REJECTION_OR_FAILED_EXTREME,2026-07-27 09:48:00,,,,,,2026-07-27 11:51:00,CONFIRMED_EXPIRED_UNFAILED,0.9536266529233495,1297.6,LOWER_HIGH_AND_LOCAL_SUPPORT_BREAK,2026-07-27 10:03:00,,EXPERIMENT_V2_1:HCLTECH:1:2026-07-27T09:48:00:UP,UP,2026-07-27 11:48:00,2026-07-27 09:54:00,,1300.7,1.3642457219462332,1300.5,True,2.138759132428928,0.006340065989044705,8.24525581875264,3.855158672958528,1300.3,CURRENT_LEG_MATURE|PRIOR_MOVE_EXTENDED|REJECTION_OR_FAILED_EXTREME,2026-07-27 09:48:00,1292.2547441812474,True,0.8819351649126445,0.002620221948212154,3.400000000000091,True,AUCTION_STATE_MEMORY,1.1153885909188912,0.0033138101109740714,4.2999999999999545,-0.0018495684340321295,-0.0009247842170160647,-0.001310110974106077,-0.00015413070283603998,,SELL,1,STOCK_CONTEXT_OBJECTIVE_SESSION_PATH|ACCEPTED_RANGE_PRESENT|PRICE_OUTSIDE_ACCEPTED_RANGE|EXHAUSTION_CONTEXT_ACTIVE,HCLTECH
PRIOR_MOVE_EXTENDED|PROGRESS_DECAY,2026-07-27 10:09:00,,,,,,2026-07-27 11:51:00,REVERSAL_FAILED_WITH_ACCEPTANCE,1.7532357526307651,740.9,HIGHER_LOW_AND_LOCAL_RESISTANCE_BREAK,2026-07-27 10:42:00,2026-07-27 11:51:00,EXPERIMENT_V2_1:HDFCBANK:9:2026-07-27T10:18:00:DOWN,DOWN,2026-07-27 12:18:00,2026-07-27 10:18:00,2026-07-27 11:48:00,739.5,0.4034969737726967,739.5,True,4.544835173316133,0.005584439074706814,4.129692695745689,0.9086562082585856,739.8,PRIOR_MOVE_EXTENDED|PROGRESS_DECAY,2026-07-27 10:18:00,743.6296926957457,False,3.0814734709908347,0.00377918747469288,2.7999999999999545,True,AUCTION_STATE_MEMORY,1.2105788636035868,0.0014846807936294004,1.1000000000000227,-0.0008773113780536878,0.00033742745309758404,0.0005398839249561038,-0.00033742745309758404,2026-07-27 11:51:00,BUY,9,STOCK_CONTEXT_OBJECTIVE_SESSION_PATH|ACCEPTED_RANGE_PRESENT|PRICE_OUTSIDE_ACCEPTED_RANGE|EXHAUSTION_CONTEXT_ACTIVE,HDFCBANK
PRIOR_MOVE_EXTENDED,2026-07-27 12:00:00,,,,,,2026-07-27 14:06:00,CONFIRMED_EXPIRED_UNFAILED,1.93355649981202,739.45,HIGHER_LOW_AND_LOCAL_RESISTANCE_BREAK,2026-07-27 12:12:00,,EXPERIMENT_V2_1:HDFCBANK:10:2026-07-27T12:03:00:DOWN,DOWN,2026-07-27 14:03:00,2026-07-27 12:06:00,,738.1,0.4034969737726967,738.25,True,5.495407241121048,0.005143418005220877,3.7971283423543127,0.6909639587656309,738.3,PRIOR_MOVE_EXTENDED,2026-07-27 12:03:00,742.0471283423543,False,1.5919788377459112,0.0014875921292853104,1.1000000000000227,True,AUCTION_STATE_MEMORY,3.690496396592652,0.00344850902697945,2.5499999999999545,-0.0008790317127596064,0.0004057069443504693,-0.000338089120292109,-0.001081885184934841,,BUY,10,STOCK_CONTEXT_OBJECTIVE_SESSION_PATH|ACCEPTED_RANGE_PRESENT|PRICE_OUTSIDE_ACCEPTED_RANGE|EXHAUSTION_CONTEXT_ACTIVE,HDFCBANK
CURRENT_LEG_MATURE|PRIOR_MOVE_EXTENDED|REJECTION_OR_FAILED_EXTREME,2026-07-27 10:36:00,,,,,,2026-07-27 11:48:00,REVERSAL_FAILED_WITH_ACCEPTANCE,2.032516086222158,5075.3,LOWER_HIGH_AND_LOCAL_SUPPORT_BREAK,2026-07-27 10:54:00,2026-07-27 11:48:00,EXPERIMENT_V2_1:HEROMOTOCO:10:2026-07-27T10:45:00:UP,UP,2026-07-27 12:45:00,2026-07-27 10:51:00,2026-07-27 11:09:00,5093.4,0.7784431137724551,5089.0,True,3.0385375543411897,0.005221610959293421,26.57277817184422,8.745252509345958,5084.0,CURRENT_LEG_MATURE|PRIOR_MOVE_EXTENDED|REJECTION_OR_FAILED_EXTREME,2026-07-27 10:45:00,5062.427221828156,False,5.740257350642719,0.009891040923689203,50.19999999999982,True,AUCTION_STATE_MEMORY,0.3544780435656291,0.0006108013319410406,3.100000000000364,-0.006127716588181871,-0.00033495556912888265,-0.003329852422516824,-0.003329852422516824,2026-07-27 11:48:00,SELL,10,STOCK_CONTEXT_OBJECTIVE_SESSION_PATH|ACCEPTED_RANGE_PRESENT|PRICE_OUTSIDE_ACCEPTED_RANGE|EXHAUSTION_CONTEXT_ACTIVE,HEROMOTOCO
PRIOR_MOVE_EXTENDED,2026-07-27 12:00:00,,,,,,2026-07-27 13:18:00,REVERSAL_FAILED_WITH_ACCEPTANCE,0.9530636619260054,5099.3,LOWER_HIGH_AND_LOCAL_SUPPORT_BREAK,2026-07-27 12:03:00,2026-07-27 13:18:00,EXPERIMENT_V2_1:HEROMOTOCO:11:2026-07-27T12:00:00:UP,UP,2026-07-27 14:00:00,2026-07-27 12:00:00,2026-07-27 12:27:00,5106.0,0.7784431137724551,5106.0,True,4.657887008178128,0.0064221165175531334,32.7913269386263,7.0399575775566525,5100.9,PRIOR_MOVE_EXTENDED,2026-07-27 12:00:00,5073.208673061374,False,3.721613335217428,0.005137960112172223,26.199999999999818,True,AUCTION_STATE_MEMORY,1.3210306876917175,0.0018237797344733946,9.300000000000182,-0.0010197478085227027,7.844213911724074e-05,0.001549232247563498,-0.0005490949738199717,2026-07-27 13:18:00,SELL,11,STOCK_CONTEXT_OBJECTIVE_SESSION_PATH|ACCEPTED_RANGE_PRESENT|PRICE_OUTSIDE_ACCEPTED_RANGE|EXHAUSTION_CONTEXT_ACTIVE,HEROMOTOCO
PRIOR_MOVE_EXTENDED|PROGRESS_DECAY|REJECTION_OR_FAILED_EXTREME,2026-07-27 13:24:00,,,,,,2026-07-27 14:39:00,REVERSAL_FAILED_WITH_ACCEPTANCE,2.09499581602456,5103.0,LOWER_HIGH_AND_LOCAL_SUPPORT_BREAK,2026-07-27 13:36:00,2026-07-27 14:39:00,EXPERIMENT_V2_1:HEROMOTOCO:12:2026-07-27T13:30:00:UP,UP,2026-07-27 15:30:00,2026-07-27 13:30:00,2026-07-27 14:36:00,5116.2,0.7784431137724551,5116.2,True,5.347584890234258,0.0066754856786737215,34.15311982923049,6.386643789722872,5112.2,PRIOR_MOVE_EXTENDED|PROGRESS_DECAY|REJECTION_OR_FAILED_EXTREME,2026-07-27 13:30:00,5082.046880170769,False,3.522977128645578,0.004409171075837742,22.5,True,AUCTION_STATE_MEMORY,1.0020912721480186,0.0012541642171271087,6.399999999999636,-0.003390162649421944,-0.0011953752694494149,-0.00192043895747603,-0.001861650009798158,2026-07-27 14:39:00,SELL,12,STOCK_CONTEXT_OBJECTIVE_SESSION_PATH|ACCEPTED_RANGE_PRESENT|PRICE_OUTSIDE_ACCEPTED_RANGE|EXHAUSTION_CONTEXT_ACTIVE,HEROMOTOCO
CURRENT_LEG_MATURE|PRIOR_MOVE_EXTENDED|PROGRESS_DECAY|REJECTION_OR_FAILED_EXTREME,2026-07-27 14:57:00,,,,,,,,2.1002401905016153,5111.1,LOWER_HIGH_AND_LOCAL_SUPPORT_BREAK,2026-07-27 15:18:00,,EXPERIMENT_V2_1:HEROMOTOCO:13:2026-07-27T15:00:00:UP,UP,2026-07-27 17:00:00,2026-07-27 15:09:00,,5123.9,0.7784431137724551,5121.5,True,5.347720075071581,0.005977195060990936,30.612204504865076,5.724346838489919,5118.1,CURRENT_LEG_MATURE|PRIOR_MOVE_EXTENDED|PROGRESS_DECAY|REJECTION_OR_FAILED_EXTREME,2026-07-27 15:00:00,5090.887795495135,False,1.3800701150532755,0.0015456555340336983,7.899999999999636,True,AUCTION_STATE_MEMORY,0.5764849847691481,0.0006456535775078128,3.300000000000182,,1.9565259924549274e-05,,,,SELL,13,STOCK_CONTEXT_OBJECTIVE_SESSION_PATH|ACCEPTED_RANGE_PRESENT|PRICE_OUTSIDE_ACCEPTED_RANGE|EXHAUSTION_CONTEXT_ACTIVE,HEROMOTOCO
CURRENT_LEG_MATURE|PRIOR_MOVE_EXTENDED|REJECTION_OR_FAILED_EXTREME,2026-07-27 09:36:00,,,,,,2026-07-27 10:33:00,REVERSAL_FAILED_WITH_ACCEPTANCE,0.8465153035963172,535.75,LOCAL_RESISTANCE_BREAK_AFTER_EXHAUSTION,2026-07-27 09:57:00,2026-07-27 10:33:00,EXPERIMENT_V2_1:HINDZINC:1:2026-07-27T09:36:00:DOWN,DOWN,2026-07-27 11:36:00,2026-07-27 09:51:00,2026-07-27 10:30:00,534.5,0.9552350627458369,535.1,True,1.3837084665489803,0.005026641870532599,2.689756064921994,1.9438748334252405,535.5,CURRENT_LEG_MATURE|PRIOR_MOVE_EXTENDED|REJECTION_OR_FAILED_EXTREME,2026-07-27 09:36:00,537.789756064922,False,3.9868822141927573,0.014465702286514233,7.75,True,AUCTION_STATE_MEMORY,0.05144364147346663,0.00018665422305183898,0.10000000000002274,-0.0062529164722352265,-0.0012132524498366351,-0.0007466168922071437,-0.0011199253383108218,2026-07-27 10:33:00,BUY,1,STOCK_CONTEXT_OBJECTIVE_SESSION_PATH|ACCEPTED_RANGE_PRESENT|PRICE_OUTSIDE_ACCEPTED_RANGE|EXHAUSTION_CONTEXT_ACTIVE,HINDZINC
PRIOR_MOVE_EXTENDED,2026-07-27 10:42:00,,,,,,2026-07-27 12:48:00,CONFIRMED_EXPIRED_UNFAILED,2.567817036836343,530.7,HIGHER_LOW_AND_LOCAL_RESISTANCE_BREAK,2026-07-27 11:48:00,,EXPERIMENT_V2_1:HINDZINC:2:2026-07-27T10:45:00:DOWN,DOWN,2026-07-27 12:45:00,2026-07-27 11:36:00,2026-07-27 12:00:00,528.55,0.9552350627458369,532.55,True,4.154160705551016,0.007874948629028126,4.193803892388928,1.0095430075165217,533.3,PRIOR_MOVE_EXTENDED,2026-07-27 10:45:00,536.7438038923889,False,2.6744774416714074,0.005087620124364133,2.7000000000000455,True,AUCTION_STATE_MEMORY,2.57542272160937,0.00489918974938743,2.599999999999909,-0.0016958733747881871,-0.0007537214999059561,0.0035801771245524347,0.00047107593744111546,,BUY,2,STOCK_CONTEXT_OBJECTIVE_SESSION_PATH|ACCEPTED_RANGE_PRESENT|PRICE_OUTSIDE_ACCEPTED_RANGE|EXHAUSTION_CONTEXT_ACTIVE,HINDZINC
CURRENT_LEG_MATURE|PRIOR_MOVE_EXTENDED|PROGRESS_DECAY,2026-07-27 13:57:00,,,,,,,,1.6165635555791513,1446.0,LOWER_HIGH_AND_LOCAL_SUPPORT_BREAK,2026-07-27 14:36:00,,EXPERIMENT_V2_1:ICICIBANK:46:2026-07-27T14:03:00:UP,UP,2026-07-27 16:03:00,2026-07-27 14:30:00,,1449.0,0.1392757660167131,1443.3,True,4.00673638312835,0.005028791544402783,7.258054836036536,1.8114630317579432,1442.7,CURRENT_LEG_MATURE|PRIOR_MOVE_EXTENDED|PROGRESS_DECAY,2026-07-27 14:03:00,1436.0419451639634,False,0.9936719482777054,0.0012448132780082672,1.7999999999999545,True,AUCTION_STATE_MEMORY,1.3248959310370243,0.0016597510373444612,2.400000000000091,,0.0012448132780082672,0.00013831258644539797,0.0006915629322268327,,SELL,46,STOCK_CONTEXT_OBJECTIVE_SESSION_PATH|ACCEPTED_RANGE_PRESENT|PRICE_OUTSIDE_ACCEPTED_RANGE|EXHAUSTION_CONTEXT_ACTIVE,ICICIBANK
PRIOR_MOVE_EXTENDED|REJECTION_OR_FAILED_EXTREME,2026-07-27 14:51:00,,,,,,,,1.8546301295382484,509.65,LOWER_HIGH_AND_LOCAL_SUPPORT_BREAK,2026-07-27 15:12:00,,EXPERIMENT_V2_1:ICICIPRULI:73:2026-07-27T15:03:00:UP,UP,2026-07-27 17:03:00,2026-07-27 15:03:00,,510.6,0.2996404314822213,510.6,True,5.875027874219573,0.005999542673161243,3.063366488916131,0.5214216093099069,510.0,PRIOR_MOVE_EXTENDED|REJECTION_OR_FAILED_EXTREME,2026-07-27 15:03:00,507.5366335110839,False,1.150700295666904,0.0011772785244776273,0.6000000000000227,True,AUCTION_STATE_MEMORY,1.2465919869723885,0.0012753850681840033,0.6499999999999773,,-0.0010791719807711397,,,,SELL,73,STOCK_CONTEXT_OBJECTIVE_SESSION_PATH|ACCEPTED_RANGE_PRESENT|PRICE_OUTSIDE_ACCEPTED_RANGE|EXHAUSTION_CONTEXT_ACTIVE,ICICIPRULI
PRIOR_MOVE_EXTENDED|PROGRESS_DECAY,2026-07-27 09:33:00,,,,,,2026-07-27 11:30:00,REVERSAL_FAILED_WITH_ACCEPTANCE,1.5092917302375783,5157.5,LOWER_HIGH_AND_LOCAL_SUPPORT_BREAK,2026-07-27 09:51:00,2026-07-27 11:30:00,EXPERIMENT_V2_1:INDIGO:3:2026-07-27T09:39:00:UP,UP,2026-07-27 11:39:00,2026-07-27 09:48:00,2026-07-27 11:21:00,5184.0,2.6,5172.0,True,1.438548716768579,0.005281053981625322,27.313611192966164,18.986921245406897,5168.0,PRIOR_MOVE_EXTENDED|PROGRESS_DECAY,2026-07-27 09:39:00,5144.686388807034,True,4.476765816920542,0.016480853126514785,85.0,True,AUCTION_STATE_MEMORY,3.2917395712651043,0.012118274357731459,62.5,0.004556471158507029,-0.0018419777023751817,-0.0031022782355792536,0.0024236548715462916,2026-07-27 11:30:00,SELL,3,STOCK_CONTEXT_OBJECTIVE_SESSION_PATH|ACCEPTED_RANGE_PRESENT|PRICE_OUTSIDE_ACCEPTED_RANGE|EXHAUSTION_CONTEXT_ACTIVE,INDIGO
PRIOR_MOVE_EXTENDED,2026-07-27 11:30:00,,,,,,2026-07-27 13:45:00,CONFIRMED_EXPIRED_UNFAILED,1.6790039369233258,5210.0,LOWER_HIGH_AND_LOCAL_SUPPORT_BREAK,2026-07-27 12:09:00,,EXPERIMENT_V2_1:INDIGO:4:2026-07-27T11:42:00:UP,UP,2026-07-27 13:42:00,2026-07-27 11:54:00,2026-07-27 13:03:00,5230.0,2.6,5210.0,True,3.976495428988457,0.01038447892092292,54.103135178008415,13.605733024008831,5201.0,PRIOR_MOVE_EXTENDED,2026-07-27 11:42:00,5155.896864821992,True,2.388698936150675,0.006238003838771593,32.5,True,AUCTION_STATE_MEMORY,0.7717335024486796,0.002015355086372361,10.5,-0.0023032629558541267,-0.0005758157389635317,-0.00019193857965451057,-0.000671785028790787,,SELL,4,STOCK_CONTEXT_OBJECTIVE_SESSION_PATH|ACCEPTED_RANGE_PRESENT|PRICE_OUTSIDE_ACCEPTED_RANGE|EXHAUSTION_CONTEXT_ACTIVE,INDIGO
PRIOR_MOVE_EXTENDED|REJECTION_OR_FAILED_EXTREME,2026-07-27 15:09:00,,,,,,,,2.149407599577709,5225.0,LOCAL_SUPPORT_BREAK_AFTER_EXHAUSTION,2026-07-27 15:24:00,,EXPERIMENT_V2_1:INDIGO:5:2026-07-27T15:09:00:UP,UP,2026-07-27 17:09:00,2026-07-27 15:09:00,,5242.5,2.6,5242.5,True,8.094237052053192,0.01166458615700272,61.15159292808676,7.554954535532783,5236.5,PRIOR_MOVE_EXTENDED|REJECTION_OR_FAILED_EXTREME,2026-07-27 15:09:00,5181.348407071913,True,1.9854520539404126,0.0028708133971291866,15.0,True,AUCTION_STATE_MEMORY,0.26472694052538837,0.0003827751196172249,2.0,,,,,,SELL,5,STOCK_CONTEXT_OBJECTIVE_SESSION_PATH|ACCEPTED_RANGE_PRESENT|PRICE_OUTSIDE_ACCEPTED_RANGE|EXHAUSTION_CONTEXT_ACTIVE,INDIGO
PRIOR_MOVE_EXTENDED,2026-07-27 09:39:00,,,,,,2026-07-27 11:00:00,REVERSAL_FAILED_WITH_ACCEPTANCE,1.2691458695647029,1071.0,LOWER_HIGH_AND_LOCAL_SUPPORT_BREAK,2026-07-27 09:45:00,2026-07-27 11:00:00,EXPERIMENT_V2_1:INFY:1:2026-07-27T09:39:00:UP,UP,2026-07-27 11:39:00,2026-07-27 09:42:00,2026-07-27 10:57:00,1076.0,2.3387872954764153,1074.9,True,1.9136798194086782,0.007039929913857842,7.567220664405795,3.954277297413339,1073.6,PRIOR_MOVE_EXTENDED,2026-07-27 09:39:00,1067.3327793355943,True,2.7817978286944034,0.01027077497665733,11.0,True,AUCTION_STATE_MEMORY,0.45520328105907265,0.0016806722689075206,1.7999999999999545,-0.00046685340802987864,-0.001120448179271751,-0.00046685340802987864,-0.0003734827264239878,2026-07-27 11:00:00,SELL,1,STOCK_CONTEXT_OBJECTIVE_SESSION_PATH|ACCEPTED_RANGE_PRESENT|PRICE_OUTSIDE_ACCEPTED_RANGE|EXHAUSTION_CONTEXT_ACTIVE,INFY
CURRENT_LEG_MATURE|PRIOR_MOVE_EXTENDED|PROGRESS_DECAY,2026-07-27 11:06:00,,,,,,2026-07-27 13:12:00,REVERSAL_FAILED_WITH_ACCEPTANCE,1.2647692998685984,1077.3,LOWER_HIGH_AND_LOCAL_SUPPORT_BREAK,2026-07-27 11:45:00,2026-07-27 13:12:00,EXPERIMENT_V2_1:INFY:2:2026-07-27T11:24:00:UP,UP,2026-07-27 13:24:00,2026-07-27 11:30:00,2026-07-27 11:54:00,1079.9,2.3387872954764153,1079.2,True,2.9368652125919086,0.006992329782601508,7.546122301383548,2.5694479504981347,1078.7,CURRENT_LEG_MATURE|PRIOR_MOVE_EXTENDED|PROGRESS_DECAY,2026-07-27 11:24:00,1071.6538776986165,True,1.8291866932306857,0.004362758748723703,4.7000000000000455,True,AUCTION_STATE_MEMORY,0.15567546325362078,0.0003712986169125254,0.3999999999998636,-0.0017636684303351815,-0.0025062656641604434,-0.002599090318388522,-0.0013923698134224451,2026-07-27 13:12:00,SELL,2,STOCK_CONTEXT_OBJECTIVE_SESSION_PATH|ACCEPTED_RANGE_PRESENT|PRICE_OUTSIDE_ACCEPTED_RANGE|EXHAUSTION_CONTEXT_ACTIVE,INFY
CURRENT_LEG_MATURE|PRIOR_MOVE_EXTENDED|REJECTION_OR_FAILED_EXTREME,2026-07-27 14:21:00,,,,,,,,1.2531710444077502,1079.4,LOCAL_SUPPORT_BREAK_AFTER_EXHAUSTION,2026-07-27 14:33:00,,EXPERIMENT_V2_1:INFY:3:2026-07-27T14:21:00:UP,UP,2026-07-27 16:21:00,2026-07-27 14:24:00,,1081.0,2.3387872954764153,1080.9,True,4.798146627160649,0.005546626573713582,5.995348663527011,1.2495134328720627,1080.2,CURRENT_LEG_MATURE|PRIOR_MOVE_EXTENDED|REJECTION_OR_FAILED_EXTREME,2026-07-27 14:21:00,1074.904651336473,True,1.280498438758067,0.0014823049842504251,1.599999999999909,True,AUCTION_STATE_MEMORY,1.7606853532924787,0.0020381693533444924,2.2000000000000455,,-0.0002779321845469284,0.00129701686121928,0.001482304984250636,,SELL,3,STOCK_CONTEXT_OBJECTIVE_SESSION_PATH|ACCEPTED_RANGE_PRESENT|PRICE_OUTSIDE_ACCEPTED_RANGE|EXHAUSTION_CONTEXT_ACTIVE,INFY
CURRENT_LEG_MATURE|REJECTION_OR_FAILED_EXTREME,2026-07-27 09:36:00,,,,,,2026-07-27 11:42:00,CONFIRMED_EXPIRED_UNFAILED,1.4999235380165112,1063.5,LOWER_HIGH_AND_LOCAL_SUPPORT_BREAK,2026-07-27 10:30:00,,EXPERIMENT_V2_1:JINDALSTEL:2:2026-07-27T09:39:00:UP,UP,2026-07-27 11:39:00,2026-07-27 10:21:00,,1068.2,1.5288461538461626,1057.4,True,1.8938549082376823,0.007624119710422764,8.061744181801032,4.256790816833402,1056.3,CURRENT_LEG_MATURE|REJECTION_OR_FAILED_EXTREME,2026-07-27 09:39:00,1049.338255818199,True,0.8926912699052355,0.003573107663375604,3.7999999999999545,True,AUCTION_STATE_MEMORY,0.8691993943814346,0.003479078514339488,3.7000000000000455,-0.0014104372355430183,0.0021626704278325855,0.0025387870239774756,0.002726845322049921,,SELL,2,STOCK_CONTEXT_OBJECTIVE_SESSION_PATH|ACCEPTED_RANGE_PRESENT|PRICE_INSIDE_ACCEPTED_RANGE|EXHAUSTION_CONTEXT_ACTIVE,JINDALSTEL
PRIOR_MOVE_EXTENDED|REJECTION_OR_FAILED_EXTREME,2026-07-27 12:00:00,,,,,,2026-07-27 12:57:00,REVERSAL_FAILED_WITH_ACCEPTANCE,2.196432166782075,425.6,LOWER_HIGH_AND_LOCAL_SUPPORT_BREAK,2026-07-27 12:27:00,2026-07-27 12:57:00,EXPERIMENT_V2_1:JUBLFOOD:47:2026-07-27T12:00:00:UP,UP,2026-07-27 14:00:00,2026-07-27 12:03:00,2026-07-27 12:42:00,427.5,0.5975143403441683,426.8,True,3.6105492294330355,0.006030623776140343,2.5738702276566983,0.7128749849675566,426.25,PRIOR_MOVE_EXTENDED|REJECTION_OR_FAILED_EXTREME,2026-07-27 12:00:00,424.2261297723433,False,3.9277574035332217,0.006578947368420946,2.7999999999999545,True,AUCTION_STATE_MEMORY,0.07013852506311033,0.0001174812030075455,0.05000000000001137,-0.005286654135338346,-0.002467105263157788,-0.00446428571428566,-0.006109022556390897,2026-07-27 12:57:00,SELL,47,STOCK_CONTEXT_OBJECTIVE_SESSION_PATH|ACCEPTED_RANGE_PRESENT|PRICE_OUTSIDE_ACCEPTED_RANGE|EXHAUSTION_CONTEXT_ACTIVE,JUBLFOOD
PRIOR_MOVE_EXTENDED|PROGRESS_DECAY,2026-07-27 11:00:00,,,,,,2026-07-27 12:27:00,REVERSAL_FAILED_WITH_ACCEPTANCE,1.339888582201757,569.0,HIGHER_LOW_AND_LOCAL_RESISTANCE_BREAK,2026-07-27 11:33:00,2026-07-27 12:27:00,EXPERIMENT_V2_1:KALYANKJIL:7:2026-07-27T11:00:00:DOWN,DOWN,2026-07-27 13:00:00,2026-07-27 11:27:00,2026-07-27 12:24:00,565.5,0.611407109791248,570.8,True,2.5592313254697583,0.01207882706300144,6.894594487561221,2.6940098845092435,571.0,PRIOR_MOVE_EXTENDED|PROGRESS_DECAY,2026-07-27 11:00:00,577.6945944875612,False,2.431319958275929,0.011511423550087793,6.5499999999999545,True,AUCTION_STATE_MEMORY,0.44543266411164056,0.00210896309314595,1.2000000000000455,-0.005272407732864675,-0.0038664323374341747,-0.0042179261862917,-0.004745166959578287,2026-07-27 12:27:00,BUY,7,STOCK_CONTEXT_OBJECTIVE_SESSION_PATH|ACCEPTED_RANGE_PRESENT|PRICE_OUTSIDE_ACCEPTED_RANGE|EXHAUSTION_CONTEXT_ACTIVE,KALYANKJIL
PRIOR_MOVE_EXTENDED|PROGRESS_DECAY,2026-07-27 12:33:00,,,,,,2026-07-27 13:51:00,REVERSAL_FAILED_WITH_ACCEPTANCE,1.3519083286298623,566.0,HIGHER_LOW_AND_LOCAL_RESISTANCE_BREAK,2026-07-27 12:51:00,2026-07-27 13:51:00,EXPERIMENT_V2_1:KALYANKJIL:8:2026-07-27T12:39:00:DOWN,DOWN,2026-07-27 14:39:00,2026-07-27 12:39:00,2026-07-27 13:45:00,564.0,0.611407109791248,564.0,True,6.033663135310076,0.018349979956445203,10.349388695435096,1.7152745294759035,564.05,PRIOR_MOVE_EXTENDED|PROGRESS_DECAY,2026-07-27 12:39:00,574.3493886954351,False,2.069639546903693,0.0062720848056536296,3.5499999999999545,True,AUCTION_STATE_MEMORY,0.961945141518617,0.0029151943462897125,1.6499999999999773,-0.004328621908127289,-0.0015901060070670975,0.0016784452296820592,0.0002650176678444828,2026-07-27 13:51:00,BUY,8,STOCK_CONTEXT_OBJECTIVE_SESSION_PATH|ACCEPTED_RANGE_PRESENT|PRICE_OUTSIDE_ACCEPTED_RANGE|EXHAUSTION_CONTEXT_ACTIVE,KALYANKJIL
PRIOR_MOVE_EXTENDED|REJECTION_OR_FAILED_EXTREME,2026-07-27 15:09:00,,,,,,,,,,,,,EXPERIMENT_V2_1:KALYANKJIL:9:2026-07-27T15:18:00:DOWN,DOWN,2026-07-27 17:18:00,2026-07-27 15:24:00,,562.45,0.611407109791248,563.1,True,7.602951442697936,0.015626937858030963,8.799528707857235,1.157383257564866,565.8,PRIOR_MOVE_EXTENDED|REJECTION_OR_FAILED_EXTREME,2026-07-27 15:18:00,571.8995287078573,False,,,,True,AUCTION_STATE_MEMORY,,,,,,,,,BUY,9,STOCK_CONTEXT_OBJECTIVE_SESSION_PATH|ACCEPTED_RANGE_PRESENT|PRICE_INSIDE_ACCEPTED_RANGE|EXHAUSTION_CONTEXT_ACTIVE,KALYANKJIL
CURRENT_LEG_MATURE|REJECTION_OR_FAILED_EXTREME,2026-07-27 09:42:00,,,,,,2026-07-27 10:36:00,REVERSAL_FAILED_WITH_ACCEPTANCE,1.2278703665722268,385.65,HIGHER_LOW_AND_LOCAL_RESISTANCE_BREAK,2026-07-27 10:00:00,2026-07-27 10:36:00,EXPERIMENT_V2_1:KOTAKBANK:5:2026-07-27T09:54:00:DOWN,DOWN,2026-07-27 11:54:00,2026-07-27 09:57:00,2026-07-27 10:24:00,384.9,0.3640145605824174,385.1,True,3.2155015884843077,0.005072591171005617,1.9534548599542632,0.6075117073336804,385.25,CURRENT_LEG_MATURE|REJECTION_OR_FAILED_EXTREME,2026-07-27 09:54:00,387.0534548599543,False,3.4567235077932827,0.005445352003111542,2.099999999999966,True,AUCTION_STATE_MEMORY,0.9876352879409913,0.0015558148580319532,0.6000000000000227,-0.002852327239725051,0.000259302476338708,0.000518604952677416,-0.001815117334370514,2026-07-27 10:36:00,BUY,5,STOCK_CONTEXT_OBJECTIVE_SESSION_PATH|ACCEPTED_RANGE_PRESENT|PRICE_INSIDE_ACCEPTED_RANGE|EXHAUSTION_CONTEXT_ACTIVE,KOTAKBANK
PRIOR_MOVE_EXTENDED|PROGRESS_DECAY,2026-07-27 09:33:00,,,,,,2026-07-27 10:03:00,REVERSAL_FAILED_WITH_ACCEPTANCE,1.1081792052934643,1654.8,LOCAL_SUPPORT_BREAK_AFTER_EXHAUSTION,2026-07-27 09:39:00,2026-07-27 10:03:00,EXPERIMENT_V2_1:LAURUSLABS:1:2026-07-27T09:33:00:UP,UP,2026-07-27 11:33:00,2026-07-27 09:33:00,2026-07-27 10:00:00,1663.9,1.2437810945273633,1663.9,True,1.544627204920127,0.007897766674237996,13.141093969264602,8.507615253315528,1658.9,PRIOR_MOVE_EXTENDED|PROGRESS_DECAY,2026-07-27 09:33:00,1650.7589060307355,True,9.368077613634433,0.048162919990331184,79.70000000000005,True,AUCTION_STATE_MEMORY,1.151909167046637,0.00592216582064295,9.799999999999955,-0.015470147449842965,-0.0010877447425670502,-0.0050761421319797505,-0.0083393763596809,2026-07-27 10:03:00,SELL,1,STOCK_CONTEXT_OBJECTIVE_SESSION_PATH|ACCEPTED_RANGE_PRESENT|PRICE_INSIDE_ACCEPTED_RANGE|EXHAUSTION_CONTEXT_ACTIVE,LAURUSLABS
PRIOR_MOVE_EXTENDED|PROGRESS_DECAY|REJECTION_OR_FAILED_EXTREME,2026-07-27 10:15:00,,,,,,2026-07-27 11:24:00,REVERSAL_FAILED_WITH_ACCEPTANCE,1.1651636045357854,1678.4,LOWER_HIGH_AND_LOCAL_SUPPORT_BREAK,2026-07-27 11:12:00,2026-07-27 11:24:00,EXPERIMENT_V2_1:LAURUSLABS:2:2026-07-27T10:21:00:UP,UP,2026-07-27 12:21:00,2026-07-27 11:09:00,2026-07-27 11:21:00,1684.5,1.2437810945273633,1673.3,True,2.6665772012801696,0.01095360312219789,18.32866410437373,6.873479641082399,1670.0,PRIOR_MOVE_EXTENDED|PROGRESS_DECAY|REJECTION_OR_FAILED_EXTREME,2026-07-27 10:21:00,1654.9713358956262,True,8.161804926967905,0.03342469018112482,56.09999999999991,True,AUCTION_STATE_MEMORY,0.18913273449304416,0.0007745471877980111,1.300000000000182,-0.0045281220209723,-0.0048856053384174316,-0.007685891325071415,-0.012094852240228762,2026-07-27 11:24:00,SELL,2,STOCK_CONTEXT_OBJECTIVE_SESSION_PATH|ACCEPTED_RANGE_PRESENT|PRICE_OUTSIDE_ACCEPTED_RANGE|EXHAUSTION_CONTEXT_ACTIVE,LAURUSLABS
CURRENT_LEG_MATURE|PRIOR_MOVE_EXTENDED|REJECTION_OR_FAILED_EXTREME,2026-07-27 11:33:00,,,,,,2026-07-27 13:21:00,REVERSAL_FAILED_WITH_ACCEPTANCE,1.4563588109872572,1695.0,LOWER_HIGH_AND_LOCAL_SUPPORT_BREAK,2026-07-27 11:48:00,2026-07-27 13:21:00,EXPERIMENT_V2_1:LAURUSLABS:3:2026-07-27T11:36:00:UP,UP,2026-07-27 13:36:00,2026-07-27 11:45:00,2026-07-27 13:03:00,1702.3,1.2437810945273633,1698.0,True,6.837402125015752,0.019532655371535406,33.16644882086712,4.85073836735772,1697.7,CURRENT_LEG_MATURE|PRIOR_MOVE_EXTENDED|REJECTION_OR_FAILED_EXTREME,2026-07-27 11:36:00,1664.8335511791329,True,8.143090187219544,0.023303834808259587,39.5,True,AUCTION_STATE_MEMORY,2.0615418195492516,0.0058997050147492625,10.0,-0.0005899705014749262,0.0,0.004424778761061947,0.004424778761061947,2026-07-27 13:21:00,SELL,3,STOCK_CONTEXT_OBJECTIVE_SESSION_PATH|ACCEPTED_RANGE_PRESENT|PRICE_OUTSIDE_ACCEPTED_RANGE|EXHAUSTION_CONTEXT_ACTIVE,LAURUSLABS
PRIOR_MOVE_EXTENDED|REJECTION_OR_FAILED_EXTREME,2026-07-27 13:24:00,,,,,,,,0.9937282434095175,1726.8,LOWER_HIGH_AND_LOCAL_SUPPORT_BREAK,2026-07-27 14:27:00,,EXPERIMENT_V2_1:LAURUSLABS:4:2026-07-27T13:33:00:UP,UP,2026-07-27 15:33:00,2026-07-27 14:18:00,2026-07-27 14:45:00,1730.9,1.2437810945273633,1709.6,True,9.465841259494821,0.01985794968878032,33.949150787938834,3.58649060947285,1707.1,PRIOR_MOVE_EXTENDED|REJECTION_OR_FAILED_EXTREME,2026-07-27 13:33:00,1675.650849212061,True,2.1469455349087916,0.004459115126245104,7.7000000000000455,True,AUCTION_STATE_MEMORY,6.10624769019506,0.012682418346073584,21.899999999999864,0.009149872596710653,-0.0004053741023859425,-0.004285383368079738,-0.0004632846884410207,,SELL,4,STOCK_CONTEXT_OBJECTIVE_SESSION_PATH|ACCEPTED_RANGE_PRESENT|PRICE_OUTSIDE_ACCEPTED_RANGE|EXHAUSTION_CONTEXT_ACTIVE,LAURUSLABS
PRIOR_MOVE_EXTENDED|REJECTION_OR_FAILED_EXTREME,2026-07-27 12:00:00,,,,,,2026-07-27 13:51:00,REVERSAL_FAILED_WITH_ACCEPTANCE,2.1598596734534823,546.25,LOCAL_SUPPORT_BREAK_AFTER_EXHAUSTION,2026-07-27 12:27:00,2026-07-27 13:51:00,EXPERIMENT_V2_1:LICHSGFIN:44:2026-07-27T12:12:00:UP,UP,2026-07-27 14:12:00,2026-07-27 12:18:00,2026-07-27 13:18:00,547.8,0.20370370370370794,546.7,True,4.467015327743609,0.005043547072294565,2.757307184423439,0.617259396290502,546.5,PRIOR_MOVE_EXTENDED|REJECTION_OR_FAILED_EXTREME,2026-07-27 12:12:00,543.9426928155766,False,11.745467211304984,0.013272311212814645,7.25,True,AUCTION_STATE_MEMORY,1.539061220791761,0.001739130434782692,0.9500000000000455,-0.00283752860411891,0.0011899313501143747,0.000549199084668109,-0.0014645308924484293,2026-07-27 13:51:00,SELL,44,STOCK_CONTEXT_OBJECTIVE_SESSION_PATH|ACCEPTED_RANGE_PRESENT|PRICE_OUTSIDE_ACCEPTED_RANGE|EXHAUSTION_CONTEXT_ACTIVE,LICHSGFIN
PRIOR_MOVE_EXTENDED|REJECTION_OR_FAILED_EXTREME,2026-07-27 13:57:00,,,,,,2026-07-27 15:06:00,REVERSAL_FAILED_WITH_ACCEPTANCE,1.6202047147580045,551.35,LOWER_HIGH_AND_LOCAL_SUPPORT_BREAK,2026-07-27 14:21:00,2026-07-27 15:06:00,EXPERIMENT_V2_1:LICHSGFIN:45:2026-07-27T14:03:00:UP,UP,2026-07-27 16:03:00,2026-07-27 14:12:00,2026-07-27 14:39:00,552.4,0.20370370370370794,549.95,True,8.034325408817987,0.008285181190912733,4.556435395942458,0.5671210915780921,549.45,PRIOR_MOVE_EXTENDED|REJECTION_OR_FAILED_EXTREME,2026-07-27 14:03:00,545.3935646040576,False,3.791077482266279,0.0038995193615670213,2.1499999999999773,True,AUCTION_STATE_MEMORY,0.7934813334976819,0.0008161784710257467,0.4500000000000455,-0.001995102929173887,-0.0008161784710255405,-0.002448535413077034,-0.0009975514645868405,2026-07-27 15:06:00,SELL,45,STOCK_CONTEXT_OBJECTIVE_SESSION_PATH|ACCEPTED_RANGE_PRESENT|PRICE_OUTSIDE_ACCEPTED_RANGE|EXHAUSTION_CONTEXT_ACTIVE,LICHSGFIN
PRIOR_MOVE_EXTENDED|REJECTION_OR_FAILED_EXTREME,2026-07-27 15:09:00,,,,,,,,,,,,,EXPERIMENT_V2_1:LICHSGFIN:46:2026-07-27T15:27:00:UP,UP,2026-07-27 17:27:00,2026-07-27 15:27:00,,553.5,0.20370370370370794,553.5,True,6.47155495779357,0.009252721041581147,5.121381096515165,0.7913679370593282,552.0,PRIOR_MOVE_EXTENDED|REJECTION_OR_FAILED_EXTREME,2026-07-27 15:27:00,548.3786189034848,False,,,,True,AUCTION_STATE_MEMORY,,,,,,,,,SELL,46,STOCK_CONTEXT_OBJECTIVE_SESSION_PATH|ACCEPTED_RANGE_PRESENT|PRICE_INSIDE_ACCEPTED_RANGE|EXHAUSTION_CONTEXT_ACTIVE,LICHSGFIN
PRIOR_MOVE_EXTENDED|PROGRESS_DECAY|REJECTION_OR_FAILED_EXTREME,2026-07-27 10:03:00,,,,,,2026-07-27 12:06:00,CONFIRMED_EXPIRED_UNFAILED,2.129826287622339,1195.1,LOWER_HIGH_AND_LOCAL_SUPPORT_BREAK,2026-07-27 10:57:00,,EXPERIMENT_V2_1:LODHA:5:2026-07-27T10:03:00:UP,UP,2026-07-27 12:03:00,2026-07-27 10:30:00,,1204.85,1.049042748492001,1191.0,True,2.2846836041905068,0.013664993560721905,16.27500733081979,7.123527870978982,1187.85,PRIOR_MOVE_EXTENDED|PROGRESS_DECAY|REJECTION_OR_FAILED_EXTREME,2026-07-27 10:03:00,1174.7249926691802,True,1.6705205925395896,0.009957325746799507,11.900000000000091,True,AUCTION_STATE_MEMORY,1.8810904151285799,0.0112124508409337,13.399999999999864,0.008367500627562547,0.006484812986360974,0.008451175633838097,0.008451175633838097,,SELL,5,STOCK_CONTEXT_OBJECTIVE_SESSION_PATH|ACCEPTED_RANGE_PRESENT|PRICE_OUTSIDE_ACCEPTED_RANGE|EXHAUSTION_CONTEXT_ACTIVE,LODHA
CURRENT_LEG_MATURE|PRIOR_MOVE_EXTENDED|REJECTION_OR_FAILED_EXTREME,2026-07-27 15:12:00,,,,,,,,2.013527741037745,3807.0,HIGHER_LOW_AND_LOCAL_RESISTANCE_BREAK,2026-07-27 15:27:00,,EXPERIMENT_V2_1:LT:34:2026-07-27T15:12:00:DOWN,DOWN,2026-07-27 17:12:00,2026-07-27 15:12:00,,3798.7,0.9024461039132456,3798.7,True,4.754341738520814,0.005444057362741349,20.68034070384556,4.349780020289347,3800.7,CURRENT_LEG_MATURE|PRIOR_MOVE_EXTENDED|REJECTION_OR_FAILED_EXTREME,2026-07-27 15:12:00,3819.3803407038454,False,0.8276280600876081,0.0009456264775413473,3.599999999999909,True,AUCTION_STATE_MEMORY,0.41381403004385636,0.00047281323877073337,1.800000000000182,,,,,,BUY,34,STOCK_CONTEXT_OBJECTIVE_SESSION_PATH|ACCEPTED_RANGE_PRESENT|PRICE_OUTSIDE_ACCEPTED_RANGE|EXHAUSTION_CONTEXT_ACTIVE,LT
PRIOR_MOVE_EXTENDED|REJECTION_OR_FAILED_EXTREME,2026-07-27 09:33:00,,,,,,2026-07-27 11:39:00,CONFIRMED_EXPIRED_UNFAILED,1.7820879477572058,310.85,LOWER_HIGH_AND_LOCAL_SUPPORT_BREAK,2026-07-27 10:12:00,,EXPERIMENT_V2_1:LTF:2:2026-07-27T09:36:00:UP,UP,2026-07-27 11:36:00,2026-07-27 10:09:00,,312.3,1.0743801652892562,311.4,True,2.464286378056626,0.00789078384753435,2.4571900901221966,0.9971203477008116,311.2,PRIOR_MOVE_EXTENDED|REJECTION_OR_FAILED_EXTREME,2026-07-27 09:36:00,308.9428099098778,True,2.0057759372894726,0.006433971368827408,2.0,True,AUCTION_STATE_MEMORY,0.40115518745792866,0.0012867942737655913,0.4000000000000341,0.0003216985684414436,0.0003216985684414436,-0.0012867942737654085,-0.0011259449895446867,,SELL,2,STOCK_CONTEXT_OBJECTIVE_SESSION_PATH|ACCEPTED_RANGE_PRESENT|PRICE_OUTSIDE_ACCEPTED_RANGE|EXHAUSTION_CONTEXT_ACTIVE,LTF
PRIOR_MOVE_EXTENDED|REJECTION_OR_FAILED_EXTREME,2026-07-27 12:12:00,78.0,311.3,REVERSAL,2026-07-27 13:42:00,ddc8dab3-2592-5236-9694-30d243512274,2026-07-27 14:24:00,CONFIRMED_EXPIRED_UNFAILED,1.4341634155547094,312.05,LOWER_HIGH_AND_LOCAL_SUPPORT_BREAK,2026-07-27 12:24:00,,EXPERIMENT_V2_1:LTF:3:2026-07-27T12:21:00:UP,UP,2026-07-27 14:21:00,2026-07-27 12:21:00,2026-07-27 14:15:00,312.65,1.0743801652892562,312.65,True,4.425472328209194,0.005941794366655199,1.8577020087347478,0.41977485587091745,312.3,PRIOR_MOVE_EXTENDED|REJECTION_OR_FAILED_EXTREME,2026-07-27 12:21:00,310.79229799126523,True,1.9057835142131876,0.002563691716071179,0.8000000000000114,True,AUCTION_STATE_MEMORY,3.2160096802347624,0.0043262297708701256,1.3500000000000227,0.0009613843935267148,-0.0003204614645087835,0.0006409229290177492,0.00016023073225448283,,SELL,3,STOCK_CONTEXT_OBJECTIVE_SESSION_PATH|ACCEPTED_RANGE_PRESENT|PRICE_OUTSIDE_ACCEPTED_RANGE|EXHAUSTION_CONTEXT_ACTIVE,LTF
PRIOR_MOVE_EXTENDED|REJECTION_OR_FAILED_EXTREME,2026-07-27 09:36:00,,,,,,2026-07-27 11:39:00,CONFIRMED_EXPIRED_UNFAILED,1.9737383929420669,4170.1,LOWER_HIGH_AND_LOCAL_SUPPORT_BREAK,2026-07-27 10:03:00,,EXPERIMENT_V2_1:LTM:1:2026-07-27T09:36:00:UP,UP,2026-07-27 11:36:00,2026-07-27 09:54:00,,4197.0,1.3422982885085486,4182.6,True,2.5744033174323118,0.008512400468987774,35.603966201588264,13.829987694818293,4176.6,PRIOR_MOVE_EXTENDED|REJECTION_OR_FAILED_EXTREME,2026-07-27 09:36:00,4146.996033798412,True,3.246568326074679,0.010767127886621335,44.899999999999636,True,AUCTION_STATE_MEMORY,1.084599663499345,0.0035970360423011436,15.0,-0.0015587156183304955,-0.00031174312366592463,0.0010071700918444946,-0.0011990120141003812,,SELL,1,STOCK_CONTEXT_OBJECTIVE_SESSION_PATH|ACCEPTED_RANGE_PRESENT|PRICE_OUTSIDE_ACCEPTED_RANGE|EXHAUSTION_CONTEXT_ACTIVE,LTM
CURRENT_LEG_MATURE|PRIOR_MOVE_EXTENDED,2026-07-27 13:48:00,,,,,,,,2.9583917540269025,4195.0,LOWER_HIGH_AND_LOCAL_SUPPORT_BREAK,2026-07-27 14:09:00,,EXPERIMENT_V2_1:LTM:2:2026-07-27T13:54:00:UP,UP,2026-07-27 15:54:00,2026-07-27 14:03:00,,4215.0,1.3422982885085486,4204.4,True,4.868656251003926,0.00704561929269864,29.62260175422216,6.084348581420987,4201.9,CURRENT_LEG_MATURE|PRIOR_MOVE_EXTENDED,2026-07-27 13:54:00,4174.7773982457775,True,2.958410380194906,0.004290822407628129,18.0,True,AUCTION_STATE_MEMORY,2.25167901159276,0.0032657926102502544,13.699999999999818,0.0011680572109653484,0.0011918951132300357,0.0012157330154947232,0.0005482717520858598,,SELL,2,STOCK_CONTEXT_OBJECTIVE_SESSION_PATH|ACCEPTED_RANGE_PRESENT|PRICE_OUTSIDE_ACCEPTED_RANGE|EXHAUSTION_CONTEXT_ACTIVE,LTM
PRIOR_MOVE_EXTENDED|REJECTION_OR_FAILED_EXTREME,2026-07-27 11:33:00,,,,,,2026-07-27 11:57:00,REVERSAL_FAILED_WITH_ACCEPTANCE,1.3785481625602496,3203.0,LOWER_HIGH_AND_LOCAL_SUPPORT_BREAK,2026-07-27 11:48:00,2026-07-27 11:57:00,EXPERIMENT_V2_1:M&M:16:2026-07-27T11:39:00:UP,UP,2026-07-27 13:39:00,2026-07-27 11:39:00,2026-07-27 11:54:00,3209.0,0.7835703001579837,3209.0,True,3.5442533569807564,0.0052212355004435974,16.754944720923504,4.727355251825603,3207.7,PRIOR_MOVE_EXTENDED|REJECTION_OR_FAILED_EXTREME,2026-07-27 11:39:00,3192.2450552790765,False,9.26522287130538,0.013674679987511765,43.80000000000018,True,AUCTION_STATE_MEMORY,0.38076258375231276,0.0005619731501717709,1.800000000000182,-0.004807992507024693,-0.007024664377146425,-0.006025600999063435,-0.005432407118326597,2026-07-27 11:57:00,SELL,16,STOCK_CONTEXT_OBJECTIVE_SESSION_PATH|ACCEPTED_RANGE_PRESENT|PRICE_OUTSIDE_ACCEPTED_RANGE|EXHAUSTION_CONTEXT_ACTIVE,M&M
PRIOR_MOVE_EXTENDED|PROGRESS_DECAY|REJECTION_OR_FAILED_EXTREME,2026-07-27 11:57:00,,,,,,2026-07-27 13:12:00,REVERSAL_FAILED_WITH_ACCEPTANCE,1.1826075209289457,3217.0,LOWER_HIGH_AND_LOCAL_SUPPORT_BREAK,2026-07-27 12:18:00,2026-07-27 13:12:00,EXPERIMENT_V2_1:M&M:17:2026-07-27T12:09:00:UP,UP,2026-07-27 14:09:00,2026-07-27 12:09:00,2026-07-27 12:27:00,3223.0,0.7835703001579837,3223.0,True,3.791681228984227,0.006115947997201286,19.711700394979744,5.198670247989283,3222.5,PRIOR_MOVE_EXTENDED|PROGRESS_DECAY|REJECTION_OR_FAILED_EXTREME,2026-07-27 12:09:00,3203.2882996050203,False,5.732235086756288,0.009263288778364992,29.800000000000182,True,AUCTION_STATE_MEMORY,0.38471376421182907,0.0006216972334473111,2.0,-0.0025800435188063978,-0.0015231582219459405,-0.000777121541809139,-0.0005906123717749739,2026-07-27 13:12:00,SELL,17,STOCK_CONTEXT_OBJECTIVE_SESSION_PATH|ACCEPTED_RANGE_PRESENT|PRICE_OUTSIDE_ACCEPTED_RANGE|EXHAUSTION_CONTEXT_ACTIVE,M&M
PRIOR_MOVE_EXTENDED|PROGRESS_DECAY,2026-07-27 13:27:00,,,,,,2026-07-27 14:00:00,REVERSAL_FAILED_WITH_ACCEPTANCE,1.7353832181018252,3219.6,LOWER_HIGH_AND_LOCAL_SUPPORT_BREAK,2026-07-27 13:33:00,2026-07-27 14:00:00,EXPERIMENT_V2_1:M&M:18:2026-07-27T13:27:00:UP,UP,2026-07-27 15:27:00,2026-07-27 13:27:00,2026-07-27 13:45:00,3227.2,0.7835703001579837,3227.2,True,4.47888260462259,0.005671884294105829,18.30430499393833,4.086801689119229,3224.2,PRIOR_MOVE_EXTENDED|PROGRESS_DECAY,2026-07-27 13:27:00,3208.8956950060615,False,6.655571292440742,0.008448254441545618,27.200000000000273,True,AUCTION_STATE_MEMORY,1.0032294962869912,0.001273450118027056,4.099999999999909,-0.007143744564542179,-0.001956764815505088,-0.00198782457448133,-0.0032302149335321443,2026-07-27 14:00:00,SELL,18,STOCK_CONTEXT_OBJECTIVE_SESSION_PATH|ACCEPTED_RANGE_PRESENT|PRICE_INSIDE_ACCEPTED_RANGE|EXHAUSTION_CONTEXT_ACTIVE,M&M
PRIOR_MOVE_EXTENDED,2026-07-27 14:12:00,,,,,,,,2.694475956038431,3234.0,LOWER_HIGH_AND_LOCAL_SUPPORT_BREAK,2026-07-27 15:03:00,,EXPERIMENT_V2_1:M&M:19:2026-07-27T14:12:00:UP,UP,2026-07-27 16:12:00,2026-07-27 14:27:00,,3246.0,0.7835703001579837,3231.8,True,5.671030483976478,0.006481097469307724,20.945610801308703,3.6934399948105767,3231.8,PRIOR_MOVE_EXTENDED,2026-07-27 14:12:00,3210.8543891986915,False,2.924103279104193,0.003339517625231967,10.800000000000182,True,AUCTION_STATE_MEMORY,0.5144255768794573,0.0005875077303649014,1.900000000000091,,-0.0003401360544217406,-0.0018552875695732839,,,SELL,19,STOCK_CONTEXT_OBJECTIVE_SESSION_PATH|ACCEPTED_RANGE_PRESENT|PRICE_OUTSIDE_ACCEPTED_RANGE|EXHAUSTION_CONTEXT_ACTIVE,M&M
PRIOR_MOVE_EXTENDED|PROGRESS_DECAY|REJECTION_OR_FAILED_EXTREME,2026-07-27 14:03:00,,,,,,2026-07-27 15:06:00,REVERSAL_FAILED_WITH_ACCEPTANCE,2.7969265345902183,357.55,LOWER_HIGH_AND_LOCAL_SUPPORT_BREAK,2026-07-27 14:18:00,2026-07-27 15:06:00,EXPERIMENT_V2_1:MANAPPURAM:31:2026-07-27T14:09:00:UP,UP,2026-07-27 16:09:00,2026-07-27 14:12:00,2026-07-27 15:00:00,359.45,0.565850898288301,358.75,True,3.1068821261950954,0.005457510083558986,1.9578817424767863,0.6301757398419697,358.75,PRIOR_MOVE_EXTENDED|PROGRESS_DECAY|REJECTION_OR_FAILED_EXTREME,2026-07-27 14:09:00,356.7921182575232,False,6.268092772010768,0.01104740595720875,3.9499999999999886,True,AUCTION_STATE_MEMORY,1.0314583042549936,0.0018179275625787557,0.6500000000000341,-0.00964900013984055,0.001538246399105052,0.0006992029086841001,0.0011187246538946556,2026-07-27 15:06:00,SELL,31,STOCK_CONTEXT_OBJECTIVE_SESSION_PATH|ACCEPTED_RANGE_PRESENT|PRICE_OUTSIDE_ACCEPTED_RANGE|EXHAUSTION_CONTEXT_ACTIVE,MANAPPURAM
PRIOR_MOVE_EXTENDED|PROGRESS_DECAY|REJECTION_OR_FAILED_EXTREME,2026-07-27 15:06:00,,,,,,,,,,,,,EXPERIMENT_V2_1:MANAPPURAM:32:2026-07-27T15:18:00:UP,UP,2026-07-27 17:18:00,2026-07-27 15:21:00,,361.5,0.565850898288301,361.0,True,5.391402111160138,0.01036863683114331,3.7430778960427347,0.6942679879682148,361.0,PRIOR_MOVE_EXTENDED|PROGRESS_DECAY|REJECTION_OR_FAILED_EXTREME,2026-07-27 15:18:00,357.25692210395727,False,,,,True,AUCTION_STATE_MEMORY,,,,,,,,,SELL,32,STOCK_CONTEXT_OBJECTIVE_SESSION_PATH|ACCEPTED_RANGE_PRESENT|PRICE_OUTSIDE_ACCEPTED_RANGE|EXHAUSTION_CONTEXT_ACTIVE,MANAPPURAM
PRIOR_MOVE_EXTENDED|PROGRESS_DECAY|REJECTION_OR_FAILED_EXTREME,2026-07-27 14:57:00,,,,,,,,,,,,,EXPERIMENT_V2_1:MARUTI:61:2026-07-27T15:00:00:UP,UP,2026-07-27 17:00:00,2026-07-27 15:21:00,,13746.0,1.2863409918953082,13709.0,True,5.432948272635859,0.006280851882052485,86.10419845105753,15.848521673717878,13708.0,PRIOR_MOVE_EXTENDED|PROGRESS_DECAY|REJECTION_OR_FAILED_EXTREME,2026-07-27 15:00:00,13622.895801548942,True,,,,True,AUCTION_STATE_MEMORY,,,,,,,,,SELL,61,STOCK_CONTEXT_OBJECTIVE_SESSION_PATH|ACCEPTED_RANGE_PRESENT|PRICE_OUTSIDE_ACCEPTED_RANGE|EXHAUSTION_CONTEXT_ACTIVE,MARUTI
PRIOR_MOVE_EXTENDED|PROGRESS_DECAY,2026-07-27 09:36:00,,,,,,2026-07-27 11:24:00,REVERSAL_FAILED_WITH_ACCEPTANCE,1.4728690567811848,1103.4,LOWER_HIGH_AND_LOCAL_SUPPORT_BREAK,2026-07-27 09:39:00,2026-07-27 11:24:00,EXPERIMENT_V2_1:MAXHEALTH:1:2026-07-27T09:36:00:UP,UP,2026-07-27 11:36:00,2026-07-27 09:36:00,2026-07-27 10:00:00,1107.9,0.6575291720689144,1107.9,True,1.9215796404284615,0.005439940746074256,6.026910352575669,3.1364353710740955,1105.1,PRIOR_MOVE_EXTENDED|PROGRESS_DECAY,2026-07-27 09:36:00,1101.8730896474244,False,5.228865912956326,0.014863150262823874,16.399999999999864,True,AUCTION_STATE_MEMORY,2.0086497104650047,0.005709624796084993,6.300000000000182,0.002718868950516585,0.0021750951604133503,-0.002900126880550859,-0.000906289650172195,2026-07-27 11:24:00,SELL,1,STOCK_CONTEXT_OBJECTIVE_SESSION_PATH|ACCEPTED_RANGE_PRESENT|PRICE_INSIDE_ACCEPTED_RANGE|EXHAUSTION_CONTEXT_ACTIVE,MAXHEALTH
PRIOR_MOVE_EXTENDED|PROGRESS_DECAY,2026-07-27 11:30:00,117.0,1098.7,REVERSAL,2026-07-27 13:39:00,42f5ef14-0a09-5003-8ead-96ee5c1855ab,2026-07-27 13:39:00,CONFIRMED_EXPIRED_UNFAILED,1.3912965947625582,1110.4,LOWER_HIGH_AND_LOCAL_SUPPORT_BREAK,2026-07-27 11:42:00,,EXPERIMENT_V2_1:MAXHEALTH:2:2026-07-27T11:36:00:UP,UP,2026-07-27 13:36:00,2026-07-27 11:39:00,,1113.5,0.6575291720689144,1112.5,True,4.090528607622917,0.008122095156144742,9.035830861211025,2.2089641041434778,1112.3,PRIOR_MOVE_EXTENDED|PROGRESS_DECAY,2026-07-27 11:36:00,1103.464169138789,False,4.255388298237964,0.008465417867435035,9.399999999999864,True,AUCTION_STATE_MEMORY,6.0209217411240985,0.011977665706052036,13.300000000000182,0.005493515850144215,0.0022514409221902018,0.0022514409221902018,0.002611671469740716,,SELL,2,STOCK_CONTEXT_OBJECTIVE_SESSION_PATH|ACCEPTED_RANGE_PRESENT|PRICE_OUTSIDE_ACCEPTED_RANGE|EXHAUSTION_CONTEXT_ACTIVE,MAXHEALTH
CURRENT_LEG_MATURE|REJECTION_OR_FAILED_EXTREME,2026-07-27 13:33:00,,,,,,,,2.5381557920617936,1100.4,HIGHER_LOW_AND_LOCAL_RESISTANCE_BREAK,2026-07-27 14:09:00,,EXPERIMENT_V2_1:MAXHEALTH:3:2026-07-27T13:51:00:DOWN,DOWN,2026-07-27 15:51:00,2026-07-27 14:00:00,,1097.1,0.6575291720689144,1097.4,True,4.595620306301831,0.005582320595064084,6.126038621023326,1.3330167012759693,1097.9,CURRENT_LEG_MATURE|REJECTION_OR_FAILED_EXTREME,2026-07-27 13:51:00,1103.5260386210234,False,1.8004275548106792,0.002181025081788523,2.400000000000091,True,AUCTION_STATE_MEMORY,14.553456068052336,0.017629952744456435,19.399999999999864,0.009723736822973297,0.001817520901490367,0.003453289712831656,0.00245365321701183,,BUY,3,STOCK_CONTEXT_OBJECTIVE_SESSION_PATH|ACCEPTED_RANGE_PRESENT|PRICE_OUTSIDE_ACCEPTED_RANGE|EXHAUSTION_CONTEXT_ACTIVE,MAXHEALTH
PRIOR_MOVE_EXTENDED,2026-07-27 10:30:00,,,,,,2026-07-27 12:36:00,CONFIRMED_EXPIRED_UNFAILED,1.1609441816573114,867.7,HIGHER_LOW_AND_LOCAL_RESISTANCE_BREAK,2026-07-27 10:54:00,,EXPERIMENT_V2_1:MOTILALOFS:2:2026-07-27T10:33:00:DOWN,DOWN,2026-07-27 12:33:00,2026-07-27 10:36:00,,865.3,0.25200458190149433,866.1,True,1.9562799330573444,0.00515983436108381,4.468932540134688,2.2844034049618247,866.5,PRIOR_MOVE_EXTENDED,2026-07-27 10:33:00,870.5689325401347,False,2.1230926155448766,0.0055894894548807455,4.850000000000023,True,AUCTION_STATE_MEMORY,2.7140565394593876,0.00714532672582682,6.199999999999932,0.00017287080788288262,-0.00046098882102119505,-0.0006338596289040777,0.0002304944105104665,,BUY,2,STOCK_CONTEXT_OBJECTIVE_SESSION_PATH|ACCEPTED_RANGE_PRESENT|PRICE_INSIDE_ACCEPTED_RANGE|EXHAUSTION_CONTEXT_ACTIVE,MOTILALOFS
PRIOR_MOVE_EXTENDED|REJECTION_OR_FAILED_EXTREME,2026-07-27 13:48:00,,,,,,,,1.4404539928969144,864.9,LOCAL_RESISTANCE_BREAK_AFTER_EXHAUSTION,2026-07-27 13:54:00,,EXPERIMENT_V2_1:MOTILALOFS:8:2026-07-27T13:48:00:DOWN,DOWN,2026-07-27 15:48:00,2026-07-27 13:48:00,,862.85,0.25200458190149433,862.85,True,4.92063823491304,0.008059464607504344,6.954109036585123,1.4132534652200497,864.0,PRIOR_MOVE_EXTENDED|REJECTION_OR_FAILED_EXTREME,2026-07-27 13:48:00,869.8041090365851,False,1.1321394494163832,0.001849924846803125,1.6000000000000227,True,AUCTION_STATE_MEMORY,5.306903669139221,0.008671522719389525,7.5,0.00849809226500176,0.002196785755578653,0.002138975604116109,0.0024280263614290935,,BUY,8,STOCK_CONTEXT_OBJECTIVE_SESSION_PATH|ACCEPTED_RANGE_PRESENT|PRICE_OUTSIDE_ACCEPTED_RANGE|EXHAUSTION_CONTEXT_ACTIVE,MOTILALOFS
PRIOR_MOVE_EXTENDED|REJECTION_OR_FAILED_EXTREME,2026-07-27 09:36:00,,,,,,2026-07-27 09:57:00,REVERSAL_FAILED_WITH_ACCEPTANCE,1.007603802482773,2347.9,LOWER_HIGH_AND_LOCAL_SUPPORT_BREAK,2026-07-27 09:45:00,2026-07-27 09:57:00,EXPERIMENT_V2_1:MPHASIS:1:2026-07-27T09:36:00:UP,UP,2026-07-27 11:36:00,2026-07-27 09:42:00,2026-07-27 09:54:00,2358.0,1.9938650306748467,2355.0,True,1.9410070704690678,0.008576723772727887,20.198184484774174,10.40603344113169,2352.4,PRIOR_MOVE_EXTENDED|REJECTION_OR_FAILED_EXTREME,2026-07-27 09:36:00,2334.801815515226,True,1.9796207764021554,0.008773797861919123,20.59999999999991,True,AUCTION_STATE_MEMORY,3.0270900221683577,0.013416244303420076,31.5,0.008007155330295234,-0.00609054900123503,-0.003833212658120022,-0.0018740150773031605,2026-07-27 09:57:00,SELL,1,STOCK_CONTEXT_OBJECTIVE_SESSION_PATH|ACCEPTED_RANGE_PRESENT|PRICE_OUTSIDE_ACCEPTED_RANGE|EXHAUSTION_CONTEXT_ACTIVE,MPHASIS
CURRENT_LEG_MATURE|PRIOR_MOVE_EXTENDED|REJECTION_OR_FAILED_EXTREME,2026-07-27 10:45:00,,,,,,2026-07-27 12:48:00,CONFIRMED_EXPIRED_UNFAILED,2.202580228315081,3035.9,LOWER_HIGH_AND_LOCAL_SUPPORT_BREAK,2026-07-27 11:06:00,,EXPERIMENT_V2_1:MUTHOOTFIN:20:2026-07-27T10:45:00:UP,UP,2026-07-27 12:45:00,2026-07-27 10:45:00,2026-07-27 12:18:00,3049.8,1.5085484411666108,3049.8,True,2.2899094256717114,0.005120662459789718,15.616996369866683,6.819918811979066,3046.6,CURRENT_LEG_MATURE|PRIOR_MOVE_EXTENDED|REJECTION_OR_FAILED_EXTREME,2026-07-27 10:45:00,3034.1830036301335,True,3.7683733059781046,0.008465364471820487,25.699999999999818,True,AUCTION_STATE_MEMORY,2.023484498929918,0.0045456042689153734,13.800000000000182,-0.0017128363911854203,-0.0006258440660101093,-0.003689186073322513,-0.0035244902664777556,,SELL,20,STOCK_CONTEXT_OBJECTIVE_SESSION_PATH|ACCEPTED_RANGE_PRESENT|PRICE_OUTSIDE_ACCEPTED_RANGE|EXHAUSTION_CONTEXT_ACTIVE,MUTHOOTFIN
CURRENT_LEG_MATURE|PRIOR_MOVE_EXTENDED|PROGRESS_DECAY,2026-07-27 13:09:00,,,,,,2026-07-27 15:18:00,CONFIRMED_EXPIRED_UNFAILED,2.695399239246175,3047.1,LOWER_HIGH_AND_LOCAL_SUPPORT_BREAK,2026-07-27 13:33:00,,EXPERIMENT_V2_1:MUTHOOTFIN:22:2026-07-27T13:15:00:UP,UP,2026-07-27 15:15:00,2026-07-27 13:24:00,,3061.6,1.5085484411666108,3057.0,True,4.187074205840384,0.006017470677927159,18.395407862423326,4.3933799493604155,3057.0,CURRENT_LEG_MATURE|PRIOR_MOVE_EXTENDED|PROGRESS_DECAY,2026-07-27 13:15:00,3038.6045921375767,True,1.8209214983021518,0.0026254471464671326,8.0,True,AUCTION_STATE_MEMORY,5.690379682194225,0.008204522332709789,25.0,0.005414984739588461,-0.0001640904466541958,-0.0005579075186243552,0.0010501788585867934,,SELL,22,STOCK_CONTEXT_OBJECTIVE_SESSION_PATH|ACCEPTED_RANGE_PRESENT|PRICE_OUTSIDE_ACCEPTED_RANGE|EXHAUSTION_CONTEXT_ACTIVE,MUTHOOTFIN
PRIOR_MOVE_EXTENDED|REJECTION_OR_FAILED_EXTREME,2026-07-27 10:00:00,,,,,,2026-07-27 10:48:00,REVERSAL_FAILED_WITH_ACCEPTANCE,1.424843837648573,1445.2,HIGHER_LOW_AND_LOCAL_RESISTANCE_BREAK,2026-07-27 10:09:00,2026-07-27 10:48:00,EXPERIMENT_V2_1:NESTLEIND:1:2026-07-27T10:00:00:DOWN,DOWN,2026-07-27 12:00:00,2026-07-27 10:00:00,2026-07-27 10:12:00,1441.0,0.4930213179640398,1441.0,True,3.7557929829375465,0.008444533835840418,12.168573257446042,3.239947812014001,1443.6,PRIOR_MOVE_EXTENDED|REJECTION_OR_FAILED_EXTREME,2026-07-27 10:00:00,1453.168573257446,False,3.055604773413341,0.006850262939385615,9.900000000000091,True,AUCTION_STATE_MEMORY,0.9259408404282766,0.002075837254359258,3.0,-0.0013146969277609264,-0.002421810130085801,-0.0019374481040686095,-0.0019374481040686095,2026-07-27 10:48:00,BUY,1,STOCK_CONTEXT_OBJECTIVE_SESSION_PATH|ACCEPTED_RANGE_PRESENT|PRICE_OUTSIDE_ACCEPTED_RANGE|EXHAUSTION_CONTEXT_ACTIVE,NESTLEIND
PRIOR_MOVE_EXTENDED|PROGRESS_DECAY|REJECTION_OR_FAILED_EXTREME,2026-07-27 11:48:00,84.0,1444.0,REVERSAL,2026-07-27 13:48:00,d16305bf-7cd6-50cc-906c-7b6c52d04ffc,2026-07-27 14:03:00,CONFIRMED_EXPIRED_UNFAILED,1.4088176723896213,1439.4,HIGHER_LOW_AND_LOCAL_RESISTANCE_BREAK,2026-07-27 12:24:00,,EXPERIMENT_V2_1:NESTLEIND:4:2026-07-27T12:00:00:DOWN,DOWN,2026-07-27 14:00:00,2026-07-27 12:18:00,2026-07-27 12:39:00,1436.8,0.4930213179640398,1437.2,True,4.335159443630649,0.0055376124108903425,7.958656556931601,1.8358394103877096,1438.6,PRIOR_MOVE_EXTENDED|PROGRESS_DECAY|REJECTION_OR_FAILED_EXTREME,2026-07-27 12:00:00,1445.1586565569316,False,1.85201384214867,0.002362095317493463,3.400000000000091,True,AUCTION_STATE_MEMORY,4.7934475914434636,0.006113658468806415,8.799999999999955,-0.0007642073086009006,0.0005557871335278272,-0.0001389467833819963,6.947339169091916e-05,,BUY,4,STOCK_CONTEXT_OBJECTIVE_SESSION_PATH|ACCEPTED_RANGE_PRESENT|PRICE_OUTSIDE_ACCEPTED_RANGE|EXHAUSTION_CONTEXT_ACTIVE,NESTLEIND
PRIOR_MOVE_EXTENDED|REJECTION_OR_FAILED_EXTREME,2026-07-27 09:36:00,,,,,,2026-07-27 11:39:00,CONFIRMED_EXPIRED_UNFAILED,1.432289606942284,11110.0,LOWER_HIGH_AND_LOCAL_SUPPORT_BREAK,2026-07-27 09:51:00,,EXPERIMENT_V2_1:OFSS:1:2026-07-27T09:36:00:UP,UP,2026-07-27 11:36:00,2026-07-27 09:36:00,,11189.0,1.3195098963242224,11189.0,True,2.9903858441458073,0.01604428803799016,179.5195388570719,60.0322326995067,11120.0,PRIOR_MOVE_EXTENDED|REJECTION_OR_FAILED_EXTREME,2026-07-27 09:36:00,11009.480461142928,True,0.9994630767829669,0.0054005400540054005,60.0,True,AUCTION_STATE_MEMORY,2.3320805124935893,0.012601260126012601,140.0,0.007290729072907291,0.006120612061206121,0.00801080108010801,0.0058505850585058505,,SELL,1,STOCK_CONTEXT_OBJECTIVE_SESSION_PATH|ACCEPTED_RANGE_PRESENT|PRICE_OUTSIDE_ACCEPTED_RANGE|EXHAUSTION_CONTEXT_ACTIVE,OFSS
PRIOR_MOVE_EXTENDED|PROGRESS_DECAY,2026-07-27 09:33:00,111.0,242.66,REVERSAL,2026-07-27 11:39:00,381ebda9-6432-51fc-b370-714e259ef960,2026-07-27 10:21:00,REVERSAL_FAILED_WITH_ACCEPTANCE,0.9872639382912775,243.0,HIGHER_LOW_AND_LOCAL_RESISTANCE_BREAK,2026-07-27 09:48:00,2026-07-27 10:21:00,EXPERIMENT_V2_1:ONGC:2:2026-07-27T09:36:00:DOWN,DOWN,2026-07-27 11:36:00,2026-07-27 09:45:00,2026-07-27 10:15:00,242.4,-0.4176706827309205,242.97,True,1.8733060636223722,0.005113522359028512,1.2424325275731576,0.663229864942994,243.0,PRIOR_MOVE_EXTENDED|PROGRESS_DECAY,2026-07-27 09:36:00,244.21243252757316,False,7.327776170661044,0.020000000000000056,4.860000000000014,True,AUCTION_STATE_MEMORY,0.31663230367055006,0.0008641975308642303,0.21000000000000796,-0.0037037037037037273,-0.0005761316872427422,-0.0010699588477365882,-0.002427983539094664,2026-07-27 10:21:00,BUY,2,STOCK_CONTEXT_OBJECTIVE_SESSION_PATH|ACCEPTED_RANGE_PRESENT|PRICE_OUTSIDE_ACCEPTED_RANGE|EXHAUSTION_CONTEXT_ACTIVE,ONGC
PRIOR_MOVE_EXTENDED|REJECTION_OR_FAILED_EXTREME,2026-07-27 10:42:00,,,,,,2026-07-27 12:09:00,REVERSAL_FAILED_WITH_ACCEPTANCE,0.8539981764868104,241.92,HIGHER_LOW_AND_LOCAL_RESISTANCE_BREAK,2026-07-27 11:09:00,2026-07-27 12:09:00,EXPERIMENT_V2_1:ONGC:3:2026-07-27T10:45:00:DOWN,DOWN,2026-07-27 12:45:00,2026-07-27 10:57:00,2026-07-27 12:06:00,241.71,-0.4176706827309205,242.16,True,3.991702862685593,0.005274065367171743,1.2771676693143093,0.31995559620763925,242.16,PRIOR_MOVE_EXTENDED|REJECTION_OR_FAILED_EXTREME,2026-07-27 10:45:00,243.4371676693143,False,11.814139351845942,0.015625000000000007,3.780000000000001,True,AUCTION_STATE_MEMORY,3.3754683862417356,0.004464285714285766,1.0800000000000125,-0.0024801587301587066,0.0015707671957672946,0.0031415343915344716,0.0035548941798942365,2026-07-27 12:09:00,BUY,3,STOCK_CONTEXT_OBJECTIVE_SESSION_PATH|ACCEPTED_RANGE_PRESENT|PRICE_OUTSIDE_ACCEPTED_RANGE|EXHAUSTION_CONTEXT_ACTIVE,ONGC
PRIOR_MOVE_EXTENDED|PROGRESS_DECAY,2026-07-27 12:09:00,,,,,,2026-07-27 13:18:00,REVERSAL_FAILED_WITH_ACCEPTANCE,1.1368637182404187,241.34,HIGHER_LOW_AND_LOCAL_RESISTANCE_BREAK,2026-07-27 12:48:00,2026-07-27 13:18:00,EXPERIMENT_V2_1:ONGC:4:2026-07-27T12:24:00:DOWN,DOWN,2026-07-27 14:24:00,2026-07-27 12:45:00,2026-07-27 12:57:00,241.09,-0.4176706827309205,241.4,True,5.573158538977211,0.006368359897387258,1.537322079229284,0.27584395248720384,241.4,PRIOR_MOVE_EXTENDED|PROGRESS_DECAY,2026-07-27 12:24:00,242.9373220792293,False,11.600761847945398,0.013259302229220258,3.200000000000017,True,AUCTION_STATE_MEMORY,0.39877618852306734,0.00045578851412938267,0.10999999999998522,-0.005676638766884912,-0.0012430595839894396,-0.0002900472362641633,-0.0017817187370514909,2026-07-27 13:18:00,BUY,4,STOCK_CONTEXT_OBJECTIVE_SESSION_PATH|ACCEPTED_RANGE_PRESENT|PRICE_OUTSIDE_ACCEPTED_RANGE|EXHAUSTION_CONTEXT_ACTIVE,ONGC
PRIOR_MOVE_EXTENDED|REJECTION_OR_FAILED_EXTREME,2026-07-27 13:21:00,,,,,,2026-07-27 14:30:00,REVERSAL_FAILED_WITH_ACCEPTANCE,1.088032991906154,239.88,HIGHER_LOW_AND_LOCAL_RESISTANCE_BREAK,2026-07-27 14:24:00,2026-07-27 14:30:00,EXPERIMENT_V2_1:ONGC:5:2026-07-27T13:30:00:DOWN,DOWN,2026-07-27 15:30:00,2026-07-27 14:21:00,2026-07-27 14:27:00,239.7,-0.4176706827309205,240.03,True,8.604107054731896,0.009927847224709076,2.3829811693469196,0.2769585680638853,240.11,PRIOR_MOVE_EXTENDED|REJECTION_OR_FAILED_EXTREME,2026-07-27 13:30:00,242.41298116934692,False,6.282528149115242,0.007253626813406741,1.740000000000009,True,AUCTION_STATE_MEMORY,0.21663890169363612,0.0002501250625312751,0.060000000000002274,-0.005544438886109655,-0.0005836251459062296,-0.002459563114890793,-0.0036685009171252103,2026-07-27 14:30:00,BUY,5,STOCK_CONTEXT_OBJECTIVE_SESSION_PATH|ACCEPTED_RANGE_PRESENT|PRICE_OUTSIDE_ACCEPTED_RANGE|EXHAUSTION_CONTEXT_ACTIVE,ONGC
PRIOR_MOVE_EXTENDED|PROGRESS_DECAY|REJECTION_OR_FAILED_EXTREME,2026-07-27 14:24:00,,,,,,,,,,,,,EXPERIMENT_V2_1:ONGC:6:2026-07-27T14:42:00:DOWN,DOWN,2026-07-27 16:42:00,2026-07-27 15:18:00,,238.2,-0.4176706827309205,239.2,True,10.035321470988986,0.011031273480105023,2.638680616441121,0.2629393212832551,239.29,PRIOR_MOVE_EXTENDED|PROGRESS_DECAY|REJECTION_OR_FAILED_EXTREME,2026-07-27 14:42:00,241.8386806164411,False,,,,True,AUCTION_STATE_MEMORY,,,,,,,,,BUY,6,STOCK_CONTEXT_OBJECTIVE_SESSION_PATH|ACCEPTED_RANGE_PRESENT|PRICE_OUTSIDE_ACCEPTED_RANGE|EXHAUSTION_CONTEXT_ACTIVE,ONGC
PRIOR_MOVE_EXTENDED|REJECTION_OR_FAILED_EXTREME,2026-07-27 09:33:00,51.0,5246.1,REVERSAL,2026-07-27 10:45:00,584da7ab-66ca-56ca-8b70-2d0eb6d6d380,2026-07-27 11:36:00,CONFIRMED_EXPIRED_UNFAILED,1.9289042813820996,5300.0,LOWER_HIGH_AND_LOCAL_SUPPORT_BREAK,2026-07-27 09:54:00,,EXPERIMENT_V2_1:PERSISTENT:1:2026-07-27T09:33:00:UP,UP,2026-07-27 11:33:00,2026-07-27 09:51:00,,5339.5,1.0529355149181872,5323.9,True,1.9607165067615835,0.0076325207945789975,40.63477745825912,20.72445318745928,5308.0,PRIOR_MOVE_EXTENDED|REJECTION_OR_FAILED_EXTREME,2026-07-27 09:33:00,5283.2652225417405,True,1.4041383739672935,0.005490566037735917,29.100000000000364,True,AUCTION_STATE_MEMORY,2.846878490174202,0.011132075471698113,59.0,0.005924528301886724,0.004773584905660412,0.0032264150943396913,0.004113207547169846,,SELL,1,STOCK_CONTEXT_OBJECTIVE_SESSION_PATH|ACCEPTED_RANGE_PRESENT|PRICE_OUTSIDE_ACCEPTED_RANGE|EXHAUSTION_CONTEXT_ACTIVE,PERSISTENT
CURRENT_LEG_MATURE|PRIOR_MOVE_EXTENDED|REJECTION_OR_FAILED_EXTREME,2026-07-27 10:36:00,,,,,,2026-07-27 12:39:00,CONFIRMED_EXPIRED_UNFAILED,2.2245301381749925,1608.9,LOWER_HIGH_AND_LOCAL_SUPPORT_BREAK,2026-07-27 10:42:00,,EXPERIMENT_V2_1:PIDILITIND:13:2026-07-27T10:36:00:UP,UP,2026-07-27 12:36:00,2026-07-27 10:39:00,2026-07-27 10:57:00,1619.0,0.9032504293620027,1618.5,True,4.234492222113289,0.01132745866590732,18.333491850770997,4.329560875098593,1615.7,CURRENT_LEG_MATURE|PRIOR_MOVE_EXTENDED|REJECTION_OR_FAILED_EXTREME,2026-07-27 10:36:00,1600.166508149229,False,3.11809913047881,0.008390826030206973,13.5,True,AUCTION_STATE_MEMORY,1.1317544992108484,0.003045559077630736,4.900000000000091,-0.0010566225371370613,-0.0027347877431784843,-0.005220958418795365,-0.004226490148548669,,SELL,13,STOCK_CONTEXT_OBJECTIVE_SESSION_PATH|ACCEPTED_RANGE_PRESENT|PRICE_OUTSIDE_ACCEPTED_RANGE|EXHAUSTION_CONTEXT_ACTIVE,PIDILITIND
CURRENT_LEG_MATURE|PRIOR_MOVE_EXTENDED|REJECTION_OR_FAILED_EXTREME,2026-07-27 10:27:00,48.0,1074.5,REVERSAL,2026-07-27 11:36:00,f4e9f162-6ce9-50c4-b006-6b2dab6a00ce,2026-07-27 12:30:00,CONFIRMED_EXPIRED_UNFAILED,1.6892458266814845,1058.8,HIGHER_LOW_AND_LOCAL_RESISTANCE_BREAK,2026-07-27 10:48:00,,EXPERIMENT_V2_1:PNBHOUSING:8:2026-07-27T10:27:00:DOWN,DOWN,2026-07-27 12:27:00,2026-07-27 10:45:00,,1053.9,0.8384361752237486,1059.1,True,2.533848708789199,0.006238013387615785,6.606679978823877,2.6073695544280864,1060.6,CURRENT_LEG_MATURE|PRIOR_MOVE_EXTENDED|REJECTION_OR_FAILED_EXTREME,2026-07-27 10:27:00,1065.7066799788238,False,1.4574075215177795,0.003588968643747596,3.7999999999999545,True,AUCTION_STATE_MEMORY,10.240205480138222,0.025217227049490032,26.700000000000045,0.01907820173781644,0.0026445032111824278,0.005761239138647655,0.01095579901775608,,BUY,8,STOCK_CONTEXT_OBJECTIVE_SESSION_PATH|ACCEPTED_RANGE_PRESENT|PRICE_OUTSIDE_ACCEPTED_RANGE|EXHAUSTION_CONTEXT_ACTIVE,PNBHOUSING
PRIOR_MOVE_EXTENDED|REJECTION_OR_FAILED_EXTREME,2026-07-27 12:42:00,51.0,1070.2,REVERSAL,2026-07-27 13:39:00,2535fbba-05ad-5fce-8e25-82c4efa5dd4f,2026-07-27 14:45:00,CONFIRMED_EXPIRED_UNFAILED,2.187192241884801,1072.3,LOWER_HIGH_AND_LOCAL_SUPPORT_BREAK,2026-07-27 12:48:00,,EXPERIMENT_V2_1:PNBHOUSING:9:2026-07-27T12:42:00:UP,UP,2026-07-27 14:42:00,2026-07-27 12:45:00,,1078.2,0.8384361752237486,1078.0,True,3.9045310047969237,0.00921394014653152,9.932627477960978,2.5438720977649343,1076.7,PRIOR_MOVE_EXTENDED|REJECTION_OR_FAILED_EXTREME,2026-07-27 12:42:00,1068.067372522039,False,4.127566008222419,0.009792035810873822,10.5,True,AUCTION_STATE_MEMORY,1.257924878696374,0.002984239485218731,3.2000000000000455,0.00289098200130552,-0.0009325748391308403,0.0,-0.0010258323230440515,,SELL,9,STOCK_CONTEXT_OBJECTIVE_SESSION_PATH|ACCEPTED_RANGE_PRESENT|PRICE_OUTSIDE_ACCEPTED_RANGE|EXHAUSTION_CONTEXT_ACTIVE,PNBHOUSING
CURRENT_LEG_MATURE|PRIOR_MOVE_EXTENDED|REJECTION_OR_FAILED_EXTREME,2026-07-27 15:00:00,,,,,,,,2.0425319075172963,1078.8,LOWER_HIGH_AND_LOCAL_SUPPORT_BREAK,2026-07-27 15:12:00,,EXPERIMENT_V2_1:PNBHOUSING:10:2026-07-27T15:03:00:UP,UP,2026-07-27 17:03:00,2026-07-27 15:06:00,,1082.8,0.8384361752237486,1080.0,True,5.6927968195323775,0.009713096839272515,10.490144586414317,1.8427048986575296,1079.3,CURRENT_LEG_MATURE|PRIOR_MOVE_EXTENDED|REJECTION_OR_FAILED_EXTREME,2026-07-27 15:03:00,1069.5098554135857,False,1.031092933754234,0.0017612161661105775,1.900000000000091,True,AUCTION_STATE_MEMORY,2.007917818363437,0.0034297367445310025,3.7000000000000455,,0.0022246941045604967,,,,SELL,10,STOCK_CONTEXT_OBJECTIVE_SESSION_PATH|ACCEPTED_RANGE_PRESENT|PRICE_OUTSIDE_ACCEPTED_RANGE|EXHAUSTION_CONTEXT_ACTIVE,PNBHOUSING
CURRENT_LEG_MATURE|PRIOR_MOVE_EXTENDED|REJECTION_OR_FAILED_EXTREME,2026-07-27 10:15:00,,,,,,2026-07-27 12:18:00,CONFIRMED_EXPIRED_UNFAILED,1.1298436671332104,1556.0,LOWER_HIGH_AND_LOCAL_SUPPORT_BREAK,2026-07-27 11:03:00,,EXPERIMENT_V2_1:POLICYBZR:1:2026-07-27T10:15:00:UP,UP,2026-07-27 12:15:00,2026-07-27 10:57:00,,1558.9,0.2669270833333274,1553.8,True,2.3332666101278114,0.0062326626655741105,9.684311249769053,4.15053779440943,1552.0,CURRENT_LEG_MATURE|PRIOR_MOVE_EXTENDED|REJECTION_OR_FAILED_EXTREME,2026-07-27 10:15:00,1544.115688750231,False,0.19274610655937532,0.0005141388174806906,0.7999999999999545,True,AUCTION_STATE_MEMORY,2.1683936987930954,0.005784061696658098,9.0,0.0020565552699229085,0.0014138817480720087,0.0012853470437017994,0.001221079691516768,,SELL,1,STOCK_CONTEXT_OBJECTIVE_SESSION_PATH|ACCEPTED_RANGE_PRESENT|PRICE_OUTSIDE_ACCEPTED_RANGE|EXHAUSTION_CONTEXT_ACTIVE,POLICYBZR
CURRENT_LEG_MATURE,2026-07-27 10:51:00,,,,,,2026-07-27 11:33:00,REVERSAL_FAILED_WITH_ACCEPTANCE,1.2683566807763378,31455.0,LOWER_HIGH_AND_LOCAL_SUPPORT_BREAK,2026-07-27 11:24:00,2026-07-27 11:33:00,EXPERIMENT_V2_1:POWERINDIA:16:2026-07-27T10:51:00:UP,UP,2026-07-27 12:51:00,2026-07-27 11:18:00,2026-07-27 11:30:00,31540.0,0.3852327447833066,31335.0,True,2.6176140781480197,0.006571122337237897,205.9061184373495,78.66175543456335,31335.0,CURRENT_LEG_MATURE,2026-07-27 10:51:00,31129.09388156265,False,3.8137974209024885,0.009537434430138292,300.0,True,AUCTION_STATE_MEMORY,0.38137974209024883,0.0009537434430138292,30.0,0.0,-0.005881417898585281,-0.003814973772055317,-0.004450802734064537,2026-07-27 11:33:00,SELL,16,STOCK_CONTEXT_OBJECTIVE_SESSION_PATH|ACCEPTED_RANGE_PRESENT|PRICE_OUTSIDE_ACCEPTED_RANGE|EXHAUSTION_CONTEXT_ACTIVE,POWERINDIA
CURRENT_LEG_MATURE|PRIOR_MOVE_EXTENDED,2026-07-27 11:27:00,,,,,,2026-07-27 13:48:00,CONFIRMED_EXPIRED_UNFAILED,1.2298715370395217,31540.0,LOWER_HIGH_AND_LOCAL_SUPPORT_BREAK,2026-07-27 11:48:00,,EXPERIMENT_V2_1:POWERINDIA:17:2026-07-27T11:45:00:UP,UP,2026-07-27 13:45:00,2026-07-27 11:45:00,2026-07-27 12:39:00,31630.0,0.3852327447833066,31630.0,True,5.89339187678962,0.01296373138828431,410.04282381143275,69.57671106622566,31610.0,CURRENT_LEG_MATURE|PRIOR_MOVE_EXTENDED,2026-07-27 11:45:00,31219.957176188567,False,3.0901144464180716,0.006816740646797717,215.0,True,AUCTION_STATE_MEMORY,1.6528519132003638,0.003646163601775523,115.0,-0.002060875079264426,-0.0009511731135066582,0.0028535193405199747,0.0019023462270133164,,SELL,17,STOCK_CONTEXT_OBJECTIVE_SESSION_PATH|ACCEPTED_RANGE_PRESENT|PRICE_OUTSIDE_ACCEPTED_RANGE|EXHAUSTION_CONTEXT_ACTIVE,POWERINDIA
PRIOR_MOVE_EXTENDED,2026-07-27 14:27:00,,,,,,,,2.243831056549274,31610.0,LOWER_HIGH_AND_LOCAL_SUPPORT_BREAK,2026-07-27 14:33:00,,EXPERIMENT_V2_1:POWERINDIA:24:2026-07-27T14:27:00:UP,UP,2026-07-27 16:27:00,2026-07-27 14:27:00,,31725.0,0.3852327447833066,31725.0,True,7.05358218135046,0.011327671999820401,359.3703941943022,50.94863644524776,31685.0,PRIOR_MOVE_EXTENDED,2026-07-27 14:27:00,31365.629605805698,False,1.1776566398293964,0.0018981335020563112,60.0,True,AUCTION_STATE_MEMORY,2.15903717302056,0.0034799114204365706,110.0,,-0.0007908889591901297,0.0012654223347042075,0.002056311293894337,,SELL,24,STOCK_CONTEXT_OBJECTIVE_SESSION_PATH|ACCEPTED_RANGE_PRESENT|PRICE_OUTSIDE_ACCEPTED_RANGE|EXHAUSTION_CONTEXT_ACTIVE,POWERINDIA
PRIOR_MOVE_EXTENDED,2026-07-27 09:33:00,,,,,,2026-07-27 11:45:00,CONFIRMED_EXPIRED_UNFAILED,0.9120774132330953,1020.4,LOCAL_RESISTANCE_BREAK_AFTER_EXHAUSTION,2026-07-27 09:51:00,,EXPERIMENT_V2_1:PREMIERENE:4:2026-07-27T09:42:00:DOWN,DOWN,2026-07-27 11:42:00,2026-07-27 09:42:00,,1017.7,1.2875958325142542,1017.7,True,1.7082975619184657,0.005717504808924031,5.818704644041986,3.4061423336034147,1018.8,PRIOR_MOVE_EXTENDED,2026-07-27 09:42:00,1023.518704644042,True,0.4110221660992346,0.0013720109760877864,1.3999999999999773,True,AUCTION_STATE_MEMORY,6.546995931437935,0.021854174833398736,22.300000000000068,0.0032340258722070446,0.0010780086240690149,0.0011760094080753092,0.0017640141121129638,,BUY,4,STOCK_CONTEXT_OBJECTIVE_SESSION_PATH|ACCEPTED_RANGE_PRESENT|PRICE_OUTSIDE_ACCEPTED_RANGE|EXHAUSTION_CONTEXT_ACTIVE,PREMIERENE
PRIOR_MOVE_EXTENDED|REJECTION_OR_FAILED_EXTREME,2026-07-27 12:03:00,,,,,,2026-07-27 12:51:00,REVERSAL_FAILED_WITH_ACCEPTANCE,0.7177007753737045,1032.1,LOWER_HIGH_AND_LOCAL_SUPPORT_BREAK,2026-07-27 12:12:00,2026-07-27 12:51:00,EXPERIMENT_V2_1:PREMIERENE:5:2026-07-27T12:03:00:UP,UP,2026-07-27 14:03:00,2026-07-27 12:03:00,2026-07-27 12:30:00,1033.5,1.2875958325142542,1033.5,True,3.205376347738313,0.0066735376116793714,6.89710112167063,2.1517289620412803,1032.6,PRIOR_MOVE_EXTENDED|REJECTION_OR_FAILED_EXTREME,2026-07-27 12:03:00,1026.6028988783294,True,4.926271006709059,0.010270322643154866,10.600000000000136,True,AUCTION_STATE_MEMORY,0.5112168025829668,0.0010657881988178559,1.099999999999909,-0.002712915415173125,9.688983625608861e-05,0.0,-0.0003875593450247951,2026-07-27 12:51:00,SELL,5,STOCK_CONTEXT_OBJECTIVE_SESSION_PATH|ACCEPTED_RANGE_PRESENT|PRICE_OUTSIDE_ACCEPTED_RANGE|EXHAUSTION_CONTEXT_ACTIVE,PREMIERENE
PRIOR_MOVE_EXTENDED|REJECTION_OR_FAILED_EXTREME,2026-07-27 13:03:00,,,,,,2026-07-27 13:57:00,REVERSAL_FAILED_WITH_ACCEPTANCE,0.7459746659355844,1034.4,LOWER_HIGH_AND_LOCAL_SUPPORT_BREAK,2026-07-27 13:06:00,2026-07-27 13:57:00,EXPERIMENT_V2_1:PREMIERENE:6:2026-07-27T13:03:00:UP,UP,2026-07-27 15:03:00,2026-07-27 13:03:00,2026-07-27 13:54:00,1035.5,1.2875958325142542,1035.5,True,5.294653820580785,0.007883723494405052,8.163595678456431,1.5418563621145196,1035.0,PRIOR_MOVE_EXTENDED|REJECTION_OR_FAILED_EXTREME,2026-07-27 13:03:00,1027.3364043215436,True,5.383121413863247,0.008023975251353397,8.299999999999955,True,AUCTION_STATE_MEMORY,0.9079963830613345,0.0013534416086621141,1.400000000000091,-0.0017401392111368469,-0.00048337200309358076,-0.000580046403712209,0.0012567672080434859,2026-07-27 13:57:00,SELL,6,STOCK_CONTEXT_OBJECTIVE_SESSION_PATH|ACCEPTED_RANGE_PRESENT|PRICE_INSIDE_ACCEPTED_RANGE|EXHAUSTION_CONTEXT_ACTIVE,PREMIERENE
PRIOR_MOVE_EXTENDED|REJECTION_OR_FAILED_EXTREME,2026-07-27 14:09:00,,,,,,2026-07-27 14:57:00,REVERSAL_FAILED_WITH_ACCEPTANCE,1.272048777960213,1036.4,LOWER_HIGH_AND_LOCAL_SUPPORT_BREAK,2026-07-27 14:36:00,2026-07-27 14:57:00,EXPERIMENT_V2_1:PREMIERENE:7:2026-07-27T14:09:00:UP,UP,2026-07-27 16:09:00,2026-07-27 14:15:00,2026-07-27 14:54:00,1038.0,1.2875958325142542,1037.2,True,6.474305343812122,0.008303921691942141,8.612827578882388,1.330309140750394,1036.3,PRIOR_MOVE_EXTENDED|REJECTION_OR_FAILED_EXTREME,2026-07-27 14:09:00,1028.5871724211177,True,4.735741345388548,0.006078734079505938,6.2999999999999545,True,AUCTION_STATE_MEMORY,0.0,0.0,0.0,,-0.00019297568506350645,-0.0037630258587416665,-0.005113855654187528,2026-07-27 14:57:00,SELL,7,STOCK_CONTEXT_OBJECTIVE_SESSION_PATH|ACCEPTED_RANGE_PRESENT|PRICE_OUTSIDE_ACCEPTED_RANGE|EXHAUSTION_CONTEXT_ACTIVE,PREMIERENE
CURRENT_LEG_MATURE|PRIOR_MOVE_EXTENDED|REJECTION_OR_FAILED_EXTREME,2026-07-27 09:54:00,,,,,,2026-07-27 10:15:00,REVERSAL_FAILED_WITH_ACCEPTANCE,0.7685612852292387,1629.8,LOWER_HIGH_AND_LOCAL_SUPPORT_BREAK,2026-07-27 10:00:00,2026-07-27 10:15:00,EXPERIMENT_V2_1:PRESTIGE:1:2026-07-27T09:54:00:UP,UP,2026-07-27 11:54:00,2026-07-27 09:57:00,2026-07-27 10:06:00,1634.0,0.5,1633.9,True,2.1401983513091545,0.007725078628955296,12.622005971850058,5.897586998947647,1633.4,CURRENT_LEG_MATURE|PRIOR_MOVE_EXTENDED|REJECTION_OR_FAILED_EXTREME,2026-07-27 09:54:00,1621.27799402815,False,3.3912174595421414,0.012271444348999877,20.0,True,AUCTION_STATE_MEMORY,0.033912174595429126,0.0001227144434900267,0.20000000000004547,-0.0014112161001349581,-0.0011044299914099612,-0.0028224322002700555,-0.0074855810528899535,2026-07-27 10:15:00,SELL,1,STOCK_CONTEXT_OBJECTIVE_SESSION_PATH|ACCEPTED_RANGE_PRESENT|PRICE_OUTSIDE_ACCEPTED_RANGE|EXHAUSTION_CONTEXT_ACTIVE,PRESTIGE
PRIOR_MOVE_EXTENDED,2026-07-27 10:15:00,,,,,,2026-07-27 12:27:00,REVERSAL_FAILED_WITH_ACCEPTANCE,2.308562991964018,1632.0,LOWER_HIGH_AND_LOCAL_SUPPORT_BREAK,2026-07-27 10:33:00,2026-07-27 12:27:00,EXPERIMENT_V2_1:PRESTIGE:2:2026-07-27T10:27:00:UP,UP,2026-07-27 12:27:00,2026-07-27 10:30:00,2026-07-27 12:24:00,1643.9,0.5,1642.6,True,2.9676041869836394,0.008883861698801414,14.592631226451203,4.91731049931008,1642.0,PRIOR_MOVE_EXTENDED,2026-07-27 10:27:00,1628.0073687735487,False,3.6198649653092625,0.010906862745098011,17.799999999999955,True,AUCTION_STATE_MEMORY,0.40672640059654736,0.0012254901960784314,2.0,-0.001593137254901905,-0.001838235294117647,-0.002389705882352997,-6.127450980386584e-05,2026-07-27 12:27:00,SELL,2,STOCK_CONTEXT_OBJECTIVE_SESSION_PATH|ACCEPTED_RANGE_PRESENT|PRICE_OUTSIDE_ACCEPTED_RANGE|EXHAUSTION_CONTEXT_ACTIVE,PRESTIGE
PRIOR_MOVE_EXTENDED|REJECTION_OR_FAILED_EXTREME,2026-07-27 10:30:00,,,,,,2026-07-27 12:45:00,CONFIRMED_EXPIRED_UNFAILED,1.1601103786398084,4187.7,LOWER_HIGH_AND_LOCAL_SUPPORT_BREAK,2026-07-27 11:03:00,,EXPERIMENT_V2_1:RADICO:18:2026-07-27T10:42:00:UP,UP,2026-07-27 12:42:00,2026-07-27 10:54:00,,4201.0,0.33787068546425947,4178.5,True,2.4733722533617084,0.007270341165186383,30.3791205587313,12.282470023443183,4175.5,PRIOR_MOVE_EXTENDED|REJECTION_OR_FAILED_EXTREME,2026-07-27 10:42:00,4148.120879441269,False,0.43150929657342785,0.0012656111946892524,5.300000000000182,True,AUCTION_STATE_MEMORY,4.2418178021650155,0.01244119683835983,52.099999999999454,0.00900255510184584,0.001862597607278502,0.0037490746710604436,0.00733099314659594,,SELL,18,STOCK_CONTEXT_OBJECTIVE_SESSION_PATH|ACCEPTED_RANGE_PRESENT|PRICE_OUTSIDE_ACCEPTED_RANGE|EXHAUSTION_CONTEXT_ACTIVE,RADICO
CURRENT_LEG_MATURE|PROGRESS_DECAY|REJECTION_OR_FAILED_EXTREME,2026-07-27 13:27:00,,,,,,,,3.0953845678000578,4149.0,HIGHER_LOW_AND_LOCAL_RESISTANCE_BREAK,2026-07-27 13:48:00,,EXPERIMENT_V2_1:RADICO:22:2026-07-27T13:36:00:DOWN,DOWN,2026-07-27 15:36:00,2026-07-27 13:36:00,,4135.6,0.33787068546425947,4135.6,True,5.435180531792051,0.005076720965477034,20.995287224826825,3.862850019795828,4138.1,CURRENT_LEG_MATURE|PROGRESS_DECAY|REJECTION_OR_FAILED_EXTREME,2026-07-27 13:36:00,4156.595287224827,False,2.6923126568992006,0.0025066281031572994,10.399999999999636,True,AUCTION_STATE_MEMORY,4.556221419368132,0.004241986020727974,17.600000000000364,0.0014943359845745524,0.0019763798505663577,0.0009158833453844738,0.0013256206314774645,,BUY,22,STOCK_CONTEXT_OBJECTIVE_SESSION_PATH|ACCEPTED_RANGE_PRESENT|PRICE_OUTSIDE_ACCEPTED_RANGE|EXHAUSTION_CONTEXT_ACTIVE,RADICO
CURRENT_LEG_MATURE,2026-07-27 09:39:00,,,,,,2026-07-27 11:42:00,CONFIRMED_EXPIRED_UNFAILED,0.6325212716597906,630.25,HIGHER_LOW_AND_LOCAL_RESISTANCE_BREAK,2026-07-27 10:03:00,,EXPERIMENT_V2_1:SBICARD:1:2026-07-27T09:39:00:DOWN,DOWN,2026-07-27 11:39:00,2026-07-27 09:51:00,,628.8,2.111650485436886,631.65,True,1.6592834395147928,0.007316419150030141,4.621416156116538,2.7851878986196184,632.15,CURRENT_LEG_MATURE,2026-07-27 09:39:00,636.2714161561165,True,0.287233762719006,0.001269337564458476,0.7999999999999545,True,AUCTION_STATE_MEMORY,6.103717457779226,0.02697342324474415,17.0,0.009282030940103169,0.005236017453391439,0.004601348671162201,0.004204680682268905,,BUY,1,STOCK_CONTEXT_OBJECTIVE_SESSION_PATH|ACCEPTED_RANGE_PRESENT|PRICE_INSIDE_ACCEPTED_RANGE|EXHAUSTION_CONTEXT_ACTIVE,SBICARD
PRIOR_MOVE_EXTENDED|PROGRESS_DECAY|REJECTION_OR_FAILED_EXTREME,2026-07-27 11:45:00,,,,,,2026-07-27 13:57:00,CONFIRMED_EXPIRED_UNFAILED,1.7270977365245879,643.35,LOWER_HIGH_AND_LOCAL_SUPPORT_BREAK,2026-07-27 12:03:00,,EXPERIMENT_V2_1:SBICARD:2:2026-07-27T11:54:00:UP,UP,2026-07-27 13:54:00,2026-07-27 11:57:00,,646.45,2.111650485436886,644.5,True,5.07135703958098,0.013556018232590228,8.736853750904402,1.7227841941939632,643.7,PRIOR_MOVE_EXTENDED|PROGRESS_DECAY|REJECTION_OR_FAILED_EXTREME,2026-07-27 11:54:00,635.7631462490956,True,2.26377744417644,0.006062019118675647,3.8999999999999773,True,AUCTION_STATE_MEMORY,1.770390052497009,0.004740809823579806,3.050000000000068,-0.000388590969145877,-0.000388590969145877,-0.0003108727753165956,-0.00046630916297498175,,SELL,2,STOCK_CONTEXT_OBJECTIVE_SESSION_PATH|ACCEPTED_RANGE_PRESENT|PRICE_OUTSIDE_ACCEPTED_RANGE|EXHAUSTION_CONTEXT_ACTIVE,SBICARD
PRIOR_MOVE_EXTENDED|REJECTION_OR_FAILED_EXTREME,2026-07-27 09:57:00,,,,,,2026-07-27 11:03:00,REVERSAL_FAILED_WITH_ACCEPTANCE,1.0479620840323842,1844.3,HIGHER_LOW_AND_LOCAL_RESISTANCE_BREAK,2026-07-27 10:42:00,2026-07-27 11:03:00,EXPERIMENT_V2_1:SBILIFE:3:2026-07-27T10:03:00:DOWN,DOWN,2026-07-27 12:03:00,2026-07-27 10:27:00,2026-07-27 11:00:00,1840.2,0.043173232595788154,1842.9,True,1.9514249120819882,0.005575194454777124,10.274525860708764,5.265140255766646,1844.1,PRIOR_MOVE_EXTENDED|REJECTION_OR_FAILED_EXTREME,2026-07-27 10:03:00,1853.1745258607089,False,1.5384205560580049,0.004391910209835661,8.099999999999909,True,AUCTION_STATE_MEMORY,5.014111441966904,0.014314374017242363,26.40000000000009,-0.002168844548067017,-0.0005422111370167543,-0.0028194979124871473,-0.004229246868730659,2026-07-27 11:03:00,BUY,3,STOCK_CONTEXT_OBJECTIVE_SESSION_PATH|ACCEPTED_RANGE_PRESENT|PRICE_OUTSIDE_ACCEPTED_RANGE|EXHAUSTION_CONTEXT_ACTIVE,SBILIFE
PRIOR_MOVE_EXTENDED|PROGRESS_DECAY|REJECTION_OR_FAILED_EXTREME,2026-07-27 11:09:00,,,,,,2026-07-27 13:18:00,CONFIRMED_EXPIRED_UNFAILED,0.9548636317563155,1839.9,LOCAL_RESISTANCE_BREAK_AFTER_EXHAUSTION,2026-07-27 11:21:00,,EXPERIMENT_V2_1:SBILIFE:4:2026-07-27T11:15:00:DOWN,DOWN,2026-07-27 13:15:00,2026-07-27 11:15:00,,1837.1,0.043173232595788154,1837.1,True,3.6815784519663124,0.006065905597972485,11.143675174035252,3.026874293031423,1838.2,PRIOR_MOVE_EXTENDED|PROGRESS_DECAY|REJECTION_OR_FAILED_EXTREME,2026-07-27 11:15:00,1848.2436751740352,False,0.6277102436577356,0.0010326648187401982,1.900000000000091,True,AUCTION_STATE_MEMORY,10.175513423503844,0.016740040219577125,30.799999999999955,0.0015218218381433525,0.0009239632588726659,-0.0006522093592043293,0.00032610467960210286,,BUY,4,STOCK_CONTEXT_OBJECTIVE_SESSION_PATH|ACCEPTED_RANGE_PRESENT|PRICE_OUTSIDE_ACCEPTED_RANGE|EXHAUSTION_CONTEXT_ACTIVE,SBILIFE
PRIOR_MOVE_EXTENDED|REJECTION_OR_FAILED_EXTREME,2026-07-27 15:21:00,,,,,,,,,,,,,EXPERIMENT_V2_1:SBILIFE:5:2026-07-27T15:21:00:UP,UP,2026-07-27 17:21:00,2026-07-27 15:21:00,,1867.9,0.043173232595788154,1867.9,True,4.529176513564404,0.005680966899057444,10.6114780707494,2.342915547444253,1866.5,PRIOR_MOVE_EXTENDED|REJECTION_OR_FAILED_EXTREME,2026-07-27 15:21:00,1857.2885219292507,False,,,,True,AUCTION_STATE_MEMORY,,,,,,,,,SELL,5,STOCK_CONTEXT_OBJECTIVE_SESSION_PATH|ACCEPTED_RANGE_PRESENT|PRICE_OUTSIDE_ACCEPTED_RANGE|EXHAUSTION_CONTEXT_ACTIVE,SBILIFE
CURRENT_LEG_MATURE|REJECTION_OR_FAILED_EXTREME,2026-07-27 09:39:00,,,,,,2026-07-27 11:42:00,CONFIRMED_EXPIRED_UNFAILED,1.0648740861579797,1018.6,LOCAL_SUPPORT_BREAK_AFTER_EXHAUSTION,2026-07-27 09:51:00,,EXPERIMENT_V2_1:SHRIRAMFIN:1:2026-07-27T09:39:00:UP,UP,2026-07-27 11:39:00,2026-07-27 09:45:00,,1024.5,1.779324055666002,1022.1,True,1.490405244630436,0.008645578211406189,8.836645489878265,5.9290220037231665,1021.0,CURRENT_LEG_MATURE|REJECTION_OR_FAILED_EXTREME,2026-07-27 09:39:00,1013.2633545101218,True,3.609364240267908,0.021009228352640855,21.399999999999977,True,AUCTION_STATE_MEMORY,2.074541128752129,0.012075397604555338,12.300000000000068,0.009326526605144315,0.004123306499116479,0.005792263891615921,0.0037306106420577933,,SELL,1,STOCK_CONTEXT_OBJECTIVE_SESSION_PATH|ACCEPTED_RANGE_PRESENT|PRICE_INSIDE_ACCEPTED_RANGE|EXHAUSTION_CONTEXT_ACTIVE,SHRIRAMFIN
PRIOR_MOVE_EXTENDED,2026-07-27 12:00:00,,,,,,2026-07-27 12:18:00,REVERSAL_FAILED_WITH_ACCEPTANCE,1.071270507328208,1024.5,LOWER_HIGH_AND_LOCAL_SUPPORT_BREAK,2026-07-27 12:09:00,2026-07-27 12:18:00,EXPERIMENT_V2_1:SHRIRAMFIN:2:2026-07-27T12:03:00:UP,UP,2026-07-27 14:03:00,2026-07-27 12:06:00,2026-07-27 12:12:00,1027.4,1.779324055666002,1026.9,True,4.260389232416445,0.011360923603774907,11.666532448716453,2.738372437886227,1025.2,PRIOR_MOVE_EXTENDED,2026-07-27 12:03:00,1015.2334675512836,True,5.6602965270730605,0.015129331381161543,15.5,True,AUCTION_STATE_MEMORY,0.3651804211014878,0.0009760858955588092,1.0,-0.007223035627135277,-0.003416300634455832,-0.004587603709126448,-0.004782820888238254,2026-07-27 12:18:00,SELL,2,STOCK_CONTEXT_OBJECTIVE_SESSION_PATH|ACCEPTED_RANGE_PRESENT|PRICE_OUTSIDE_ACCEPTED_RANGE|EXHAUSTION_CONTEXT_ACTIVE,SHRIRAMFIN
CURRENT_LEG_MATURE|PRIOR_MOVE_EXTENDED|PROGRESS_DECAY,2026-07-27 12:21:00,,,,,,2026-07-27 13:57:00,REVERSAL_FAILED_WITH_ACCEPTANCE,2.2923615704101423,1030.3,LOWER_HIGH_AND_LOCAL_SUPPORT_BREAK,2026-07-27 13:30:00,2026-07-27 13:57:00,EXPERIMENT_V2_1:SHRIRAMFIN:3:2026-07-27T12:30:00:UP,UP,2026-07-27 14:30:00,2026-07-27 13:18:00,2026-07-27 13:54:00,1034.8,1.779324055666002,1030.8,True,5.673318802675647,0.01412955860668215,14.564749011767958,2.567236130798597,1029.9,CURRENT_LEG_MATURE|PRIOR_MOVE_EXTENDED|PROGRESS_DECAY,2026-07-27 12:30:00,1016.235250988232,True,3.778382472742248,0.009414733572745847,9.700000000000045,True,AUCTION_STATE_MEMORY,0.038952396626173134,9.705910899729114e-05,0.09999999999990905,-0.00689119673881407,-0.0033970688149082794,-0.003979423468892688,-0.00485295544986897,2026-07-27 13:57:00,SELL,3,STOCK_CONTEXT_OBJECTIVE_SESSION_PATH|ACCEPTED_RANGE_PRESENT|PRICE_OUTSIDE_ACCEPTED_RANGE|EXHAUSTION_CONTEXT_ACTIVE,SHRIRAMFIN
PRIOR_MOVE_EXTENDED|REJECTION_OR_FAILED_EXTREME,2026-07-27 13:57:00,,,,,,2026-07-27 15:24:00,REVERSAL_FAILED_WITH_ACCEPTANCE,2.256906258971002,1034.9,LOWER_HIGH_AND_LOCAL_SUPPORT_BREAK,2026-07-27 14:36:00,2026-07-27 15:24:00,EXPERIMENT_V2_1:SHRIRAMFIN:4:2026-07-27T14:09:00:UP,UP,2026-07-27 16:09:00,2026-07-27 14:27:00,2026-07-27 15:03:00,1038.8,1.779324055666002,1037.0,True,8.966568522537386,0.015252351627726117,15.816688637951984,1.763962278121991,1036.5,PRIOR_MOVE_EXTENDED|REJECTION_OR_FAILED_EXTREME,2026-07-27 14:09:00,1021.183311362048,True,2.8912182892196783,0.004928012368344679,5.099999999999909,True,AUCTION_STATE_MEMORY,0.2267622187623833,0.0003865107739879128,0.40000000000009095,,-0.0024156923374239053,-0.0019325538699391245,-0.003768480046381161,2026-07-27 15:24:00,SELL,4,STOCK_CONTEXT_OBJECTIVE_SESSION_PATH|ACCEPTED_RANGE_PRESENT|PRICE_OUTSIDE_ACCEPTED_RANGE|EXHAUSTION_CONTEXT_ACTIVE,SHRIRAMFIN
PRIOR_MOVE_EXTENDED|PROGRESS_DECAY,2026-07-27 10:36:00,,,,,,2026-07-27 12:42:00,CONFIRMED_EXPIRED_UNFAILED,2.016135015924952,3702.3,HIGHER_LOW_AND_LOCAL_RESISTANCE_BREAK,2026-07-27 11:39:00,,EXPERIMENT_V2_1:SIEMENS:2:2026-07-27T10:39:00:DOWN,DOWN,2026-07-27 12:39:00,2026-07-27 11:24:00,,3690.0,0.6186681075239792,3695.0,True,2.6666721462347875,0.005909903405788121,21.837093084387107,8.188893079796115,3697.1,PRIOR_MOVE_EXTENDED|PROGRESS_DECAY,2026-07-27 10:39:00,3716.837093084387,False,1.2578012558757976,0.002782054398617125,10.300000000000182,True,AUCTION_STATE_MEMORY,4.481680202974828,0.009912756934878269,36.69999999999982,0.002647003214218115,-0.002268859897901329,-8.103071063938144e-05,0.00016206142127864003,,BUY,2,STOCK_CONTEXT_OBJECTIVE_SESSION_PATH|ACCEPTED_RANGE_PRESENT|PRICE_OUTSIDE_ACCEPTED_RANGE|EXHAUSTION_CONTEXT_ACTIVE,SIEMENS
PRIOR_MOVE_EXTENDED|REJECTION_OR_FAILED_EXTREME,2026-07-27 09:36:00,39.0,2299.0,REVERSAL,2026-07-27 11:03:00,5beb2972-ec4f-5da9-a9dd-d9a018a96e4a,2026-07-27 11:39:00,CONFIRMED_EXPIRED_UNFAILED,1.3540717380436074,2307.9,LOWER_HIGH_AND_LOCAL_SUPPORT_BREAK,2026-07-27 10:24:00,,EXPERIMENT_V2_1:TCS:1:2026-07-27T09:36:00:UP,UP,2026-07-27 11:36:00,2026-07-27 10:15:00,,2315.0,1.3543516873889876,2313.0,True,3.4636377476352442,0.009571340363189778,22.138510260057956,6.391693321616197,2306.0,PRIOR_MOVE_EXTENDED|REJECTION_OR_FAILED_EXTREME,2026-07-27 09:36:00,2290.861489739942,True,0.6571028659644469,0.0018198362147405945,4.199999999999818,True,AUCTION_STATE_MEMORY,2.534539625863019,0.007019368256857001,16.200000000000273,-0.0009532475410545596,0.0008232592400017726,0.000996576974739019,0.0035963429957971238,,SELL,1,STOCK_CONTEXT_OBJECTIVE_SESSION_PATH|ACCEPTED_RANGE_PRESENT|PRICE_OUTSIDE_ACCEPTED_RANGE|EXHAUSTION_CONTEXT_ACTIVE,TCS
CURRENT_LEG_MATURE|PRIOR_MOVE_EXTENDED|REJECTION_OR_FAILED_EXTREME,2026-07-27 09:36:00,,,,,,2026-07-27 11:39:00,CONFIRMED_EXPIRED_UNFAILED,1.1223599041527212,1595.4,LOWER_HIGH_AND_LOCAL_SUPPORT_BREAK,2026-07-27 10:06:00,,EXPERIMENT_V2_1:TECHM:1:2026-07-27T09:36:00:UP,UP,2026-07-27 11:36:00,2026-07-27 10:00:00,,1599.6,1.4267352185090003,1594.8,True,2.075906826089253,0.0060690146535014675,9.67886456940414,4.662475428937195,1594.0,CURRENT_LEG_MATURE|PRIOR_MOVE_EXTENDED|REJECTION_OR_FAILED_EXTREME,2026-07-27 09:36:00,1585.1211354305958,True,0.6648828604565,0.0019430863733232474,3.099999999999909,True,AUCTION_STATE_MEMORY,5.2332715468190765,0.015293970164222195,24.40000000000009,0.003384731101918071,-0.0013789645230035215,0.0006268020559107434,0.002193807195687602,,SELL,1,STOCK_CONTEXT_OBJECTIVE_SESSION_PATH|ACCEPTED_RANGE_PRESENT|PRICE_OUTSIDE_ACCEPTED_RANGE|EXHAUSTION_CONTEXT_ACTIVE,TECHM
CURRENT_LEG_MATURE|REJECTION_OR_FAILED_EXTREME,2026-07-27 13:12:00,,,,,,2026-07-27 13:33:00,UNCONFIRMED_CONTEXT_INACTIVE,,,,,,EXPERIMENT_V2_1:TECHM:2:2026-07-27T13:12:00:DOWN,DOWN,2026-07-27 15:12:00,2026-07-27 13:15:00,,1573.8,1.4267352185090003,1575.6,True,6.942349668539885,0.008974478376734556,14.140188130382967,2.0368014873207807,1576.4,CURRENT_LEG_MATURE|REJECTION_OR_FAILED_EXTREME,2026-07-27 13:12:00,1589.7401881303829,True,,,,True,AUCTION_STATE_MEMORY,,,,,,,,,BUY,2,STOCK_CONTEXT_OBJECTIVE_SESSION_PATH|ACCEPTED_RANGE_PRESENT|PRICE_OUTSIDE_ACCEPTED_RANGE|EXHAUSTION_CONTEXT_ACTIVE,TECHM
CURRENT_LEG_MATURE|PRIOR_MOVE_EXTENDED,2026-07-27 09:48:00,,,,,,2026-07-27 11:54:00,CONFIRMED_EXPIRED_UNFAILED,1.208629198285388,2946.3,LOWER_HIGH_AND_LOCAL_SUPPORT_BREAK,2026-07-27 10:21:00,,EXPERIMENT_V2_1:TRENT:2:2026-07-27T09:51:00:UP,UP,2026-07-27 11:51:00,2026-07-27 10:15:00,,2953.5,1.0315344940980902,2945.0,True,2.2614312960452083,0.0053675215205789125,15.807350878104899,6.989976173827964,2944.0,CURRENT_LEG_MATURE|PRIOR_MOVE_EXTENDED,2026-07-27 09:51:00,2929.192649121895,True,0.6151666176059212,0.001459457624817475,4.299999999999727,True,AUCTION_STATE_MEMORY,2.618034674927717,0.006211180124223664,18.300000000000182,0.0001018226249873339,0.0013576349998302955,0.001255812374843116,0.0001018226249873339,,SELL,2,STOCK_CONTEXT_OBJECTIVE_SESSION_PATH|ACCEPTED_RANGE_PRESENT|PRICE_OUTSIDE_ACCEPTED_RANGE|EXHAUSTION_CONTEXT_ACTIVE,TRENT
PRIOR_MOVE_EXTENDED|PROGRESS_DECAY|REJECTION_OR_FAILED_EXTREME,2026-07-27 11:57:00,75.0,11820.0,REVERSAL,2026-07-27 13:15:00,fed276b6-c9dd-5d13-8136-bd240980142a,2026-07-27 14:00:00,CONFIRMED_EXPIRED_UNFAILED,0.9789664088743055,11789.0,HIGHER_LOW_AND_LOCAL_RESISTANCE_BREAK,2026-07-27 12:00:00,,EXPERIMENT_V2_1:ULTRACEMCO:20:2026-07-27T11:57:00:DOWN,DOWN,2026-07-27 13:57:00,2026-07-27 11:57:00,,11771.0,0.8361486486486486,11771.0,True,3.835860653838119,0.006051585704999584,71.2332153335501,18.570334472988467,11785.0,PRIOR_MOVE_EXTENDED|PROGRESS_DECAY|REJECTION_OR_FAILED_EXTREME,2026-07-27 11:57:00,11842.23321533355,False,0.5923425889824484,0.0009330732038340826,11.0,True,AUCTION_STATE_MEMORY,5.977275216095616,0.009415556875053015,111.0,0.0017813215709559758,0.0011027228772584612,0.001017898040546272,0.001017898040546272,,BUY,20,STOCK_CONTEXT_OBJECTIVE_SESSION_PATH|ACCEPTED_RANGE_PRESENT|PRICE_OUTSIDE_ACCEPTED_RANGE|EXHAUSTION_CONTEXT_ACTIVE,ULTRACEMCO
