boundary_event_key,candidate_id,entry_status_counts,executor_entry_updates,executor_exit_updates,exit_status_counts,index,lifecycle_trade_action,management_posture,monitor_error_count,monitor_updates,opportunity_key,selected_candidate_id,selected_opportunity_key,should_exit_signal,signal_action,signal_auction_action,signal_auction_state,signal_directional_alignment,signal_id,signal_reason,signal_stage,signal_status,snapshot_auction_action,snapshot_auction_state,snapshot_authoritative_event_ids,snapshot_balance_state,snapshot_permission_results,snapshot_time,symbol,trade_count,tradegen_attempted,tradegen_created_count,tradegen_error,tradegen_outcome
,,{},0,0,{},1,,,0,0,,,,,NO_ACTION,,,,,,,,NO_EVENT,NONE,[],NONE,[],2026-07-31T09:15:00+05:30,BHEL,0,False,0,,NO_SIGNAL
,,{},0,0,{},2,,,0,0,,,,,NO_ACTION,,,,,,,,NO_EVENT,NONE,[],NONE,[],2026-07-31T09:15:00+05:30,CHOLAFIN,0,False,0,,NO_SIGNAL
,,{},0,0,{},3,,,0,0,,,,,NO_ACTION,,,,,,,,NO_EVENT,NONE,[],NONE,[],2026-07-31T09:15:00+05:30,COFORGE,0,False,0,,NO_SIGNAL
,,{},0,0,{},4,,,0,0,,,,,NO_ACTION,,,,,,,,NO_EVENT,NONE,[],NONE,[],2026-07-31T09:15:00+05:30,DIVISLAB,0,False,0,,NO_SIGNAL
,,{},0,0,{},5,,,0,0,,,,,NO_ACTION,,,,,,,,NO_EVENT,NONE,[],NONE,[],2026-07-31T09:15:00+05:30,EXIDEIND,0,False,0,,NO_SIGNAL
,,{},0,0,{},6,,,0,0,,,,,NO_ACTION,,,,,,,,NO_EVENT,NONE,[],NONE,[],2026-07-31T09:15:00+05:30,FORCEMOT,0,False,0,,NO_SIGNAL
,,{},0,0,{},7,,,0,0,,,,,NO_ACTION,,,,,,,,NO_EVENT,NONE,[],NONE,[],2026-07-31T09:15:00+05:30,GLENMARK,0,False,0,,NO_SIGNAL
,,{},0,0,{},8,,,0,0,,,,,NO_ACTION,,,,,,,,NO_EVENT,NONE,[],NONE,[],2026-07-31T09:15:00+05:30,INDUSTOWER,0,False,0,,NO_SIGNAL
,,{},0,0,{},9,,,0,0,,,,,NO_ACTION,,,,,,,,NO_EVENT,NONE,[],NONE,[],2026-07-31T09:15:00+05:30,KALYANKJIL,0,False,0,,NO_SIGNAL
,,{},0,0,{},10,,,0,0,,,,,NO_ACTION,,,,,,,,NO_EVENT,NONE,[],NONE,[],2026-07-31T09:15:00+05:30,MANAPPURAM,0,False,0,,NO_SIGNAL
,,{},0,0,{},11,,,0,0,,,,,NO_ACTION,,,,,,,,NO_EVENT,NONE,[],NONE,[],2026-07-31T09:15:00+05:30,PERSISTENT,0,False,0,,NO_SIGNAL
,,{},0,0,{},12,,,0,0,,,,,NO_ACTION,,,,,,,,NO_EVENT,NONE,[],NONE,[],2026-07-31T09:15:00+05:30,POWERINDIA,0,False,0,,NO_SIGNAL
,,{},0,0,{},13,,,0,0,,,,,NO_ACTION,,,,,,,,NO_EVENT,NONE,[],NONE,[],2026-07-31T09:15:00+05:30,TCS,0,False,0,,NO_SIGNAL
,,{},0,0,{},14,,,0,0,,,,,NO_ACTION,,,,,,,,NO_EVENT,NONE,[],NONE,[],2026-07-31T09:15:00+05:30,TORNTPHARM,0,False,0,,NO_SIGNAL
,,{},0,0,{},15,,,0,0,,,,,NO_ACTION,,,,,,,,NO_EVENT,NONE,[],NONE,[],2026-07-31T09:18:00+05:30,BHEL,0,False,0,,NO_SIGNAL
,,{},0,0,{},16,,,0,0,,,,,NO_ACTION,,,,,,,,NO_EVENT,NONE,[],NONE,[],2026-07-31T09:18:00+05:30,CHOLAFIN,0,False,0,,NO_SIGNAL
,,{},0,0,{},17,,,0,0,,,,,NO_ACTION,,,,,,,,NO_EVENT,NONE,[],NONE,[],2026-07-31T09:18:00+05:30,COFORGE,0,False,0,,NO_SIGNAL
,,{},0,0,{},18,,,0,0,,,,,NO_ACTION,,,,,,,,NO_EVENT,NONE,[],NONE,[],2026-07-31T09:18:00+05:30,DIVISLAB,0,False,0,,NO_SIGNAL
,,{},0,0,{},19,,,0,0,,,,,NO_ACTION,,,,,,,,NO_EVENT,NONE,[],NONE,[],2026-07-31T09:18:00+05:30,EXIDEIND,0,False,0,,NO_SIGNAL
,,{},0,0,{},20,,,0,0,,,,,NO_ACTION,,,,,,,,NO_EVENT,NONE,[],NONE,[],2026-07-31T09:18:00+05:30,FORCEMOT,0,False,0,,NO_SIGNAL
,,{},0,0,{},21,,,0,0,,,,,NO_ACTION,,,,,,,,NO_EVENT,NONE,[],NONE,[],2026-07-31T09:18:00+05:30,GLENMARK,0,False,0,,NO_SIGNAL
,,{},0,0,{},22,,,0,0,,,,,NO_ACTION,,,,,,,,NO_EVENT,NONE,[],NONE,[],2026-07-31T09:18:00+05:30,INDUSTOWER,0,False,0,,NO_SIGNAL
,,{},0,0,{},23,,,0,0,,,,,NO_ACTION,,,,,,,,NO_EVENT,NONE,[],NONE,[],2026-07-31T09:18:00+05:30,KALYANKJIL,0,False,0,,NO_SIGNAL
,,{},0,0,{},24,,,0,0,,,,,NO_ACTION,,,,,,,,NO_EVENT,NONE,[],NONE,[],2026-07-31T09:18:00+05:30,MANAPPURAM,0,False,0,,NO_SIGNAL
,,{},0,0,{},25,,,0,0,,,,,NO_ACTION,,,,,,,,NO_EVENT,NONE,[],NONE,[],2026-07-31T09:18:00+05:30,PERSISTENT,0,False,0,,NO_SIGNAL
,,{},0,0,{},26,,,0,0,,,,,NO_ACTION,,,,,,,,NO_EVENT,NONE,[],NONE,[],2026-07-31T09:18:00+05:30,POWERINDIA,0,False,0,,NO_SIGNAL
,,{},0,0,{},27,,,0,0,,,,,NO_ACTION,,,,,,,,NO_EVENT,NONE,[],NONE,[],2026-07-31T09:18:00+05:30,TCS,0,False,0,,NO_SIGNAL
,,{},0,0,{},28,,,0,0,,,,,NO_ACTION,,,,,,,,NO_EVENT,NONE,[],NONE,[],2026-07-31T09:18:00+05:30,TORNTPHARM,0,False,0,,NO_SIGNAL
,,{},0,0,{},29,,,0,0,,,,,NO_ACTION,,,,,,,,NO_EVENT,NONE,[],NONE,[],2026-07-31T09:21:00+05:30,BHEL,0,False,0,,NO_SIGNAL
,,{},0,0,{},30,,,0,0,,,,,NO_ACTION,,,,,,,,NO_EVENT,NONE,[],NONE,[],2026-07-31T09:21:00+05:30,CHOLAFIN,0,False,0,,NO_SIGNAL
,,{},0,0,{},31,,,0,0,,,,,NO_ACTION,,,,,,,,NO_EVENT,NONE,[],NONE,[],2026-07-31T09:21:00+05:30,COFORGE,0,False,0,,NO_SIGNAL
,,{},0,0,{},32,,,0,0,,,,,NO_ACTION,,,,,,,,NO_EVENT,NONE,[],NONE,[],2026-07-31T09:21:00+05:30,DIVISLAB,0,False,0,,NO_SIGNAL
,,{},0,0,{},33,,,0,0,,,,,NO_ACTION,,,,,,,,NO_EVENT,NONE,[],NONE,[],2026-07-31T09:21:00+05:30,EXIDEIND,0,False,0,,NO_SIGNAL
,,{},0,0,{},34,,,0,0,,,,,NO_ACTION,,,,,,,,NO_EVENT,NONE,[],NONE,[],2026-07-31T09:21:00+05:30,FORCEMOT,0,False,0,,NO_SIGNAL
,,{},0,0,{},35,,,0,0,,,,,NO_ACTION,,,,,,,,NO_EVENT,NONE,[],NONE,[],2026-07-31T09:21:00+05:30,GLENMARK,0,False,0,,NO_SIGNAL
,,{},0,0,{},36,,,0,0,,,,,NO_ACTION,,,,,,,,NO_EVENT,NONE,[],NONE,[],2026-07-31T09:21:00+05:30,INDUSTOWER,0,False,0,,NO_SIGNAL
,,{},0,0,{},37,,,0,0,,,,,NO_ACTION,,,,,,,,NO_EVENT,NONE,[],NONE,[],2026-07-31T09:21:00+05:30,KALYANKJIL,0,False,0,,NO_SIGNAL
,,{},0,0,{},38,,,0,0,,,,,NO_ACTION,,,,,,,,NO_EVENT,NONE,[],NONE,[],2026-07-31T09:21:00+05:30,MANAPPURAM,0,False,0,,NO_SIGNAL
,,{},0,0,{},39,,,0,0,,,,,NO_ACTION,,,,,,,,NO_EVENT,NONE,[],NONE,[],2026-07-31T09:21:00+05:30,PERSISTENT,0,False,0,,NO_SIGNAL
,,{},0,0,{},40,,,0,0,,,,,NO_ACTION,,,,,,,,NO_EVENT,NONE,[],NONE,[],2026-07-31T09:21:00+05:30,POWERINDIA,0,False,0,,NO_SIGNAL
,,{},0,0,{},41,,,0,0,,,,,NO_ACTION,,,,,,,,NO_EVENT,NONE,[],NONE,[],2026-07-31T09:21:00+05:30,TCS,0,False,0,,NO_SIGNAL
,,{},0,0,{},42,,,0,0,,,,,NO_ACTION,,,,,,,,NO_EVENT,NONE,[],NONE,[],2026-07-31T09:21:00+05:30,TORNTPHARM,0,False,0,,NO_SIGNAL
,,{},0,0,{},43,,,0,0,,,,,NO_ACTION,,,,,,,,NO_EVENT,NONE,[],NONE,[],2026-07-31T09:24:00+05:30,BHEL,0,False,0,,NO_SIGNAL
,,{},0,0,{},44,,,0,0,,,,,NO_ACTION,,,,,,,,NO_EVENT,NONE,[],NONE,[],2026-07-31T09:24:00+05:30,CHOLAFIN,0,False,0,,NO_SIGNAL
,,{},0,0,{},45,,,0,0,,,,,NO_ACTION,,,,,,,,NO_EVENT,NONE,[],NONE,[],2026-07-31T09:24:00+05:30,COFORGE,0,False,0,,NO_SIGNAL
,,{},0,0,{},46,,,0,0,,,,,NO_ACTION,,,,,,,,NO_EVENT,NONE,[],NONE,[],2026-07-31T09:24:00+05:30,DIVISLAB,0,False,0,,NO_SIGNAL
,,{},0,0,{},47,,,0,0,,,,,NO_ACTION,,,,,,,,NO_EVENT,NONE,[],NONE,[],2026-07-31T09:24:00+05:30,EXIDEIND,0,False,0,,NO_SIGNAL
,,{},0,0,{},48,,,0,0,,,,,NO_ACTION,,,,,,,,NO_EVENT,NONE,[],NONE,[],2026-07-31T09:24:00+05:30,FORCEMOT,0,False,0,,NO_SIGNAL
,,{},0,0,{},49,,,0,0,,,,,NO_ACTION,,,,,,,,NO_EVENT,NONE,[],NONE,[],2026-07-31T09:24:00+05:30,GLENMARK,0,False,0,,NO_SIGNAL
,,{},0,0,{},50,,,0,0,,,,,NO_ACTION,,,,,,,,NO_EVENT,NONE,[],NONE,[],2026-07-31T09:24:00+05:30,INDUSTOWER,0,False,0,,NO_SIGNAL
,,{},0,0,{},51,,,0,0,,,,,NO_ACTION,,,,,,,,NO_EVENT,NONE,[],NONE,[],2026-07-31T09:24:00+05:30,KALYANKJIL,0,False,0,,NO_SIGNAL
,,{},0,0,{},52,,,0,0,,,,,NO_ACTION,,,,,,,,NO_EVENT,NONE,[],NONE,[],2026-07-31T09:24:00+05:30,MANAPPURAM,0,False,0,,NO_SIGNAL
,,{},0,0,{},53,,,0,0,,,,,NO_ACTION,,,,,,,,NO_EVENT,NONE,[],NONE,[],2026-07-31T09:24:00+05:30,PERSISTENT,0,False,0,,NO_SIGNAL
,,{},0,0,{},54,,,0,0,,,,,NO_ACTION,,,,,,,,NO_EVENT,NONE,[],NONE,[],2026-07-31T09:24:00+05:30,POWERINDIA,0,False,0,,NO_SIGNAL
,,{},0,0,{},55,,,0,0,,,,,NO_ACTION,,,,,,,,NO_EVENT,NONE,[],NONE,[],2026-07-31T09:24:00+05:30,TCS,0,False,0,,NO_SIGNAL
,,{},0,0,{},56,,,0,0,,,,,NO_ACTION,,,,,,,,NO_EVENT,NONE,[],NONE,[],2026-07-31T09:24:00+05:30,TORNTPHARM,0,False,0,,NO_SIGNAL
,,{},0,0,{},57,,,0,0,,,,,NO_ACTION,,,,,,,,NO_EVENT,NONE,[],NONE,[],2026-07-31T09:27:00+05:30,BHEL,0,False,0,,NO_SIGNAL
,,{},0,0,{},58,,,0,0,,,,,NO_ACTION,,,,,,,,NO_EVENT,NONE,[],NONE,[],2026-07-31T09:27:00+05:30,CHOLAFIN,0,False,0,,NO_SIGNAL
,,{},0,0,{},59,,,0,0,,,,,NO_ACTION,,,,,,,,NO_EVENT,NONE,[],NONE,[],2026-07-31T09:27:00+05:30,COFORGE,0,False,0,,NO_SIGNAL
,,{},0,0,{},60,,,0,0,,,,,NO_ACTION,,,,,,,,NO_EVENT,NONE,[],NONE,[],2026-07-31T09:27:00+05:30,DIVISLAB,0,False,0,,NO_SIGNAL
,,{},0,0,{},61,,,0,0,,,,,NO_ACTION,,,,,,,,NO_EVENT,NONE,[],NONE,[],2026-07-31T09:27:00+05:30,EXIDEIND,0,False,0,,NO_SIGNAL
,,{},0,0,{},62,,,0,0,,,,,NO_ACTION,,,,,,,,NO_EVENT,NONE,[],NONE,[],2026-07-31T09:27:00+05:30,FORCEMOT,0,False,0,,NO_SIGNAL
,,{},0,0,{},63,,,0,0,,,,,NO_ACTION,,,,,,,,NO_EVENT,NONE,[],NONE,[],2026-07-31T09:27:00+05:30,GLENMARK,0,False,0,,NO_SIGNAL
,,{},0,0,{},64,,,0,0,,,,,NO_ACTION,,,,,,,,NO_EVENT,NONE,[],NONE,[],2026-07-31T09:27:00+05:30,INDUSTOWER,0,False,0,,NO_SIGNAL
,,{},0,0,{},65,,,0,0,,,,,NO_ACTION,,,,,,,,NO_EVENT,NONE,[],NONE,[],2026-07-31T09:27:00+05:30,KALYANKJIL,0,False,0,,NO_SIGNAL
,,{},0,0,{},66,,,0,0,,,,,NO_ACTION,,,,,,,,NO_EVENT,NONE,[],NONE,[],2026-07-31T09:27:00+05:30,MANAPPURAM,0,False,0,,NO_SIGNAL
,,{},0,0,{},67,,,0,0,,,,,NO_ACTION,,,,,,,,NO_EVENT,NONE,[],NONE,[],2026-07-31T09:27:00+05:30,PERSISTENT,0,False,0,,NO_SIGNAL
,,{},0,0,{},68,,,0,0,,,,,NO_ACTION,,,,,,,,NO_EVENT,NONE,[],NONE,[],2026-07-31T09:27:00+05:30,POWERINDIA,0,False,0,,NO_SIGNAL
,,{},0,0,{},69,,,0,0,,,,,NO_ACTION,,,,,,,,NO_EVENT,NONE,[],NONE,[],2026-07-31T09:27:00+05:30,TCS,0,False,0,,NO_SIGNAL
,,{},0,0,{},70,,,0,0,,,,,NO_ACTION,,,,,,,,NO_EVENT,NONE,[],NONE,[],2026-07-31T09:27:00+05:30,TORNTPHARM,0,False,0,,NO_SIGNAL
,,{},0,0,{},71,,,0,0,,,,,NO_ACTION,,,,,,,,DIRECTIONAL_STARTED,DIRECTIONAL,"[""DIR:BHEL:2026-07-31:001:UP:093000:DIRECTIONAL_STARTED:093000""]",NONE,[],2026-07-31T09:30:00+05:30,BHEL,0,False,0,,NO_SIGNAL
,,{},0,0,{},72,,,0,0,,,,,NO_ACTION,,,,,,,,DIRECTIONAL_STARTED,DIRECTIONAL,"[""DIR:CHOLAFIN:2026-07-31:001:UP:093000:DIRECTIONAL_STARTED:093000""]",NONE,[],2026-07-31T09:30:00+05:30,CHOLAFIN,0,False,0,,NO_SIGNAL
,,{},0,0,{},73,,,0,0,,,,,NO_ACTION,,,,,,,,NO_EVENT,NONE,[],NONE,[],2026-07-31T09:30:00+05:30,COFORGE,0,False,0,,NO_SIGNAL
,,{},0,0,{},74,,,0,0,,,,,NO_ACTION,,,,,,,,DIRECTIONAL_STARTED,DIRECTIONAL,"[""DIR:DIVISLAB:2026-07-31:001:UP:093000:DIRECTIONAL_STARTED:093000""]",NONE,[],2026-07-31T09:30:00+05:30,DIVISLAB,0,False,0,,NO_SIGNAL
,,{},0,0,{},75,,,0,0,,,,,NO_ACTION,,,,,,,,NO_EVENT,NONE,[],NONE,[],2026-07-31T09:30:00+05:30,EXIDEIND,0,False,0,,NO_SIGNAL
,,{},0,0,{},76,,,0,0,,,,,NO_ACTION,,,,,,,,NO_EVENT,NONE,[],NONE,[],2026-07-31T09:30:00+05:30,FORCEMOT,0,False,0,,NO_SIGNAL
,,{},0,0,{},77,,,0,0,,,,,NO_ACTION,,,,,,,,NO_EVENT,NONE,[],NONE,[],2026-07-31T09:30:00+05:30,GLENMARK,0,False,0,,NO_SIGNAL
,,{},0,0,{},78,,,0,0,,,,,NO_ACTION,,,,,,,,NO_EVENT,NONE,[],NONE,[],2026-07-31T09:30:00+05:30,INDUSTOWER,0,False,0,,NO_SIGNAL
,,{},0,0,{},79,,,0,0,,,,,NO_ACTION,,,,,,,,NO_EVENT,NONE,[],NONE,[],2026-07-31T09:30:00+05:30,KALYANKJIL,0,False,0,,NO_SIGNAL
,,{},0,0,{},80,,,0,0,,,,,NO_ACTION,,,,,,,,NO_EVENT,NONE,[],NONE,[],2026-07-31T09:30:00+05:30,MANAPPURAM,0,False,0,,NO_SIGNAL
,,{},0,0,{},81,,,0,0,,,,,NO_ACTION,,,,,,,,DIRECTIONAL_STARTED,DIRECTIONAL,"[""DIR:PERSISTENT:2026-07-31:001:DOWN:093000:DIRECTIONAL_STARTED:093000""]",NONE,[],2026-07-31T09:30:00+05:30,PERSISTENT,0,False,0,,NO_SIGNAL
,,{},0,0,{},82,,,0,0,,,,,NO_ACTION,,,,,,,,DIRECTIONAL_STARTED,DIRECTIONAL,"[""DIR:POWERINDIA:2026-07-31:001:UP:093000:DIRECTIONAL_STARTED:093000""]",NONE,[],2026-07-31T09:30:00+05:30,POWERINDIA,0,False,0,,NO_SIGNAL
,,{},0,0,{},83,,,0,0,,,,,NO_ACTION,,,,,,,,DIRECTIONAL_STARTED,DIRECTIONAL,"[""DIR:TCS:2026-07-31:001:DOWN:093000:DIRECTIONAL_STARTED:093000""]",NONE,[],2026-07-31T09:30:00+05:30,TCS,0,False,0,,NO_SIGNAL
,,{},0,0,{},84,,,0,0,,,,,NO_ACTION,,,,,,,,NO_EVENT,NONE,[],NONE,[],2026-07-31T09:30:00+05:30,TORNTPHARM,0,False,0,,NO_SIGNAL
,,{},0,0,{},85,,,0,0,,,,,NO_ACTION,,,,,,,,NO_EVENT,DIRECTIONAL,[],NONE,[],2026-07-31T09:33:00+05:30,BHEL,0,False,0,,NO_SIGNAL
,,{},0,0,{},86,,,0,0,,,,,NO_ACTION,,,,,,,,NO_EVENT,DIRECTIONAL,[],NONE,[],2026-07-31T09:33:00+05:30,CHOLAFIN,0,False,0,,NO_SIGNAL
,,{},0,0,{},87,,,0,0,,,,,NO_ACTION,,,,,,,,NO_EVENT,NONE,[],NONE,[],2026-07-31T09:33:00+05:30,COFORGE,0,False,0,,NO_SIGNAL
,,{},0,0,{},88,,,0,0,,,,,NO_ACTION,,,,,,,,NO_EVENT,DIRECTIONAL,[],NONE,[],2026-07-31T09:33:00+05:30,DIVISLAB,0,False,0,,NO_SIGNAL
,,{},0,0,{},89,,,0,0,,,,,NO_ACTION,,,,,,,,DIRECTIONAL_STARTED,DIRECTIONAL,"[""DIR:EXIDEIND:2026-07-31:001:UP:093300:DIRECTIONAL_STARTED:093300""]",NONE,[],2026-07-31T09:33:00+05:30,EXIDEIND,0,False,0,,NO_SIGNAL
,,{},0,0,{},90,,,0,0,,,,,NO_ACTION,,,,,,,,NO_EVENT,NONE,[],NONE,[],2026-07-31T09:33:00+05:30,FORCEMOT,0,False,0,,NO_SIGNAL
,,{},0,0,{},91,,,0,0,,,,,NO_ACTION,,,,,,,,NO_EVENT,NONE,[],NONE,[],2026-07-31T09:33:00+05:30,GLENMARK,0,False,0,,NO_SIGNAL
,,{},0,0,{},92,,,0,0,,,,,NO_ACTION,,,,,,,,NO_EVENT,NONE,[],NONE,[],2026-07-31T09:33:00+05:30,INDUSTOWER,0,False,0,,NO_SIGNAL
,,{},0,0,{},93,,,0,0,,,,,NO_ACTION,,,,,,,,NO_EVENT,NONE,[],NONE,[],2026-07-31T09:33:00+05:30,KALYANKJIL,0,False,0,,NO_SIGNAL
,,{},0,0,{},94,,,0,0,,,,,NO_ACTION,,,,,,,,DIRECTIONAL_STARTED,DIRECTIONAL,"[""DIR:MANAPPURAM:2026-07-31:001:UP:093300:DIRECTIONAL_STARTED:093300""]",NONE,[],2026-07-31T09:33:00+05:30,MANAPPURAM,0,False,0,,NO_SIGNAL
,,{},0,0,{},95,,,0,0,,,,,NO_ACTION,,,,,,,,NO_EVENT,DIRECTIONAL,[],NONE,[],2026-07-31T09:33:00+05:30,PERSISTENT,0,False,0,,NO_SIGNAL
,,{},0,0,{},96,,,0,0,,,,,NO_ACTION,,,,,,,,NO_EVENT,DIRECTIONAL,[],NONE,[],2026-07-31T09:33:00+05:30,POWERINDIA,0,False,0,,NO_SIGNAL
,,{},0,0,{},97,,,0,0,,,,,NO_ACTION,,,,,,,,NO_EVENT,DIRECTIONAL,[],NONE,[],2026-07-31T09:33:00+05:30,TCS,0,False,0,,NO_SIGNAL
,,{},0,0,{},98,,,0,0,,,,,NO_ACTION,,,,,,,,DIRECTIONAL_STARTED,DIRECTIONAL,"[""DIR:TORNTPHARM:2026-07-31:001:DOWN:093300:DIRECTIONAL_STARTED:093300""]",NONE,[],2026-07-31T09:33:00+05:30,TORNTPHARM,0,False,0,,NO_SIGNAL
,,{},0,0,{},99,,,0,0,,,,,NO_ACTION,,,,,,,,NO_EVENT,DIRECTIONAL,[],NONE,[],2026-07-31T09:36:00+05:30,BHEL,0,False,0,,NO_SIGNAL
,,{},0,0,{},100,,,0,0,,,,,NO_ACTION,,,,,,,,NO_EVENT,DIRECTIONAL,[],NONE,[],2026-07-31T09:36:00+05:30,CHOLAFIN,0,False,0,,NO_SIGNAL
,,{},0,0,{},101,,,0,0,,,,,NO_ACTION,,,,,,,,NO_EVENT,NONE,[],NONE,[],2026-07-31T09:36:00+05:30,COFORGE,0,False,0,,NO_SIGNAL
,,{},0,0,{},102,,,0,0,,,,,NO_ACTION,,,,,,,,NO_EVENT,DIRECTIONAL,[],NONE,[],2026-07-31T09:36:00+05:30,DIVISLAB,0,False,0,,NO_SIGNAL
,,{},0,0,{},103,,,0,0,,,,,NO_ACTION,,,,,,,,NO_EVENT,DIRECTIONAL,[],NONE,[],2026-07-31T09:36:00+05:30,EXIDEIND,0,False,0,,NO_SIGNAL
,,{},0,0,{},104,,,0,0,,,,,NO_ACTION,,,,,,,,NO_EVENT,NONE,[],NONE,[],2026-07-31T09:36:00+05:30,FORCEMOT,0,False,0,,NO_SIGNAL
,,{},0,0,{},105,,,0,0,,,,,NO_ACTION,,,,,,,,NO_EVENT,NONE,[],NONE,[],2026-07-31T09:36:00+05:30,GLENMARK,0,False,0,,NO_SIGNAL
,,{},0,0,{},106,,,0,0,,,,,NO_ACTION,,,,,,,,NO_EVENT,NONE,[],NONE,[],2026-07-31T09:36:00+05:30,INDUSTOWER,0,False,0,,NO_SIGNAL
,,{},0,0,{},107,,,0,0,,,,,NO_ACTION,,,,,,,,NO_EVENT,NONE,[],NONE,[],2026-07-31T09:36:00+05:30,KALYANKJIL,0,False,0,,NO_SIGNAL
,,{},0,0,{},108,,,0,0,,,,,NO_ACTION,,,,,,,,NO_EVENT,DIRECTIONAL,[],NONE,[],2026-07-31T09:36:00+05:30,MANAPPURAM,0,False,0,,NO_SIGNAL
,,{},0,0,{},109,,,0,0,,,,,NO_ACTION,,,,,,,,DIRECTIONAL_MATURED,MATURE,"[""DIR:PERSISTENT:2026-07-31:001:DOWN:093000:DIRECTIONAL_MATURED:093600""]",NONE,[],2026-07-31T09:36:00+05:30,PERSISTENT,0,False,0,,NO_SIGNAL
,,{},0,0,{},110,,,0,0,,,,,NO_ACTION,,,,,,,,DIRECTIONAL_MATURED,MATURE,"[""DIR:POWERINDIA:2026-07-31:001:UP:093000:DIRECTIONAL_MATURED:093600""]",NONE,[],2026-07-31T09:36:00+05:30,POWERINDIA,0,False,0,,NO_SIGNAL
,,{},0,0,{},111,,,0,0,,,,,NO_ACTION,,,,,,,,DIRECTIONAL_MATURED,MATURE,"[""DIR:TCS:2026-07-31:001:DOWN:093000:DIRECTIONAL_MATURED:093600""]",NONE,[],2026-07-31T09:36:00+05:30,TCS,0,False,0,,NO_SIGNAL
,,{},0,0,{},112,,,0,0,,,,,NO_ACTION,,,,,,,,NO_EVENT,DIRECTIONAL,[],NONE,[],2026-07-31T09:36:00+05:30,TORNTPHARM,0,False,0,,NO_SIGNAL
,,{},0,0,{},113,,,0,0,,,,,NO_ACTION,,,,,,,,NO_EVENT,DIRECTIONAL,[],NONE,[],2026-07-31T09:39:00+05:30,BHEL,0,False,0,,NO_SIGNAL
,,{},0,0,{},114,,,0,0,,,,,NO_ACTION,,,,,,,,NO_EVENT,DIRECTIONAL,[],NONE,[],2026-07-31T09:39:00+05:30,CHOLAFIN,0,False,0,,NO_SIGNAL
,,{},0,0,{},115,,,0,0,,,,,NO_ACTION,,,,,,,,DIRECTIONAL_STARTED,DIRECTIONAL,"[""DIR:COFORGE:2026-07-31:001:UP:093900:DIRECTIONAL_STARTED:093900""]",NONE,[],2026-07-31T09:39:00+05:30,COFORGE,0,False,0,,NO_SIGNAL
,,{},0,0,{},116,,,0,0,,,,,NO_ACTION,,,,,,,,NO_EVENT,DIRECTIONAL,[],NONE,[],2026-07-31T09:39:00+05:30,DIVISLAB,0,False,0,,NO_SIGNAL
,,{},0,0,{},117,,,0,0,,,,,NO_ACTION,,,,,,,,NO_EVENT,DIRECTIONAL,[],NONE,[],2026-07-31T09:39:00+05:30,EXIDEIND,0,False,0,,NO_SIGNAL
,,{},0,0,{},118,,,0,0,,,,,NO_ACTION,,,,,,,,NO_EVENT,NONE,[],NONE,[],2026-07-31T09:39:00+05:30,FORCEMOT,0,False,0,,NO_SIGNAL
,,{},0,0,{},119,,,0,0,,,,,NO_ACTION,,,,,,,,NO_EVENT,NONE,[],NONE,[],2026-07-31T09:39:00+05:30,GLENMARK,0,False,0,,NO_SIGNAL
,,{},0,0,{},120,,,0,0,,,,,NO_ACTION,,,,,,,,NO_EVENT,NONE,[],NONE,[],2026-07-31T09:39:00+05:30,INDUSTOWER,0,False,0,,NO_SIGNAL
,,{},0,0,{},121,,,0,0,,,,,NO_ACTION,,,,,,,,NO_EVENT,NONE,[],NONE,[],2026-07-31T09:39:00+05:30,KALYANKJIL,0,False,0,,NO_SIGNAL
,,{},0,0,{},122,,,0,0,,,,,NO_ACTION,,,,,,,,DIRECTIONAL_MATURED,MATURE,"[""DIR:MANAPPURAM:2026-07-31:001:UP:093300:DIRECTIONAL_MATURED:093900""]",NONE,[],2026-07-31T09:39:00+05:30,MANAPPURAM,0,False,0,,NO_SIGNAL
,,{},0,0,{},123,,,0,0,,,,,NO_ACTION,,,,,,,,REVERSAL_WATCH_STARTED,REVERSAL_WATCH,"[""DIR:PERSISTENT:2026-07-31:001:DOWN:093000:REVERSAL_WATCH_STARTED:093900""]",NONE,[],2026-07-31T09:39:00+05:30,PERSISTENT,0,False,0,,NO_SIGNAL
,,{},0,0,{},124,,,0,0,,,,,NO_ACTION,,,,,,,,REVERSAL_WATCH_STARTED,REVERSAL_WATCH,"[""DIR:POWERINDIA:2026-07-31:001:UP:093000:REVERSAL_WATCH_STARTED:093900""]",NONE,[],2026-07-31T09:39:00+05:30,POWERINDIA,0,False,0,,NO_SIGNAL
,,{},0,0,{},125,,,0,0,,,,,NO_ACTION,,,,,,,,REVERSAL_WATCH_STARTED,REVERSAL_WATCH,"[""DIR:TCS:2026-07-31:001:DOWN:093000:REVERSAL_WATCH_STARTED:093900""]",NONE,[],2026-07-31T09:39:00+05:30,TCS,0,False,0,,NO_SIGNAL
,,{},0,0,{},126,,,0,0,,,,,NO_ACTION,,,,,,,,NO_EVENT,DIRECTIONAL,[],NONE,[],2026-07-31T09:39:00+05:30,TORNTPHARM,0,False,0,,NO_SIGNAL
,,{},0,0,{},127,,,0,0,,,,,NO_ACTION,,,,,,,,NO_EVENT,DIRECTIONAL,[],NONE,[],2026-07-31T09:42:00+05:30,BHEL,0,False,0,,NO_SIGNAL
,,{},0,0,{},128,,,0,0,,,,,NO_ACTION,,,,,,,,NO_EVENT,DIRECTIONAL,[],NONE,[],2026-07-31T09:42:00+05:30,CHOLAFIN,0,False,0,,NO_SIGNAL
,,{},0,0,{},129,,,0,0,,,,,NO_ACTION,,,,,,,,NO_EVENT,DIRECTIONAL,[],NONE,[],2026-07-31T09:42:00+05:30,COFORGE,0,False,0,,NO_SIGNAL
,,{},0,0,{},130,,,0,0,,,,,NO_ACTION,,,,,,,,BALANCE_FORMING_STARTED,DIRECTIONAL,"[""BAL:DIVISLAB:2026-07-31:001:NEUTRAL:094200:BALANCE_FORMING_STARTED:094200""]",FORMING,[],2026-07-31T09:42:00+05:30,DIVISLAB,0,False,0,,NO_SIGNAL
,,{},0,0,{},131,,,0,0,,,,,NO_ACTION,,,,,,,,NO_EVENT,DIRECTIONAL,[],NONE,[],2026-07-31T09:42:00+05:30,EXIDEIND,0,False,0,,NO_SIGNAL
,,{},0,0,{},132,,,0,0,,,,,NO_ACTION,,,,,,,,NO_EVENT,NONE,[],NONE,[],2026-07-31T09:42:00+05:30,FORCEMOT,0,False,0,,NO_SIGNAL
,,{},0,0,{},133,,,0,0,,,,,NO_ACTION,,,,,,,,NO_EVENT,NONE,[],NONE,[],2026-07-31T09:42:00+05:30,GLENMARK,0,False,0,,NO_SIGNAL
,,{},0,0,{},134,,,0,0,,,,,NO_ACTION,,,,,,,,NO_EVENT,NONE,[],NONE,[],2026-07-31T09:42:00+05:30,INDUSTOWER,0,False,0,,NO_SIGNAL
,,{},0,0,{},135,,,0,0,,,,,NO_ACTION,,,,,,,,BALANCE_FORMING_STARTED,NONE,"[""BAL:KALYANKJIL:2026-07-31:001:NEUTRAL:094200:BALANCE_FORMING_STARTED:094200""]",FORMING,[],2026-07-31T09:42:00+05:30,KALYANKJIL,0,False,0,,NO_SIGNAL
,,{},0,0,{},136,,,0,0,,,,,NO_ACTION,,,,,,,,REVERSAL_WATCH_STARTED,REVERSAL_WATCH,"[""DIR:MANAPPURAM:2026-07-31:001:UP:093300:REVERSAL_WATCH_STARTED:094200""]",NONE,[],2026-07-31T09:42:00+05:30,MANAPPURAM,0,False,0,,NO_SIGNAL
,,{},0,0,{},137,,,0,0,,,,,NO_ACTION,,,,,,,,"DIRECTIONAL_REVERSAL_CONFIRMED,DIRECTIONAL_COMPLETED,DIRECTIONAL_REVERSAL_LEG_STARTED",REVERSAL_LEG,"[""DIR:PERSISTENT:2026-07-31:001:DOWN:093000:DIRECTIONAL_REVERSAL_CONFIRMED:094200"", ""DIR:PERSISTENT:2026-07-31:001:DOWN:093000:DIRECTIONAL_COMPLETED:094200"", ""DIR:PERSISTENT:2026-07-31:002:UP:094200:DIRECTIONAL_REVERSAL_LEG_STARTED:094200""]",NONE,"[""REVERSAL:WAIT""]",2026-07-31T09:42:00+05:30,PERSISTENT,0,False,0,,NO_SIGNAL
,,{},0,0,{},138,,,0,0,,,,,NO_ACTION,,,,,,,,NO_EVENT,REVERSAL_WATCH,[],NONE,[],2026-07-31T09:42:00+05:30,POWERINDIA,0,False,0,,NO_SIGNAL
,,{},0,0,{},139,,,0,0,,,,,NO_ACTION,,,,,,,,"DIRECTIONAL_REVERSAL_CONFIRMED,DIRECTIONAL_COMPLETED,DIRECTIONAL_REVERSAL_LEG_STARTED",REVERSAL_LEG,"[""DIR:TCS:2026-07-31:001:DOWN:093000:DIRECTIONAL_REVERSAL_CONFIRMED:094200"", ""DIR:TCS:2026-07-31:001:DOWN:093000:DIRECTIONAL_COMPLETED:094200"", ""DIR:TCS:2026-07-31:002:UP:094200:DIRECTIONAL_REVERSAL_LEG_STARTED:094200""]",NONE,"[""REVERSAL:WAIT""]",2026-07-31T09:42:00+05:30,TCS,0,False,0,,NO_SIGNAL
,,{},0,0,{},140,,,0,0,,,,,NO_ACTION,,,,,,,,NO_EVENT,DIRECTIONAL,[],NONE,[],2026-07-31T09:42:00+05:30,TORNTPHARM,0,False,0,,NO_SIGNAL
,,{},0,0,{},141,,,0,0,,,,,NO_ACTION,,,,,,,,NO_EVENT,DIRECTIONAL,[],NONE,[],2026-07-31T09:45:00+05:30,BHEL,0,False,0,,NO_SIGNAL
,,{},0,0,{},142,,,0,0,,,,,NO_ACTION,,,,,,,,NO_EVENT,DIRECTIONAL,[],NONE,[],2026-07-31T09:45:00+05:30,CHOLAFIN,0,False,0,,NO_SIGNAL
,,{},0,0,{},143,,,0,0,,,,,NO_ACTION,,,,,,,,NO_EVENT,DIRECTIONAL,[],NONE,[],2026-07-31T09:45:00+05:30,COFORGE,0,False,0,,NO_SIGNAL
,,{},0,0,{},144,,,0,0,,,,,NO_ACTION,,,,,,,,NO_EVENT,DIRECTIONAL,[],FORMING,[],2026-07-31T09:45:00+05:30,DIVISLAB,0,False,0,,NO_SIGNAL
,,{},0,0,{},145,,,0,0,,,,,NO_ACTION,,,,,,,,NO_EVENT,DIRECTIONAL,[],NONE,[],2026-07-31T09:45:00+05:30,EXIDEIND,0,False,0,,NO_SIGNAL
,,{},0,0,{},146,,,0,0,,,,,NO_ACTION,,,,,,,,NO_EVENT,NONE,[],NONE,[],2026-07-31T09:45:00+05:30,FORCEMOT,0,False,0,,NO_SIGNAL
,,{},0,0,{},147,,,0,0,,,,,NO_ACTION,,,,,,,,NO_EVENT,NONE,[],NONE,[],2026-07-31T09:45:00+05:30,GLENMARK,0,False,0,,NO_SIGNAL
,,{},0,0,{},148,,,0,0,,,,,NO_ACTION,,,,,,,,NO_EVENT,NONE,[],NONE,[],2026-07-31T09:45:00+05:30,INDUSTOWER,0,False,0,,NO_SIGNAL
,,{},0,0,{},149,,,0,0,,,,,NO_ACTION,,,,,,,,NO_EVENT,NONE,[],FORMING,[],2026-07-31T09:45:00+05:30,KALYANKJIL,0,False,0,,NO_SIGNAL
,,{},0,0,{},150,,,0,0,,,,,NO_ACTION,,,,,,,,NO_EVENT,REVERSAL_WATCH,[],NONE,[],2026-07-31T09:45:00+05:30,MANAPPURAM,0,False,0,,NO_SIGNAL
,,{},0,0,{},151,,,0,0,,,,,NO_ACTION,,,,,,,,NO_EVENT,REVERSAL_LEG,[],NONE,[],2026-07-31T09:45:00+05:30,PERSISTENT,0,False,0,,NO_SIGNAL
,,{},0,0,{},152,,,0,0,,,,,NO_ACTION,,,,,,,,NO_EVENT,REVERSAL_WATCH,[],NONE,[],2026-07-31T09:45:00+05:30,POWERINDIA,0,False,0,,NO_SIGNAL
,,{},0,0,{},153,,,0,0,,,,,NO_ACTION,,,,,,,,NO_EVENT,REVERSAL_LEG,[],NONE,[],2026-07-31T09:45:00+05:30,TCS,0,False,0,,NO_SIGNAL
,,{},0,0,{},154,,,0,0,,,,,NO_ACTION,,,,,,,,NO_EVENT,DIRECTIONAL,[],NONE,[],2026-07-31T09:45:00+05:30,TORNTPHARM,0,False,0,,NO_SIGNAL
,,{},0,0,{},155,,,0,0,,,,,NO_ACTION,,,,,,,,DIRECTIONAL_MATURED,MATURE,"[""DIR:BHEL:2026-07-31:001:UP:093000:DIRECTIONAL_MATURED:094800""]",NONE,[],2026-07-31T09:48:00+05:30,BHEL,0,False,0,,NO_SIGNAL
,,{},0,0,{},156,,,0,0,,,,,NO_ACTION,,,,,,,,NO_EVENT,DIRECTIONAL,[],NONE,[],2026-07-31T09:48:00+05:30,CHOLAFIN,0,False,0,,NO_SIGNAL
,,{},0,0,{},157,,,0,0,,,,,NO_ACTION,,,,,,,,NO_EVENT,DIRECTIONAL,[],NONE,[],2026-07-31T09:48:00+05:30,COFORGE,0,False,0,,NO_SIGNAL
,,{},0,0,{},158,,,0,0,,,,,NO_ACTION,,,,,,,,NO_EVENT,DIRECTIONAL,[],FORMING,[],2026-07-31T09:48:00+05:30,DIVISLAB,0,False,0,,NO_SIGNAL
,,{},0,0,{},159,,,0,0,,,,,NO_ACTION,,,,,,,,DIRECTIONAL_MATURED,MATURE,"[""DIR:EXIDEIND:2026-07-31:001:UP:093300:DIRECTIONAL_MATURED:094800""]",NONE,[],2026-07-31T09:48:00+05:30,EXIDEIND,0,False,0,,NO_SIGNAL
,,{},0,0,{},160,,,0,0,,,,,NO_ACTION,,,,,,,,NO_EVENT,NONE,[],NONE,[],2026-07-31T09:48:00+05:30,FORCEMOT,0,False,0,,NO_SIGNAL
,,{},0,0,{},161,,,0,0,,,,,NO_ACTION,,,,,,,,NO_EVENT,NONE,[],NONE,[],2026-07-31T09:48:00+05:30,GLENMARK,0,False,0,,NO_SIGNAL
,,{},0,0,{},162,,,0,0,,,,,NO_ACTION,,,,,,,,DIRECTIONAL_STARTED,DIRECTIONAL,"[""DIR:INDUSTOWER:2026-07-31:001:DOWN:094800:DIRECTIONAL_STARTED:094800""]",NONE,[],2026-07-31T09:48:00+05:30,INDUSTOWER,0,False,0,,NO_SIGNAL
,,{},0,0,{},163,,,0,0,,,,,NO_ACTION,,,,,,,,DIRECTIONAL_STARTED,DIRECTIONAL,"[""DIR:KALYANKJIL:2026-07-31:001:DOWN:094800:DIRECTIONAL_STARTED:094800""]",FORMING,[],2026-07-31T09:48:00+05:30,KALYANKJIL,0,False,0,,NO_SIGNAL
,,{},0,0,{},164,,,0,0,,,,,NO_ACTION,,,,,,,,"DIRECTIONAL_REVERSAL_CONFIRMED,DIRECTIONAL_COMPLETED,DIRECTIONAL_REVERSAL_LEG_STARTED",REVERSAL_LEG,"[""DIR:MANAPPURAM:2026-07-31:001:UP:093300:DIRECTIONAL_REVERSAL_CONFIRMED:094800"", ""DIR:MANAPPURAM:2026-07-31:001:UP:093300:DIRECTIONAL_COMPLETED:094800"", ""DIR:MANAPPURAM:2026-07-31:002:DOWN:094800:DIRECTIONAL_REVERSAL_LEG_STARTED:094800""]",NONE,"[""REVERSAL:WAIT""]",2026-07-31T09:48:00+05:30,MANAPPURAM,0,False,0,,NO_SIGNAL
,,{},0,0,{},165,,,0,0,,,,,NO_ACTION,,,,,,,,"DIRECTIONAL_REVERSAL_LEG_FAILED,DIRECTIONAL_COMPLETED",COMPLETED,"[""DIR:PERSISTENT:2026-07-31:002:UP:094200:DIRECTIONAL_REVERSAL_LEG_FAILED:094800"", ""DIR:PERSISTENT:2026-07-31:002:UP:094200:DIRECTIONAL_COMPLETED:094800""]",NONE,[],2026-07-31T09:48:00+05:30,PERSISTENT,0,False,0,,NO_SIGNAL
,,{},0,0,{},166,,,0,0,,,,,NO_ACTION,,,,,,,,NO_EVENT,REVERSAL_WATCH,[],NONE,[],2026-07-31T09:48:00+05:30,POWERINDIA,0,False,0,,NO_SIGNAL
,,{},0,0,{},167,,,0,0,,,,,NO_ACTION,,,,,,,,NO_EVENT,REVERSAL_LEG,[],NONE,[],2026-07-31T09:48:00+05:30,TCS,0,False,0,,NO_SIGNAL
,,{},0,0,{},168,,,0,0,,,,,NO_ACTION,,,,,,,,NO_EVENT,DIRECTIONAL,[],NONE,[],2026-07-31T09:48:00+05:30,TORNTPHARM,0,False,0,,NO_SIGNAL
,,{},0,0,{},169,,,0,0,,,,,NO_ACTION,,,,,,,,REVERSAL_WATCH_STARTED,REVERSAL_WATCH,"[""DIR:BHEL:2026-07-31:001:UP:093000:REVERSAL_WATCH_STARTED:095100""]",NONE,[],2026-07-31T09:51:00+05:30,BHEL,0,False,0,,NO_SIGNAL
,,{},0,0,{},170,,,0,0,,,,,NO_ACTION,,,,,,,,DIRECTIONAL_REACCELERATION_CONFIRMED,DIRECTIONAL,"[""DIR:CHOLAFIN:2026-07-31:001:UP:093000:DIRECTIONAL_REACCELERATION_CONFIRMED:095100""]",NONE,"[""REACCELERATION:PERMIT""]",2026-07-31T09:51:00+05:30,CHOLAFIN,0,False,0,,NO_SIGNAL
,,{},0,0,{},171,,,0,0,,,,,NO_ACTION,,,,,,,,DIRECTIONAL_MATURED,MATURE,"[""DIR:COFORGE:2026-07-31:001:UP:093900:DIRECTIONAL_MATURED:095100""]",NONE,[],2026-07-31T09:51:00+05:30,COFORGE,0,False,0,,NO_SIGNAL
,,{},0,0,{},172,,,0,0,,,,,NO_ACTION,,,,,,,,NO_EVENT,DIRECTIONAL,[],FORMING,[],2026-07-31T09:51:00+05:30,DIVISLAB,0,False,0,,NO_SIGNAL
,,{},0,0,{},173,,,0,0,,,,,NO_ACTION,,,,,,,,DIRECTIONAL_COMPLETED,COMPLETED,"[""DIR:EXIDEIND:2026-07-31:001:UP:093300:DIRECTIONAL_COMPLETED:095100""]",NONE,[],2026-07-31T09:51:00+05:30,EXIDEIND,0,False,0,,NO_SIGNAL
,,{},0,0,{},174,,,0,0,,,,,NO_ACTION,,,,,,,,NO_EVENT,NONE,[],NONE,[],2026-07-31T09:51:00+05:30,FORCEMOT,0,False,0,,NO_SIGNAL
,,{},0,0,{},175,,,0,0,,,,,NO_ACTION,,,,,,,,NO_EVENT,NONE,[],NONE,[],2026-07-31T09:51:00+05:30,GLENMARK,0,False,0,,NO_SIGNAL
,,{},0,0,{},176,,,0,0,,,,,NO_ACTION,,,,,,,,DIRECTIONAL_MATURED,MATURE,"[""DIR:INDUSTOWER:2026-07-31:001:DOWN:094800:DIRECTIONAL_MATURED:095100""]",NONE,[],2026-07-31T09:51:00+05:30,INDUSTOWER,0,False,0,,NO_SIGNAL
,,{},0,0,{},177,,,0,0,,,,,NO_ACTION,,,,,,,,NO_EVENT,DIRECTIONAL,[],FORMING,[],2026-07-31T09:51:00+05:30,KALYANKJIL,0,False,0,,NO_SIGNAL
,,{},0,0,{},178,,,0,0,,,,,NO_ACTION,,,,,,,,NO_EVENT,REVERSAL_LEG,[],NONE,[],2026-07-31T09:51:00+05:30,MANAPPURAM,0,False,0,,NO_SIGNAL
,,{},0,0,{},179,,,0,0,,,,,NO_ACTION,,,,,,,,NO_EVENT,NONE,[],NONE,[],2026-07-31T09:51:00+05:30,PERSISTENT,0,False,0,,NO_SIGNAL
,,{},0,0,{},180,,,0,0,,,,,NO_ACTION,,,,,,,,"BALANCE_FORMING_STARTED,DIRECTIONAL_REVERSAL_CONFIRMED,DIRECTIONAL_COMPLETED,DIRECTIONAL_REVERSAL_LEG_STARTED",REVERSAL_LEG,"[""BAL:POWERINDIA:2026-07-31:001:NEUTRAL:095100:BALANCE_FORMING_STARTED:095100"", ""DIR:POWERINDIA:2026-07-31:001:UP:093000:DIRECTIONAL_REVERSAL_CONFIRMED:095100"", ""DIR:POWERINDIA:2026-07-31:001:UP:093000:DIRECTIONAL_COMPLETED:095100"", ""DIR:POWERINDIA:2026-07-31:002:DOWN:095100:DIRECTIONAL_REVERSAL_LEG_STARTED:095100""]",FORMING,"[""REVERSAL:WAIT""]",2026-07-31T09:51:00+05:30,POWERINDIA,0,False,0,,NO_SIGNAL
,,{},0,0,{},181,,,0,0,,,,,NO_ACTION,,,,,,,,NO_EVENT,REVERSAL_LEG,[],NONE,[],2026-07-31T09:51:00+05:30,TCS,0,False,0,,NO_SIGNAL
,,{},0,0,{},182,,,0,0,,,,,NO_ACTION,,,,,,,,BALANCE_FORMING_STARTED,DIRECTIONAL,"[""BAL:TORNTPHARM:2026-07-31:001:NEUTRAL:095100:BALANCE_FORMING_STARTED:095100""]",FORMING,[],2026-07-31T09:51:00+05:30,TORNTPHARM,0,False,0,,NO_SIGNAL
,,{},0,0,{},183,,,0,0,,,,,NO_ACTION,,,,,,,,NO_EVENT,REVERSAL_WATCH,[],NONE,[],2026-07-31T09:54:00+05:30,BHEL,0,False,0,,NO_SIGNAL
,,{},0,0,{},184,,,0,0,,,,,NO_ACTION,,,,,,,,NO_EVENT,DIRECTIONAL,[],NONE,[],2026-07-31T09:54:00+05:30,CHOLAFIN,0,False,0,,NO_SIGNAL
,,{},0,0,{},185,,,0,0,,,,,NO_ACTION,,,,,,,,REVERSAL_WATCH_STARTED,REVERSAL_WATCH,"[""DIR:COFORGE:2026-07-31:001:UP:093900:REVERSAL_WATCH_STARTED:095400""]",NONE,[],2026-07-31T09:54:00+05:30,COFORGE,0,False,0,,NO_SIGNAL
,,{},0,0,{},186,,,0,0,,,,,NO_ACTION,,,,,,,,BALANCE_PROBABLE,DIRECTIONAL,"[""BAL:DIVISLAB:2026-07-31:001:NEUTRAL:094200:BALANCE_PROBABLE:095400""]",PROBABLE,[],2026-07-31T09:54:00+05:30,DIVISLAB,0,False,0,,NO_SIGNAL
,,{},0,0,{},187,,,0,0,,,,,NO_ACTION,,,,,,,,NO_EVENT,NONE,[],NONE,[],2026-07-31T09:54:00+05:30,EXIDEIND,0,False,0,,NO_SIGNAL
,,{},0,0,{},188,,,0,0,,,,,NO_ACTION,,,,,,,,NO_EVENT,NONE,[],NONE,[],2026-07-31T09:54:00+05:30,FORCEMOT,0,False,0,,NO_SIGNAL
,,{},0,0,{},189,,,0,0,,,,,NO_ACTION,,,,,,,,NO_EVENT,NONE,[],NONE,[],2026-07-31T09:54:00+05:30,GLENMARK,0,False,0,,NO_SIGNAL
,,{},0,0,{},190,,,0,0,,,,,NO_ACTION,,,,,,,,REVERSAL_WATCH_STARTED,REVERSAL_WATCH,"[""DIR:INDUSTOWER:2026-07-31:001:DOWN:094800:REVERSAL_WATCH_STARTED:095400""]",NONE,[],2026-07-31T09:54:00+05:30,INDUSTOWER,0,False,0,,NO_SIGNAL
,,{},0,0,{},191,,,0,0,,,,,NO_ACTION,,,,,,,,"BALANCE_COMPLETED,DIRECTIONAL_MATURED",MATURE,"[""BAL:KALYANKJIL:2026-07-31:001:NEUTRAL:094200:BALANCE_COMPLETED:095400"", ""DIR:KALYANKJIL:2026-07-31:001:DOWN:094800:DIRECTIONAL_MATURED:095400""]",COMPLETED,[],2026-07-31T09:54:00+05:30,KALYANKJIL,0,False,0,,NO_SIGNAL
,,{},0,0,{},192,,,0,0,,,,,NO_ACTION,,,,,,,,"DIRECTIONAL_REVERSAL_LEG_FAILED,DIRECTIONAL_COMPLETED",COMPLETED,"[""DIR:MANAPPURAM:2026-07-31:002:DOWN:094800:DIRECTIONAL_REVERSAL_LEG_FAILED:095400"", ""DIR:MANAPPURAM:2026-07-31:002:DOWN:094800:DIRECTIONAL_COMPLETED:095400""]",NONE,[],2026-07-31T09:54:00+05:30,MANAPPURAM,0,False,0,,NO_SIGNAL
,,{},0,0,{},193,,,0,0,,,,,NO_ACTION,,,,,,,,NO_EVENT,NONE,[],NONE,[],2026-07-31T09:54:00+05:30,PERSISTENT,0,False,0,,NO_SIGNAL
,,{},0,0,{},194,,,0,0,,,,,NO_ACTION,,,,,,,,NO_EVENT,REVERSAL_LEG,[],FORMING,[],2026-07-31T09:54:00+05:30,POWERINDIA,0,False,0,,NO_SIGNAL
,,{},0,0,{},195,,,0,0,,,,,NO_ACTION,,,,,,,,NO_EVENT,REVERSAL_LEG,[],NONE,[],2026-07-31T09:54:00+05:30,TCS,0,False,0,,NO_SIGNAL
,,{},0,0,{},196,,,0,0,,,,,NO_ACTION,,,,,,,,NO_EVENT,DIRECTIONAL,[],FORMING,[],2026-07-31T09:54:00+05:30,TORNTPHARM,0,False,0,,NO_SIGNAL
,,{},0,0,{},197,,,0,0,,,,,NO_ACTION,,,,,,,,NO_EVENT,REVERSAL_WATCH,[],NONE,[],2026-07-31T09:57:00+05:30,BHEL,0,False,0,,NO_SIGNAL
,,{},0,0,{},198,,,0,0,,,,,NO_ACTION,,,,,,,,NO_EVENT,DIRECTIONAL,[],NONE,[],2026-07-31T09:57:00+05:30,CHOLAFIN,0,False,0,,NO_SIGNAL
,,{},0,0,{},199,,,0,0,,,,,NO_ACTION,,,,,,,,NO_EVENT,REVERSAL_WATCH,[],NONE,[],2026-07-31T09:57:00+05:30,COFORGE,0,False,0,,NO_SIGNAL
,,{},0,0,{},200,,,0,0,,,,,NO_ACTION,,,,,,,,NO_EVENT,DIRECTIONAL,[],PROBABLE,[],2026-07-31T09:57:00+05:30,DIVISLAB,0,False,0,,NO_SIGNAL
,,{},0,0,{},201,,,0,0,,,,,NO_ACTION,,,,,,,,DIRECTIONAL_STARTED,DIRECTIONAL,"[""DIR:EXIDEIND:2026-07-31:002:DOWN:095700:DIRECTIONAL_STARTED:095700""]",NONE,[],2026-07-31T09:57:00+05:30,EXIDEIND,0,False,0,,NO_SIGNAL
,,{},0,0,{},202,,,0,0,,,,,NO_ACTION,,,,,,,,NO_EVENT,NONE,[],NONE,[],2026-07-31T09:57:00+05:30,FORCEMOT,0,False,0,,NO_SIGNAL
,,{},0,0,{},203,,,0,0,,,,,NO_ACTION,,,,,,,,NO_EVENT,NONE,[],NONE,[],2026-07-31T09:57:00+05:30,GLENMARK,0,False,0,,NO_SIGNAL
,,{},0,0,{},204,,,0,0,,,,,NO_ACTION,,,,,,,,"DIRECTIONAL_REVERSAL_CONFIRMED,DIRECTIONAL_COMPLETED,DIRECTIONAL_REVERSAL_LEG_STARTED",REVERSAL_LEG,"[""DIR:INDUSTOWER:2026-07-31:001:DOWN:094800:DIRECTIONAL_REVERSAL_CONFIRMED:095700"", ""DIR:INDUSTOWER:2026-07-31:001:DOWN:094800:DIRECTIONAL_COMPLETED:095700"", ""DIR:INDUSTOWER:2026-07-31:002:UP:095700:DIRECTIONAL_REVERSAL_LEG_STARTED:095700""]",NONE,"[""REVERSAL:WAIT""]",2026-07-31T09:57:00+05:30,INDUSTOWER,0,False,0,,NO_SIGNAL
,,{},0,0,{},205,,,0,0,,,,,NO_ACTION,,,,,,,,REVERSAL_WATCH_STARTED,REVERSAL_WATCH,"[""DIR:KALYANKJIL:2026-07-31:001:DOWN:094800:REVERSAL_WATCH_STARTED:095700""]",NONE,[],2026-07-31T09:57:00+05:30,KALYANKJIL,0,False,0,,NO_SIGNAL
,,{},0,0,{},206,,,0,0,,,,,NO_ACTION,,,,,,,,BALANCE_FORMING_STARTED,NONE,"[""BAL:MANAPPURAM:2026-07-31:001:NEUTRAL:095700:BALANCE_FORMING_STARTED:095700""]",FORMING,[],2026-07-31T09:57:00+05:30,MANAPPURAM,0,False,0,,NO_SIGNAL
,,{},0,0,{},207,,,0,0,,,,,NO_ACTION,,,,,,,,NO_EVENT,NONE,[],NONE,[],2026-07-31T09:57:00+05:30,PERSISTENT,0,False,0,,NO_SIGNAL
,,{},0,0,{},208,,,0,0,,,,,NO_ACTION,,,,,,,,"DIRECTIONAL_REVERSAL_LEG_FAILED,DIRECTIONAL_COMPLETED",COMPLETED,"[""DIR:POWERINDIA:2026-07-31:002:DOWN:095100:DIRECTIONAL_REVERSAL_LEG_FAILED:095700"", ""DIR:POWERINDIA:2026-07-31:002:DOWN:095100:DIRECTIONAL_COMPLETED:095700""]",FORMING,[],2026-07-31T09:57:00+05:30,POWERINDIA,0,False,0,,NO_SIGNAL
,,{},0,0,{},209,,,0,0,,,,,NO_ACTION,,,,,,,,NO_EVENT,REVERSAL_LEG,[],NONE,[],2026-07-31T09:57:00+05:30,TCS,0,False,0,,NO_SIGNAL
,,{},0,0,{},210,,,0,0,,,,,NO_ACTION,,,,,,,,NO_EVENT,DIRECTIONAL,[],FORMING,[],2026-07-31T09:57:00+05:30,TORNTPHARM,0,False,0,,NO_SIGNAL
,,{},0,0,{},211,,,0,0,,,,,NO_ACTION,,,,,,,,DIRECTIONAL_TREND_RESTORED,DIRECTIONAL,"[""DIR:BHEL:2026-07-31:001:UP:093000:DIRECTIONAL_TREND_RESTORED:100000""]",NONE,"[""CONTINUATION:PERMIT""]",2026-07-31T10:00:00+05:30,BHEL,0,False,0,,NO_SIGNAL
,,{},0,0,{},212,,,0,0,,,,,NO_ACTION,,,,,,,,DIRECTIONAL_MATURED,MATURE,"[""DIR:CHOLAFIN:2026-07-31:001:UP:093000:DIRECTIONAL_MATURED:100000""]",NONE,[],2026-07-31T10:00:00+05:30,CHOLAFIN,0,False,0,,NO_SIGNAL
,,{},0,0,{},213,,,0,0,,,,,NO_ACTION,,,,,,,,NO_EVENT,REVERSAL_WATCH,[],NONE,[],2026-07-31T10:00:00+05:30,COFORGE,0,False,0,,NO_SIGNAL
,,{},0,0,{},214,,,0,0,,,,,NO_ACTION,,,,,,,,DIRECTIONAL_MATURED,MATURE,"[""DIR:DIVISLAB:2026-07-31:001:UP:093000:DIRECTIONAL_MATURED:100000""]",PROBABLE,[],2026-07-31T10:00:00+05:30,DIVISLAB,0,False,0,,NO_SIGNAL
,,{},0,0,{},215,,,0,0,,,,,NO_ACTION,,,,,,,,DIRECTIONAL_MATURED,MATURE,"[""DIR:EXIDEIND:2026-07-31:002:DOWN:095700:DIRECTIONAL_MATURED:100000""]",NONE,[],2026-07-31T10:00:00+05:30,EXIDEIND,0,False,0,,NO_SIGNAL
,,{},0,0,{},216,,,0,0,,,,,NO_ACTION,,,,,,,,BALANCE_FORMING_STARTED,NONE,"[""BAL:FORCEMOT:2026-07-31:001:NEUTRAL:100000:BALANCE_FORMING_STARTED:100000""]",FORMING,[],2026-07-31T10:00:00+05:30,FORCEMOT,0,False,0,,NO_SIGNAL
,,{},0,0,{},217,,,0,0,,,,,NO_ACTION,,,,,,,,NO_EVENT,NONE,[],NONE,[],2026-07-31T10:00:00+05:30,GLENMARK,0,False,0,,NO_SIGNAL
,,{},0,0,{},218,,,0,0,,,,,NO_ACTION,,,,,,,,NO_EVENT,REVERSAL_LEG,[],NONE,[],2026-07-31T10:00:00+05:30,INDUSTOWER,0,False,0,,NO_SIGNAL
,,{},0,0,{},219,,,0,0,,,,,NO_ACTION,,,,,,,,NO_EVENT,REVERSAL_WATCH,[],NONE,[],2026-07-31T10:00:00+05:30,KALYANKJIL,0,False,0,,NO_SIGNAL
,,{},0,0,{},220,,,0,0,,,,,NO_ACTION,,,,,,,,DIRECTIONAL_STARTED,DIRECTIONAL,"[""DIR:MANAPPURAM:2026-07-31:003:UP:100000:DIRECTIONAL_STARTED:100000""]",FORMING,[],2026-07-31T10:00:00+05:30,MANAPPURAM,0,False,0,,NO_SIGNAL
,,{},0,0,{},221,,,0,0,,,,,NO_ACTION,,,,,,,,NO_EVENT,NONE,[],NONE,[],2026-07-31T10:00:00+05:30,PERSISTENT,0,False,0,,NO_SIGNAL
,,{},0,0,{},222,,,0,0,,,,,NO_ACTION,,,,,,,,NO_EVENT,NONE,[],FORMING,[],2026-07-31T10:00:00+05:30,POWERINDIA,0,False,0,,NO_SIGNAL
,,{},0,0,{},223,,,0,0,,,,,NO_ACTION,,,,,,,,NO_EVENT,REVERSAL_LEG,[],NONE,[],2026-07-31T10:00:00+05:30,TCS,0,False,0,,NO_SIGNAL
,,{},0,0,{},224,,,0,0,,,,,NO_ACTION,,,,,,,,NO_EVENT,DIRECTIONAL,[],FORMING,[],2026-07-31T10:00:00+05:30,TORNTPHARM,0,False,0,,NO_SIGNAL
,,{},0,0,{},225,,,0,0,,,,,NO_ACTION,,,,,,,,DIRECTIONAL_MATURED,MATURE,"[""DIR:BHEL:2026-07-31:001:UP:093000:DIRECTIONAL_MATURED:100300""]",NONE,[],2026-07-31T10:03:00+05:30,BHEL,0,False,0,,NO_SIGNAL
,,{},0,0,{},226,,,0,0,,,,,NO_ACTION,,,,,,,,REVERSAL_WATCH_STARTED,REVERSAL_WATCH,"[""DIR:CHOLAFIN:2026-07-31:001:UP:093000:REVERSAL_WATCH_STARTED:100300""]",NONE,[],2026-07-31T10:03:00+05:30,CHOLAFIN,0,False,0,,NO_SIGNAL
,,{},0,0,{},227,,,0,0,,,,,NO_ACTION,,,,,,,,NO_EVENT,REVERSAL_WATCH,[],NONE,[],2026-07-31T10:03:00+05:30,COFORGE,0,False,0,,NO_SIGNAL
,,{},0,0,{},228,,,0,0,,,,,NO_ACTION,,,,,,,,"BALANCE_LOCKED,REVERSAL_WATCH_STARTED",REVERSAL_WATCH,"[""BAL:DIVISLAB:2026-07-31:001:NEUTRAL:094200:BALANCE_LOCKED:100300"", ""DIR:DIVISLAB:2026-07-31:001:UP:093000:REVERSAL_WATCH_STARTED:100300""]",LOCKED,"[""CONTINUATION:BLOCK"", ""REACCELERATION:BLOCK"", ""REVERSAL:BLOCK""]",2026-07-31T10:03:00+05:30,DIVISLAB,0,False,0,,NO_SIGNAL
,,{},0,0,{},229,,,0,0,,,,,NO_ACTION,,,,,,,,REVERSAL_WATCH_STARTED,REVERSAL_WATCH,"[""DIR:EXIDEIND:2026-07-31:002:DOWN:095700:REVERSAL_WATCH_STARTED:100300""]",NONE,[],2026-07-31T10:03:00+05:30,EXIDEIND,0,False,0,,NO_SIGNAL
,,{},0,0,{},230,,,0,0,,,,,NO_ACTION,,,,,,,,NO_EVENT,NONE,[],FORMING,[],2026-07-31T10:03:00+05:30,FORCEMOT,0,False,0,,NO_SIGNAL
,,{},0,0,{},231,,,0,0,,,,,NO_ACTION,,,,,,,,NO_EVENT,NONE,[],NONE,[],2026-07-31T10:03:00+05:30,GLENMARK,0,False,0,,NO_SIGNAL
,,{},0,0,{},232,,,0,0,,,,,NO_ACTION,,,,,,,,DIRECTIONAL_REVERSAL_LEG_ESTABLISHED,DIRECTIONAL,"[""DIR:INDUSTOWER:2026-07-31:002:UP:095700:DIRECTIONAL_REVERSAL_LEG_ESTABLISHED:100300""]",NONE,"[""REVERSAL:PERMIT""]",2026-07-31T10:03:00+05:30,INDUSTOWER,0,False,0,,NO_SIGNAL
,,{},0,0,{},233,,,0,0,,,,,NO_ACTION,,,,,,,,NO_EVENT,REVERSAL_WATCH,[],NONE,[],2026-07-31T10:03:00+05:30,KALYANKJIL,0,False,0,,NO_SIGNAL
,,{},0,0,{},234,,,0,0,,,,,NO_ACTION,,,,,,,,NO_EVENT,DIRECTIONAL,[],FORMING,[],2026-07-31T10:03:00+05:30,MANAPPURAM,0,False,0,,NO_SIGNAL
,,{},0,0,{},235,,,0,0,,,,,NO_ACTION,,,,,,,,NO_EVENT,NONE,[],NONE,[],2026-07-31T10:03:00+05:30,PERSISTENT,0,False,0,,NO_SIGNAL
,,{},0,0,{},236,,,0,0,,,,,NO_ACTION,,,,,,,,"BALANCE_PROBABLE,DIRECTIONAL_STARTED",DIRECTIONAL,"[""BAL:POWERINDIA:2026-07-31:001:NEUTRAL:095100:BALANCE_PROBABLE:100300"", ""DIR:POWERINDIA:2026-07-31:003:UP:100300:DIRECTIONAL_STARTED:100300""]",PROBABLE,[],2026-07-31T10:03:00+05:30,POWERINDIA,0,False,0,,NO_SIGNAL
,,{},0,0,{},237,,,0,0,,,,,NO_ACTION,,,,,,,,DIRECTIONAL_REVERSAL_LEG_ESTABLISHED,DIRECTIONAL,"[""DIR:TCS:2026-07-31:002:UP:094200:DIRECTIONAL_REVERSAL_LEG_ESTABLISHED:100300""]",NONE,"[""REVERSAL:PERMIT""]",2026-07-31T10:03:00+05:30,TCS,0,False,0,,NO_SIGNAL
,,{},0,0,{},238,,,0,0,,,,,NO_ACTION,,,,,,,,NO_EVENT,DIRECTIONAL,[],FORMING,[],2026-07-31T10:03:00+05:30,TORNTPHARM,0,False,0,,NO_SIGNAL
,,{},0,0,{},239,,,0,0,,,,,NO_ACTION,,,,,,,,REVERSAL_WATCH_STARTED,REVERSAL_WATCH,"[""DIR:BHEL:2026-07-31:001:UP:093000:REVERSAL_WATCH_STARTED:100600""]",NONE,[],2026-07-31T10:06:00+05:30,BHEL,0,False,0,,NO_SIGNAL
,,{},0,0,{},240,,,0,0,,,,,NO_ACTION,,,,,,,,NO_EVENT,REVERSAL_WATCH,[],NONE,[],2026-07-31T10:06:00+05:30,CHOLAFIN,0,False,0,,NO_SIGNAL
,,{},0,0,{},241,,,0,0,,,,,NO_ACTION,,,,,,,,NO_EVENT,REVERSAL_WATCH,[],NONE,[],2026-07-31T10:06:00+05:30,COFORGE,0,False,0,,NO_SIGNAL
,,{},0,0,{},242,,,0,0,,,,,NO_ACTION,,,,,,,,"DIRECTIONAL_REVERSAL_CONFIRMED,DIRECTIONAL_COMPLETED,DIRECTIONAL_REVERSAL_LEG_STARTED",REVERSAL_LEG,"[""DIR:DIVISLAB:2026-07-31:001:UP:093000:DIRECTIONAL_REVERSAL_CONFIRMED:100600"", ""DIR:DIVISLAB:2026-07-31:001:UP:093000:DIRECTIONAL_COMPLETED:100600"", ""DIR:DIVISLAB:2026-07-31:002:DOWN:100600:DIRECTIONAL_REVERSAL_LEG_STARTED:100600""]",LOCKED,"[""CONTINUATION:BLOCK"", ""REACCELERATION:BLOCK"", ""REVERSAL:BLOCK""]",2026-07-31T10:06:00+05:30,DIVISLAB,0,False,0,,NO_SIGNAL
,,{},0,0,{},243,,,0,0,,,,,NO_ACTION,,,,,,,,NO_EVENT,REVERSAL_WATCH,[],NONE,[],2026-07-31T10:06:00+05:30,EXIDEIND,0,False,0,,NO_SIGNAL
,,{},0,0,{},244,,,0,0,,,,,NO_ACTION,,,,,,,,NO_EVENT,NONE,[],FORMING,[],2026-07-31T10:06:00+05:30,FORCEMOT,0,False,0,,NO_SIGNAL
,,{},0,0,{},245,,,0,0,,,,,NO_ACTION,,,,,,,,NO_EVENT,NONE,[],NONE,[],2026-07-31T10:06:00+05:30,GLENMARK,0,False,0,,NO_SIGNAL
,,{},0,0,{},246,,,0,0,,,,,NO_ACTION,,,,,,,,NO_EVENT,DIRECTIONAL,[],NONE,[],2026-07-31T10:06:00+05:30,INDUSTOWER,0,False,0,,NO_SIGNAL
,,{},0,0,{},247,,,0,0,,,,,NO_ACTION,,,,,,,,NO_EVENT,REVERSAL_WATCH,[],NONE,[],2026-07-31T10:06:00+05:30,KALYANKJIL,0,False,0,,NO_SIGNAL
,,{},0,0,{},248,,,0,0,,,,,NO_ACTION,,,,,,,,NO_EVENT,DIRECTIONAL,[],FORMING,[],2026-07-31T10:06:00+05:30,MANAPPURAM,0,False,0,,NO_SIGNAL
,,{},0,0,{},249,,,0,0,,,,,NO_ACTION,,,,,,,,NO_EVENT,NONE,[],NONE,[],2026-07-31T10:06:00+05:30,PERSISTENT,0,False,0,,NO_SIGNAL
,,{},0,0,{},250,,,0,0,,,,,NO_ACTION,,,,,,,,NO_EVENT,DIRECTIONAL,[],PROBABLE,[],2026-07-31T10:06:00+05:30,POWERINDIA,0,False,0,,NO_SIGNAL
,,{},0,0,{},251,,,0,0,,,,,NO_ACTION,,,,,,,,BALANCE_FORMING_STARTED,DIRECTIONAL,"[""BAL:TCS:2026-07-31:001:NEUTRAL:100600:BALANCE_FORMING_STARTED:100600""]",FORMING,[],2026-07-31T10:06:00+05:30,TCS,0,False,0,,NO_SIGNAL
,,{},0,0,{},252,,,0,0,,,,,NO_ACTION,,,,,,,,BALANCE_COMPLETED,DIRECTIONAL,"[""BAL:TORNTPHARM:2026-07-31:001:NEUTRAL:095100:BALANCE_COMPLETED:100600""]",COMPLETED,[],2026-07-31T10:06:00+05:30,TORNTPHARM,0,False,0,,NO_SIGNAL
,,{},0,0,{},253,,,0,0,,,,,NO_ACTION,,,,,,,,"DIRECTIONAL_REVERSAL_CONFIRMED,DIRECTIONAL_COMPLETED,DIRECTIONAL_REVERSAL_LEG_STARTED",REVERSAL_LEG,"[""DIR:BHEL:2026-07-31:001:UP:093000:DIRECTIONAL_REVERSAL_CONFIRMED:100900"", ""DIR:BHEL:2026-07-31:001:UP:093000:DIRECTIONAL_COMPLETED:100900"", ""DIR:BHEL:2026-07-31:002:DOWN:100900:DIRECTIONAL_REVERSAL_LEG_STARTED:100900""]",NONE,"[""REVERSAL:WAIT""]",2026-07-31T10:09:00+05:30,BHEL,0,False,0,,NO_SIGNAL
,,{},0,0,{},254,,,0,0,,,,,NO_ACTION,,,,,,,,NO_EVENT,REVERSAL_WATCH,[],NONE,[],2026-07-31T10:09:00+05:30,CHOLAFIN,0,False,0,,NO_SIGNAL
,,{},0,0,{},255,,,0,0,,,,,NO_ACTION,,,,,,,,NO_EVENT,REVERSAL_WATCH,[],NONE,[],2026-07-31T10:09:00+05:30,COFORGE,0,False,0,,NO_SIGNAL
,,{},0,0,{},256,,,0,0,,,,,NO_ACTION,,,,,,,,NO_EVENT,REVERSAL_LEG,[],LOCKED,"[""CONTINUATION:BLOCK"", ""REACCELERATION:BLOCK"", ""REVERSAL:BLOCK""]",2026-07-31T10:09:00+05:30,DIVISLAB,0,False,0,,NO_SIGNAL
,,{},0,0,{},257,,,0,0,,,,,NO_ACTION,,,,,,,,BALANCE_FORMING_STARTED,REVERSAL_WATCH,"[""BAL:EXIDEIND:2026-07-31:001:NEUTRAL:100900:BALANCE_FORMING_STARTED:100900""]",FORMING,[],2026-07-31T10:09:00+05:30,EXIDEIND,0,False,0,,NO_SIGNAL
,,{},0,0,{},258,,,0,0,,,,,NO_ACTION,,,,,,,,DIRECTIONAL_STARTED,DIRECTIONAL,"[""DIR:FORCEMOT:2026-07-31:001:DOWN:100900:DIRECTIONAL_STARTED:100900""]",FORMING,[],2026-07-31T10:09:00+05:30,FORCEMOT,0,False,0,,NO_SIGNAL
,,{},0,0,{},259,,,0,0,,,,,NO_ACTION,,,,,,,,DIRECTIONAL_STARTED,DIRECTIONAL,"[""DIR:GLENMARK:2026-07-31:001:UP:100900:DIRECTIONAL_STARTED:100900""]",NONE,[],2026-07-31T10:09:00+05:30,GLENMARK,0,False,0,,NO_SIGNAL
,,{},0,0,{},260,,,0,0,,,,,NO_ACTION,,,,,,,,DIRECTIONAL_COMPLETED,COMPLETED,"[""DIR:INDUSTOWER:2026-07-31:002:UP:095700:DIRECTIONAL_COMPLETED:100900""]",NONE,[],2026-07-31T10:09:00+05:30,INDUSTOWER,0,False,0,,NO_SIGNAL
,,{},0,0,{},261,,,0,0,,,,,NO_ACTION,,,,,,,,NO_EVENT,REVERSAL_WATCH,[],NONE,[],2026-07-31T10:09:00+05:30,KALYANKJIL,0,False,0,,NO_SIGNAL
,,{},0,0,{},262,,,0,0,,,,,NO_ACTION,,,,,,,,BALANCE_PROBABLE,DIRECTIONAL,"[""BAL:MANAPPURAM:2026-07-31:001:NEUTRAL:095700:BALANCE_PROBABLE:100900""]",PROBABLE,[],2026-07-31T10:09:00+05:30,MANAPPURAM,0,False,0,,NO_SIGNAL
,,{},0,0,{},263,,,0,0,,,,,NO_ACTION,,,,,,,,NO_EVENT,NONE,[],NONE,[],2026-07-31T10:09:00+05:30,PERSISTENT,0,False,0,,NO_SIGNAL
,,{},0,0,{},264,,,0,0,,,,,NO_ACTION,,,,,,,,NO_EVENT,DIRECTIONAL,[],PROBABLE,[],2026-07-31T10:09:00+05:30,POWERINDIA,0,False,0,,NO_SIGNAL
,,{},0,0,{},265,,,0,0,,,,,NO_ACTION,,,,,,,,DIRECTIONAL_COMPLETED,COMPLETED,"[""DIR:TCS:2026-07-31:002:UP:094200:DIRECTIONAL_COMPLETED:100900""]",FORMING,[],2026-07-31T10:09:00+05:30,TCS,0,False,0,,NO_SIGNAL
,,{},0,0,{},266,,,0,0,,,,,NO_ACTION,,,,,,,,NO_EVENT,DIRECTIONAL,[],NONE,[],2026-07-31T10:09:00+05:30,TORNTPHARM,0,False,0,,NO_SIGNAL
,,{},0,0,{},267,,,0,0,,,,,NO_ACTION,,,,,,,,NO_EVENT,REVERSAL_LEG,[],NONE,[],2026-07-31T10:12:00+05:30,BHEL,0,False,0,,NO_SIGNAL
,,{},0,0,{},268,,,0,0,,,,,NO_ACTION,,,,,,,,NO_EVENT,REVERSAL_WATCH,[],NONE,[],2026-07-31T10:12:00+05:30,CHOLAFIN,0,False,0,,NO_SIGNAL
,,{},0,0,{},269,,,0,0,,,,,NO_ACTION,,,,,,,,NO_EVENT,REVERSAL_WATCH,[],NONE,[],2026-07-31T10:12:00+05:30,COFORGE,0,False,0,,NO_SIGNAL
,,{},0,0,{},270,,,0,0,,,,,NO_ACTION,,,,,,,,NO_EVENT,REVERSAL_LEG,[],LOCKED,"[""CONTINUATION:BLOCK"", ""REACCELERATION:BLOCK"", ""REVERSAL:BLOCK""]",2026-07-31T10:12:00+05:30,DIVISLAB,0,False,0,,NO_SIGNAL
,,{},0,0,{},271,,,0,0,,,,,NO_ACTION,,,,,,,,NO_EVENT,REVERSAL_WATCH,[],FORMING,[],2026-07-31T10:12:00+05:30,EXIDEIND,0,False,0,,NO_SIGNAL
,,{},0,0,{},272,,,0,0,,,,,NO_ACTION,,,,,,,,BALANCE_PROBABLE,DIRECTIONAL,"[""BAL:FORCEMOT:2026-07-31:001:NEUTRAL:100000:BALANCE_PROBABLE:101200""]",PROBABLE,[],2026-07-31T10:12:00+05:30,FORCEMOT,0,False,0,,NO_SIGNAL
,,{},0,0,{},273,,,0,0,,,,,NO_ACTION,,,,,,,,BALANCE_FORMING_STARTED,DIRECTIONAL,"[""BAL:GLENMARK:2026-07-31:001:NEUTRAL:101200:BALANCE_FORMING_STARTED:101200""]",FORMING,[],2026-07-31T10:12:00+05:30,GLENMARK,0,False,0,,NO_SIGNAL
,,{},0,0,{},274,,,0,0,,,,,NO_ACTION,,,,,,,,NO_EVENT,NONE,[],NONE,[],2026-07-31T10:12:00+05:30,INDUSTOWER,0,False,0,,NO_SIGNAL
,,{},0,0,{},275,,,0,0,,,,,NO_ACTION,,,,,,,,NO_EVENT,REVERSAL_WATCH,[],NONE,[],2026-07-31T10:12:00+05:30,KALYANKJIL,0,False,0,,NO_SIGNAL
,,{},0,0,{},276,,,0,0,,,,,NO_ACTION,,,,,,,,NO_EVENT,DIRECTIONAL,[],PROBABLE,[],2026-07-31T10:12:00+05:30,MANAPPURAM,0,False,0,,NO_SIGNAL
,,{},0,0,{},277,,,0,0,,,,,NO_ACTION,,,,,,,,BALANCE_FORMING_STARTED,NONE,"[""BAL:PERSISTENT:2026-07-31:001:NEUTRAL:101200:BALANCE_FORMING_STARTED:101200""]",FORMING,[],2026-07-31T10:12:00+05:30,PERSISTENT,0,False,0,,NO_SIGNAL
,,{},0,0,{},278,,,0,0,,,,,NO_ACTION,,,,,,,,BALANCE_LOCKED,DIRECTIONAL,"[""BAL:POWERINDIA:2026-07-31:001:NEUTRAL:095100:BALANCE_LOCKED:101200""]",LOCKED,"[""CONTINUATION:BLOCK"", ""REACCELERATION:BLOCK"", ""REVERSAL:BLOCK""]",2026-07-31T10:12:00+05:30,POWERINDIA,0,False,0,,NO_SIGNAL
,,{},0,0,{},279,,,0,0,,,,,NO_ACTION,,,,,,,,NO_EVENT,NONE,[],FORMING,[],2026-07-31T10:12:00+05:30,TCS,0,False,0,,NO_SIGNAL
,,{},0,0,{},280,,,0,0,,,,,NO_ACTION,,,,,,,,NO_EVENT,DIRECTIONAL,[],NONE,[],2026-07-31T10:12:00+05:30,TORNTPHARM,0,False,0,,NO_SIGNAL
,,{},0,0,{},281,,,0,0,,,,,NO_ACTION,,,,,,,,BALANCE_FORMING_STARTED,REVERSAL_LEG,"[""BAL:BHEL:2026-07-31:001:NEUTRAL:101500:BALANCE_FORMING_STARTED:101500""]",FORMING,[],2026-07-31T10:15:00+05:30,BHEL,0,False,0,,NO_SIGNAL
,,{},0,0,{},282,,,0,0,,,,,NO_ACTION,,,,,,,,NO_EVENT,REVERSAL_WATCH,[],NONE,[],2026-07-31T10:15:00+05:30,CHOLAFIN,0,False,0,,NO_SIGNAL
,,{},0,0,{},283,,,0,0,,,,,NO_ACTION,,,,,,,,"DIRECTIONAL_REVERSAL_CONFIRMED,DIRECTIONAL_COMPLETED,DIRECTIONAL_REVERSAL_LEG_STARTED",REVERSAL_LEG,"[""DIR:COFORGE:2026-07-31:001:UP:093900:DIRECTIONAL_REVERSAL_CONFIRMED:101500"", ""DIR:COFORGE:2026-07-31:001:UP:093900:DIRECTIONAL_COMPLETED:101500"", ""DIR:COFORGE:2026-07-31:002:DOWN:101500:DIRECTIONAL_REVERSAL_LEG_STARTED:101500""]",NONE,"[""REVERSAL:WAIT""]",2026-07-31T10:15:00+05:30,COFORGE,0,False,0,,NO_SIGNAL
,,{},0,0,{},284,,,0,0,,,,,NO_ACTION,,,,,,,,BALANCE_ESCAPE_STARTED,REVERSAL_LEG,"[""BAL:DIVISLAB:2026-07-31:001:NEUTRAL:094200:BALANCE_ESCAPE_STARTED:101500""]",ESCAPE_WATCH,"[""ACCEPTED_BREAKOUT:WAIT"", ""BREAKOUT_INITIATION:PERMIT"", ""CONTINUATION:BLOCK"", ""FAILED_BREAKOUT:WAIT"", ""REACCELERATION:BLOCK"", ""REVERSAL:BLOCK""]",2026-07-31T10:15:00+05:30,DIVISLAB,0,False,0,,NO_SIGNAL
,,{},0,0,{},285,,,0,0,,,,,NO_ACTION,,,,,,,,NO_EVENT,REVERSAL_WATCH,[],FORMING,[],2026-07-31T10:15:00+05:30,EXIDEIND,0,False,0,,NO_SIGNAL
,,{},0,0,{},286,,,0,0,,,,,NO_ACTION,,,,,,,,NO_EVENT,DIRECTIONAL,[],PROBABLE,[],2026-07-31T10:15:00+05:30,FORCEMOT,0,False,0,,NO_SIGNAL
,,{},0,0,{},287,,,0,0,,,,,NO_ACTION,,,,,,,,NO_EVENT,DIRECTIONAL,[],FORMING,[],2026-07-31T10:15:00+05:30,GLENMARK,0,False,0,,NO_SIGNAL
,,{},0,0,{},288,,,0,0,,,,,NO_ACTION,,,,,,,,NO_EVENT,NONE,[],NONE,[],2026-07-31T10:15:00+05:30,INDUSTOWER,0,False,0,,NO_SIGNAL
,,{},0,0,{},289,,,0,0,,,,,NO_ACTION,,,,,,,,DIRECTIONAL_TREND_RESTORED,DIRECTIONAL,"[""DIR:KALYANKJIL:2026-07-31:001:DOWN:094800:DIRECTIONAL_TREND_RESTORED:101500""]",NONE,"[""CONTINUATION:PERMIT""]",2026-07-31T10:15:00+05:30,KALYANKJIL,0,False,0,,NO_SIGNAL
,,{},0,0,{},290,,,0,0,,,,,NO_ACTION,,,,,,,,NO_EVENT,DIRECTIONAL,[],PROBABLE,[],2026-07-31T10:15:00+05:30,MANAPPURAM,0,False,0,,NO_SIGNAL
,,{},0,0,{},291,,,0,0,,,,,NO_ACTION,,,,,,,,NO_EVENT,NONE,[],FORMING,[],2026-07-31T10:15:00+05:30,PERSISTENT,0,False,0,,NO_SIGNAL
,,{},0,0,{},292,,,0,0,,,,,NO_ACTION,,,,,,,,NO_EVENT,DIRECTIONAL,[],LOCKED,"[""CONTINUATION:BLOCK"", ""REACCELERATION:BLOCK"", ""REVERSAL:BLOCK""]",2026-07-31T10:15:00+05:30,POWERINDIA,0,False,0,,NO_SIGNAL
,,{},0,0,{},293,,,0,0,,,,,NO_ACTION,,,,,,,,NO_EVENT,NONE,[],FORMING,[],2026-07-31T10:15:00+05:30,TCS,0,False,0,,NO_SIGNAL
,,{},0,0,{},294,,,0,0,,,,,NO_ACTION,,,,,,,,NO_EVENT,DIRECTIONAL,[],NONE,[],2026-07-31T10:15:00+05:30,TORNTPHARM,0,False,0,,NO_SIGNAL
,,{},0,0,{},295,,,0,0,,,,,NO_ACTION,,,,,,,,"DIRECTIONAL_REVERSAL_LEG_FAILED,DIRECTIONAL_COMPLETED",COMPLETED,"[""DIR:BHEL:2026-07-31:002:DOWN:100900:DIRECTIONAL_REVERSAL_LEG_FAILED:101800"", ""DIR:BHEL:2026-07-31:002:DOWN:100900:DIRECTIONAL_COMPLETED:101800""]",FORMING,[],2026-07-31T10:18:00+05:30,BHEL,0,False,0,,NO_SIGNAL
,,{},0,0,{},296,,,0,0,,,,,NO_ACTION,,,,,,,,NO_EVENT,REVERSAL_WATCH,[],NONE,[],2026-07-31T10:18:00+05:30,CHOLAFIN,0,False,0,,NO_SIGNAL
,,{},0,0,{},297,,,0,0,,,,,NO_ACTION,,,,,,,,BALANCE_FORMING_STARTED,REVERSAL_LEG,"[""BAL:COFORGE:2026-07-31:001:NEUTRAL:101800:BALANCE_FORMING_STARTED:101800""]",FORMING,[],2026-07-31T10:18:00+05:30,COFORGE,0,False,0,,NO_SIGNAL
DIR:DIVISLAB:2026-07-31:002:DOWN:100600:DIRECTIONAL_REVERSAL_LEG_ESTABLISHED:101800,CAND:6644484c352c701feebfdf31,{},0,0,{},298,CREATE_TRADE,STRENGTHEN,0,0,OPP:6644484c352c701feebfdf31,CAND:6644484c352c701feebfdf31,OPP:6644484c352c701feebfdf31,False,CREATE,LOCAL_CONFIRMED,DIRECTIONAL,ALIGNED,a73cb6c9-a388-53f1-92b2-41820e34edd3,EVENT_DRIVEN_SETUP_CREATED,ACTIVE,OPEN,"BALANCE_ESCAPE_ACCEPTED,DIRECTIONAL_REVERSAL_LEG_ESTABLISHED",DIRECTIONAL,"[""BAL:DIVISLAB:2026-07-31:001:NEUTRAL:094200:BALANCE_ESCAPE_ACCEPTED:101800"", ""DIR:DIVISLAB:2026-07-31:002:DOWN:100600:DIRECTIONAL_REVERSAL_LEG_ESTABLISHED:101800""]",ACCEPTED_OUTSIDE,"[""ACCEPTED_BREAKOUT:PERMIT"", ""REVERSAL:PERMIT""]",2026-07-31T10:18:00+05:30,DIVISLAB,0,True,0,TRADE_DECISION_NOT_ALLOWED,NOT_ELIGIBLE
,,{},0,0,{},299,,,0,0,,,,,NO_ACTION,,,,,,,,NO_EVENT,REVERSAL_WATCH,[],FORMING,[],2026-07-31T10:18:00+05:30,EXIDEIND,0,False,0,,NO_SIGNAL
,,{},0,0,{},300,,,0,0,,,,,NO_ACTION,,,,,,,,NO_EVENT,DIRECTIONAL,[],PROBABLE,[],2026-07-31T10:18:00+05:30,FORCEMOT,0,False,0,,NO_SIGNAL
,,{},0,0,{},301,,,0,0,,,,,NO_ACTION,,,,,,,,NO_EVENT,DIRECTIONAL,[],FORMING,[],2026-07-31T10:18:00+05:30,GLENMARK,0,False,0,,NO_SIGNAL
,,{},0,0,{},302,,,0,0,,,,,NO_ACTION,,,,,,,,NO_EVENT,NONE,[],NONE,[],2026-07-31T10:18:00+05:30,INDUSTOWER,0,False,0,,NO_SIGNAL
,,{},0,0,{},303,,,0,0,,,,,NO_ACTION,,,,,,,,DIRECTIONAL_MATURED,MATURE,"[""DIR:KALYANKJIL:2026-07-31:001:DOWN:094800:DIRECTIONAL_MATURED:101800""]",NONE,[],2026-07-31T10:18:00+05:30,KALYANKJIL,0,False,0,,NO_SIGNAL
,,{},0,0,{},304,,,0,0,,,,,NO_ACTION,,,,,,,,DIRECTIONAL_MATURED,MATURE,"[""DIR:MANAPPURAM:2026-07-31:003:UP:100000:DIRECTIONAL_MATURED:101800""]",PROBABLE,[],2026-07-31T10:18:00+05:30,MANAPPURAM,0,False,0,,NO_SIGNAL
,,{},0,0,{},305,,,0,0,,,,,NO_ACTION,,,,,,,,BALANCE_COMPLETED,NONE,"[""BAL:PERSISTENT:2026-07-31:001:NEUTRAL:101200:BALANCE_COMPLETED:101800""]",COMPLETED,[],2026-07-31T10:18:00+05:30,PERSISTENT,0,False,0,,NO_SIGNAL
,,{},0,0,{},306,,,0,0,,,,,NO_ACTION,,,,,,,,NO_EVENT,DIRECTIONAL,[],LOCKED,"[""CONTINUATION:BLOCK"", ""REACCELERATION:BLOCK"", ""REVERSAL:BLOCK""]",2026-07-31T10:18:00+05:30,POWERINDIA,0,False,0,,NO_SIGNAL
,,{},0,0,{},307,,,0,0,,,,,NO_ACTION,,,,,,,,BALANCE_PROBABLE,NONE,"[""BAL:TCS:2026-07-31:001:NEUTRAL:100600:BALANCE_PROBABLE:101800""]",PROBABLE,[],2026-07-31T10:18:00+05:30,TCS,0,False,0,,NO_SIGNAL
,,{},0,0,{},308,,,0,0,,,,,NO_ACTION,,,,,,,,NO_EVENT,DIRECTIONAL,[],NONE,[],2026-07-31T10:18:00+05:30,TORNTPHARM,0,False,0,,NO_SIGNAL
,,{},0,0,{},309,,,0,0,,,,,NO_ACTION,,,,,,,,NO_EVENT,NONE,[],FORMING,[],2026-07-31T10:21:00+05:30,BHEL,0,False,0,,NO_SIGNAL
,,{},0,0,{},310,,,0,0,,,,,NO_ACTION,,,,,,,,NO_EVENT,REVERSAL_WATCH,[],NONE,[],2026-07-31T10:21:00+05:30,CHOLAFIN,0,False,0,,NO_SIGNAL
,,{},0,0,{},311,,,0,0,,,,,NO_ACTION,,,,,,,,NO_EVENT,REVERSAL_LEG,[],FORMING,[],2026-07-31T10:21:00+05:30,COFORGE,0,False,0,,NO_SIGNAL
DIR:DIVISLAB:2026-07-31:002:DOWN:100600:DIRECTIONAL_REVERSAL_LEG_ESTABLISHED:101800,CAND:6644484c352c701feebfdf31,{},0,0,{},312,HOLD_POSITION,STRENGTHEN,0,0,OPP:6644484c352c701feebfdf31,CAND:6644484c352c701feebfdf31,OPP:6644484c352c701feebfdf31,False,HOLD,NO_CREATION_EVENT,DIRECTIONAL,ALIGNED,a73cb6c9-a388-53f1-92b2-41820e34edd3,AUTHORITATIVE_DIRECTIONAL_ALIGNED,ACTIVE,OPEN,BALANCE_COMPLETED,DIRECTIONAL,"[""BAL:DIVISLAB:2026-07-31:001:NEUTRAL:094200:BALANCE_COMPLETED:102100""]",COMPLETED,[],2026-07-31T10:21:00+05:30,DIVISLAB,0,True,0,TRADE_DECISION_NOT_ALLOWED,NOT_ELIGIBLE
,,{},0,0,{},313,,,0,0,,,,,NO_ACTION,,,,,,,,"DIRECTIONAL_REVERSAL_CONFIRMED,DIRECTIONAL_COMPLETED,DIRECTIONAL_REVERSAL_LEG_STARTED",REVERSAL_LEG,"[""DIR:EXIDEIND:2026-07-31:002:DOWN:095700:DIRECTIONAL_REVERSAL_CONFIRMED:102100"", ""DIR:EXIDEIND:2026-07-31:002:DOWN:095700:DIRECTIONAL_COMPLETED:102100"", ""DIR:EXIDEIND:2026-07-31:003:UP:102100:DIRECTIONAL_REVERSAL_LEG_STARTED:102100""]",FORMING,"[""REVERSAL:WAIT""]",2026-07-31T10:21:00+05:30,EXIDEIND,0,False,0,,NO_SIGNAL
,,{},0,0,{},314,,,0,0,,,,,NO_ACTION,,,,,,,,BALANCE_LOCKED,DIRECTIONAL,"[""BAL:FORCEMOT:2026-07-31:001:NEUTRAL:100000:BALANCE_LOCKED:102100""]",LOCKED,"[""CONTINUATION:BLOCK"", ""REACCELERATION:BLOCK"", ""REVERSAL:BLOCK""]",2026-07-31T10:21:00+05:30,FORCEMOT,0,False,0,,NO_SIGNAL
,,{},0,0,{},315,,,0,0,,,,,NO_ACTION,,,,,,,,NO_EVENT,DIRECTIONAL,[],FORMING,[],2026-07-31T10:21:00+05:30,GLENMARK,0,False,0,,NO_SIGNAL
,,{},0,0,{},316,,,0,0,,,,,NO_ACTION,,,,,,,,NO_EVENT,NONE,[],NONE,[],2026-07-31T10:21:00+05:30,INDUSTOWER,0,False,0,,NO_SIGNAL
,,{},0,0,{},317,,,0,0,,,,,NO_ACTION,,,,,,,,REVERSAL_WATCH_STARTED,REVERSAL_WATCH,"[""DIR:KALYANKJIL:2026-07-31:001:DOWN:094800:REVERSAL_WATCH_STARTED:102100""]",NONE,[],2026-07-31T10:21:00+05:30,KALYANKJIL,0,False,0,,NO_SIGNAL
,,{},0,0,{},318,,,0,0,,,,,NO_ACTION,,,,,,,,REVERSAL_WATCH_STARTED,REVERSAL_WATCH,"[""DIR:MANAPPURAM:2026-07-31:003:UP:100000:REVERSAL_WATCH_STARTED:102100""]",PROBABLE,[],2026-07-31T10:21:00+05:30,MANAPPURAM,0,False,0,,NO_SIGNAL
,,{},0,0,{},319,,,0,0,,,,,NO_ACTION,,,,,,,,NO_EVENT,NONE,[],NONE,[],2026-07-31T10:21:00+05:30,PERSISTENT,0,False,0,,NO_SIGNAL
,,{},0,0,{},320,,,0,0,,,,,NO_ACTION,,,,,,,,DIRECTIONAL_REACCELERATION_CONFIRMED,DIRECTIONAL,"[""DIR:POWERINDIA:2026-07-31:003:UP:100300:DIRECTIONAL_REACCELERATION_CONFIRMED:102100""]",LOCKED,"[""CONTINUATION:BLOCK"", ""REACCELERATION:BLOCK"", ""REVERSAL:BLOCK""]",2026-07-31T10:21:00+05:30,POWERINDIA,0,False,0,,NO_SIGNAL
,,{},0,0,{},321,,,0,0,,,,,NO_ACTION,,,,,,,,NO_EVENT,NONE,[],PROBABLE,[],2026-07-31T10:21:00+05:30,TCS,0,False,0,,NO_SIGNAL
,,{},0,0,{},322,,,0,0,,,,,NO_ACTION,,,,,,,,NO_EVENT,DIRECTIONAL,[],NONE,[],2026-07-31T10:21:00+05:30,TORNTPHARM,0,False,0,,NO_SIGNAL
,,{},0,0,{},323,,,0,0,,,,,NO_ACTION,,,,,,,,DIRECTIONAL_STARTED,DIRECTIONAL,"[""DIR:BHEL:2026-07-31:003:UP:102400:DIRECTIONAL_STARTED:102400""]",FORMING,[],2026-07-31T10:24:00+05:30,BHEL,0,False,0,,NO_SIGNAL
,,{},0,0,{},324,,,0,0,,,,,NO_ACTION,,,,,,,,"DIRECTIONAL_REVERSAL_CONFIRMED,DIRECTIONAL_COMPLETED,DIRECTIONAL_REVERSAL_LEG_STARTED",REVERSAL_LEG,"[""DIR:CHOLAFIN:2026-07-31:001:UP:093000:DIRECTIONAL_REVERSAL_CONFIRMED:102400"", ""DIR:CHOLAFIN:2026-07-31:001:UP:093000:DIRECTIONAL_COMPLETED:102400"", ""DIR:CHOLAFIN:2026-07-31:002:DOWN:102400:DIRECTIONAL_REVERSAL_LEG_STARTED:102400""]",NONE,"[""REVERSAL:WAIT""]",2026-07-31T10:24:00+05:30,CHOLAFIN,0,False,0,,NO_SIGNAL
DIR:COFORGE:2026-07-31:002:DOWN:101500:DIRECTIONAL_REVERSAL_LEG_ESTABLISHED:102400,CAND:995ee50ff305357125723e26,{},0,0,{},325,CREATE_TRADE,STRENGTHEN,0,0,OPP:995ee50ff305357125723e26,CAND:995ee50ff305357125723e26,OPP:995ee50ff305357125723e26,False,CREATE,LOCAL_CONFIRMED,DIRECTIONAL,ALIGNED,2afed6e7-898c-5a79-8bf5-1d7891f21ccb,EVENT_DRIVEN_SETUP_CREATED,ACTIVE,OPEN,"BALANCE_COMPLETED,DIRECTIONAL_REVERSAL_LEG_ESTABLISHED",DIRECTIONAL,"[""BAL:COFORGE:2026-07-31:001:NEUTRAL:101800:BALANCE_COMPLETED:102400"", ""DIR:COFORGE:2026-07-31:002:DOWN:101500:DIRECTIONAL_REVERSAL_LEG_ESTABLISHED:102400""]",COMPLETED,"[""REVERSAL:PERMIT""]",2026-07-31T10:24:00+05:30,COFORGE,0,True,0,TRADE_DECISION_NOT_ALLOWED,NOT_ELIGIBLE
DIR:DIVISLAB:2026-07-31:002:DOWN:100600:DIRECTIONAL_REVERSAL_LEG_ESTABLISHED:101800,CAND:6644484c352c701feebfdf31,{},0,0,{},326,HOLD_POSITION,CAUTION,0,0,OPP:6644484c352c701feebfdf31,CAND:6644484c352c701feebfdf31,OPP:6644484c352c701feebfdf31,False,HOLD,NO_CREATION_EVENT,COMPLETED,ALIGNED,a73cb6c9-a388-53f1-92b2-41820e34edd3,NO_CURRENT_CREATION_EVENT,TRANSITION,OPEN,DIRECTIONAL_COMPLETED,COMPLETED,"[""DIR:DIVISLAB:2026-07-31:002:DOWN:100600:DIRECTIONAL_COMPLETED:102400""]",NONE,[],2026-07-31T10:24:00+05:30,DIVISLAB,0,True,0,TRADE_DECISION_NOT_ALLOWED,NOT_ELIGIBLE
,,{},0,0,{},327,,,0,0,,,,,NO_ACTION,,,,,,,,NO_EVENT,REVERSAL_LEG,[],FORMING,[],2026-07-31T10:24:00+05:30,EXIDEIND,0,False,0,,NO_SIGNAL
,,{},0,0,{},328,,,0,0,,,,,NO_ACTION,,,,,,,,NO_EVENT,DIRECTIONAL,[],LOCKED,"[""CONTINUATION:BLOCK"", ""REACCELERATION:BLOCK"", ""REVERSAL:BLOCK""]",2026-07-31T10:24:00+05:30,FORCEMOT,0,False,0,,NO_SIGNAL
,,{},0,0,{},329,,,0,0,,,,,NO_ACTION,,,,,,,,NO_EVENT,DIRECTIONAL,[],FORMING,[],2026-07-31T10:24:00+05:30,GLENMARK,0,False,0,,NO_SIGNAL
,,{},0,0,{},330,,,0,0,,,,,NO_ACTION,,,,,,,,NO_EVENT,NONE,[],NONE,[],2026-07-31T10:24:00+05:30,INDUSTOWER,0,False,0,,NO_SIGNAL
,,{},0,0,{},331,,,0,0,,,,,NO_ACTION,,,,,,,,"DIRECTIONAL_REVERSAL_CONFIRMED,DIRECTIONAL_COMPLETED,DIRECTIONAL_REVERSAL_LEG_STARTED",REVERSAL_LEG,"[""DIR:KALYANKJIL:2026-07-31:001:DOWN:094800:DIRECTIONAL_REVERSAL_CONFIRMED:102400"", ""DIR:KALYANKJIL:2026-07-31:001:DOWN:094800:DIRECTIONAL_COMPLETED:102400"", ""DIR:KALYANKJIL:2026-07-31:002:UP:102400:DIRECTIONAL_REVERSAL_LEG_STARTED:102400""]",NONE,"[""REVERSAL:WAIT""]",2026-07-31T10:24:00+05:30,KALYANKJIL,0,False,0,,NO_SIGNAL
,,{},0,0,{},332,,,0,0,,,,,NO_ACTION,,,,,,,,"DIRECTIONAL_REVERSAL_CONFIRMED,DIRECTIONAL_COMPLETED,DIRECTIONAL_REVERSAL_LEG_STARTED",REVERSAL_LEG,"[""DIR:MANAPPURAM:2026-07-31:003:UP:100000:DIRECTIONAL_REVERSAL_CONFIRMED:102400"", ""DIR:MANAPPURAM:2026-07-31:003:UP:100000:DIRECTIONAL_COMPLETED:102400"", ""DIR:MANAPPURAM:2026-07-31:004:DOWN:102400:DIRECTIONAL_REVERSAL_LEG_STARTED:102400""]",PROBABLE,"[""REVERSAL:WAIT""]",2026-07-31T10:24:00+05:30,MANAPPURAM,0,False,0,,NO_SIGNAL
,,{},0,0,{},333,,,0,0,,,,,NO_ACTION,,,,,,,,NO_EVENT,NONE,[],NONE,[],2026-07-31T10:24:00+05:30,PERSISTENT,0,False,0,,NO_SIGNAL
,,{},0,0,{},334,,,0,0,,,,,NO_ACTION,,,,,,,,NO_EVENT,DIRECTIONAL,[],LOCKED,"[""CONTINUATION:BLOCK"", ""REACCELERATION:BLOCK"", ""REVERSAL:BLOCK""]",2026-07-31T10:24:00+05:30,POWERINDIA,0,False,0,,NO_SIGNAL
,,{},0,0,{},335,,,0,0,,,,,NO_ACTION,,,,,,,,NO_EVENT,NONE,[],PROBABLE,[],2026-07-31T10:24:00+05:30,TCS,0,False,0,,NO_SIGNAL
,,{},0,0,{},336,,,0,0,,,,,NO_ACTION,,,,,,,,NO_EVENT,DIRECTIONAL,[],NONE,[],2026-07-31T10:24:00+05:30,TORNTPHARM,0,False,0,,NO_SIGNAL
,,{},0,0,{},337,,,0,0,,,,,NO_ACTION,,,,,,,,BALANCE_PROBABLE,DIRECTIONAL,"[""BAL:BHEL:2026-07-31:001:NEUTRAL:101500:BALANCE_PROBABLE:102700""]",PROBABLE,[],2026-07-31T10:27:00+05:30,BHEL,0,False,0,,NO_SIGNAL
,,{},0,0,{},338,,,0,0,,,,,NO_ACTION,,,,,,,,NO_EVENT,REVERSAL_LEG,[],NONE,[],2026-07-31T10:27:00+05:30,CHOLAFIN,0,False,0,,NO_SIGNAL
DIR:COFORGE:2026-07-31:002:DOWN:101500:DIRECTIONAL_REVERSAL_LEG_ESTABLISHED:102400,CAND:995ee50ff305357125723e26,"{""FILLED"": 3}",3,0,"{""NONE"": 3}",339,HOLD_POSITION,STRENGTHEN,0,3,OPP:995ee50ff305357125723e26,CAND:995ee50ff305357125723e26,OPP:995ee50ff305357125723e26,False,HOLD,NO_CREATION_EVENT,DIRECTIONAL,ALIGNED,2afed6e7-898c-5a79-8bf5-1d7891f21ccb,AUTHORITATIVE_DIRECTIONAL_ALIGNED,ACTIVE,OPEN,NO_EVENT,DIRECTIONAL,[],NONE,[],2026-07-31T10:27:00+05:30,COFORGE,3,True,3,,CREATED
DIR:DIVISLAB:2026-07-31:002:DOWN:100600:DIRECTIONAL_REVERSAL_LEG_ESTABLISHED:101800,CAND:6644484c352c701feebfdf31,"{""FILLED"": 3}",0,0,"{""NONE"": 3}",340,HOLD_POSITION,CAUTION,0,3,OPP:6644484c352c701feebfdf31,CAND:6644484c352c701feebfdf31,OPP:6644484c352c701feebfdf31,False,HOLD,NO_CREATION_EVENT,NONE,UNKNOWN,a73cb6c9-a388-53f1-92b2-41820e34edd3,NO_CURRENT_CREATION_EVENT,TRANSITION,OPEN,NO_EVENT,NONE,[],NONE,[],2026-07-31T10:27:00+05:30,DIVISLAB,3,True,0,TRADE_DECISION_NOT_ALLOWED,NOT_ELIGIBLE
,,"{""FILLED"": 3}",0,0,"{""NONE"": 3}",341,,,0,3,,,,,NO_ACTION,,,,,,,,"DIRECTIONAL_REVERSAL_LEG_FAILED,DIRECTIONAL_COMPLETED",COMPLETED,"[""DIR:EXIDEIND:2026-07-31:003:UP:102100:DIRECTIONAL_REVERSAL_LEG_FAILED:102700"", ""DIR:EXIDEIND:2026-07-31:003:UP:102100:DIRECTIONAL_COMPLETED:102700""]",FORMING,[],2026-07-31T10:27:00+05:30,EXIDEIND,3,False,0,,NO_SIGNAL
,,"{""FILLED"": 3}",0,0,"{""NONE"": 3}",342,,,0,3,,,,,NO_ACTION,,,,,,,,NO_EVENT,DIRECTIONAL,[],LOCKED,"[""CONTINUATION:BLOCK"", ""REACCELERATION:BLOCK"", ""REVERSAL:BLOCK""]",2026-07-31T10:27:00+05:30,FORCEMOT,3,False,0,,NO_SIGNAL
,,"{""FILLED"": 3}",0,0,"{""NONE"": 3}",343,,,0,3,,,,,NO_ACTION,,,,,,,,NO_EVENT,DIRECTIONAL,[],FORMING,[],2026-07-31T10:27:00+05:30,GLENMARK,3,False,0,,NO_SIGNAL
,,"{""FILLED"": 3}",0,0,"{""NONE"": 3}",344,,,0,3,,,,,NO_ACTION,,,,,,,,NO_EVENT,NONE,[],NONE,[],2026-07-31T10:27:00+05:30,INDUSTOWER,3,False,0,,NO_SIGNAL
,,"{""FILLED"": 3}",0,0,"{""NONE"": 3}",345,,,0,3,,,,,NO_ACTION,,,,,,,,NO_EVENT,REVERSAL_LEG,[],NONE,[],2026-07-31T10:27:00+05:30,KALYANKJIL,3,False,0,,NO_SIGNAL
,,"{""FILLED"": 3}",0,0,"{""NONE"": 3}",346,,,0,3,,,,,NO_ACTION,,,,,,,,NO_EVENT,REVERSAL_LEG,[],PROBABLE,[],2026-07-31T10:27:00+05:30,MANAPPURAM,3,False,0,,NO_SIGNAL
,,"{""FILLED"": 3}",0,0,"{""NONE"": 3}",347,,,0,3,,,,,NO_ACTION,,,,,,,,NO_EVENT,NONE,[],NONE,[],2026-07-31T10:27:00+05:30,PERSISTENT,3,False,0,,NO_SIGNAL
,,"{""FILLED"": 3}",0,0,"{""NONE"": 3}",348,,,0,3,,,,,NO_ACTION,,,,,,,,NO_EVENT,DIRECTIONAL,[],LOCKED,"[""CONTINUATION:BLOCK"", ""REACCELERATION:BLOCK"", ""REVERSAL:BLOCK""]",2026-07-31T10:27:00+05:30,POWERINDIA,3,False,0,,NO_SIGNAL
,,"{""FILLED"": 3}",0,0,"{""NONE"": 3}",349,,,0,3,,,,,NO_ACTION,,,,,,,,BALANCE_LOCKED,NONE,"[""BAL:TCS:2026-07-31:001:NEUTRAL:100600:BALANCE_LOCKED:102700""]",LOCKED,"[""CONTINUATION:BLOCK"", ""REACCELERATION:BLOCK"", ""REVERSAL:BLOCK""]",2026-07-31T10:27:00+05:30,TCS,3,False,0,,NO_SIGNAL
,,"{""FILLED"": 3}",0,0,"{""NONE"": 3}",350,,,0,3,,,,,NO_ACTION,,,,,,,,NO_EVENT,DIRECTIONAL,[],NONE,[],2026-07-31T10:27:00+05:30,TORNTPHARM,3,False,0,,NO_SIGNAL
,,"{""FILLED"": 3}",0,0,"{""NONE"": 3}",351,,,0,3,,,,,NO_ACTION,,,,,,,,NO_EVENT,DIRECTIONAL,[],PROBABLE,[],2026-07-31T10:30:00+05:30,BHEL,3,False,0,,NO_SIGNAL
,,"{""FILLED"": 3}",0,0,"{""NONE"": 3}",352,,,0,3,,,,,NO_ACTION,,,,,,,,NO_EVENT,REVERSAL_LEG,[],NONE,[],2026-07-31T10:30:00+05:30,CHOLAFIN,3,False,0,,NO_SIGNAL
DIR:COFORGE:2026-07-31:002:DOWN:101500:DIRECTIONAL_REVERSAL_LEG_ESTABLISHED:102400,CAND:995ee50ff305357125723e26,"{""FILLED"": 3}",0,0,"{""NONE"": 3}",353,HOLD_POSITION,CAUTION,0,3,OPP:995ee50ff305357125723e26,CAND:995ee50ff305357125723e26,OPP:995ee50ff305357125723e26,False,HOLD,NO_CREATION_EVENT,COMPLETED,ALIGNED,2afed6e7-898c-5a79-8bf5-1d7891f21ccb,NO_CURRENT_CREATION_EVENT,TRANSITION,OPEN,DIRECTIONAL_COMPLETED,COMPLETED,"[""DIR:COFORGE:2026-07-31:002:DOWN:101500:DIRECTIONAL_COMPLETED:103000""]",NONE,[],2026-07-31T10:30:00+05:30,COFORGE,3,False,0,,ALREADY_DEPLOYED
DIR:DIVISLAB:2026-07-31:002:DOWN:100600:DIRECTIONAL_REVERSAL_LEG_ESTABLISHED:101800,CAND:6644484c352c701feebfdf31,"{""FILLED"": 3}",0,0,"{""NONE"": 3}",354,HOLD_POSITION,CAUTION,0,3,OPP:6644484c352c701feebfdf31,CAND:6644484c352c701feebfdf31,OPP:6644484c352c701feebfdf31,False,HOLD,NO_CREATION_EVENT,NONE,UNKNOWN,a73cb6c9-a388-53f1-92b2-41820e34edd3,NO_CURRENT_CREATION_EVENT,TRANSITION,OPEN,NO_EVENT,NONE,[],NONE,[],2026-07-31T10:30:00+05:30,DIVISLAB,3,True,0,TRADE_DECISION_NOT_ALLOWED,NOT_ELIGIBLE
,,"{""FILLED"": 3}",0,0,"{""NONE"": 3}",355,,,0,3,,,,,NO_ACTION,,,,,,,,BALANCE_LOCKED,NONE,"[""BAL:EXIDEIND:2026-07-31:001:NEUTRAL:100900:BALANCE_LOCKED:103000""]",LOCKED,"[""CONTINUATION:BLOCK"", ""REACCELERATION:BLOCK"", ""REVERSAL:BLOCK""]",2026-07-31T10:30:00+05:30,EXIDEIND,3,False,0,,NO_SIGNAL
,,"{""FILLED"": 3}",0,0,"{""NONE"": 3}",356,,,0,3,,,,,NO_ACTION,,,,,,,,NO_EVENT,DIRECTIONAL,[],LOCKED,"[""CONTINUATION:BLOCK"", ""REACCELERATION:BLOCK"", ""REVERSAL:BLOCK""]",2026-07-31T10:30:00+05:30,FORCEMOT,3,False,0,,NO_SIGNAL
,,"{""FILLED"": 3}",0,0,"{""NONE"": 3}",357,,,0,3,,,,,NO_ACTION,,,,,,,,NO_EVENT,DIRECTIONAL,[],FORMING,[],2026-07-31T10:30:00+05:30,GLENMARK,3,False,0,,NO_SIGNAL
,,"{""FILLED"": 3}",0,0,"{""NONE"": 3}",358,,,0,3,,,,,NO_ACTION,,,,,,,,NO_EVENT,NONE,[],NONE,[],2026-07-31T10:30:00+05:30,INDUSTOWER,3,False,0,,NO_SIGNAL
,,"{""FILLED"": 3}",0,0,"{""NONE"": 3}",359,,,0,3,,,,,NO_ACTION,,,,,,,,NO_EVENT,REVERSAL_LEG,[],NONE,[],2026-07-31T10:30:00+05:30,KALYANKJIL,3,False,0,,NO_SIGNAL
,,"{""FILLED"": 3}",0,0,"{""NONE"": 3}",360,,,0,3,,,,,NO_ACTION,,,,,,,,"DIRECTIONAL_REVERSAL_LEG_FAILED,DIRECTIONAL_COMPLETED",COMPLETED,"[""DIR:MANAPPURAM:2026-07-31:004:DOWN:102400:DIRECTIONAL_REVERSAL_LEG_FAILED:103000"", ""DIR:MANAPPURAM:2026-07-31:004:DOWN:102400:DIRECTIONAL_COMPLETED:103000""]",PROBABLE,[],2026-07-31T10:30:00+05:30,MANAPPURAM,3,False,0,,NO_SIGNAL
,,"{""FILLED"": 3}",0,0,"{""NONE"": 3}",361,,,0,3,,,,,NO_ACTION,,,,,,,,NO_EVENT,NONE,[],NONE,[],2026-07-31T10:30:00+05:30,PERSISTENT,3,False,0,,NO_SIGNAL
,,"{""FILLED"": 3}",0,0,"{""NONE"": 3}",362,,,0,3,,,,,NO_ACTION,,,,,,,,NO_EVENT,DIRECTIONAL,[],LOCKED,"[""CONTINUATION:BLOCK"", ""REACCELERATION:BLOCK"", ""REVERSAL:BLOCK""]",2026-07-31T10:30:00+05:30,POWERINDIA,3,False,0,,NO_SIGNAL
,,"{""FILLED"": 3}",0,0,"{""NONE"": 3}",363,,,0,3,,,,,NO_ACTION,,,,,,,,NO_EVENT,NONE,[],LOCKED,"[""CONTINUATION:BLOCK"", ""REACCELERATION:BLOCK"", ""REVERSAL:BLOCK""]",2026-07-31T10:30:00+05:30,TCS,3,False,0,,NO_SIGNAL
,,"{""FILLED"": 3}",0,0,"{""NONE"": 3}",364,,,0,3,,,,,NO_ACTION,,,,,,,,NO_EVENT,DIRECTIONAL,[],NONE,[],2026-07-31T10:30:00+05:30,TORNTPHARM,3,False,0,,NO_SIGNAL
,,"{""FILLED"": 3}",0,0,"{""NONE"": 3}",365,,,0,3,,,,,NO_ACTION,,,,,,,,NO_EVENT,DIRECTIONAL,[],PROBABLE,[],2026-07-31T10:33:00+05:30,BHEL,3,False,0,,NO_SIGNAL
DIR:CHOLAFIN:2026-07-31:002:DOWN:102400:DIRECTIONAL_REVERSAL_LEG_ESTABLISHED:103300,CAND:c91e30e559c61ae9e4a8e30d,"{""FILLED"": 3}",0,0,"{""NONE"": 3}",366,CREATE_TRADE,STRENGTHEN,0,3,OPP:c91e30e559c61ae9e4a8e30d,CAND:c91e30e559c61ae9e4a8e30d,OPP:c91e30e559c61ae9e4a8e30d,False,CREATE,LOCAL_CONFIRMED,DIRECTIONAL,ALIGNED,aee40fe8-7759-5cec-902a-0db152fe528d,EVENT_DRIVEN_SETUP_CREATED,ACTIVE,OPEN,DIRECTIONAL_REVERSAL_LEG_ESTABLISHED,DIRECTIONAL,"[""DIR:CHOLAFIN:2026-07-31:002:DOWN:102400:DIRECTIONAL_REVERSAL_LEG_ESTABLISHED:103300""]",NONE,"[""REVERSAL:PERMIT""]",2026-07-31T10:33:00+05:30,CHOLAFIN,3,True,0,TRADE_DECISION_NOT_ALLOWED,NOT_ELIGIBLE
DIR:COFORGE:2026-07-31:002:DOWN:101500:DIRECTIONAL_REVERSAL_LEG_ESTABLISHED:102400,CAND:995ee50ff305357125723e26,"{""FILLED"": 3}",0,0,"{""NONE"": 3}",367,HOLD_POSITION,CAUTION,0,3,OPP:995ee50ff305357125723e26,CAND:995ee50ff305357125723e26,OPP:995ee50ff305357125723e26,False,HOLD,NO_CREATION_EVENT,NONE,UNKNOWN,2afed6e7-898c-5a79-8bf5-1d7891f21ccb,NO_CURRENT_CREATION_EVENT,TRANSITION,OPEN,NO_EVENT,NONE,[],NONE,[],2026-07-31T10:33:00+05:30,COFORGE,3,False,0,,ALREADY_DEPLOYED
DIR:DIVISLAB:2026-07-31:002:DOWN:100600:DIRECTIONAL_REVERSAL_LEG_ESTABLISHED:101800,CAND:6644484c352c701feebfdf31,"{""FILLED"": 3}",0,0,"{""NONE"": 3}",368,HOLD_POSITION,CAUTION,0,3,OPP:6644484c352c701feebfdf31,CAND:6644484c352c701feebfdf31,OPP:6644484c352c701feebfdf31,False,HOLD,NO_CREATION_EVENT,NONE,UNKNOWN,a73cb6c9-a388-53f1-92b2-41820e34edd3,NO_CURRENT_CREATION_EVENT,TRANSITION,OPEN,BALANCE_FORMING_STARTED,NONE,"[""BAL:DIVISLAB:2026-07-31:002:NEUTRAL:103300:BALANCE_FORMING_STARTED:103300""]",FORMING,[],2026-07-31T10:33:00+05:30,DIVISLAB,3,True,0,TRADE_DECISION_NOT_ALLOWED,NOT_ELIGIBLE
,,"{""FILLED"": 3}",0,0,"{""NONE"": 3}",369,,,0,3,,,,,NO_ACTION,,,,,,,,NO_EVENT,NONE,[],LOCKED,"[""CONTINUATION:BLOCK"", ""REACCELERATION:BLOCK"", ""REVERSAL:BLOCK""]",2026-07-31T10:33:00+05:30,EXIDEIND,3,False,0,,NO_SIGNAL
,,"{""FILLED"": 3}",0,0,"{""NONE"": 3}",370,,,0,3,,,,,NO_ACTION,,,,,,,,BALANCE_ESCAPE_STARTED,DIRECTIONAL,"[""BAL:FORCEMOT:2026-07-31:001:NEUTRAL:100000:BALANCE_ESCAPE_STARTED:103300""]",ESCAPE_WATCH,"[""ACCEPTED_BREAKOUT:WAIT"", ""BREAKOUT_INITIATION:PERMIT"", ""CONTINUATION:BLOCK"", ""FAILED_BREAKOUT:WAIT"", ""REACCELERATION:BLOCK"", ""REVERSAL:BLOCK""]",2026-07-31T10:33:00+05:30,FORCEMOT,3,False,0,,NO_SIGNAL
,,"{""FILLED"": 3}",0,0,"{""NONE"": 3}",371,,,0,3,,,,,NO_ACTION,,,,,,,,DIRECTIONAL_COMPLETED,COMPLETED,"[""DIR:GLENMARK:2026-07-31:001:UP:100900:DIRECTIONAL_COMPLETED:103300""]",FORMING,[],2026-07-31T10:33:00+05:30,GLENMARK,3,False,0,,NO_SIGNAL
,,"{""FILLED"": 3}",0,0,"{""NONE"": 3}",372,,,0,3,,,,,NO_ACTION,,,,,,,,NO_EVENT,NONE,[],NONE,[],2026-07-31T10:33:00+05:30,INDUSTOWER,3,False,0,,NO_SIGNAL
DIR:KALYANKJIL:2026-07-31:002:UP:102400:DIRECTIONAL_REVERSAL_LEG_ESTABLISHED:103300,CAND:158ac89230fbe44b1b3cdd63,"{""FILLED"": 3}",0,0,"{""NONE"": 3}",373,CREATE_TRADE,STRENGTHEN,0,3,OPP:158ac89230fbe44b1b3cdd63,CAND:158ac89230fbe44b1b3cdd63,OPP:158ac89230fbe44b1b3cdd63,False,CREATE,LOCAL_CONFIRMED,DIRECTIONAL,ALIGNED,0be5a943-6906-5924-af54-1d2dcca91257,EVENT_DRIVEN_SETUP_CREATED,ACTIVE,OPEN,DIRECTIONAL_REVERSAL_LEG_ESTABLISHED,DIRECTIONAL,"[""DIR:KALYANKJIL:2026-07-31:002:UP:102400:DIRECTIONAL_REVERSAL_LEG_ESTABLISHED:103300""]",NONE,"[""REVERSAL:PERMIT""]",2026-07-31T10:33:00+05:30,KALYANKJIL,3,True,0,TRADE_DECISION_NOT_ALLOWED,NOT_ELIGIBLE
,,"{""FILLED"": 3}",0,0,"{""NONE"": 3}",374,,,0,3,,,,,NO_ACTION,,,,,,,,NO_EVENT,NONE,[],PROBABLE,[],2026-07-31T10:33:00+05:30,MANAPPURAM,3,False,0,,NO_SIGNAL
,,"{""FILLED"": 3}",0,0,"{""NONE"": 3}",375,,,0,3,,,,,NO_ACTION,,,,,,,,NO_EVENT,NONE,[],NONE,[],2026-07-31T10:33:00+05:30,PERSISTENT,3,False,0,,NO_SIGNAL
,,"{""FILLED"": 3}",0,0,"{""NONE"": 3}",376,,,0,3,,,,,NO_ACTION,,,,,,,,NO_EVENT,DIRECTIONAL,[],LOCKED,"[""CONTINUATION:BLOCK"", ""REACCELERATION:BLOCK"", ""REVERSAL:BLOCK""]",2026-07-31T10:33:00+05:30,POWERINDIA,3,False,0,,NO_SIGNAL
,,"{""FILLED"": 3}",0,0,"{""NONE"": 3}",377,,,0,3,,,,,NO_ACTION,,,,,,,,NO_EVENT,NONE,[],LOCKED,"[""CONTINUATION:BLOCK"", ""REACCELERATION:BLOCK"", ""REVERSAL:BLOCK""]",2026-07-31T10:33:00+05:30,TCS,3,False,0,,NO_SIGNAL
,,"{""FILLED"": 3}",0,0,"{""NONE"": 3}",378,,,0,3,,,,,NO_ACTION,,,,,,,,NO_EVENT,DIRECTIONAL,[],NONE,[],2026-07-31T10:33:00+05:30,TORNTPHARM,3,False,0,,NO_SIGNAL
,,"{""FILLED"": 3}",0,0,"{""NONE"": 3}",379,,,0,3,,,,,NO_ACTION,,,,,,,,"BALANCE_LOCKED,DIRECTIONAL_REACCELERATION_CONFIRMED",DIRECTIONAL,"[""BAL:BHEL:2026-07-31:001:NEUTRAL:101500:BALANCE_LOCKED:103600"", ""DIR:BHEL:2026-07-31:003:UP:102400:DIRECTIONAL_REACCELERATION_CONFIRMED:103600""]",LOCKED,"[""CONTINUATION:BLOCK"", ""REACCELERATION:BLOCK"", ""REVERSAL:BLOCK""]",2026-07-31T10:36:00+05:30,BHEL,3,False,0,,NO_SIGNAL
DIR:CHOLAFIN:2026-07-31:002:DOWN:102400:DIRECTIONAL_REVERSAL_LEG_ESTABLISHED:103300,CAND:c91e30e559c61ae9e4a8e30d,"{""FILLED"": 3}",0,0,"{""NONE"": 3}",380,HOLD_POSITION,STRENGTHEN,0,3,OPP:c91e30e559c61ae9e4a8e30d,CAND:c91e30e559c61ae9e4a8e30d,OPP:c91e30e559c61ae9e4a8e30d,False,HOLD,NO_CREATION_EVENT,DIRECTIONAL,ALIGNED,aee40fe8-7759-5cec-902a-0db152fe528d,AUTHORITATIVE_DIRECTIONAL_ALIGNED,ACTIVE,OPEN,NO_EVENT,DIRECTIONAL,[],NONE,[],2026-07-31T10:36:00+05:30,CHOLAFIN,3,True,0,TRADE_DECISION_NOT_ALLOWED,NOT_ELIGIBLE
DIR:COFORGE:2026-07-31:002:DOWN:101500:DIRECTIONAL_REVERSAL_LEG_ESTABLISHED:102400,CAND:995ee50ff305357125723e26,"{""FILLED"": 3}",0,0,"{""NONE"": 3}",381,HOLD_POSITION,CAUTION,0,3,OPP:995ee50ff305357125723e26,CAND:995ee50ff305357125723e26,OPP:995ee50ff305357125723e26,False,HOLD,NO_CREATION_EVENT,NONE,UNKNOWN,2afed6e7-898c-5a79-8bf5-1d7891f21ccb,NO_CURRENT_CREATION_EVENT,TRANSITION,OPEN,BALANCE_FORMING_STARTED,NONE,"[""BAL:COFORGE:2026-07-31:002:NEUTRAL:103600:BALANCE_FORMING_STARTED:103600""]",FORMING,[],2026-07-31T10:36:00+05:30,COFORGE,3,False,0,,ALREADY_DEPLOYED
DIR:DIVISLAB:2026-07-31:002:DOWN:100600:DIRECTIONAL_REVERSAL_LEG_ESTABLISHED:101800,CAND:6644484c352c701feebfdf31,"{""FILLED"": 3}",0,0,"{""NONE"": 3}",382,HOLD_POSITION,CAUTION,0,3,OPP:6644484c352c701feebfdf31,CAND:6644484c352c701feebfdf31,OPP:6644484c352c701feebfdf31,False,HOLD,NO_CREATION_EVENT,NONE,UNKNOWN,a73cb6c9-a388-53f1-92b2-41820e34edd3,NO_CURRENT_CREATION_EVENT,TRANSITION,OPEN,NO_EVENT,NONE,[],FORMING,[],2026-07-31T10:36:00+05:30,DIVISLAB,3,True,0,TRADE_DECISION_NOT_ALLOWED,NOT_ELIGIBLE
,,"{""FILLED"": 3}",0,0,"{""NONE"": 3}",383,,,0,3,,,,,NO_ACTION,,,,,,,,NO_EVENT,NONE,[],LOCKED,"[""CONTINUATION:BLOCK"", ""REACCELERATION:BLOCK"", ""REVERSAL:BLOCK""]",2026-07-31T10:36:00+05:30,EXIDEIND,3,False,0,,NO_SIGNAL
,,"{""FILLED"": 3}",0,0,"{""NONE"": 3}",384,,,0,3,,,,,NO_ACTION,,,,,,,,BALANCE_ESCAPE_ACCEPTED,DIRECTIONAL,"[""BAL:FORCEMOT:2026-07-31:001:NEUTRAL:100000:BALANCE_ESCAPE_ACCEPTED:103600""]",ACCEPTED_OUTSIDE,"[""ACCEPTED_BREAKOUT:PERMIT""]",2026-07-31T10:36:00+05:30,FORCEMOT,3,False,0,,NO_SIGNAL
,,"{""FILLED"": 3}",0,0,"{""NONE"": 3}",385,,,0,3,,,,,NO_ACTION,,,,,,,,NO_EVENT,NONE,[],FORMING,[],2026-07-31T10:36:00+05:30,GLENMARK,3,False,0,,NO_SIGNAL
,,"{""FILLED"": 3}",0,0,"{""NONE"": 3}",386,,,0,3,,,,,NO_ACTION,,,,,,,,NO_EVENT,NONE,[],NONE,[],2026-07-31T10:36:00+05:30,INDUSTOWER,3,False,0,,NO_SIGNAL
DIR:KALYANKJIL:2026-07-31:002:UP:102400:DIRECTIONAL_REVERSAL_LEG_ESTABLISHED:103300,CAND:158ac89230fbe44b1b3cdd63,"{""FILLED"": 6}",3,0,"{""NONE"": 6}",387,HOLD_POSITION,STRENGTHEN,0,6,OPP:158ac89230fbe44b1b3cdd63,CAND:158ac89230fbe44b1b3cdd63,OPP:158ac89230fbe44b1b3cdd63,False,HOLD,NO_CREATION_EVENT,DIRECTIONAL,ALIGNED,0be5a943-6906-5924-af54-1d2dcca91257,AUTHORITATIVE_DIRECTIONAL_ALIGNED,ACTIVE,OPEN,NO_EVENT,DIRECTIONAL,[],NONE,[],2026-07-31T10:36:00+05:30,KALYANKJIL,6,True,3,,CREATED
,,"{""FILLED"": 6}",0,0,"{""NONE"": 6}",388,,,0,6,,,,,NO_ACTION,,,,,,,,NO_EVENT,NONE,[],PROBABLE,[],2026-07-31T10:36:00+05:30,MANAPPURAM,6,False,0,,NO_SIGNAL
,,"{""FILLED"": 6}",0,0,"{""NONE"": 6}",389,,,0,6,,,,,NO_ACTION,,,,,,,,BALANCE_FORMING_STARTED,NONE,"[""BAL:PERSISTENT:2026-07-31:002:NEUTRAL:103600:BALANCE_FORMING_STARTED:103600""]",FORMING,[],2026-07-31T10:36:00+05:30,PERSISTENT,6,False,0,,NO_SIGNAL
,,"{""FILLED"": 6}",0,0,"{""NONE"": 6}",390,,,0,6,,,,,NO_ACTION,,,,,,,,NO_EVENT,DIRECTIONAL,[],LOCKED,"[""CONTINUATION:BLOCK"", ""REACCELERATION:BLOCK"", ""REVERSAL:BLOCK""]",2026-07-31T10:36:00+05:30,POWERINDIA,6,False,0,,NO_SIGNAL
BAL:TCS:2026-07-31:001:NEUTRAL:100600:BALANCE_ESCAPE_STARTED:103600,CAND:02506b9e9c36e94d0d5e2f0e,"{""FILLED"": 6}",0,0,"{""NONE"": 6}",391,CREATE_TRADE,STRENGTHEN,0,6,OPP:02506b9e9c36e94d0d5e2f0e,CAND:02506b9e9c36e94d0d5e2f0e,OPP:02506b9e9c36e94d0d5e2f0e,False,CREATE,LOCAL_CONFIRMED,NONE,UNKNOWN,8ea01a85-4efa-5849-ac33-c03e0b01cda8,EVENT_DRIVEN_SETUP_CREATED,ACTIVE,OPEN,BALANCE_ESCAPE_STARTED,NONE,"[""BAL:TCS:2026-07-31:001:NEUTRAL:100600:BALANCE_ESCAPE_STARTED:103600""]",ESCAPE_WATCH,"[""ACCEPTED_BREAKOUT:WAIT"", ""BREAKOUT_INITIATION:PERMIT"", ""CONTINUATION:BLOCK"", ""FAILED_BREAKOUT:WAIT"", ""REACCELERATION:BLOCK"", ""REVERSAL:BLOCK""]",2026-07-31T10:36:00+05:30,TCS,6,True,0,TRADE_DECISION_NOT_ALLOWED,NOT_ELIGIBLE
,,"{""FILLED"": 6}",0,0,"{""NONE"": 6}",392,,,0,6,,,,,NO_ACTION,,,,,,,,NO_EVENT,DIRECTIONAL,[],NONE,[],2026-07-31T10:36:00+05:30,TORNTPHARM,6,False,0,,NO_SIGNAL
,,"{""FILLED"": 6}",0,0,"{""NONE"": 6}",393,,,0,6,,,,,NO_ACTION,,,,,,,,NO_EVENT,DIRECTIONAL,[],LOCKED,"[""CONTINUATION:BLOCK"", ""REACCELERATION:BLOCK"", ""REVERSAL:BLOCK""]",2026-07-31T10:39:00+05:30,BHEL,6,False,0,,NO_SIGNAL
DIR:CHOLAFIN:2026-07-31:002:DOWN:102400:DIRECTIONAL_REVERSAL_LEG_ESTABLISHED:103300,CAND:c91e30e559c61ae9e4a8e30d,"{""FILLED"": 6}",0,0,"{""NONE"": 6}",394,HOLD_POSITION,CAUTION,0,6,OPP:c91e30e559c61ae9e4a8e30d,CAND:c91e30e559c61ae9e4a8e30d,OPP:c91e30e559c61ae9e4a8e30d,False,HOLD,NO_CREATION_EVENT,COMPLETED,ALIGNED,aee40fe8-7759-5cec-902a-0db152fe528d,NO_CURRENT_CREATION_EVENT,TRANSITION,OPEN,DIRECTIONAL_COMPLETED,COMPLETED,"[""DIR:CHOLAFIN:2026-07-31:002:DOWN:102400:DIRECTIONAL_COMPLETED:103900""]",NONE,[],2026-07-31T10:39:00+05:30,CHOLAFIN,6,True,0,TRADE_DECISION_NOT_ALLOWED,NOT_ELIGIBLE
DIR:COFORGE:2026-07-31:002:DOWN:101500:DIRECTIONAL_REVERSAL_LEG_ESTABLISHED:102400,CAND:995ee50ff305357125723e26,"{""FILLED"": 6}",0,0,"{""NONE"": 6}",395,HOLD_POSITION,CAUTION,0,6,OPP:995ee50ff305357125723e26,CAND:995ee50ff305357125723e26,OPP:995ee50ff305357125723e26,False,HOLD,NO_CREATION_EVENT,NONE,UNKNOWN,2afed6e7-898c-5a79-8bf5-1d7891f21ccb,NO_CURRENT_CREATION_EVENT,TRANSITION,OPEN,NO_EVENT,NONE,[],FORMING,[],2026-07-31T10:39:00+05:30,COFORGE,6,False,0,,ALREADY_DEPLOYED
DIR:DIVISLAB:2026-07-31:002:DOWN:100600:DIRECTIONAL_REVERSAL_LEG_ESTABLISHED:101800,CAND:6644484c352c701feebfdf31,"{""FILLED"": 6}",0,0,"{""NONE"": 6}",396,HOLD_POSITION,CAUTION,0,6,OPP:6644484c352c701feebfdf31,CAND:6644484c352c701feebfdf31,OPP:6644484c352c701feebfdf31,False,HOLD,NO_CREATION_EVENT,NONE,UNKNOWN,a73cb6c9-a388-53f1-92b2-41820e34edd3,NO_CURRENT_CREATION_EVENT,TRANSITION,OPEN,NO_EVENT,NONE,[],FORMING,[],2026-07-31T10:39:00+05:30,DIVISLAB,6,True,0,TRADE_DECISION_NOT_ALLOWED,NOT_ELIGIBLE
,,"{""FILLED"": 6}",0,0,"{""NONE"": 6}",397,,,0,6,,,,,NO_ACTION,,,,,,,,NO_EVENT,NONE,[],LOCKED,"[""CONTINUATION:BLOCK"", ""REACCELERATION:BLOCK"", ""REVERSAL:BLOCK""]",2026-07-31T10:39:00+05:30,EXIDEIND,6,False,0,,NO_SIGNAL
,,"{""FILLED"": 6}",0,0,"{""NONE"": 6}",398,,,0,6,,,,,NO_ACTION,,,,,,,,"BALANCE_COMPLETED,DIRECTIONAL_MATURED",MATURE,"[""BAL:FORCEMOT:2026-07-31:001:NEUTRAL:100000:BALANCE_COMPLETED:103900"", ""DIR:FORCEMOT:2026-07-31:001:DOWN:100900:DIRECTIONAL_MATURED:103900""]",COMPLETED,[],2026-07-31T10:39:00+05:30,FORCEMOT,6,False,0,,NO_SIGNAL
,,"{""FILLED"": 6}",0,0,"{""NONE"": 6}",399,,,0,6,,,,,NO_ACTION,,,,,,,,NO_EVENT,NONE,[],FORMING,[],2026-07-31T10:39:00+05:30,GLENMARK,6,False,0,,NO_SIGNAL
,,"{""FILLED"": 6}",0,0,"{""NONE"": 6}",400,,,0,6,,,,,NO_ACTION,,,,,,,,NO_EVENT,NONE,[],NONE,[],2026-07-31T10:39:00+05:30,INDUSTOWER,6,False,0,,NO_SIGNAL
DIR:KALYANKJIL:2026-07-31:002:UP:102400:DIRECTIONAL_REVERSAL_LEG_ESTABLISHED:103300,CAND:158ac89230fbe44b1b3cdd63,"{""FILLED"": 6}",0,0,"{""NONE"": 6}",401,HOLD_POSITION,CAUTION,0,6,OPP:158ac89230fbe44b1b3cdd63,CAND:158ac89230fbe44b1b3cdd63,OPP:158ac89230fbe44b1b3cdd63,False,HOLD,NO_CREATION_EVENT,COMPLETED,ALIGNED,0be5a943-6906-5924-af54-1d2dcca91257,NO_CURRENT_CREATION_EVENT,TRANSITION,OPEN,DIRECTIONAL_COMPLETED,COMPLETED,"[""DIR:KALYANKJIL:2026-07-31:002:UP:102400:DIRECTIONAL_COMPLETED:103900""]",NONE,[],2026-07-31T10:39:00+05:30,KALYANKJIL,6,False,0,,ALREADY_DEPLOYED
,,"{""FILLED"": 6}",0,0,"{""NONE"": 6}",402,,,0,6,,,,,NO_ACTION,,,,,,,,NO_EVENT,NONE,[],PROBABLE,[],2026-07-31T10:39:00+05:30,MANAPPURAM,6,False,0,,NO_SIGNAL
,,"{""FILLED"": 6}",0,0,"{""NONE"": 6}",403,,,0,6,,,,,NO_ACTION,,,,,,,,NO_EVENT,NONE,[],FORMING,[],2026-07-31T10:39:00+05:30,PERSISTENT,6,False,0,,NO_SIGNAL
,,"{""FILLED"": 6}",0,0,"{""NONE"": 6}",404,,,0,6,,,,,NO_ACTION,,,,,,,,NO_EVENT,DIRECTIONAL,[],LOCKED,"[""CONTINUATION:BLOCK"", ""REACCELERATION:BLOCK"", ""REVERSAL:BLOCK""]",2026-07-31T10:39:00+05:30,POWERINDIA,6,False,0,,NO_SIGNAL
BAL:TCS:2026-07-31:001:NEUTRAL:100600:BALANCE_ESCAPE_STARTED:103600,CAND:02506b9e9c36e94d0d5e2f0e,"{""FILLED"": 6}",0,0,"{""NONE"": 6}",405,FORCE_EXIT,EXIT,0,6,OPP:02506b9e9c36e94d0d5e2f0e,CAND:02506b9e9c36e94d0d5e2f0e,OPP:02506b9e9c36e94d0d5e2f0e,True,CLOSE,EVENT_INVALIDATE,NONE,UNKNOWN,8ea01a85-4efa-5849-ac33-c03e0b01cda8,BALANCE_ESCAPE_FAILED_INVALIDATED_SETUP,FORCE_EXIT,INVALIDATED,BALANCE_ESCAPE_FAILED,NONE,"[""BAL:TCS:2026-07-31:001:NEUTRAL:100600:BALANCE_ESCAPE_FAILED:103900""]",FAILED_BACK_INSIDE,"[""CONTINUATION:BLOCK"", ""FAILED_BREAKOUT:PERMIT"", ""REACCELERATION:BLOCK"", ""REVERSAL:BLOCK""]",2026-07-31T10:39:00+05:30,TCS,6,True,0,TRADE_DECISION_NOT_ALLOWED,NOT_ELIGIBLE
,,"{""FILLED"": 6}",0,0,"{""NONE"": 6}",406,,,0,6,,,,,NO_ACTION,,,,,,,,BALANCE_FORMING_STARTED,DIRECTIONAL,"[""BAL:TORNTPHARM:2026-07-31:002:NEUTRAL:103900:BALANCE_FORMING_STARTED:103900""]",FORMING,[],2026-07-31T10:39:00+05:30,TORNTPHARM,6,False,0,,NO_SIGNAL
,,"{""FILLED"": 6}",0,0,"{""NONE"": 6}",407,,,0,6,,,,,NO_ACTION,,,,,,,,NO_EVENT,DIRECTIONAL,[],LOCKED,"[""CONTINUATION:BLOCK"", ""REACCELERATION:BLOCK"", ""REVERSAL:BLOCK""]",2026-07-31T10:42:00+05:30,BHEL,6,False,0,,NO_SIGNAL
DIR:CHOLAFIN:2026-07-31:002:DOWN:102400:DIRECTIONAL_REVERSAL_LEG_ESTABLISHED:103300,CAND:c91e30e559c61ae9e4a8e30d,"{""FILLED"": 6}",0,0,"{""NONE"": 6}",408,HOLD_POSITION,CAUTION,0,6,OPP:c91e30e559c61ae9e4a8e30d,CAND:c91e30e559c61ae9e4a8e30d,OPP:c91e30e559c61ae9e4a8e30d,False,HOLD,NO_CREATION_EVENT,NONE,UNKNOWN,aee40fe8-7759-5cec-902a-0db152fe528d,NO_CURRENT_CREATION_EVENT,TRANSITION,OPEN,NO_EVENT,NONE,[],NONE,[],2026-07-31T10:42:00+05:30,CHOLAFIN,6,True,0,TRADE_DECISION_NOT_ALLOWED,NOT_ELIGIBLE
DIR:COFORGE:2026-07-31:002:DOWN:101500:DIRECTIONAL_REVERSAL_LEG_ESTABLISHED:102400,CAND:995ee50ff305357125723e26,"{""FILLED"": 6}",0,0,"{""NONE"": 6}",409,HOLD_POSITION,CAUTION,0,6,OPP:995ee50ff305357125723e26,CAND:995ee50ff305357125723e26,OPP:995ee50ff305357125723e26,False,HOLD,NO_CREATION_EVENT,NONE,UNKNOWN,2afed6e7-898c-5a79-8bf5-1d7891f21ccb,NO_CURRENT_CREATION_EVENT,TRANSITION,OPEN,BALANCE_COMPLETED,NONE,"[""BAL:COFORGE:2026-07-31:002:NEUTRAL:103600:BALANCE_COMPLETED:104200""]",COMPLETED,[],2026-07-31T10:42:00+05:30,COFORGE,6,False,0,,ALREADY_DEPLOYED
DIR:DIVISLAB:2026-07-31:002:DOWN:100600:DIRECTIONAL_REVERSAL_LEG_ESTABLISHED:101800,CAND:6644484c352c701feebfdf31,"{""FILLED"": 6}",0,0,"{""NONE"": 6}",410,HOLD_POSITION,CAUTION,0,6,OPP:6644484c352c701feebfdf31,CAND:6644484c352c701feebfdf31,OPP:6644484c352c701feebfdf31,False,HOLD,NO_CREATION_EVENT,NONE,UNKNOWN,a73cb6c9-a388-53f1-92b2-41820e34edd3,NO_CURRENT_CREATION_EVENT,TRANSITION,OPEN,NO_EVENT,NONE,[],FORMING,[],2026-07-31T10:42:00+05:30,DIVISLAB,6,True,0,TRADE_DECISION_NOT_ALLOWED,NOT_ELIGIBLE
,,"{""FILLED"": 6}",0,0,"{""NONE"": 6}",411,,,0,6,,,,,NO_ACTION,,,,,,,,NO_EVENT,NONE,[],LOCKED,"[""CONTINUATION:BLOCK"", ""REACCELERATION:BLOCK"", ""REVERSAL:BLOCK""]",2026-07-31T10:42:00+05:30,EXIDEIND,6,False,0,,NO_SIGNAL
,,"{""FILLED"": 6}",0,0,"{""NONE"": 6}",412,,,0,6,,,,,NO_ACTION,,,,,,,,REVERSAL_WATCH_STARTED,REVERSAL_WATCH,"[""DIR:FORCEMOT:2026-07-31:001:DOWN:100900:REVERSAL_WATCH_STARTED:104200""]",NONE,[],2026-07-31T10:42:00+05:30,FORCEMOT,6,False,0,,NO_SIGNAL
,,"{""FILLED"": 6}",0,0,"{""NONE"": 6}",413,,,0,6,,,,,NO_ACTION,,,,,,,,NO_EVENT,NONE,[],FORMING,[],2026-07-31T10:42:00+05:30,GLENMARK,6,False,0,,NO_SIGNAL
,,"{""FILLED"": 6}",0,0,"{""NONE"": 6}",414,,,0,6,,,,,NO_ACTION,,,,,,,,NO_EVENT,NONE,[],NONE,[],2026-07-31T10:42:00+05:30,INDUSTOWER,6,False,0,,NO_SIGNAL
DIR:KALYANKJIL:2026-07-31:002:UP:102400:DIRECTIONAL_REVERSAL_LEG_ESTABLISHED:103300,CAND:158ac89230fbe44b1b3cdd63,"{""FILLED"": 6}",0,0,"{""NONE"": 6}",415,HOLD_POSITION,CAUTION,0,6,OPP:158ac89230fbe44b1b3cdd63,CAND:158ac89230fbe44b1b3cdd63,OPP:158ac89230fbe44b1b3cdd63,False,HOLD,NO_CREATION_EVENT,NONE,UNKNOWN,0be5a943-6906-5924-af54-1d2dcca91257,NO_CURRENT_CREATION_EVENT,TRANSITION,OPEN,NO_EVENT,NONE,[],NONE,[],2026-07-31T10:42:00+05:30,KALYANKJIL,6,False,0,,ALREADY_DEPLOYED
,,"{""FILLED"": 6}",0,0,"{""NONE"": 6}",416,,,0,6,,,,,NO_ACTION,,,,,,,,NO_EVENT,NONE,[],PROBABLE,[],2026-07-31T10:42:00+05:30,MANAPPURAM,6,False,0,,NO_SIGNAL
,,"{""FILLED"": 6}",0,0,"{""NONE"": 6}",417,,,0,6,,,,,NO_ACTION,,,,,,,,NO_EVENT,NONE,[],FORMING,[],2026-07-31T10:42:00+05:30,PERSISTENT,6,False,0,,NO_SIGNAL
,,"{""FILLED"": 6}",0,0,"{""NONE"": 6}",418,,,0,6,,,,,NO_ACTION,,,,,,,,NO_EVENT,DIRECTIONAL,[],LOCKED,"[""CONTINUATION:BLOCK"", ""REACCELERATION:BLOCK"", ""REVERSAL:BLOCK""]",2026-07-31T10:42:00+05:30,POWERINDIA,6,False,0,,NO_SIGNAL
BAL:TCS:2026-07-31:001:NEUTRAL:100600:BALANCE_ESCAPE_STARTED:103600,CAND:02506b9e9c36e94d0d5e2f0e,"{""FILLED"": 6}",0,0,"{""NONE"": 6}",419,FORCE_EXIT,EXIT,0,6,OPP:02506b9e9c36e94d0d5e2f0e,CAND:02506b9e9c36e94d0d5e2f0e,OPP:02506b9e9c36e94d0d5e2f0e,True,NO_ACTION,EVENT_INVALIDATE,NONE,UNKNOWN,8ea01a85-4efa-5849-ac33-c03e0b01cda8,BALANCE_ESCAPE_FAILED_INVALIDATED_SETUP,FORCE_EXIT,INVALIDATED,NO_EVENT,NONE,[],FAILED_BACK_INSIDE,"[""CONTINUATION:BLOCK"", ""REACCELERATION:BLOCK"", ""REVERSAL:BLOCK""]",2026-07-31T10:42:00+05:30,TCS,6,True,0,TRADE_DECISION_NOT_ALLOWED,NOT_ELIGIBLE
,,"{""FILLED"": 6}",0,0,"{""NONE"": 6}",420,,,0,6,,,,,NO_ACTION,,,,,,,,NO_EVENT,DIRECTIONAL,[],FORMING,[],2026-07-31T10:42:00+05:30,TORNTPHARM,6,False,0,,NO_SIGNAL
,,"{""FILLED"": 6}",0,0,"{""NONE"": 6}",421,,,0,6,,,,,NO_ACTION,,,,,,,,NO_EVENT,DIRECTIONAL,[],LOCKED,"[""CONTINUATION:BLOCK"", ""REACCELERATION:BLOCK"", ""REVERSAL:BLOCK""]",2026-07-31T10:45:00+05:30,BHEL,6,False,0,,NO_SIGNAL
DIR:CHOLAFIN:2026-07-31:002:DOWN:102400:DIRECTIONAL_REVERSAL_LEG_ESTABLISHED:103300,CAND:c91e30e559c61ae9e4a8e30d,"{""FILLED"": 6}",0,0,"{""NONE"": 6}",422,HOLD_POSITION,CAUTION,0,6,OPP:c91e30e559c61ae9e4a8e30d,CAND:c91e30e559c61ae9e4a8e30d,OPP:c91e30e559c61ae9e4a8e30d,False,HOLD,NO_CREATION_EVENT,DIRECTIONAL,OPPOSED,aee40fe8-7759-5cec-902a-0db152fe528d,AUTHORITATIVE_DIRECTION_OPPOSED,WEAKENING,OPEN,DIRECTIONAL_STARTED,DIRECTIONAL,"[""DIR:CHOLAFIN:2026-07-31:003:UP:104500:DIRECTIONAL_STARTED:104500""]",NONE,[],2026-07-31T10:45:00+05:30,CHOLAFIN,6,True,0,TRADE_DECISION_NOT_ALLOWED,NOT_ELIGIBLE
DIR:COFORGE:2026-07-31:002:DOWN:101500:DIRECTIONAL_REVERSAL_LEG_ESTABLISHED:102400,CAND:995ee50ff305357125723e26,"{""FILLED"": 6}",0,0,"{""NONE"": 6}",423,HOLD_POSITION,CAUTION,0,6,OPP:995ee50ff305357125723e26,CAND:995ee50ff305357125723e26,OPP:995ee50ff305357125723e26,False,HOLD,NO_CREATION_EVENT,NONE,UNKNOWN,2afed6e7-898c-5a79-8bf5-1d7891f21ccb,NO_CURRENT_CREATION_EVENT,TRANSITION,OPEN,NO_EVENT,NONE,[],NONE,[],2026-07-31T10:45:00+05:30,COFORGE,6,False,0,,ALREADY_DEPLOYED
DIR:DIVISLAB:2026-07-31:002:DOWN:100600:DIRECTIONAL_REVERSAL_LEG_ESTABLISHED:101800,CAND:6644484c352c701feebfdf31,"{""FILLED"": 6}",0,0,"{""NONE"": 6}",424,HOLD_POSITION,CAUTION,0,6,OPP:6644484c352c701feebfdf31,CAND:6644484c352c701feebfdf31,OPP:6644484c352c701feebfdf31,False,HOLD,NO_CREATION_EVENT,NONE,UNKNOWN,a73cb6c9-a388-53f1-92b2-41820e34edd3,NO_CURRENT_CREATION_EVENT,TRANSITION,OPEN,BALANCE_PROBABLE,NONE,"[""BAL:DIVISLAB:2026-07-31:002:NEUTRAL:103300:BALANCE_PROBABLE:104500""]",PROBABLE,[],2026-07-31T10:45:00+05:30,DIVISLAB,6,True,0,TRADE_DECISION_NOT_ALLOWED,NOT_ELIGIBLE
,,"{""FILLED"": 6}",0,0,"{""NONE"": 6}",425,,,0,6,,,,,NO_ACTION,,,,,,,,NO_EVENT,NONE,[],LOCKED,"[""CONTINUATION:BLOCK"", ""REACCELERATION:BLOCK"", ""REVERSAL:BLOCK""]",2026-07-31T10:45:00+05:30,EXIDEIND,6,False,0,,NO_SIGNAL
,,"{""FILLED"": 6}",0,0,"{""NONE"": 6}",426,,,0,6,,,,,NO_ACTION,,,,,,,,NO_EVENT,REVERSAL_WATCH,[],NONE,[],2026-07-31T10:45:00+05:30,FORCEMOT,6,False,0,,NO_SIGNAL
,,"{""FILLED"": 6}",0,0,"{""NONE"": 6}",427,,,0,6,,,,,NO_ACTION,,,,,,,,NO_EVENT,NONE,[],FORMING,[],2026-07-31T10:45:00+05:30,GLENMARK,6,False,0,,NO_SIGNAL
,,"{""FILLED"": 6}",0,0,"{""NONE"": 6}",428,,,0,6,,,,,NO_ACTION,,,,,,,,NO_EVENT,NONE,[],NONE,[],2026-07-31T10:45:00+05:30,INDUSTOWER,6,False,0,,NO_SIGNAL
DIR:KALYANKJIL:2026-07-31:002:UP:102400:DIRECTIONAL_REVERSAL_LEG_ESTABLISHED:103300,CAND:158ac89230fbe44b1b3cdd63,"{""FILLED"": 6}",0,0,"{""NONE"": 6}",429,HOLD_POSITION,CAUTION,0,6,OPP:158ac89230fbe44b1b3cdd63,CAND:158ac89230fbe44b1b3cdd63,OPP:158ac89230fbe44b1b3cdd63,False,HOLD,NO_CREATION_EVENT,DIRECTIONAL,OPPOSED,0be5a943-6906-5924-af54-1d2dcca91257,AUTHORITATIVE_DIRECTION_OPPOSED,WEAKENING,OPEN,DIRECTIONAL_STARTED,DIRECTIONAL,"[""DIR:KALYANKJIL:2026-07-31:003:DOWN:104500:DIRECTIONAL_STARTED:104500""]",NONE,[],2026-07-31T10:45:00+05:30,KALYANKJIL,6,False,0,,ALREADY_DEPLOYED
,,"{""FILLED"": 6}",0,0,"{""NONE"": 6}",430,,,0,6,,,,,NO_ACTION,,,,,,,,"BALANCE_COMPLETED,DIRECTIONAL_STARTED",DIRECTIONAL,"[""BAL:MANAPPURAM:2026-07-31:001:NEUTRAL:095700:BALANCE_COMPLETED:104500"", ""DIR:MANAPPURAM:2026-07-31:005:DOWN:104500:DIRECTIONAL_STARTED:104500""]",COMPLETED,[],2026-07-31T10:45:00+05:30,MANAPPURAM,6,False,0,,NO_SIGNAL
,,"{""FILLED"": 6}",0,0,"{""NONE"": 6}",431,,,0,6,,,,,NO_ACTION,,,,,,,,NO_EVENT,NONE,[],FORMING,[],2026-07-31T10:45:00+05:30,PERSISTENT,6,False,0,,NO_SIGNAL
,,"{""FILLED"": 6}",0,0,"{""NONE"": 6}",432,,,0,6,,,,,NO_ACTION,,,,,,,,NO_EVENT,DIRECTIONAL,[],LOCKED,"[""CONTINUATION:BLOCK"", ""REACCELERATION:BLOCK"", ""REVERSAL:BLOCK""]",2026-07-31T10:45:00+05:30,POWERINDIA,6,False,0,,NO_SIGNAL
BAL:TCS:2026-07-31:001:NEUTRAL:100600:BALANCE_ESCAPE_STARTED:103600,CAND:02506b9e9c36e94d0d5e2f0e,"{""FILLED"": 6}",0,0,"{""NONE"": 6}",433,FORCE_EXIT,EXIT,0,6,OPP:02506b9e9c36e94d0d5e2f0e,CAND:02506b9e9c36e94d0d5e2f0e,OPP:02506b9e9c36e94d0d5e2f0e,True,NO_ACTION,EVENT_INVALIDATE,NONE,UNKNOWN,8ea01a85-4efa-5849-ac33-c03e0b01cda8,BALANCE_ESCAPE_FAILED_INVALIDATED_SETUP,FORCE_EXIT,INVALIDATED,NO_EVENT,NONE,[],FAILED_BACK_INSIDE,"[""CONTINUATION:BLOCK"", ""REACCELERATION:BLOCK"", ""REVERSAL:BLOCK""]",2026-07-31T10:45:00+05:30,TCS,6,True,0,TRADE_DECISION_NOT_ALLOWED,NOT_ELIGIBLE
,,"{""FILLED"": 6}",0,0,"{""NONE"": 6}",434,,,0,6,,,,,NO_ACTION,,,,,,,,NO_EVENT,DIRECTIONAL,[],FORMING,[],2026-07-31T10:45:00+05:30,TORNTPHARM,6,False,0,,NO_SIGNAL
,,"{""FILLED"": 6}",0,0,"{""NONE"": 6}",435,,,0,6,,,,,NO_ACTION,,,,,,,,NO_EVENT,DIRECTIONAL,[],LOCKED,"[""CONTINUATION:BLOCK"", ""REACCELERATION:BLOCK"", ""REVERSAL:BLOCK""]",2026-07-31T10:48:00+05:30,BHEL,6,False,0,,NO_SIGNAL
DIR:CHOLAFIN:2026-07-31:002:DOWN:102400:DIRECTIONAL_REVERSAL_LEG_ESTABLISHED:103300,CAND:c91e30e559c61ae9e4a8e30d,"{""FILLED"": 6}",0,0,"{""NONE"": 6}",436,HOLD_POSITION,CAUTION,0,6,OPP:c91e30e559c61ae9e4a8e30d,CAND:c91e30e559c61ae9e4a8e30d,OPP:c91e30e559c61ae9e4a8e30d,False,HOLD,NO_CREATION_EVENT,DIRECTIONAL,OPPOSED,aee40fe8-7759-5cec-902a-0db152fe528d,AUTHORITATIVE_DIRECTION_OPPOSED,WEAKENING,OPEN,NO_EVENT,DIRECTIONAL,[],NONE,[],2026-07-31T10:48:00+05:30,CHOLAFIN,6,True,0,TRADE_DECISION_NOT_ALLOWED,NOT_ELIGIBLE
DIR:COFORGE:2026-07-31:002:DOWN:101500:DIRECTIONAL_REVERSAL_LEG_ESTABLISHED:102400,CAND:995ee50ff305357125723e26,"{""FILLED"": 6}",0,0,"{""NONE"": 6}",437,HOLD_POSITION,CAUTION,0,6,OPP:995ee50ff305357125723e26,CAND:995ee50ff305357125723e26,OPP:995ee50ff305357125723e26,False,HOLD,NO_CREATION_EVENT,NONE,UNKNOWN,2afed6e7-898c-5a79-8bf5-1d7891f21ccb,NO_CURRENT_CREATION_EVENT,TRANSITION,OPEN,NO_EVENT,NONE,[],NONE,[],2026-07-31T10:48:00+05:30,COFORGE,6,False,0,,ALREADY_DEPLOYED
DIR:DIVISLAB:2026-07-31:002:DOWN:100600:DIRECTIONAL_REVERSAL_LEG_ESTABLISHED:101800,CAND:6644484c352c701feebfdf31,"{""FILLED"": 6}",0,0,"{""NONE"": 6}",438,HOLD_POSITION,CAUTION,0,6,OPP:6644484c352c701feebfdf31,CAND:6644484c352c701feebfdf31,OPP:6644484c352c701feebfdf31,False,HOLD,NO_CREATION_EVENT,NONE,UNKNOWN,a73cb6c9-a388-53f1-92b2-41820e34edd3,NO_CURRENT_CREATION_EVENT,TRANSITION,OPEN,NO_EVENT,NONE,[],PROBABLE,[],2026-07-31T10:48:00+05:30,DIVISLAB,6,True,0,TRADE_DECISION_NOT_ALLOWED,NOT_ELIGIBLE
,,"{""FILLED"": 6}",0,0,"{""NONE"": 6}",439,,,0,6,,,,,NO_ACTION,,,,,,,,NO_EVENT,NONE,[],LOCKED,"[""CONTINUATION:BLOCK"", ""REACCELERATION:BLOCK"", ""REVERSAL:BLOCK""]",2026-07-31T10:48:00+05:30,EXIDEIND,6,False,0,,NO_SIGNAL
,,"{""FILLED"": 6}",0,0,"{""NONE"": 6}",440,,,0,6,,,,,NO_ACTION,,,,,,,,NO_EVENT,REVERSAL_WATCH,[],NONE,[],2026-07-31T10:48:00+05:30,FORCEMOT,6,False,0,,NO_SIGNAL
,,"{""FILLED"": 6}",0,0,"{""NONE"": 6}",441,,,0,6,,,,,NO_ACTION,,,,,,,,BALANCE_PROBABLE,NONE,"[""BAL:GLENMARK:2026-07-31:001:NEUTRAL:101200:BALANCE_PROBABLE:104800""]",PROBABLE,[],2026-07-31T10:48:00+05:30,GLENMARK,6,False,0,,NO_SIGNAL
,,"{""FILLED"": 6}",0,0,"{""NONE"": 6}",442,,,0,6,,,,,NO_ACTION,,,,,,,,NO_EVENT,NONE,[],NONE,[],2026-07-31T10:48:00+05:30,INDUSTOWER,6,False,0,,NO_SIGNAL
DIR:KALYANKJIL:2026-07-31:002:UP:102400:DIRECTIONAL_REVERSAL_LEG_ESTABLISHED:103300,CAND:158ac89230fbe44b1b3cdd63,"{""FILLED"": 6}",0,0,"{""NONE"": 6}",443,HOLD_POSITION,CAUTION,0,6,OPP:158ac89230fbe44b1b3cdd63,CAND:158ac89230fbe44b1b3cdd63,OPP:158ac89230fbe44b1b3cdd63,False,HOLD,NO_CREATION_EVENT,MATURE,OPPOSED,0be5a943-6906-5924-af54-1d2dcca91257,AUTHORITATIVE_DIRECTION_OPPOSED,WEAKENING,OPEN,DIRECTIONAL_MATURED,MATURE,"[""DIR:KALYANKJIL:2026-07-31:003:DOWN:104500:DIRECTIONAL_MATURED:104800""]",NONE,[],2026-07-31T10:48:00+05:30,KALYANKJIL,6,False,0,,ALREADY_DEPLOYED
,,"{""FILLED"": 6}",0,0,"{""NONE"": 6}",444,,,0,6,,,,,NO_ACTION,,,,,,,,DIRECTIONAL_MATURED,MATURE,"[""DIR:MANAPPURAM:2026-07-31:005:DOWN:104500:DIRECTIONAL_MATURED:104800""]",NONE,[],2026-07-31T10:48:00+05:30,MANAPPURAM,6,False,0,,NO_SIGNAL
,,"{""FILLED"": 6}",0,0,"{""NONE"": 6}",445,,,0,6,,,,,NO_ACTION,,,,,,,,BALANCE_PROBABLE,NONE,"[""BAL:PERSISTENT:2026-07-31:002:NEUTRAL:103600:BALANCE_PROBABLE:104800""]",PROBABLE,[],2026-07-31T10:48:00+05:30,PERSISTENT,6,False,0,,NO_SIGNAL
,,"{""FILLED"": 6}",0,0,"{""NONE"": 6}",446,,,0,6,,,,,NO_ACTION,,,,,,,,NO_EVENT,DIRECTIONAL,[],LOCKED,"[""CONTINUATION:BLOCK"", ""REACCELERATION:BLOCK"", ""REVERSAL:BLOCK""]",2026-07-31T10:48:00+05:30,POWERINDIA,6,False,0,,NO_SIGNAL
BAL:TCS:2026-07-31:001:NEUTRAL:100600:BALANCE_ESCAPE_STARTED:103600,CAND:02506b9e9c36e94d0d5e2f0e,"{""FILLED"": 6}",0,0,"{""NONE"": 6}",447,FORCE_EXIT,EXIT,0,6,OPP:02506b9e9c36e94d0d5e2f0e,CAND:02506b9e9c36e94d0d5e2f0e,OPP:02506b9e9c36e94d0d5e2f0e,True,NO_ACTION,EVENT_INVALIDATE,NONE,UNKNOWN,8ea01a85-4efa-5849-ac33-c03e0b01cda8,BALANCE_ESCAPE_FAILED_INVALIDATED_SETUP,FORCE_EXIT,INVALIDATED,NO_EVENT,NONE,[],FAILED_BACK_INSIDE,"[""CONTINUATION:BLOCK"", ""REACCELERATION:BLOCK"", ""REVERSAL:BLOCK""]",2026-07-31T10:48:00+05:30,TCS,6,True,0,TRADE_DECISION_NOT_ALLOWED,NOT_ELIGIBLE
,,"{""FILLED"": 6}",0,0,"{""NONE"": 6}",448,,,0,6,,,,,NO_ACTION,,,,,,,,DIRECTIONAL_MATURED,MATURE,"[""DIR:TORNTPHARM:2026-07-31:001:DOWN:093300:DIRECTIONAL_MATURED:104800""]",FORMING,[],2026-07-31T10:48:00+05:30,TORNTPHARM,6,False,0,,NO_SIGNAL
,,"{""FILLED"": 6}",0,0,"{""NONE"": 6}",449,,,0,6,,,,,NO_ACTION,,,,,,,,NO_EVENT,DIRECTIONAL,[],LOCKED,"[""CONTINUATION:BLOCK"", ""REACCELERATION:BLOCK"", ""REVERSAL:BLOCK""]",2026-07-31T10:51:00+05:30,BHEL,6,False,0,,NO_SIGNAL
DIR:CHOLAFIN:2026-07-31:002:DOWN:102400:DIRECTIONAL_REVERSAL_LEG_ESTABLISHED:103300,CAND:c91e30e559c61ae9e4a8e30d,"{""FILLED"": 6}",0,0,"{""NONE"": 6}",450,HOLD_POSITION,CAUTION,0,6,OPP:c91e30e559c61ae9e4a8e30d,CAND:c91e30e559c61ae9e4a8e30d,OPP:c91e30e559c61ae9e4a8e30d,False,HOLD,NO_CREATION_EVENT,DIRECTIONAL,OPPOSED,aee40fe8-7759-5cec-902a-0db152fe528d,AUTHORITATIVE_DIRECTION_OPPOSED,WEAKENING,OPEN,NO_EVENT,DIRECTIONAL,[],NONE,[],2026-07-31T10:51:00+05:30,CHOLAFIN,6,True,0,TRADE_DECISION_NOT_ALLOWED,NOT_ELIGIBLE
DIR:COFORGE:2026-07-31:002:DOWN:101500:DIRECTIONAL_REVERSAL_LEG_ESTABLISHED:102400,CAND:995ee50ff305357125723e26,"{""FILLED"": 6}",0,0,"{""NONE"": 6}",451,HOLD_POSITION,CAUTION,0,6,OPP:995ee50ff305357125723e26,CAND:995ee50ff305357125723e26,OPP:995ee50ff305357125723e26,False,HOLD,NO_CREATION_EVENT,NONE,UNKNOWN,2afed6e7-898c-5a79-8bf5-1d7891f21ccb,NO_CURRENT_CREATION_EVENT,TRANSITION,OPEN,NO_EVENT,NONE,[],NONE,[],2026-07-31T10:51:00+05:30,COFORGE,6,False,0,,ALREADY_DEPLOYED
DIR:DIVISLAB:2026-07-31:002:DOWN:100600:DIRECTIONAL_REVERSAL_LEG_ESTABLISHED:101800,CAND:6644484c352c701feebfdf31,"{""FILLED"": 6}",0,0,"{""NONE"": 6}",452,HOLD_POSITION,CAUTION,0,6,OPP:6644484c352c701feebfdf31,CAND:6644484c352c701feebfdf31,OPP:6644484c352c701feebfdf31,False,HOLD,NO_CREATION_EVENT,NONE,UNKNOWN,a73cb6c9-a388-53f1-92b2-41820e34edd3,NO_CURRENT_CREATION_EVENT,TRANSITION,OPEN,NO_EVENT,NONE,[],PROBABLE,[],2026-07-31T10:51:00+05:30,DIVISLAB,6,True,0,TRADE_DECISION_NOT_ALLOWED,NOT_ELIGIBLE
,,"{""FILLED"": 6}",0,0,"{""NONE"": 6}",453,,,0,6,,,,,NO_ACTION,,,,,,,,NO_EVENT,NONE,[],LOCKED,"[""CONTINUATION:BLOCK"", ""REACCELERATION:BLOCK"", ""REVERSAL:BLOCK""]",2026-07-31T10:51:00+05:30,EXIDEIND,6,False,0,,NO_SIGNAL
,,"{""FILLED"": 6}",0,0,"{""NONE"": 6}",454,,,0,6,,,,,NO_ACTION,,,,,,,,NO_EVENT,REVERSAL_WATCH,[],NONE,[],2026-07-31T10:51:00+05:30,FORCEMOT,6,False,0,,NO_SIGNAL
,,"{""FILLED"": 6}",0,0,"{""NONE"": 6}",455,,,0,6,,,,,NO_ACTION,,,,,,,,BALANCE_LOCKED,NONE,"[""BAL:GLENMARK:2026-07-31:001:NEUTRAL:101200:BALANCE_LOCKED:105100""]",LOCKED,"[""CONTINUATION:BLOCK"", ""REACCELERATION:BLOCK"", ""REVERSAL:BLOCK""]",2026-07-31T10:51:00+05:30,GLENMARK,6,False,0,,NO_SIGNAL
,,"{""FILLED"": 6}",0,0,"{""NONE"": 6}",456,,,0,6,,,,,NO_ACTION,,,,,,,,DIRECTIONAL_STARTED,DIRECTIONAL,"[""DIR:INDUSTOWER:2026-07-31:003:UP:105100:DIRECTIONAL_STARTED:105100""]",NONE,[],2026-07-31T10:51:00+05:30,INDUSTOWER,6,False,0,,NO_SIGNAL
DIR:KALYANKJIL:2026-07-31:002:UP:102400:DIRECTIONAL_REVERSAL_LEG_ESTABLISHED:103300,CAND:158ac89230fbe44b1b3cdd63,"{""FILLED"": 6}",0,0,"{""NONE"": 6}",457,HOLD_POSITION,CAUTION,0,6,OPP:158ac89230fbe44b1b3cdd63,CAND:158ac89230fbe44b1b3cdd63,OPP:158ac89230fbe44b1b3cdd63,False,HOLD,NO_CREATION_EVENT,REVERSAL_WATCH,OPPOSED,0be5a943-6906-5924-af54-1d2dcca91257,AUTHORITATIVE_REVERSAL_WATCH,PROTECT,OPEN,"BALANCE_FORMING_STARTED,REVERSAL_WATCH_STARTED",REVERSAL_WATCH,"[""BAL:KALYANKJIL:2026-07-31:002:NEUTRAL:105100:BALANCE_FORMING_STARTED:105100"", ""DIR:KALYANKJIL:2026-07-31:003:DOWN:104500:REVERSAL_WATCH_STARTED:105100""]",FORMING,[],2026-07-31T10:51:00+05:30,KALYANKJIL,6,False,0,,ALREADY_DEPLOYED
,,"{""FILLED"": 6}",0,0,"{""NONE"": 6}",458,,,0,6,,,,,NO_ACTION,,,,,,,,REVERSAL_WATCH_STARTED,REVERSAL_WATCH,"[""DIR:MANAPPURAM:2026-07-31:005:DOWN:104500:REVERSAL_WATCH_STARTED:105100""]",NONE,[],2026-07-31T10:51:00+05:30,MANAPPURAM,6,False,0,,NO_SIGNAL
,,"{""FILLED"": 6}",0,0,"{""NONE"": 6}",459,,,0,6,,,,,NO_ACTION,,,,,,,,NO_EVENT,NONE,[],PROBABLE,[],2026-07-31T10:51:00+05:30,PERSISTENT,6,False,0,,NO_SIGNAL
,,"{""FILLED"": 6}",0,0,"{""NONE"": 6}",460,,,0,6,,,,,NO_ACTION,,,,,,,,NO_EVENT,DIRECTIONAL,[],LOCKED,"[""CONTINUATION:BLOCK"", ""REACCELERATION:BLOCK"", ""REVERSAL:BLOCK""]",2026-07-31T10:51:00+05:30,POWERINDIA,6,False,0,,NO_SIGNAL
BAL:TCS:2026-07-31:001:NEUTRAL:100600:BALANCE_ESCAPE_STARTED:103600,CAND:02506b9e9c36e94d0d5e2f0e,"{""FILLED"": 6}",0,0,"{""NONE"": 6}",461,FORCE_EXIT,EXIT,0,6,OPP:02506b9e9c36e94d0d5e2f0e,CAND:02506b9e9c36e94d0d5e2f0e,OPP:02506b9e9c36e94d0d5e2f0e,True,NO_ACTION,EVENT_INVALIDATE,NONE,UNKNOWN,8ea01a85-4efa-5849-ac33-c03e0b01cda8,BALANCE_ESCAPE_FAILED_INVALIDATED_SETUP,FORCE_EXIT,INVALIDATED,NO_EVENT,NONE,[],FAILED_BACK_INSIDE,"[""CONTINUATION:BLOCK"", ""REACCELERATION:BLOCK"", ""REVERSAL:BLOCK""]",2026-07-31T10:51:00+05:30,TCS,6,True,0,TRADE_DECISION_NOT_ALLOWED,NOT_ELIGIBLE
,,"{""FILLED"": 6}",0,0,"{""NONE"": 6}",462,,,0,6,,,,,NO_ACTION,,,,,,,,REVERSAL_WATCH_STARTED,REVERSAL_WATCH,"[""DIR:TORNTPHARM:2026-07-31:001:DOWN:093300:REVERSAL_WATCH_STARTED:105100""]",FORMING,[],2026-07-31T10:51:00+05:30,TORNTPHARM,6,False,0,,NO_SIGNAL
,,"{""FILLED"": 6}",0,0,"{""NONE"": 6}",463,,,0,6,,,,,NO_ACTION,,,,,,,,NO_EVENT,DIRECTIONAL,[],LOCKED,"[""CONTINUATION:BLOCK"", ""REACCELERATION:BLOCK"", ""REVERSAL:BLOCK""]",2026-07-31T10:54:00+05:30,BHEL,6,False,0,,NO_SIGNAL
DIR:CHOLAFIN:2026-07-31:002:DOWN:102400:DIRECTIONAL_REVERSAL_LEG_ESTABLISHED:103300,CAND:c91e30e559c61ae9e4a8e30d,"{""FILLED"": 6}",0,0,"{""NONE"": 6}",464,HOLD_POSITION,CAUTION,0,6,OPP:c91e30e559c61ae9e4a8e30d,CAND:c91e30e559c61ae9e4a8e30d,OPP:c91e30e559c61ae9e4a8e30d,False,HOLD,NO_CREATION_EVENT,DIRECTIONAL,OPPOSED,aee40fe8-7759-5cec-902a-0db152fe528d,AUTHORITATIVE_DIRECTION_OPPOSED,WEAKENING,OPEN,NO_EVENT,DIRECTIONAL,[],NONE,[],2026-07-31T10:54:00+05:30,CHOLAFIN,6,True,0,TRADE_DECISION_NOT_ALLOWED,NOT_ELIGIBLE
DIR:COFORGE:2026-07-31:002:DOWN:101500:DIRECTIONAL_REVERSAL_LEG_ESTABLISHED:102400,CAND:995ee50ff305357125723e26,"{""FILLED"": 6}",0,0,"{""NONE"": 6}",465,HOLD_POSITION,CAUTION,0,6,OPP:995ee50ff305357125723e26,CAND:995ee50ff305357125723e26,OPP:995ee50ff305357125723e26,False,HOLD,NO_CREATION_EVENT,NONE,UNKNOWN,2afed6e7-898c-5a79-8bf5-1d7891f21ccb,NO_CURRENT_CREATION_EVENT,TRANSITION,OPEN,NO_EVENT,NONE,[],NONE,[],2026-07-31T10:54:00+05:30,COFORGE,6,False,0,,ALREADY_DEPLOYED
DIR:DIVISLAB:2026-07-31:002:DOWN:100600:DIRECTIONAL_REVERSAL_LEG_ESTABLISHED:101800,CAND:6644484c352c701feebfdf31,"{""FILLED"": 6}",0,0,"{""NONE"": 6}",466,HOLD_POSITION,CAUTION,0,6,OPP:6644484c352c701feebfdf31,CAND:6644484c352c701feebfdf31,OPP:6644484c352c701feebfdf31,False,HOLD,NO_CREATION_EVENT,NONE,UNKNOWN,a73cb6c9-a388-53f1-92b2-41820e34edd3,NO_CURRENT_CREATION_EVENT,TRANSITION,OPEN,NO_EVENT,NONE,[],PROBABLE,[],2026-07-31T10:54:00+05:30,DIVISLAB,6,True,0,TRADE_DECISION_NOT_ALLOWED,NOT_ELIGIBLE
,,"{""FILLED"": 6}",0,0,"{""NONE"": 6}",467,,,0,6,,,,,NO_ACTION,,,,,,,,NO_EVENT,NONE,[],LOCKED,"[""CONTINUATION:BLOCK"", ""REACCELERATION:BLOCK"", ""REVERSAL:BLOCK""]",2026-07-31T10:54:00+05:30,EXIDEIND,6,False,0,,NO_SIGNAL
,,"{""FILLED"": 6}",0,0,"{""NONE"": 6}",468,,,0,6,,,,,NO_ACTION,,,,,,,,"DIRECTIONAL_REVERSAL_CONFIRMED,DIRECTIONAL_COMPLETED,DIRECTIONAL_REVERSAL_LEG_STARTED",REVERSAL_LEG,"[""DIR:FORCEMOT:2026-07-31:001:DOWN:100900:DIRECTIONAL_REVERSAL_CONFIRMED:105400"", ""DIR:FORCEMOT:2026-07-31:001:DOWN:100900:DIRECTIONAL_COMPLETED:105400"", ""DIR:FORCEMOT:2026-07-31:002:UP:105400:DIRECTIONAL_REVERSAL_LEG_STARTED:105400""]",NONE,"[""REVERSAL:WAIT""]",2026-07-31T10:54:00+05:30,FORCEMOT,6,False,0,,NO_SIGNAL
,,"{""FILLED"": 6}",0,0,"{""NONE"": 6}",469,,,0,6,,,,,NO_ACTION,,,,,,,,NO_EVENT,NONE,[],LOCKED,"[""CONTINUATION:BLOCK"", ""REACCELERATION:BLOCK"", ""REVERSAL:BLOCK""]",2026-07-31T10:54:00+05:30,GLENMARK,6,False,0,,NO_SIGNAL
,,"{""FILLED"": 6}",0,0,"{""NONE"": 6}",470,,,0,6,,,,,NO_ACTION,,,,,,,,NO_EVENT,DIRECTIONAL,[],NONE,[],2026-07-31T10:54:00+05:30,INDUSTOWER,6,False,0,,NO_SIGNAL
DIR:KALYANKJIL:2026-07-31:002:UP:102400:DIRECTIONAL_REVERSAL_LEG_ESTABLISHED:103300,CAND:158ac89230fbe44b1b3cdd63,"{""FILLED"": 6}",0,0,"{""NONE"": 6}",471,HOLD_POSITION,STRENGTHEN,0,6,OPP:158ac89230fbe44b1b3cdd63,CAND:158ac89230fbe44b1b3cdd63,OPP:158ac89230fbe44b1b3cdd63,False,HOLD,NO_CREATION_EVENT,REVERSAL_LEG,ALIGNED,0be5a943-6906-5924-af54-1d2dcca91257,AUTHORITATIVE_DIRECTIONAL_ALIGNED,ACTIVE,OPEN,"DIRECTIONAL_REVERSAL_CONFIRMED,DIRECTIONAL_COMPLETED,DIRECTIONAL_REVERSAL_LEG_STARTED",REVERSAL_LEG,"[""DIR:KALYANKJIL:2026-07-31:003:DOWN:104500:DIRECTIONAL_REVERSAL_CONFIRMED:105400"", ""DIR:KALYANKJIL:2026-07-31:003:DOWN:104500:DIRECTIONAL_COMPLETED:105400"", ""DIR:KALYANKJIL:2026-07-31:004:UP:105400:DIRECTIONAL_REVERSAL_LEG_STARTED:105400""]",FORMING,"[""REVERSAL:WAIT""]",2026-07-31T10:54:00+05:30,KALYANKJIL,6,False,0,,ALREADY_DEPLOYED
,,"{""FILLED"": 6}",0,0,"{""NONE"": 6}",472,,,0,6,,,,,NO_ACTION,,,,,,,,NO_EVENT,REVERSAL_WATCH,[],NONE,[],2026-07-31T10:54:00+05:30,MANAPPURAM,6,False,0,,NO_SIGNAL
,,"{""FILLED"": 6}",0,0,"{""NONE"": 6}",473,,,0,6,,,,,NO_ACTION,,,,,,,,NO_EVENT,NONE,[],PROBABLE,[],2026-07-31T10:54:00+05:30,PERSISTENT,6,False,0,,NO_SIGNAL
,,"{""FILLED"": 6}",0,0,"{""NONE"": 6}",474,,,0,6,,,,,NO_ACTION,,,,,,,,NO_EVENT,DIRECTIONAL,[],LOCKED,"[""CONTINUATION:BLOCK"", ""REACCELERATION:BLOCK"", ""REVERSAL:BLOCK""]",2026-07-31T10:54:00+05:30,POWERINDIA,6,False,0,,NO_SIGNAL
BAL:TCS:2026-07-31:001:NEUTRAL:100600:BALANCE_ESCAPE_STARTED:103600,CAND:02506b9e9c36e94d0d5e2f0e,"{""FILLED"": 6}",0,0,"{""NONE"": 6}",475,FORCE_EXIT,EXIT,0,6,OPP:02506b9e9c36e94d0d5e2f0e,CAND:02506b9e9c36e94d0d5e2f0e,OPP:02506b9e9c36e94d0d5e2f0e,True,NO_ACTION,EVENT_INVALIDATE,NONE,UNKNOWN,8ea01a85-4efa-5849-ac33-c03e0b01cda8,BALANCE_ESCAPE_FAILED_INVALIDATED_SETUP,FORCE_EXIT,INVALIDATED,NO_EVENT,NONE,[],FAILED_BACK_INSIDE,"[""CONTINUATION:BLOCK"", ""REACCELERATION:BLOCK"", ""REVERSAL:BLOCK""]",2026-07-31T10:54:00+05:30,TCS,6,True,0,TRADE_DECISION_NOT_ALLOWED,NOT_ELIGIBLE
,,"{""FILLED"": 6}",0,0,"{""NONE"": 6}",476,,,0,6,,,,,NO_ACTION,,,,,,,,BALANCE_COMPLETED,REVERSAL_WATCH,"[""BAL:TORNTPHARM:2026-07-31:002:NEUTRAL:103900:BALANCE_COMPLETED:105400""]",COMPLETED,[],2026-07-31T10:54:00+05:30,TORNTPHARM,6,False,0,,NO_SIGNAL
,,"{""FILLED"": 6}",0,0,"{""NONE"": 6}",477,,,0,6,,,,,NO_ACTION,,,,,,,,NO_EVENT,DIRECTIONAL,[],LOCKED,"[""CONTINUATION:BLOCK"", ""REACCELERATION:BLOCK"", ""REVERSAL:BLOCK""]",2026-07-31T10:57:00+05:30,BHEL,6,False,0,,NO_SIGNAL
DIR:CHOLAFIN:2026-07-31:002:DOWN:102400:DIRECTIONAL_REVERSAL_LEG_ESTABLISHED:103300,CAND:c91e30e559c61ae9e4a8e30d,"{""FILLED"": 6}",0,0,"{""NONE"": 6}",478,HOLD_POSITION,CAUTION,0,6,OPP:c91e30e559c61ae9e4a8e30d,CAND:c91e30e559c61ae9e4a8e30d,OPP:c91e30e559c61ae9e4a8e30d,False,HOLD,NO_CREATION_EVENT,DIRECTIONAL,OPPOSED,aee40fe8-7759-5cec-902a-0db152fe528d,AUTHORITATIVE_DIRECTION_OPPOSED,WEAKENING,OPEN,NO_EVENT,DIRECTIONAL,[],NONE,[],2026-07-31T10:57:00+05:30,CHOLAFIN,6,True,0,TRADE_DECISION_NOT_ALLOWED,NOT_ELIGIBLE
DIR:COFORGE:2026-07-31:002:DOWN:101500:DIRECTIONAL_REVERSAL_LEG_ESTABLISHED:102400,CAND:995ee50ff305357125723e26,"{""FILLED"": 6}",0,0,"{""NONE"": 6}",479,HOLD_POSITION,CAUTION,0,6,OPP:995ee50ff305357125723e26,CAND:995ee50ff305357125723e26,OPP:995ee50ff305357125723e26,False,HOLD,NO_CREATION_EVENT,NONE,UNKNOWN,2afed6e7-898c-5a79-8bf5-1d7891f21ccb,NO_CURRENT_CREATION_EVENT,TRANSITION,OPEN,BALANCE_FORMING_STARTED,NONE,"[""BAL:COFORGE:2026-07-31:003:NEUTRAL:105700:BALANCE_FORMING_STARTED:105700""]",FORMING,[],2026-07-31T10:57:00+05:30,COFORGE,6,False,0,,ALREADY_DEPLOYED
DIR:DIVISLAB:2026-07-31:002:DOWN:100600:DIRECTIONAL_REVERSAL_LEG_ESTABLISHED:101800,CAND:6644484c352c701feebfdf31,"{""FILLED"": 6}",0,0,"{""NONE"": 6}",480,HOLD_POSITION,CAUTION,0,6,OPP:6644484c352c701feebfdf31,CAND:6644484c352c701feebfdf31,OPP:6644484c352c701feebfdf31,False,HOLD,NO_CREATION_EVENT,NONE,UNKNOWN,a73cb6c9-a388-53f1-92b2-41820e34edd3,NO_CURRENT_CREATION_EVENT,TRANSITION,OPEN,NO_EVENT,NONE,[],PROBABLE,[],2026-07-31T10:57:00+05:30,DIVISLAB,6,True,0,TRADE_DECISION_NOT_ALLOWED,NOT_ELIGIBLE
,,"{""FILLED"": 6}",0,0,"{""NONE"": 6}",481,,,0,6,,,,,NO_ACTION,,,,,,,,NO_EVENT,NONE,[],LOCKED,"[""CONTINUATION:BLOCK"", ""REACCELERATION:BLOCK"", ""REVERSAL:BLOCK""]",2026-07-31T10:57:00+05:30,EXIDEIND,6,False,0,,NO_SIGNAL
,,"{""FILLED"": 6}",0,0,"{""NONE"": 6}",482,,,0,6,,,,,NO_ACTION,,,,,,,,NO_EVENT,REVERSAL_LEG,[],NONE,[],2026-07-31T10:57:00+05:30,FORCEMOT,6,False,0,,NO_SIGNAL
,,"{""FILLED"": 6}",0,0,"{""NONE"": 6}",483,,,0,6,,,,,NO_ACTION,,,,,,,,NO_EVENT,NONE,[],LOCKED,"[""CONTINUATION:BLOCK"", ""REACCELERATION:BLOCK"", ""REVERSAL:BLOCK""]",2026-07-31T10:57:00+05:30,GLENMARK,6,False,0,,NO_SIGNAL
,,"{""FILLED"": 6}",0,0,"{""NONE"": 6}",484,,,0,6,,,,,NO_ACTION,,,,,,,,DIRECTIONAL_MATURED,MATURE,"[""DIR:INDUSTOWER:2026-07-31:003:UP:105100:DIRECTIONAL_MATURED:105700""]",NONE,[],2026-07-31T10:57:00+05:30,INDUSTOWER,6,False,0,,NO_SIGNAL
DIR:KALYANKJIL:2026-07-31:002:UP:102400:DIRECTIONAL_REVERSAL_LEG_ESTABLISHED:103300,CAND:158ac89230fbe44b1b3cdd63,"{""FILLED"": 6}",0,0,"{""NONE"": 6}",485,HOLD_POSITION,STRENGTHEN,0,6,OPP:158ac89230fbe44b1b3cdd63,CAND:158ac89230fbe44b1b3cdd63,OPP:158ac89230fbe44b1b3cdd63,False,HOLD,NO_CREATION_EVENT,REVERSAL_LEG,ALIGNED,0be5a943-6906-5924-af54-1d2dcca91257,AUTHORITATIVE_DIRECTIONAL_ALIGNED,ACTIVE,OPEN,NO_EVENT,REVERSAL_LEG,[],FORMING,[],2026-07-31T10:57:00+05:30,KALYANKJIL,6,False,0,,ALREADY_DEPLOYED
,,"{""FILLED"": 6}",0,0,"{""NONE"": 6}",486,,,0,6,,,,,NO_ACTION,,,,,,,,NO_EVENT,REVERSAL_WATCH,[],NONE,[],2026-07-31T10:57:00+05:30,MANAPPURAM,6,False,0,,NO_SIGNAL
,,"{""FILLED"": 6}",0,0,"{""NONE"": 6}",487,,,0,6,,,,,NO_ACTION,,,,,,,,BALANCE_LOCKED,NONE,"[""BAL:PERSISTENT:2026-07-31:002:NEUTRAL:103600:BALANCE_LOCKED:105700""]",LOCKED,"[""CONTINUATION:BLOCK"", ""REACCELERATION:BLOCK"", ""REVERSAL:BLOCK""]",2026-07-31T10:57:00+05:30,PERSISTENT,6,False,0,,NO_SIGNAL
,,"{""FILLED"": 6}",0,0,"{""NONE"": 6}",488,,,0,6,,,,,NO_ACTION,,,,,,,,NO_EVENT,DIRECTIONAL,[],LOCKED,"[""CONTINUATION:BLOCK"", ""REACCELERATION:BLOCK"", ""REVERSAL:BLOCK""]",2026-07-31T10:57:00+05:30,POWERINDIA,6,False,0,,NO_SIGNAL
BAL:TCS:2026-07-31:001:NEUTRAL:100600:BALANCE_ESCAPE_STARTED:103600,CAND:02506b9e9c36e94d0d5e2f0e,"{""FILLED"": 6}",0,0,"{""NONE"": 6}",489,FORCE_EXIT,EXIT,0,6,OPP:02506b9e9c36e94d0d5e2f0e,CAND:02506b9e9c36e94d0d5e2f0e,OPP:02506b9e9c36e94d0d5e2f0e,True,NO_ACTION,EVENT_INVALIDATE,NONE,UNKNOWN,8ea01a85-4efa-5849-ac33-c03e0b01cda8,BALANCE_ESCAPE_FAILED_INVALIDATED_SETUP,FORCE_EXIT,INVALIDATED,NO_EVENT,NONE,[],FAILED_BACK_INSIDE,"[""CONTINUATION:BLOCK"", ""REACCELERATION:BLOCK"", ""REVERSAL:BLOCK""]",2026-07-31T10:57:00+05:30,TCS,6,True,0,TRADE_DECISION_NOT_ALLOWED,NOT_ELIGIBLE
,,"{""FILLED"": 6}",0,0,"{""NONE"": 6}",490,,,0,6,,,,,NO_ACTION,,,,,,,,"DIRECTIONAL_REVERSAL_CONFIRMED,DIRECTIONAL_COMPLETED,DIRECTIONAL_REVERSAL_LEG_STARTED",REVERSAL_LEG,"[""DIR:TORNTPHARM:2026-07-31:001:DOWN:093300:DIRECTIONAL_REVERSAL_CONFIRMED:105700"", ""DIR:TORNTPHARM:2026-07-31:001:DOWN:093300:DIRECTIONAL_COMPLETED:105700"", ""DIR:TORNTPHARM:2026-07-31:002:UP:105700:DIRECTIONAL_REVERSAL_LEG_STARTED:105700""]",NONE,"[""REVERSAL:WAIT""]",2026-07-31T10:57:00+05:30,TORNTPHARM,6,False,0,,NO_SIGNAL
,,"{""FILLED"": 6}",0,0,"{""NONE"": 6}",491,,,0,6,,,,,NO_ACTION,,,,,,,,NO_EVENT,DIRECTIONAL,[],LOCKED,"[""CONTINUATION:BLOCK"", ""REACCELERATION:BLOCK"", ""REVERSAL:BLOCK""]",2026-07-31T11:00:00+05:30,BHEL,6,False,0,,NO_SIGNAL
DIR:CHOLAFIN:2026-07-31:002:DOWN:102400:DIRECTIONAL_REVERSAL_LEG_ESTABLISHED:103300,CAND:c91e30e559c61ae9e4a8e30d,"{""FILLED"": 6}",0,0,"{""NONE"": 6}",492,HOLD_POSITION,CAUTION,0,6,OPP:c91e30e559c61ae9e4a8e30d,CAND:c91e30e559c61ae9e4a8e30d,OPP:c91e30e559c61ae9e4a8e30d,False,HOLD,NO_CREATION_EVENT,DIRECTIONAL,OPPOSED,aee40fe8-7759-5cec-902a-0db152fe528d,AUTHORITATIVE_DIRECTION_OPPOSED,WEAKENING,OPEN,NO_EVENT,DIRECTIONAL,[],NONE,[],2026-07-31T11:00:00+05:30,CHOLAFIN,6,True,0,TRADE_DECISION_NOT_ALLOWED,NOT_ELIGIBLE
DIR:COFORGE:2026-07-31:002:DOWN:101500:DIRECTIONAL_REVERSAL_LEG_ESTABLISHED:102400,CAND:995ee50ff305357125723e26,"{""FILLED"": 6}",0,0,"{""NONE"": 6}",493,HOLD_POSITION,CAUTION,0,6,OPP:995ee50ff305357125723e26,CAND:995ee50ff305357125723e26,OPP:995ee50ff305357125723e26,False,HOLD,NO_CREATION_EVENT,NONE,UNKNOWN,2afed6e7-898c-5a79-8bf5-1d7891f21ccb,NO_CURRENT_CREATION_EVENT,TRANSITION,OPEN,NO_EVENT,NONE,[],FORMING,[],2026-07-31T11:00:00+05:30,COFORGE,6,False,0,,ALREADY_DEPLOYED
DIR:DIVISLAB:2026-07-31:002:DOWN:100600:DIRECTIONAL_REVERSAL_LEG_ESTABLISHED:101800,CAND:6644484c352c701feebfdf31,"{""FILLED"": 6}",0,0,"{""NONE"": 6}",494,HOLD_POSITION,CAUTION,0,6,OPP:6644484c352c701feebfdf31,CAND:6644484c352c701feebfdf31,OPP:6644484c352c701feebfdf31,False,HOLD,NO_CREATION_EVENT,NONE,UNKNOWN,a73cb6c9-a388-53f1-92b2-41820e34edd3,NO_CURRENT_CREATION_EVENT,TRANSITION,OPEN,NO_EVENT,NONE,[],PROBABLE,[],2026-07-31T11:00:00+05:30,DIVISLAB,6,True,0,TRADE_DECISION_NOT_ALLOWED,NOT_ELIGIBLE
,,"{""FILLED"": 6}",0,0,"{""NONE"": 6}",495,,,0,6,,,,,NO_ACTION,,,,,,,,NO_EVENT,NONE,[],LOCKED,"[""CONTINUATION:BLOCK"", ""REACCELERATION:BLOCK"", ""REVERSAL:BLOCK""]",2026-07-31T11:00:00+05:30,EXIDEIND,6,False,0,,NO_SIGNAL
DIR:FORCEMOT:2026-07-31:002:UP:105400:DIRECTIONAL_REVERSAL_LEG_ESTABLISHED:110000,CAND:32b3a707960484f98d8399a7,"{""FILLED"": 6}",0,0,"{""NONE"": 6}",496,CREATE_TRADE,STRENGTHEN,0,6,OPP:32b3a707960484f98d8399a7,CAND:32b3a707960484f98d8399a7,OPP:32b3a707960484f98d8399a7,False,CREATE,LOCAL_CONFIRMED,DIRECTIONAL,ALIGNED,76d65cfd-3f5f-5419-81f1-24a924660ce7,EVENT_DRIVEN_SETUP_CREATED,ACTIVE,OPEN,DIRECTIONAL_REVERSAL_LEG_ESTABLISHED,DIRECTIONAL,"[""DIR:FORCEMOT:2026-07-31:002:UP:105400:DIRECTIONAL_REVERSAL_LEG_ESTABLISHED:110000""]",NONE,"[""REVERSAL:PERMIT""]",2026-07-31T11:00:00+05:30,FORCEMOT,6,True,0,TRADE_DECISION_NOT_ALLOWED,NOT_ELIGIBLE
,,"{""FILLED"": 6}",0,0,"{""NONE"": 6}",497,,,0,6,,,,,NO_ACTION,,,,,,,,NO_EVENT,NONE,[],LOCKED,"[""CONTINUATION:BLOCK"", ""REACCELERATION:BLOCK"", ""REVERSAL:BLOCK""]",2026-07-31T11:00:00+05:30,GLENMARK,6,False,0,,NO_SIGNAL
,,"{""FILLED"": 6}",0,0,"{""NONE"": 6}",498,,,0,6,,,,,NO_ACTION,,,,,,,,REVERSAL_WATCH_STARTED,REVERSAL_WATCH,"[""DIR:INDUSTOWER:2026-07-31:003:UP:105100:REVERSAL_WATCH_STARTED:110000""]",NONE,[],2026-07-31T11:00:00+05:30,INDUSTOWER,6,False,0,,NO_SIGNAL
DIR:KALYANKJIL:2026-07-31:002:UP:102400:DIRECTIONAL_REVERSAL_LEG_ESTABLISHED:103300,CAND:158ac89230fbe44b1b3cdd63,"{""FILLED"": 6}",0,3,"{""FILLED"": 3, ""NONE"": 3}",499,FORCE_EXIT,EXIT,0,6,OPP:158ac89230fbe44b1b3cdd63,CAND:158ac89230fbe44b1b3cdd63,OPP:158ac89230fbe44b1b3cdd63,True,CLOSE,EVENT_INVALIDATE,COMPLETED,ALIGNED,0be5a943-6906-5924-af54-1d2dcca91257,DIRECTIONAL_REVERSAL_LEG_FAILED_INVALIDATED_OPPOSITE_ACTIVE_SIGNAL,FORCE_EXIT,INVALIDATED,"DIRECTIONAL_REVERSAL_LEG_FAILED,DIRECTIONAL_COMPLETED",COMPLETED,"[""DIR:KALYANKJIL:2026-07-31:004:UP:105400:DIRECTIONAL_REVERSAL_LEG_FAILED:110000"", ""DIR:KALYANKJIL:2026-07-31:004:UP:105400:DIRECTIONAL_COMPLETED:110000""]",FORMING,[],2026-07-31T11:00:00+05:30,KALYANKJIL,6,False,0,,ALREADY_DEPLOYED
,,"{""FILLED"": 6}",0,0,"{""FILLED"": 3, ""NONE"": 3}",500,,,0,3,,,,,NO_ACTION,,,,,,,,BALANCE_FORMING_STARTED,REVERSAL_WATCH,"[""BAL:MANAPPURAM:2026-07-31:002:NEUTRAL:110000:BALANCE_FORMING_STARTED:110000""]",FORMING,[],2026-07-31T11:00:00+05:30,MANAPPURAM,6,False,0,,NO_SIGNAL
,,"{""FILLED"": 6}",0,0,"{""FILLED"": 3, ""NONE"": 3}",501,,,0,3,,,,,NO_ACTION,,,,,,,,NO_EVENT,NONE,[],LOCKED,"[""CONTINUATION:BLOCK"", ""REACCELERATION:BLOCK"", ""REVERSAL:BLOCK""]",2026-07-31T11:00:00+05:30,PERSISTENT,6,False,0,,NO_SIGNAL
,,"{""FILLED"": 6}",0,0,"{""FILLED"": 3, ""NONE"": 3}",502,,,0,3,,,,,NO_ACTION,,,,,,,,NO_EVENT,DIRECTIONAL,[],LOCKED,"[""CONTINUATION:BLOCK"", ""REACCELERATION:BLOCK"", ""REVERSAL:BLOCK""]",2026-07-31T11:00:00+05:30,POWERINDIA,6,False,0,,NO_SIGNAL
BAL:TCS:2026-07-31:001:NEUTRAL:100600:BALANCE_ESCAPE_STARTED:103600,CAND:02506b9e9c36e94d0d5e2f0e,"{""FILLED"": 6}",0,0,"{""FILLED"": 3, ""NONE"": 3}",503,FORCE_EXIT,EXIT,0,3,OPP:02506b9e9c36e94d0d5e2f0e,CAND:02506b9e9c36e94d0d5e2f0e,OPP:02506b9e9c36e94d0d5e2f0e,True,NO_ACTION,EVENT_INVALIDATE,NONE,UNKNOWN,8ea01a85-4efa-5849-ac33-c03e0b01cda8,BALANCE_ESCAPE_FAILED_INVALIDATED_SETUP,FORCE_EXIT,INVALIDATED,NO_EVENT,NONE,[],FAILED_BACK_INSIDE,"[""CONTINUATION:BLOCK"", ""REACCELERATION:BLOCK"", ""REVERSAL:BLOCK""]",2026-07-31T11:00:00+05:30,TCS,6,True,0,TRADE_DECISION_NOT_ALLOWED,NOT_ELIGIBLE
,,"{""FILLED"": 6}",0,0,"{""FILLED"": 3, ""NONE"": 3}",504,,,0,3,,,,,NO_ACTION,,,,,,,,NO_EVENT,REVERSAL_LEG,[],NONE,[],2026-07-31T11:00:00+05:30,TORNTPHARM,6,False,0,,NO_SIGNAL
,,"{""FILLED"": 6}",0,0,"{""FILLED"": 3, ""NONE"": 3}",505,,,0,3,,,,,NO_ACTION,,,,,,,,BALANCE_ESCAPE_STARTED,DIRECTIONAL,"[""BAL:BHEL:2026-07-31:001:NEUTRAL:101500:BALANCE_ESCAPE_STARTED:110300""]",ESCAPE_WATCH,"[""ACCEPTED_BREAKOUT:WAIT"", ""BREAKOUT_INITIATION:PERMIT"", ""CONTINUATION:BLOCK"", ""FAILED_BREAKOUT:WAIT"", ""REACCELERATION:BLOCK"", ""REVERSAL:BLOCK""]",2026-07-31T11:03:00+05:30,BHEL,6,False,0,,NO_SIGNAL
DIR:CHOLAFIN:2026-07-31:002:DOWN:102400:DIRECTIONAL_REVERSAL_LEG_ESTABLISHED:103300,CAND:c91e30e559c61ae9e4a8e30d,"{""FILLED"": 6}",0,0,"{""FILLED"": 3, ""NONE"": 3}",506,HOLD_POSITION,CAUTION,0,3,OPP:c91e30e559c61ae9e4a8e30d,CAND:c91e30e559c61ae9e4a8e30d,OPP:c91e30e559c61ae9e4a8e30d,False,HOLD,NO_CREATION_EVENT,MATURE,OPPOSED,aee40fe8-7759-5cec-902a-0db152fe528d,AUTHORITATIVE_DIRECTION_OPPOSED,WEAKENING,OPEN,DIRECTIONAL_MATURED,MATURE,"[""DIR:CHOLAFIN:2026-07-31:003:UP:104500:DIRECTIONAL_MATURED:110300""]",NONE,[],2026-07-31T11:03:00+05:30,CHOLAFIN,6,True,0,TRADE_DECISION_NOT_ALLOWED,NOT_ELIGIBLE
DIR:COFORGE:2026-07-31:002:DOWN:101500:DIRECTIONAL_REVERSAL_LEG_ESTABLISHED:102400,CAND:995ee50ff305357125723e26,"{""FILLED"": 6}",0,0,"{""FILLED"": 3, ""NONE"": 3}",507,HOLD_POSITION,CAUTION,0,3,OPP:995ee50ff305357125723e26,CAND:995ee50ff305357125723e26,OPP:995ee50ff305357125723e26,False,HOLD,NO_CREATION_EVENT,NONE,UNKNOWN,2afed6e7-898c-5a79-8bf5-1d7891f21ccb,NO_CURRENT_CREATION_EVENT,TRANSITION,OPEN,NO_EVENT,NONE,[],FORMING,[],2026-07-31T11:03:00+05:30,COFORGE,6,False,0,,ALREADY_DEPLOYED
DIR:DIVISLAB:2026-07-31:002:DOWN:100600:DIRECTIONAL_REVERSAL_LEG_ESTABLISHED:101800,CAND:6644484c352c701feebfdf31,"{""FILLED"": 6}",0,0,"{""FILLED"": 3, ""NONE"": 3}",508,HOLD_POSITION,CAUTION,0,3,OPP:6644484c352c701feebfdf31,CAND:6644484c352c701feebfdf31,OPP:6644484c352c701feebfdf31,False,HOLD,NO_CREATION_EVENT,NONE,UNKNOWN,a73cb6c9-a388-53f1-92b2-41820e34edd3,NO_CURRENT_CREATION_EVENT,TRANSITION,OPEN,NO_EVENT,NONE,[],PROBABLE,[],2026-07-31T11:03:00+05:30,DIVISLAB,6,True,0,TRADE_DECISION_NOT_ALLOWED,NOT_ELIGIBLE
,,"{""FILLED"": 6}",0,0,"{""FILLED"": 3, ""NONE"": 3}",509,,,0,3,,,,,NO_ACTION,,,,,,,,NO_EVENT,NONE,[],LOCKED,"[""CONTINUATION:BLOCK"", ""REACCELERATION:BLOCK"", ""REVERSAL:BLOCK""]",2026-07-31T11:03:00+05:30,EXIDEIND,6,False,0,,NO_SIGNAL
DIR:FORCEMOT:2026-07-31:002:UP:105400:DIRECTIONAL_REVERSAL_LEG_ESTABLISHED:110000,CAND:32b3a707960484f98d8399a7,"{""FILLED"": 9}",3,0,"{""FILLED"": 3, ""NONE"": 6}",510,HOLD_POSITION,STRENGTHEN,0,6,OPP:32b3a707960484f98d8399a7,CAND:32b3a707960484f98d8399a7,OPP:32b3a707960484f98d8399a7,False,HOLD,NO_CREATION_EVENT,DIRECTIONAL,ALIGNED,76d65cfd-3f5f-5419-81f1-24a924660ce7,AUTHORITATIVE_DIRECTIONAL_ALIGNED,ACTIVE,OPEN,NO_EVENT,DIRECTIONAL,[],NONE,[],2026-07-31T11:03:00+05:30,FORCEMOT,9,True,3,,CREATED
,,"{""FILLED"": 9}",0,0,"{""FILLED"": 3, ""NONE"": 6}",511,,,0,6,,,,,NO_ACTION,,,,,,,,NO_EVENT,NONE,[],LOCKED,"[""CONTINUATION:BLOCK"", ""REACCELERATION:BLOCK"", ""REVERSAL:BLOCK""]",2026-07-31T11:03:00+05:30,GLENMARK,9,False,0,,NO_SIGNAL
,,"{""FILLED"": 9}",0,0,"{""FILLED"": 3, ""NONE"": 6}",512,,,0,6,,,,,NO_ACTION,,,,,,,,NO_EVENT,REVERSAL_WATCH,[],NONE,[],2026-07-31T11:03:00+05:30,INDUSTOWER,9,False,0,,NO_SIGNAL
DIR:KALYANKJIL:2026-07-31:002:UP:102400:DIRECTIONAL_REVERSAL_LEG_ESTABLISHED:103300,CAND:158ac89230fbe44b1b3cdd63,"{""FILLED"": 9}",0,0,"{""FILLED"": 3, ""NONE"": 6}",513,FORCE_EXIT,EXIT,0,6,OPP:158ac89230fbe44b1b3cdd63,CAND:158ac89230fbe44b1b3cdd63,OPP:158ac89230fbe44b1b3cdd63,True,NO_ACTION,EVENT_INVALIDATE,COMPLETED,ALIGNED,0be5a943-6906-5924-af54-1d2dcca91257,DIRECTIONAL_REVERSAL_LEG_FAILED_INVALIDATED_OPPOSITE_ACTIVE_SIGNAL,FORCE_EXIT,INVALIDATED,BALANCE_PROBABLE,NONE,"[""BAL:KALYANKJIL:2026-07-31:002:NEUTRAL:105100:BALANCE_PROBABLE:110300""]",PROBABLE,[],2026-07-31T11:03:00+05:30,KALYANKJIL,9,False,0,,ALREADY_DEPLOYED
,,"{""FILLED"": 9}",0,0,"{""FILLED"": 3, ""NONE"": 6}",514,,,0,6,,,,,NO_ACTION,,,,,,,,NO_EVENT,REVERSAL_WATCH,[],FORMING,[],2026-07-31T11:03:00+05:30,MANAPPURAM,9,False,0,,NO_SIGNAL
,,"{""FILLED"": 9}",0,0,"{""FILLED"": 3, ""NONE"": 6}",515,,,0,6,,,,,NO_ACTION,,,,,,,,NO_EVENT,NONE,[],LOCKED,"[""CONTINUATION:BLOCK"", ""REACCELERATION:BLOCK"", ""REVERSAL:BLOCK""]",2026-07-31T11:03:00+05:30,PERSISTENT,9,False,0,,NO_SIGNAL
,,"{""FILLED"": 9}",0,0,"{""FILLED"": 3, ""NONE"": 6}",516,,,0,6,,,,,NO_ACTION,,,,,,,,NO_EVENT,DIRECTIONAL,[],LOCKED,"[""CONTINUATION:BLOCK"", ""REACCELERATION:BLOCK"", ""REVERSAL:BLOCK""]",2026-07-31T11:03:00+05:30,POWERINDIA,9,False,0,,NO_SIGNAL
BAL:TCS:2026-07-31:001:NEUTRAL:100600:BALANCE_ESCAPE_STARTED:103600,CAND:02506b9e9c36e94d0d5e2f0e,"{""FILLED"": 9}",0,0,"{""FILLED"": 3, ""NONE"": 6}",517,FORCE_EXIT,EXIT,0,6,OPP:02506b9e9c36e94d0d5e2f0e,CAND:02506b9e9c36e94d0d5e2f0e,OPP:02506b9e9c36e94d0d5e2f0e,True,NO_ACTION,EVENT_INVALIDATE,NONE,UNKNOWN,8ea01a85-4efa-5849-ac33-c03e0b01cda8,BALANCE_ESCAPE_FAILED_INVALIDATED_SETUP,FORCE_EXIT,INVALIDATED,NO_EVENT,NONE,[],FAILED_BACK_INSIDE,"[""CONTINUATION:BLOCK"", ""REACCELERATION:BLOCK"", ""REVERSAL:BLOCK""]",2026-07-31T11:03:00+05:30,TCS,9,True,0,TRADE_DECISION_NOT_ALLOWED,NOT_ELIGIBLE
DIR:TORNTPHARM:2026-07-31:002:UP:105700:DIRECTIONAL_REVERSAL_LEG_ESTABLISHED:110300,CAND:dcb490f7068f3aeab3ab074f,"{""FILLED"": 9}",0,0,"{""FILLED"": 3, ""NONE"": 6}",518,CREATE_TRADE,STRENGTHEN,0,6,OPP:dcb490f7068f3aeab3ab074f,CAND:dcb490f7068f3aeab3ab074f,OPP:dcb490f7068f3aeab3ab074f,False,CREATE,LOCAL_CONFIRMED,DIRECTIONAL,ALIGNED,099dd7de-7081-52f9-9bd2-655c56b6256c,EVENT_DRIVEN_SETUP_CREATED,ACTIVE,OPEN,DIRECTIONAL_REVERSAL_LEG_ESTABLISHED,DIRECTIONAL,"[""DIR:TORNTPHARM:2026-07-31:002:UP:105700:DIRECTIONAL_REVERSAL_LEG_ESTABLISHED:110300""]",NONE,"[""REVERSAL:PERMIT""]",2026-07-31T11:03:00+05:30,TORNTPHARM,9,True,0,TRADE_DECISION_NOT_ALLOWED,NOT_ELIGIBLE
,,"{""FILLED"": 9}",0,0,"{""FILLED"": 3, ""NONE"": 6}",519,,,0,6,,,,,NO_ACTION,,,,,,,,BALANCE_ESCAPE_ACCEPTED,DIRECTIONAL,"[""BAL:BHEL:2026-07-31:001:NEUTRAL:101500:BALANCE_ESCAPE_ACCEPTED:110600""]",ACCEPTED_OUTSIDE,"[""ACCEPTED_BREAKOUT:PERMIT""]",2026-07-31T11:06:00+05:30,BHEL,9,False,0,,NO_SIGNAL
DIR:CHOLAFIN:2026-07-31:002:DOWN:102400:DIRECTIONAL_REVERSAL_LEG_ESTABLISHED:103300,CAND:c91e30e559c61ae9e4a8e30d,"{""FILLED"": 9}",0,0,"{""FILLED"": 3, ""NONE"": 6}",520,HOLD_POSITION,CAUTION,0,6,OPP:c91e30e559c61ae9e4a8e30d,CAND:c91e30e559c61ae9e4a8e30d,OPP:c91e30e559c61ae9e4a8e30d,False,HOLD,NO_CREATION_EVENT,REVERSAL_WATCH,OPPOSED,aee40fe8-7759-5cec-902a-0db152fe528d,AUTHORITATIVE_REVERSAL_WATCH,PROTECT,OPEN,REVERSAL_WATCH_STARTED,REVERSAL_WATCH,"[""DIR:CHOLAFIN:2026-07-31:003:UP:104500:REVERSAL_WATCH_STARTED:110600""]",NONE,[],2026-07-31T11:06:00+05:30,CHOLAFIN,9,True,0,TRADE_DECISION_NOT_ALLOWED,NOT_ELIGIBLE
DIR:COFORGE:2026-07-31:002:DOWN:101500:DIRECTIONAL_REVERSAL_LEG_ESTABLISHED:102400,CAND:995ee50ff305357125723e26,"{""FILLED"": 9}",0,0,"{""FILLED"": 3, ""NONE"": 6}",521,HOLD_POSITION,CAUTION,0,6,OPP:995ee50ff305357125723e26,CAND:995ee50ff305357125723e26,OPP:995ee50ff305357125723e26,False,HOLD,NO_CREATION_EVENT,NONE,UNKNOWN,2afed6e7-898c-5a79-8bf5-1d7891f21ccb,NO_CURRENT_CREATION_EVENT,TRANSITION,OPEN,NO_EVENT,NONE,[],FORMING,[],2026-07-31T11:06:00+05:30,COFORGE,9,False,0,,ALREADY_DEPLOYED
DIR:DIVISLAB:2026-07-31:002:DOWN:100600:DIRECTIONAL_REVERSAL_LEG_ESTABLISHED:101800,CAND:6644484c352c701feebfdf31,"{""FILLED"": 9}",0,0,"{""FILLED"": 3, ""NONE"": 6}",522,HOLD_POSITION,CAUTION,0,6,OPP:6644484c352c701feebfdf31,CAND:6644484c352c701feebfdf31,OPP:6644484c352c701feebfdf31,False,HOLD,NO_CREATION_EVENT,NONE,UNKNOWN,a73cb6c9-a388-53f1-92b2-41820e34edd3,NO_CURRENT_CREATION_EVENT,TRANSITION,OPEN,BALANCE_COMPLETED,NONE,"[""BAL:DIVISLAB:2026-07-31:002:NEUTRAL:103300:BALANCE_COMPLETED:110600""]",COMPLETED,[],2026-07-31T11:06:00+05:30,DIVISLAB,9,True,0,TRADE_DECISION_NOT_ALLOWED,NOT_ELIGIBLE
,,"{""FILLED"": 9}",0,0,"{""FILLED"": 3, ""NONE"": 6}",523,,,0,6,,,,,NO_ACTION,,,,,,,,NO_EVENT,NONE,[],LOCKED,"[""CONTINUATION:BLOCK"", ""REACCELERATION:BLOCK"", ""REVERSAL:BLOCK""]",2026-07-31T11:06:00+05:30,EXIDEIND,9,False,0,,NO_SIGNAL
DIR:FORCEMOT:2026-07-31:002:UP:105400:DIRECTIONAL_REVERSAL_LEG_ESTABLISHED:110000,CAND:32b3a707960484f98d8399a7,"{""FILLED"": 9}",0,0,"{""FILLED"": 3, ""NONE"": 6}",524,HOLD_POSITION,CAUTION,0,6,OPP:32b3a707960484f98d8399a7,CAND:32b3a707960484f98d8399a7,OPP:32b3a707960484f98d8399a7,False,HOLD,NO_CREATION_EVENT,COMPLETED,ALIGNED,76d65cfd-3f5f-5419-81f1-24a924660ce7,NO_CURRENT_CREATION_EVENT,TRANSITION,OPEN,DIRECTIONAL_COMPLETED,COMPLETED,"[""DIR:FORCEMOT:2026-07-31:002:UP:105400:DIRECTIONAL_COMPLETED:110600""]",NONE,[],2026-07-31T11:06:00+05:30,FORCEMOT,9,False,0,,ALREADY_DEPLOYED
,,"{""FILLED"": 9}",0,0,"{""FILLED"": 3, ""NONE"": 6}",525,,,0,6,,,,,NO_ACTION,,,,,,,,NO_EVENT,NONE,[],LOCKED,"[""CONTINUATION:BLOCK"", ""REACCELERATION:BLOCK"", ""REVERSAL:BLOCK""]",2026-07-31T11:06:00+05:30,GLENMARK,9,False,0,,NO_SIGNAL
,,"{""FILLED"": 9}",0,0,"{""FILLED"": 3, ""NONE"": 6}",526,,,0,6,,,,,NO_ACTION,,,,,,,,NO_EVENT,REVERSAL_WATCH,[],NONE,[],2026-07-31T11:06:00+05:30,INDUSTOWER,9,False,0,,NO_SIGNAL
DIR:KALYANKJIL:2026-07-31:002:UP:102400:DIRECTIONAL_REVERSAL_LEG_ESTABLISHED:103300,CAND:158ac89230fbe44b1b3cdd63,"{""FILLED"": 9}",0,0,"{""FILLED"": 3, ""NONE"": 6}",527,FORCE_EXIT,EXIT,0,6,OPP:158ac89230fbe44b1b3cdd63,CAND:158ac89230fbe44b1b3cdd63,OPP:158ac89230fbe44b1b3cdd63,True,NO_ACTION,EVENT_INVALIDATE,COMPLETED,ALIGNED,0be5a943-6906-5924-af54-1d2dcca91257,DIRECTIONAL_REVERSAL_LEG_FAILED_INVALIDATED_OPPOSITE_ACTIVE_SIGNAL,FORCE_EXIT,INVALIDATED,DIRECTIONAL_STARTED,DIRECTIONAL,"[""DIR:KALYANKJIL:2026-07-31:005:DOWN:110600:DIRECTIONAL_STARTED:110600""]",PROBABLE,[],2026-07-31T11:06:00+05:30,KALYANKJIL,9,False,0,,ALREADY_DEPLOYED
,,"{""FILLED"": 9}",0,0,"{""FILLED"": 3, ""NONE"": 6}",528,,,0,6,,,,,NO_ACTION,,,,,,,,NO_EVENT,REVERSAL_WATCH,[],FORMING,[],2026-07-31T11:06:00+05:30,MANAPPURAM,9,False,0,,NO_SIGNAL
BAL:PERSISTENT:2026-07-31:002:NEUTRAL:103600:BALANCE_ESCAPE_STARTED:110600,CAND:6e00ceac84968df1df4d7495,"{""FILLED"": 9}",0,0,"{""FILLED"": 3, ""NONE"": 6}",529,CREATE_TRADE,STRENGTHEN,0,6,OPP:6e00ceac84968df1df4d7495,CAND:6e00ceac84968df1df4d7495,OPP:6e00ceac84968df1df4d7495,False,CREATE,LOCAL_CONFIRMED,NONE,UNKNOWN,cad8805e-c102-57a4-96c7-d70c9c07f5cc,EVENT_DRIVEN_SETUP_CREATED,ACTIVE,OPEN,BALANCE_ESCAPE_STARTED,NONE,"[""BAL:PERSISTENT:2026-07-31:002:NEUTRAL:103600:BALANCE_ESCAPE_STARTED:110600""]",ESCAPE_WATCH,"[""ACCEPTED_BREAKOUT:WAIT"", ""BREAKOUT_INITIATION:PERMIT"", ""CONTINUATION:BLOCK"", ""FAILED_BREAKOUT:WAIT"", ""REACCELERATION:BLOCK"", ""REVERSAL:BLOCK""]",2026-07-31T11:06:00+05:30,PERSISTENT,9,True,0,TRADE_DECISION_NOT_ALLOWED,NOT_ELIGIBLE
,,"{""FILLED"": 9}",0,0,"{""FILLED"": 3, ""NONE"": 6}",530,,,0,6,,,,,NO_ACTION,,,,,,,,NO_EVENT,DIRECTIONAL,[],LOCKED,"[""CONTINUATION:BLOCK"", ""REACCELERATION:BLOCK"", ""REVERSAL:BLOCK""]",2026-07-31T11:06:00+05:30,POWERINDIA,9,False,0,,NO_SIGNAL
BAL:TCS:2026-07-31:001:NEUTRAL:100600:BALANCE_ESCAPE_STARTED:103600,CAND:02506b9e9c36e94d0d5e2f0e,"{""FILLED"": 9}",0,0,"{""FILLED"": 3, ""NONE"": 6}",531,FORCE_EXIT,EXIT,0,6,OPP:02506b9e9c36e94d0d5e2f0e,CAND:02506b9e9c36e94d0d5e2f0e,OPP:02506b9e9c36e94d0d5e2f0e,True,NO_ACTION,EVENT_INVALIDATE,NONE,UNKNOWN,8ea01a85-4efa-5849-ac33-c03e0b01cda8,BALANCE_ESCAPE_FAILED_INVALIDATED_SETUP,FORCE_EXIT,INVALIDATED,NO_EVENT,NONE,[],FAILED_BACK_INSIDE,"[""CONTINUATION:BLOCK"", ""REACCELERATION:BLOCK"", ""REVERSAL:BLOCK""]",2026-07-31T11:06:00+05:30,TCS,9,True,0,TRADE_DECISION_NOT_ALLOWED,NOT_ELIGIBLE
DIR:TORNTPHARM:2026-07-31:002:UP:105700:DIRECTIONAL_REVERSAL_LEG_ESTABLISHED:110300,CAND:dcb490f7068f3aeab3ab074f,"{""FILLED"": 12}",3,0,"{""FILLED"": 3, ""NONE"": 9}",532,HOLD_POSITION,STRENGTHEN,0,9,OPP:dcb490f7068f3aeab3ab074f,CAND:dcb490f7068f3aeab3ab074f,OPP:dcb490f7068f3aeab3ab074f,False,HOLD,NO_CREATION_EVENT,MATURE,ALIGNED,099dd7de-7081-52f9-9bd2-655c56b6256c,AUTHORITATIVE_DIRECTIONAL_MATURE,EXPAND,OPEN,DIRECTIONAL_MATURED,MATURE,"[""DIR:TORNTPHARM:2026-07-31:002:UP:105700:DIRECTIONAL_MATURED:110600""]",NONE,[],2026-07-31T11:06:00+05:30,TORNTPHARM,12,True,3,,CREATED
,,"{""FILLED"": 12}",0,0,"{""FILLED"": 3, ""NONE"": 9}",533,,,0,9,,,,,NO_ACTION,,,,,,,,BALANCE_COMPLETED,DIRECTIONAL,"[""BAL:BHEL:2026-07-31:001:NEUTRAL:101500:BALANCE_COMPLETED:110900""]",COMPLETED,[],2026-07-31T11:09:00+05:30,BHEL,12,False,0,,NO_SIGNAL
DIR:CHOLAFIN:2026-07-31:002:DOWN:102400:DIRECTIONAL_REVERSAL_LEG_ESTABLISHED:103300,CAND:c91e30e559c61ae9e4a8e30d,"{""FILLED"": 12}",0,0,"{""FILLED"": 3, ""NONE"": 9}",534,HOLD_POSITION,CAUTION,0,9,OPP:c91e30e559c61ae9e4a8e30d,CAND:c91e30e559c61ae9e4a8e30d,OPP:c91e30e559c61ae9e4a8e30d,False,HOLD,NO_CREATION_EVENT,REVERSAL_WATCH,OPPOSED,aee40fe8-7759-5cec-902a-0db152fe528d,AUTHORITATIVE_REVERSAL_WATCH,PROTECT,OPEN,NO_EVENT,REVERSAL_WATCH,[],NONE,[],2026-07-31T11:09:00+05:30,CHOLAFIN,12,True,0,TRADE_DECISION_NOT_ALLOWED,NOT_ELIGIBLE
DIR:COFORGE:2026-07-31:002:DOWN:101500:DIRECTIONAL_REVERSAL_LEG_ESTABLISHED:102400,CAND:995ee50ff305357125723e26,"{""FILLED"": 12}",0,0,"{""FILLED"": 3, ""NONE"": 9}",535,HOLD_POSITION,CAUTION,0,9,OPP:995ee50ff305357125723e26,CAND:995ee50ff305357125723e26,OPP:995ee50ff305357125723e26,False,HOLD,NO_CREATION_EVENT,NONE,UNKNOWN,2afed6e7-898c-5a79-8bf5-1d7891f21ccb,NO_CURRENT_CREATION_EVENT,TRANSITION,OPEN,BALANCE_PROBABLE,NONE,"[""BAL:COFORGE:2026-07-31:003:NEUTRAL:105700:BALANCE_PROBABLE:110900""]",PROBABLE,[],2026-07-31T11:09:00+05:30,COFORGE,12,False,0,,ALREADY_DEPLOYED
DIR:DIVISLAB:2026-07-31:002:DOWN:100600:DIRECTIONAL_REVERSAL_LEG_ESTABLISHED:101800,CAND:6644484c352c701feebfdf31,"{""FILLED"": 12}",0,0,"{""FILLED"": 3, ""NONE"": 9}",536,HOLD_POSITION,CAUTION,0,9,OPP:6644484c352c701feebfdf31,CAND:6644484c352c701feebfdf31,OPP:6644484c352c701feebfdf31,False,HOLD,NO_CREATION_EVENT,NONE,UNKNOWN,a73cb6c9-a388-53f1-92b2-41820e34edd3,NO_CURRENT_CREATION_EVENT,TRANSITION,OPEN,NO_EVENT,NONE,[],NONE,[],2026-07-31T11:09:00+05:30,DIVISLAB,12,True,0,TRADE_DECISION_NOT_ALLOWED,NOT_ELIGIBLE
,,"{""FILLED"": 12}",0,0,"{""FILLED"": 3, ""NONE"": 9}",537,,,0,9,,,,,NO_ACTION,,,,,,,,NO_EVENT,NONE,[],LOCKED,"[""CONTINUATION:BLOCK"", ""REACCELERATION:BLOCK"", ""REVERSAL:BLOCK""]",2026-07-31T11:09:00+05:30,EXIDEIND,12,False,0,,NO_SIGNAL
DIR:FORCEMOT:2026-07-31:002:UP:105400:DIRECTIONAL_REVERSAL_LEG_ESTABLISHED:110000,CAND:32b3a707960484f98d8399a7,"{""FILLED"": 12}",0,0,"{""FILLED"": 3, ""NONE"": 9}",538,HOLD_POSITION,CAUTION,0,9,OPP:32b3a707960484f98d8399a7,CAND:32b3a707960484f98d8399a7,OPP:32b3a707960484f98d8399a7,False,HOLD,NO_CREATION_EVENT,NONE,UNKNOWN,76d65cfd-3f5f-5419-81f1-24a924660ce7,NO_CURRENT_CREATION_EVENT,TRANSITION,OPEN,NO_EVENT,NONE,[],NONE,[],2026-07-31T11:09:00+05:30,FORCEMOT,12,False,0,,ALREADY_DEPLOYED
,,"{""FILLED"": 12}",0,0,"{""FILLED"": 3, ""NONE"": 9}",539,,,0,9,,,,,NO_ACTION,,,,,,,,NO_EVENT,NONE,[],LOCKED,"[""CONTINUATION:BLOCK"", ""REACCELERATION:BLOCK"", ""REVERSAL:BLOCK""]",2026-07-31T11:09:00+05:30,GLENMARK,12,False,0,,NO_SIGNAL
,,"{""FILLED"": 12}",0,0,"{""FILLED"": 3, ""NONE"": 9}",540,,,0,9,,,,,NO_ACTION,,,,,,,,BALANCE_FORMING_STARTED,REVERSAL_WATCH,"[""BAL:INDUSTOWER:2026-07-31:001:NEUTRAL:110900:BALANCE_FORMING_STARTED:110900""]",FORMING,[],2026-07-31T11:09:00+05:30,INDUSTOWER,12,False,0,,NO_SIGNAL
DIR:KALYANKJIL:2026-07-31:002:UP:102400:DIRECTIONAL_REVERSAL_LEG_ESTABLISHED:103300,CAND:158ac89230fbe44b1b3cdd63,"{""FILLED"": 12}",0,0,"{""FILLED"": 3, ""NONE"": 9}",541,FORCE_EXIT,EXIT,0,9,OPP:158ac89230fbe44b1b3cdd63,CAND:158ac89230fbe44b1b3cdd63,OPP:158ac89230fbe44b1b3cdd63,True,NO_ACTION,EVENT_INVALIDATE,COMPLETED,ALIGNED,0be5a943-6906-5924-af54-1d2dcca91257,DIRECTIONAL_REVERSAL_LEG_FAILED_INVALIDATED_OPPOSITE_ACTIVE_SIGNAL,FORCE_EXIT,INVALIDATED,DIRECTIONAL_MATURED,MATURE,"[""DIR:KALYANKJIL:2026-07-31:005:DOWN:110600:DIRECTIONAL_MATURED:110900""]",PROBABLE,[],2026-07-31T11:09:00+05:30,KALYANKJIL,12,False,0,,ALREADY_DEPLOYED
,,"{""FILLED"": 12}",0,0,"{""FILLED"": 3, ""NONE"": 9}",542,,,0,9,,,,,NO_ACTION,,,,,,,,NO_EVENT,REVERSAL_WATCH,[],FORMING,[],2026-07-31T11:09:00+05:30,MANAPPURAM,12,False,0,,NO_SIGNAL
BAL:PERSISTENT:2026-07-31:002:NEUTRAL:103600:BALANCE_ESCAPE_STARTED:110600,CAND:6e00ceac84968df1df4d7495,"{""FILLED"": 12}",0,0,"{""FILLED"": 3, ""NONE"": 9}",543,HOLD_POSITION,CAUTION,0,9,OPP:6e00ceac84968df1df4d7495,CAND:6e00ceac84968df1df4d7495,OPP:6e00ceac84968df1df4d7495,False,HOLD,NO_CREATION_EVENT,NONE,UNKNOWN,cad8805e-c102-57a4-96c7-d70c9c07f5cc,NO_CURRENT_CREATION_EVENT,TRANSITION,OPEN,BALANCE_ESCAPE_ACCEPTED,NONE,"[""BAL:PERSISTENT:2026-07-31:002:NEUTRAL:103600:BALANCE_ESCAPE_ACCEPTED:110900""]",ACCEPTED_OUTSIDE,"[""ACCEPTED_BREAKOUT:PERMIT""]",2026-07-31T11:09:00+05:30,PERSISTENT,12,True,0,TRADE_DECISION_NOT_ALLOWED,NOT_ELIGIBLE
,,"{""FILLED"": 12}",0,0,"{""FILLED"": 3, ""NONE"": 9}",544,,,0,9,,,,,NO_ACTION,,,,,,,,NO_EVENT,DIRECTIONAL,[],LOCKED,"[""CONTINUATION:BLOCK"", ""REACCELERATION:BLOCK"", ""REVERSAL:BLOCK""]",2026-07-31T11:09:00+05:30,POWERINDIA,12,False,0,,NO_SIGNAL
BAL:TCS:2026-07-31:001:NEUTRAL:100600:BALANCE_ESCAPE_STARTED:103600,CAND:02506b9e9c36e94d0d5e2f0e,"{""FILLED"": 12}",0,0,"{""FILLED"": 3, ""NONE"": 9}",545,FORCE_EXIT,EXIT,0,9,OPP:02506b9e9c36e94d0d5e2f0e,CAND:02506b9e9c36e94d0d5e2f0e,OPP:02506b9e9c36e94d0d5e2f0e,True,NO_ACTION,EVENT_INVALIDATE,NONE,UNKNOWN,8ea01a85-4efa-5849-ac33-c03e0b01cda8,BALANCE_ESCAPE_FAILED_INVALIDATED_SETUP,FORCE_EXIT,INVALIDATED,NO_EVENT,NONE,[],FAILED_BACK_INSIDE,"[""CONTINUATION:BLOCK"", ""REACCELERATION:BLOCK"", ""REVERSAL:BLOCK""]",2026-07-31T11:09:00+05:30,TCS,12,True,0,TRADE_DECISION_NOT_ALLOWED,NOT_ELIGIBLE
DIR:TORNTPHARM:2026-07-31:002:UP:105700:DIRECTIONAL_REVERSAL_LEG_ESTABLISHED:110300,CAND:dcb490f7068f3aeab3ab074f,"{""FILLED"": 12}",0,0,"{""FILLED"": 3, ""NONE"": 9}",546,HOLD_POSITION,CAUTION,0,9,OPP:dcb490f7068f3aeab3ab074f,CAND:dcb490f7068f3aeab3ab074f,OPP:dcb490f7068f3aeab3ab074f,False,HOLD,NO_CREATION_EVENT,REVERSAL_WATCH,ALIGNED,099dd7de-7081-52f9-9bd2-655c56b6256c,AUTHORITATIVE_REVERSAL_WATCH,PROTECT,OPEN,REVERSAL_WATCH_STARTED,REVERSAL_WATCH,"[""DIR:TORNTPHARM:2026-07-31:002:UP:105700:REVERSAL_WATCH_STARTED:110900""]",NONE,[],2026-07-31T11:09:00+05:30,TORNTPHARM,12,False,0,,ALREADY_DEPLOYED
,,"{""FILLED"": 12}",0,0,"{""FILLED"": 3, ""NONE"": 9}",547,,,0,9,,,,,NO_ACTION,,,,,,,,DIRECTIONAL_COMPLETED,COMPLETED,"[""DIR:BHEL:2026-07-31:003:UP:102400:DIRECTIONAL_COMPLETED:111200""]",NONE,[],2026-07-31T11:12:00+05:30,BHEL,12,False,0,,NO_SIGNAL
DIR:CHOLAFIN:2026-07-31:002:DOWN:102400:DIRECTIONAL_REVERSAL_LEG_ESTABLISHED:103300,CAND:c91e30e559c61ae9e4a8e30d,"{""FILLED"": 12}",0,0,"{""FILLED"": 3, ""NONE"": 9}",548,HOLD_POSITION,CAUTION,0,9,OPP:c91e30e559c61ae9e4a8e30d,CAND:c91e30e559c61ae9e4a8e30d,OPP:c91e30e559c61ae9e4a8e30d,False,HOLD,NO_CREATION_EVENT,REVERSAL_WATCH,OPPOSED,aee40fe8-7759-5cec-902a-0db152fe528d,AUTHORITATIVE_REVERSAL_WATCH,PROTECT,OPEN,NO_EVENT,REVERSAL_WATCH,[],NONE,[],2026-07-31T11:12:00+05:30,CHOLAFIN,12,True,0,TRADE_DECISION_NOT_ALLOWED,NOT_ELIGIBLE
DIR:COFORGE:2026-07-31:002:DOWN:101500:DIRECTIONAL_REVERSAL_LEG_ESTABLISHED:102400,CAND:995ee50ff305357125723e26,"{""FILLED"": 12}",0,0,"{""FILLED"": 3, ""NONE"": 9}",549,HOLD_POSITION,CAUTION,0,9,OPP:995ee50ff305357125723e26,CAND:995ee50ff305357125723e26,OPP:995ee50ff305357125723e26,False,HOLD,NO_CREATION_EVENT,NONE,UNKNOWN,2afed6e7-898c-5a79-8bf5-1d7891f21ccb,NO_CURRENT_CREATION_EVENT,TRANSITION,OPEN,NO_EVENT,NONE,[],PROBABLE,[],2026-07-31T11:12:00+05:30,COFORGE,12,False,0,,ALREADY_DEPLOYED
DIR:DIVISLAB:2026-07-31:002:DOWN:100600:DIRECTIONAL_REVERSAL_LEG_ESTABLISHED:101800,CAND:6644484c352c701feebfdf31,"{""FILLED"": 12}",0,0,"{""FILLED"": 3, ""NONE"": 9}",550,HOLD_POSITION,CAUTION,0,9,OPP:6644484c352c701feebfdf31,CAND:6644484c352c701feebfdf31,OPP:6644484c352c701feebfdf31,False,HOLD,NO_CREATION_EVENT,NONE,UNKNOWN,a73cb6c9-a388-53f1-92b2-41820e34edd3,NO_CURRENT_CREATION_EVENT,TRANSITION,OPEN,NO_EVENT,NONE,[],NONE,[],2026-07-31T11:12:00+05:30,DIVISLAB,12,True,0,TRADE_DECISION_NOT_ALLOWED,NOT_ELIGIBLE
,,"{""FILLED"": 12}",0,0,"{""FILLED"": 3, ""NONE"": 9}",551,,,0,9,,,,,NO_ACTION,,,,,,,,NO_EVENT,NONE,[],LOCKED,"[""CONTINUATION:BLOCK"", ""REACCELERATION:BLOCK"", ""REVERSAL:BLOCK""]",2026-07-31T11:12:00+05:30,EXIDEIND,12,False,0,,NO_SIGNAL
DIR:FORCEMOT:2026-07-31:002:UP:105400:DIRECTIONAL_REVERSAL_LEG_ESTABLISHED:110000,CAND:32b3a707960484f98d8399a7,"{""FILLED"": 12}",0,0,"{""FILLED"": 3, ""NONE"": 9}",552,HOLD_POSITION,CAUTION,0,9,OPP:32b3a707960484f98d8399a7,CAND:32b3a707960484f98d8399a7,OPP:32b3a707960484f98d8399a7,False,HOLD,NO_CREATION_EVENT,NONE,UNKNOWN,76d65cfd-3f5f-5419-81f1-24a924660ce7,NO_CURRENT_CREATION_EVENT,TRANSITION,OPEN,NO_EVENT,NONE,[],NONE,[],2026-07-31T11:12:00+05:30,FORCEMOT,12,False,0,,ALREADY_DEPLOYED
,,"{""FILLED"": 12}",0,0,"{""FILLED"": 3, ""NONE"": 9}",553,,,0,9,,,,,NO_ACTION,,,,,,,,NO_EVENT,NONE,[],LOCKED,"[""CONTINUATION:BLOCK"", ""REACCELERATION:BLOCK"", ""REVERSAL:BLOCK""]",2026-07-31T11:12:00+05:30,GLENMARK,12,False,0,,NO_SIGNAL
,,"{""FILLED"": 12}",0,0,"{""FILLED"": 3, ""NONE"": 9}",554,,,0,9,,,,,NO_ACTION,,,,,,,,NO_EVENT,REVERSAL_WATCH,[],FORMING,[],2026-07-31T11:12:00+05:30,INDUSTOWER,12,False,0,,NO_SIGNAL
DIR:KALYANKJIL:2026-07-31:002:UP:102400:DIRECTIONAL_REVERSAL_LEG_ESTABLISHED:103300,CAND:158ac89230fbe44b1b3cdd63,"{""FILLED"": 12}",0,0,"{""FILLED"": 3, ""NONE"": 9}",555,FORCE_EXIT,EXIT,0,9,OPP:158ac89230fbe44b1b3cdd63,CAND:158ac89230fbe44b1b3cdd63,OPP:158ac89230fbe44b1b3cdd63,True,NO_ACTION,EVENT_INVALIDATE,COMPLETED,ALIGNED,0be5a943-6906-5924-af54-1d2dcca91257,DIRECTIONAL_REVERSAL_LEG_FAILED_INVALIDATED_OPPOSITE_ACTIVE_SIGNAL,FORCE_EXIT,INVALIDATED,"BALANCE_LOCKED,REVERSAL_WATCH_STARTED",REVERSAL_WATCH,"[""BAL:KALYANKJIL:2026-07-31:002:NEUTRAL:105100:BALANCE_LOCKED:111200"", ""DIR:KALYANKJIL:2026-07-31:005:DOWN:110600:REVERSAL_WATCH_STARTED:111200""]",LOCKED,"[""CONTINUATION:BLOCK"", ""REACCELERATION:BLOCK"", ""REVERSAL:BLOCK""]",2026-07-31T11:12:00+05:30,KALYANKJIL,12,False,0,,ALREADY_DEPLOYED
,,"{""FILLED"": 12}",0,0,"{""FILLED"": 3, ""NONE"": 9}",556,,,0,9,,,,,NO_ACTION,,,,,,,,"BALANCE_PROBABLE,DIRECTIONAL_REVERSAL_CONFIRMED,DIRECTIONAL_COMPLETED,DIRECTIONAL_REVERSAL_LEG_STARTED",REVERSAL_LEG,"[""BAL:MANAPPURAM:2026-07-31:002:NEUTRAL:110000:BALANCE_PROBABLE:111200"", ""DIR:MANAPPURAM:2026-07-31:005:DOWN:104500:DIRECTIONAL_REVERSAL_CONFIRMED:111200"", ""DIR:MANAPPURAM:2026-07-31:005:DOWN:104500:DIRECTIONAL_COMPLETED:111200"", ""DIR:MANAPPURAM:2026-07-31:006:UP:111200:DIRECTIONAL_REVERSAL_LEG_STARTED:111200""]",PROBABLE,"[""REVERSAL:WAIT""]",2026-07-31T11:12:00+05:30,MANAPPURAM,12,False,0,,NO_SIGNAL
BAL:PERSISTENT:2026-07-31:002:NEUTRAL:103600:BALANCE_ESCAPE_STARTED:110600,CAND:6e00ceac84968df1df4d7495,"{""FILLED"": 12}",0,0,"{""FILLED"": 3, ""NONE"": 9}",557,HOLD_POSITION,CAUTION,0,9,OPP:6e00ceac84968df1df4d7495,CAND:6e00ceac84968df1df4d7495,OPP:6e00ceac84968df1df4d7495,False,HOLD,NO_CREATION_EVENT,NONE,UNKNOWN,cad8805e-c102-57a4-96c7-d70c9c07f5cc,NO_CURRENT_CREATION_EVENT,TRANSITION,OPEN,BALANCE_COMPLETED,NONE,"[""BAL:PERSISTENT:2026-07-31:002:NEUTRAL:103600:BALANCE_COMPLETED:111200""]",COMPLETED,[],2026-07-31T11:12:00+05:30,PERSISTENT,12,True,0,TRADE_DECISION_NOT_ALLOWED,NOT_ELIGIBLE
,,"{""FILLED"": 12}",0,0,"{""FILLED"": 3, ""NONE"": 9}",558,,,0,9,,,,,NO_ACTION,,,,,,,,NO_EVENT,DIRECTIONAL,[],LOCKED,"[""CONTINUATION:BLOCK"", ""REACCELERATION:BLOCK"", ""REVERSAL:BLOCK""]",2026-07-31T11:12:00+05:30,POWERINDIA,12,False,0,,NO_SIGNAL
BAL:TCS:2026-07-31:001:NEUTRAL:100600:BALANCE_ESCAPE_STARTED:103600,CAND:02506b9e9c36e94d0d5e2f0e,"{""FILLED"": 12}",0,0,"{""FILLED"": 3, ""NONE"": 9}",559,FORCE_EXIT,EXIT,0,9,OPP:02506b9e9c36e94d0d5e2f0e,CAND:02506b9e9c36e94d0d5e2f0e,OPP:02506b9e9c36e94d0d5e2f0e,True,NO_ACTION,EVENT_INVALIDATE,NONE,UNKNOWN,8ea01a85-4efa-5849-ac33-c03e0b01cda8,BALANCE_ESCAPE_FAILED_INVALIDATED_SETUP,FORCE_EXIT,INVALIDATED,NO_EVENT,NONE,[],FAILED_BACK_INSIDE,"[""CONTINUATION:BLOCK"", ""REACCELERATION:BLOCK"", ""REVERSAL:BLOCK""]",2026-07-31T11:12:00+05:30,TCS,12,True,0,TRADE_DECISION_NOT_ALLOWED,NOT_ELIGIBLE
DIR:TORNTPHARM:2026-07-31:002:UP:105700:DIRECTIONAL_REVERSAL_LEG_ESTABLISHED:110300,CAND:dcb490f7068f3aeab3ab074f,"{""FILLED"": 12}",0,0,"{""FILLED"": 3, ""NONE"": 9}",560,HOLD_POSITION,CAUTION,0,9,OPP:dcb490f7068f3aeab3ab074f,CAND:dcb490f7068f3aeab3ab074f,OPP:dcb490f7068f3aeab3ab074f,False,HOLD,NO_CREATION_EVENT,REVERSAL_WATCH,ALIGNED,099dd7de-7081-52f9-9bd2-655c56b6256c,AUTHORITATIVE_REVERSAL_WATCH,PROTECT,OPEN,NO_EVENT,REVERSAL_WATCH,[],NONE,[],2026-07-31T11:12:00+05:30,TORNTPHARM,12,False,0,,ALREADY_DEPLOYED
,,"{""FILLED"": 12}",0,0,"{""FILLED"": 3, ""NONE"": 9}",561,,,0,9,,,,,NO_ACTION,,,,,,,,NO_EVENT,NONE,[],NONE,[],2026-07-31T11:15:00+05:30,BHEL,12,False,0,,NO_SIGNAL
DIR:CHOLAFIN:2026-07-31:002:DOWN:102400:DIRECTIONAL_REVERSAL_LEG_ESTABLISHED:103300,CAND:c91e30e559c61ae9e4a8e30d,"{""FILLED"": 12}",0,0,"{""FILLED"": 3, ""NONE"": 9}",562,HOLD_POSITION,CAUTION,0,9,OPP:c91e30e559c61ae9e4a8e30d,CAND:c91e30e559c61ae9e4a8e30d,OPP:c91e30e559c61ae9e4a8e30d,False,HOLD,NO_CREATION_EVENT,REVERSAL_WATCH,OPPOSED,aee40fe8-7759-5cec-902a-0db152fe528d,AUTHORITATIVE_REVERSAL_WATCH,PROTECT,OPEN,NO_EVENT,REVERSAL_WATCH,[],NONE,[],2026-07-31T11:15:00+05:30,CHOLAFIN,12,True,0,TRADE_DECISION_NOT_ALLOWED,NOT_ELIGIBLE
DIR:COFORGE:2026-07-31:002:DOWN:101500:DIRECTIONAL_REVERSAL_LEG_ESTABLISHED:102400,CAND:995ee50ff305357125723e26,"{""FILLED"": 12}",0,0,"{""FILLED"": 3, ""NONE"": 9}",563,HOLD_POSITION,CAUTION,0,9,OPP:995ee50ff305357125723e26,CAND:995ee50ff305357125723e26,OPP:995ee50ff305357125723e26,False,HOLD,NO_CREATION_EVENT,NONE,UNKNOWN,2afed6e7-898c-5a79-8bf5-1d7891f21ccb,NO_CURRENT_CREATION_EVENT,TRANSITION,OPEN,NO_EVENT,NONE,[],PROBABLE,[],2026-07-31T11:15:00+05:30,COFORGE,12,False,0,,ALREADY_DEPLOYED
DIR:DIVISLAB:2026-07-31:002:DOWN:100600:DIRECTIONAL_REVERSAL_LEG_ESTABLISHED:101800,CAND:6644484c352c701feebfdf31,"{""FILLED"": 12}",0,0,"{""FILLED"": 3, ""NONE"": 9}",564,HOLD_POSITION,CAUTION,0,9,OPP:6644484c352c701feebfdf31,CAND:6644484c352c701feebfdf31,OPP:6644484c352c701feebfdf31,False,HOLD,NO_CREATION_EVENT,NONE,UNKNOWN,a73cb6c9-a388-53f1-92b2-41820e34edd3,NO_CURRENT_CREATION_EVENT,TRANSITION,OPEN,NO_EVENT,NONE,[],NONE,[],2026-07-31T11:15:00+05:30,DIVISLAB,12,True,0,TRADE_DECISION_NOT_ALLOWED,NOT_ELIGIBLE
,,"{""FILLED"": 12}",0,0,"{""FILLED"": 3, ""NONE"": 9}",565,,,0,9,,,,,NO_ACTION,,,,,,,,NO_EVENT,NONE,[],LOCKED,"[""CONTINUATION:BLOCK"", ""REACCELERATION:BLOCK"", ""REVERSAL:BLOCK""]",2026-07-31T11:15:00+05:30,EXIDEIND,12,False,0,,NO_SIGNAL
DIR:FORCEMOT:2026-07-31:002:UP:105400:DIRECTIONAL_REVERSAL_LEG_ESTABLISHED:110000,CAND:32b3a707960484f98d8399a7,"{""FILLED"": 12}",0,0,"{""FILLED"": 3, ""NONE"": 9}",566,HOLD_POSITION,CAUTION,0,9,OPP:32b3a707960484f98d8399a7,CAND:32b3a707960484f98d8399a7,OPP:32b3a707960484f98d8399a7,False,HOLD,NO_CREATION_EVENT,NONE,UNKNOWN,76d65cfd-3f5f-5419-81f1-24a924660ce7,NO_CURRENT_CREATION_EVENT,TRANSITION,OPEN,NO_EVENT,NONE,[],NONE,[],2026-07-31T11:15:00+05:30,FORCEMOT,12,False,0,,ALREADY_DEPLOYED
,,"{""FILLED"": 12}",0,0,"{""FILLED"": 3, ""NONE"": 9}",567,,,0,9,,,,,NO_ACTION,,,,,,,,NO_EVENT,NONE,[],LOCKED,"[""CONTINUATION:BLOCK"", ""REACCELERATION:BLOCK"", ""REVERSAL:BLOCK""]",2026-07-31T11:15:00+05:30,GLENMARK,12,False,0,,NO_SIGNAL
,,"{""FILLED"": 12}",0,0,"{""FILLED"": 3, ""NONE"": 9}",568,,,0,9,,,,,NO_ACTION,,,,,,,,NO_EVENT,REVERSAL_WATCH,[],FORMING,[],2026-07-31T11:15:00+05:30,INDUSTOWER,12,False,0,,NO_SIGNAL
DIR:KALYANKJIL:2026-07-31:002:UP:102400:DIRECTIONAL_REVERSAL_LEG_ESTABLISHED:103300,CAND:158ac89230fbe44b1b3cdd63,"{""FILLED"": 12}",0,0,"{""FILLED"": 3, ""NONE"": 9}",569,FORCE_EXIT,EXIT,0,9,OPP:158ac89230fbe44b1b3cdd63,CAND:158ac89230fbe44b1b3cdd63,OPP:158ac89230fbe44b1b3cdd63,True,NO_ACTION,EVENT_INVALIDATE,COMPLETED,ALIGNED,0be5a943-6906-5924-af54-1d2dcca91257,DIRECTIONAL_REVERSAL_LEG_FAILED_INVALIDATED_OPPOSITE_ACTIVE_SIGNAL,FORCE_EXIT,INVALIDATED,"DIRECTIONAL_REVERSAL_CONFIRMED,DIRECTIONAL_COMPLETED,DIRECTIONAL_REVERSAL_LEG_STARTED",REVERSAL_LEG,"[""DIR:KALYANKJIL:2026-07-31:005:DOWN:110600:DIRECTIONAL_REVERSAL_CONFIRMED:111500"", ""DIR:KALYANKJIL:2026-07-31:005:DOWN:110600:DIRECTIONAL_COMPLETED:111500"", ""DIR:KALYANKJIL:2026-07-31:006:UP:111500:DIRECTIONAL_REVERSAL_LEG_STARTED:111500""]",LOCKED,"[""CONTINUATION:BLOCK"", ""REACCELERATION:BLOCK"", ""REVERSAL:BLOCK""]",2026-07-31T11:15:00+05:30,KALYANKJIL,12,False,0,,ALREADY_DEPLOYED
,,"{""FILLED"": 12}",0,0,"{""FILLED"": 3, ""NONE"": 9}",570,,,0,9,,,,,NO_ACTION,,,,,,,,NO_EVENT,REVERSAL_LEG,[],PROBABLE,[],2026-07-31T11:15:00+05:30,MANAPPURAM,12,False,0,,NO_SIGNAL
BAL:PERSISTENT:2026-07-31:002:NEUTRAL:103600:BALANCE_ESCAPE_STARTED:110600,CAND:6e00ceac84968df1df4d7495,"{""FILLED"": 12}",0,0,"{""FILLED"": 3, ""NONE"": 9}",571,HOLD_POSITION,CAUTION,0,9,OPP:6e00ceac84968df1df4d7495,CAND:6e00ceac84968df1df4d7495,OPP:6e00ceac84968df1df4d7495,False,HOLD,NO_CREATION_EVENT,NONE,UNKNOWN,cad8805e-c102-57a4-96c7-d70c9c07f5cc,NO_CURRENT_CREATION_EVENT,TRANSITION,OPEN,NO_EVENT,NONE,[],NONE,[],2026-07-31T11:15:00+05:30,PERSISTENT,12,True,0,TRADE_DECISION_NOT_ALLOWED,NOT_ELIGIBLE
,,"{""FILLED"": 12}",0,0,"{""FILLED"": 3, ""NONE"": 9}",572,,,0,9,,,,,NO_ACTION,,,,,,,,NO_EVENT,DIRECTIONAL,[],LOCKED,"[""CONTINUATION:BLOCK"", ""REACCELERATION:BLOCK"", ""REVERSAL:BLOCK""]",2026-07-31T11:15:00+05:30,POWERINDIA,12,False,0,,NO_SIGNAL
BAL:TCS:2026-07-31:001:NEUTRAL:100600:BALANCE_ESCAPE_STARTED:103600,CAND:02506b9e9c36e94d0d5e2f0e,"{""FILLED"": 12}",0,0,"{""FILLED"": 3, ""NONE"": 9}",573,FORCE_EXIT,EXIT,0,9,OPP:02506b9e9c36e94d0d5e2f0e,CAND:02506b9e9c36e94d0d5e2f0e,OPP:02506b9e9c36e94d0d5e2f0e,True,NO_ACTION,EVENT_INVALIDATE,NONE,UNKNOWN,8ea01a85-4efa-5849-ac33-c03e0b01cda8,BALANCE_ESCAPE_FAILED_INVALIDATED_SETUP,FORCE_EXIT,INVALIDATED,NO_EVENT,NONE,[],FAILED_BACK_INSIDE,"[""CONTINUATION:BLOCK"", ""REACCELERATION:BLOCK"", ""REVERSAL:BLOCK""]",2026-07-31T11:15:00+05:30,TCS,12,True,0,TRADE_DECISION_NOT_ALLOWED,NOT_ELIGIBLE
DIR:TORNTPHARM:2026-07-31:002:UP:105700:DIRECTIONAL_REVERSAL_LEG_ESTABLISHED:110300,CAND:dcb490f7068f3aeab3ab074f,"{""FILLED"": 12}",0,0,"{""FILLED"": 3, ""NONE"": 9}",574,HOLD_POSITION,CAUTION,0,9,OPP:dcb490f7068f3aeab3ab074f,CAND:dcb490f7068f3aeab3ab074f,OPP:dcb490f7068f3aeab3ab074f,False,HOLD,NO_CREATION_EVENT,REVERSAL_WATCH,ALIGNED,099dd7de-7081-52f9-9bd2-655c56b6256c,AUTHORITATIVE_REVERSAL_WATCH,PROTECT,OPEN,NO_EVENT,REVERSAL_WATCH,[],NONE,[],2026-07-31T11:15:00+05:30,TORNTPHARM,12,False,0,,ALREADY_DEPLOYED
,,"{""FILLED"": 12}",0,0,"{""FILLED"": 3, ""NONE"": 9}",575,,,0,9,,,,,NO_ACTION,,,,,,,,NO_EVENT,NONE,[],NONE,[],2026-07-31T11:18:00+05:30,BHEL,12,False,0,,NO_SIGNAL
DIR:CHOLAFIN:2026-07-31:002:DOWN:102400:DIRECTIONAL_REVERSAL_LEG_ESTABLISHED:103300,CAND:c91e30e559c61ae9e4a8e30d,"{""FILLED"": 12}",0,0,"{""FILLED"": 3, ""NONE"": 9}",576,HOLD_POSITION,CAUTION,0,9,OPP:c91e30e559c61ae9e4a8e30d,CAND:c91e30e559c61ae9e4a8e30d,OPP:c91e30e559c61ae9e4a8e30d,False,HOLD,NO_CREATION_EVENT,REVERSAL_WATCH,OPPOSED,aee40fe8-7759-5cec-902a-0db152fe528d,AUTHORITATIVE_REVERSAL_WATCH,PROTECT,OPEN,NO_EVENT,REVERSAL_WATCH,[],NONE,[],2026-07-31T11:18:00+05:30,CHOLAFIN,12,True,0,TRADE_DECISION_NOT_ALLOWED,NOT_ELIGIBLE
DIR:COFORGE:2026-07-31:002:DOWN:101500:DIRECTIONAL_REVERSAL_LEG_ESTABLISHED:102400,CAND:995ee50ff305357125723e26,"{""FILLED"": 12}",0,0,"{""FILLED"": 3, ""NONE"": 9}",577,HOLD_POSITION,CAUTION,0,9,OPP:995ee50ff305357125723e26,CAND:995ee50ff305357125723e26,OPP:995ee50ff305357125723e26,False,HOLD,NO_CREATION_EVENT,NONE,UNKNOWN,2afed6e7-898c-5a79-8bf5-1d7891f21ccb,NO_CURRENT_CREATION_EVENT,TRANSITION,OPEN,BALANCE_LOCKED,NONE,"[""BAL:COFORGE:2026-07-31:003:NEUTRAL:105700:BALANCE_LOCKED:111800""]",LOCKED,"[""CONTINUATION:BLOCK"", ""REACCELERATION:BLOCK"", ""REVERSAL:BLOCK""]",2026-07-31T11:18:00+05:30,COFORGE,12,False,0,,ALREADY_DEPLOYED
DIR:DIVISLAB:2026-07-31:002:DOWN:100600:DIRECTIONAL_REVERSAL_LEG_ESTABLISHED:101800,CAND:6644484c352c701feebfdf31,"{""FILLED"": 12}",0,0,"{""FILLED"": 3, ""NONE"": 9}",578,HOLD_POSITION,CAUTION,0,9,OPP:6644484c352c701feebfdf31,CAND:6644484c352c701feebfdf31,OPP:6644484c352c701feebfdf31,False,HOLD,NO_CREATION_EVENT,NONE,UNKNOWN,a73cb6c9-a388-53f1-92b2-41820e34edd3,NO_CURRENT_CREATION_EVENT,TRANSITION,OPEN,NO_EVENT,NONE,[],NONE,[],2026-07-31T11:18:00+05:30,DIVISLAB,12,True,0,TRADE_DECISION_NOT_ALLOWED,NOT_ELIGIBLE
,,"{""FILLED"": 12}",0,0,"{""FILLED"": 3, ""NONE"": 9}",579,,,0,9,,,,,NO_ACTION,,,,,,,,NO_EVENT,NONE,[],LOCKED,"[""CONTINUATION:BLOCK"", ""REACCELERATION:BLOCK"", ""REVERSAL:BLOCK""]",2026-07-31T11:18:00+05:30,EXIDEIND,12,False,0,,NO_SIGNAL
DIR:FORCEMOT:2026-07-31:002:UP:105400:DIRECTIONAL_REVERSAL_LEG_ESTABLISHED:110000,CAND:32b3a707960484f98d8399a7,"{""FILLED"": 12}",0,0,"{""FILLED"": 3, ""NONE"": 9}",580,HOLD_POSITION,CAUTION,0,9,OPP:32b3a707960484f98d8399a7,CAND:32b3a707960484f98d8399a7,OPP:32b3a707960484f98d8399a7,False,HOLD,NO_CREATION_EVENT,NONE,UNKNOWN,76d65cfd-3f5f-5419-81f1-24a924660ce7,NO_CURRENT_CREATION_EVENT,TRANSITION,OPEN,NO_EVENT,NONE,[],NONE,[],2026-07-31T11:18:00+05:30,FORCEMOT,12,False,0,,ALREADY_DEPLOYED
,,"{""FILLED"": 12}",0,0,"{""FILLED"": 3, ""NONE"": 9}",581,,,0,9,,,,,NO_ACTION,,,,,,,,NO_EVENT,NONE,[],LOCKED,"[""CONTINUATION:BLOCK"", ""REACCELERATION:BLOCK"", ""REVERSAL:BLOCK""]",2026-07-31T11:18:00+05:30,GLENMARK,12,False,0,,NO_SIGNAL
,,"{""FILLED"": 12}",0,0,"{""FILLED"": 3, ""NONE"": 9}",582,,,0,9,,,,,NO_ACTION,,,,,,,,NO_EVENT,REVERSAL_WATCH,[],FORMING,[],2026-07-31T11:18:00+05:30,INDUSTOWER,12,False,0,,NO_SIGNAL
DIR:KALYANKJIL:2026-07-31:002:UP:102400:DIRECTIONAL_REVERSAL_LEG_ESTABLISHED:103300,CAND:158ac89230fbe44b1b3cdd63,"{""FILLED"": 12}",0,0,"{""FILLED"": 3, ""NONE"": 9}",583,FORCE_EXIT,EXIT,0,9,OPP:158ac89230fbe44b1b3cdd63,CAND:158ac89230fbe44b1b3cdd63,OPP:158ac89230fbe44b1b3cdd63,True,NO_ACTION,EVENT_INVALIDATE,COMPLETED,ALIGNED,0be5a943-6906-5924-af54-1d2dcca91257,DIRECTIONAL_REVERSAL_LEG_FAILED_INVALIDATED_OPPOSITE_ACTIVE_SIGNAL,FORCE_EXIT,INVALIDATED,NO_EVENT,REVERSAL_LEG,[],LOCKED,"[""CONTINUATION:BLOCK"", ""REACCELERATION:BLOCK"", ""REVERSAL:BLOCK""]",2026-07-31T11:18:00+05:30,KALYANKJIL,12,False,0,,ALREADY_DEPLOYED
,,"{""FILLED"": 12}",0,0,"{""FILLED"": 3, ""NONE"": 9}",584,,,0,9,,,,,NO_ACTION,,,,,,,,NO_EVENT,REVERSAL_LEG,[],PROBABLE,[],2026-07-31T11:18:00+05:30,MANAPPURAM,12,False,0,,NO_SIGNAL
BAL:PERSISTENT:2026-07-31:002:NEUTRAL:103600:BALANCE_ESCAPE_STARTED:110600,CAND:6e00ceac84968df1df4d7495,"{""FILLED"": 12}",0,0,"{""FILLED"": 3, ""NONE"": 9}",585,HOLD_POSITION,CAUTION,0,9,OPP:6e00ceac84968df1df4d7495,CAND:6e00ceac84968df1df4d7495,OPP:6e00ceac84968df1df4d7495,False,HOLD,NO_CREATION_EVENT,NONE,UNKNOWN,cad8805e-c102-57a4-96c7-d70c9c07f5cc,NO_CURRENT_CREATION_EVENT,TRANSITION,OPEN,NO_EVENT,NONE,[],NONE,[],2026-07-31T11:18:00+05:30,PERSISTENT,12,True,0,TRADE_DECISION_NOT_ALLOWED,NOT_ELIGIBLE
,,"{""FILLED"": 12}",0,0,"{""FILLED"": 3, ""NONE"": 9}",586,,,0,9,,,,,NO_ACTION,,,,,,,,NO_EVENT,DIRECTIONAL,[],LOCKED,"[""CONTINUATION:BLOCK"", ""REACCELERATION:BLOCK"", ""REVERSAL:BLOCK""]",2026-07-31T11:18:00+05:30,POWERINDIA,12,False,0,,NO_SIGNAL
BAL:TCS:2026-07-31:001:NEUTRAL:100600:BALANCE_ESCAPE_STARTED:103600,CAND:02506b9e9c36e94d0d5e2f0e,"{""FILLED"": 12}",0,0,"{""FILLED"": 3, ""NONE"": 9}",587,FORCE_EXIT,EXIT,0,9,OPP:02506b9e9c36e94d0d5e2f0e,CAND:02506b9e9c36e94d0d5e2f0e,OPP:02506b9e9c36e94d0d5e2f0e,True,NO_ACTION,EVENT_INVALIDATE,NONE,UNKNOWN,8ea01a85-4efa-5849-ac33-c03e0b01cda8,BALANCE_ESCAPE_FAILED_INVALIDATED_SETUP,FORCE_EXIT,INVALIDATED,NO_EVENT,NONE,[],FAILED_BACK_INSIDE,"[""CONTINUATION:BLOCK"", ""REACCELERATION:BLOCK"", ""REVERSAL:BLOCK""]",2026-07-31T11:18:00+05:30,TCS,12,True,0,TRADE_DECISION_NOT_ALLOWED,NOT_ELIGIBLE
DIR:TORNTPHARM:2026-07-31:002:UP:105700:DIRECTIONAL_REVERSAL_LEG_ESTABLISHED:110300,CAND:dcb490f7068f3aeab3ab074f,"{""FILLED"": 12}",0,0,"{""FILLED"": 3, ""NONE"": 9}",588,HOLD_POSITION,CAUTION,0,9,OPP:dcb490f7068f3aeab3ab074f,CAND:dcb490f7068f3aeab3ab074f,OPP:dcb490f7068f3aeab3ab074f,False,HOLD,NO_CREATION_EVENT,REVERSAL_WATCH,ALIGNED,099dd7de-7081-52f9-9bd2-655c56b6256c,AUTHORITATIVE_REVERSAL_WATCH,PROTECT,OPEN,NO_EVENT,REVERSAL_WATCH,[],NONE,[],2026-07-31T11:18:00+05:30,TORNTPHARM,12,False,0,,ALREADY_DEPLOYED
,,"{""FILLED"": 12}",0,0,"{""FILLED"": 3, ""NONE"": 9}",589,,,0,9,,,,,NO_ACTION,,,,,,,,DIRECTIONAL_STARTED,DIRECTIONAL,"[""DIR:BHEL:2026-07-31:004:DOWN:112100:DIRECTIONAL_STARTED:112100""]",NONE,[],2026-07-31T11:21:00+05:30,BHEL,12,False,0,,NO_SIGNAL
DIR:CHOLAFIN:2026-07-31:002:DOWN:102400:DIRECTIONAL_REVERSAL_LEG_ESTABLISHED:103300,CAND:c91e30e559c61ae9e4a8e30d,"{""FILLED"": 12}",0,0,"{""FILLED"": 3, ""NONE"": 9}",590,HOLD_POSITION,CAUTION,0,9,OPP:c91e30e559c61ae9e4a8e30d,CAND:c91e30e559c61ae9e4a8e30d,OPP:c91e30e559c61ae9e4a8e30d,False,HOLD,NO_CREATION_EVENT,REVERSAL_WATCH,OPPOSED,aee40fe8-7759-5cec-902a-0db152fe528d,AUTHORITATIVE_REVERSAL_WATCH,PROTECT,OPEN,NO_EVENT,REVERSAL_WATCH,[],NONE,[],2026-07-31T11:21:00+05:30,CHOLAFIN,12,True,0,TRADE_DECISION_NOT_ALLOWED,NOT_ELIGIBLE
DIR:COFORGE:2026-07-31:002:DOWN:101500:DIRECTIONAL_REVERSAL_LEG_ESTABLISHED:102400,CAND:995ee50ff305357125723e26,"{""FILLED"": 12}",0,0,"{""FILLED"": 3, ""NONE"": 9}",591,HOLD_POSITION,CAUTION,0,9,OPP:995ee50ff305357125723e26,CAND:995ee50ff305357125723e26,OPP:995ee50ff305357125723e26,False,HOLD,NO_CREATION_EVENT,NONE,UNKNOWN,2afed6e7-898c-5a79-8bf5-1d7891f21ccb,NO_CURRENT_CREATION_EVENT,TRANSITION,OPEN,NO_EVENT,NONE,[],LOCKED,"[""CONTINUATION:BLOCK"", ""REACCELERATION:BLOCK"", ""REVERSAL:BLOCK""]",2026-07-31T11:21:00+05:30,COFORGE,12,False,0,,ALREADY_DEPLOYED
DIR:DIVISLAB:2026-07-31:002:DOWN:100600:DIRECTIONAL_REVERSAL_LEG_ESTABLISHED:101800,CAND:6644484c352c701feebfdf31,"{""FILLED"": 12}",0,0,"{""FILLED"": 3, ""NONE"": 9}",592,HOLD_POSITION,CAUTION,0,9,OPP:6644484c352c701feebfdf31,CAND:6644484c352c701feebfdf31,OPP:6644484c352c701feebfdf31,False,HOLD,NO_CREATION_EVENT,NONE,UNKNOWN,a73cb6c9-a388-53f1-92b2-41820e34edd3,NO_CURRENT_CREATION_EVENT,TRANSITION,OPEN,NO_EVENT,NONE,[],NONE,[],2026-07-31T11:21:00+05:30,DIVISLAB,12,True,0,TRADE_DECISION_NOT_ALLOWED,NOT_ELIGIBLE
,,"{""FILLED"": 12}",0,0,"{""FILLED"": 3, ""NONE"": 9}",593,,,0,9,,,,,NO_ACTION,,,,,,,,NO_EVENT,NONE,[],LOCKED,"[""CONTINUATION:BLOCK"", ""REACCELERATION:BLOCK"", ""REVERSAL:BLOCK""]",2026-07-31T11:21:00+05:30,EXIDEIND,12,False,0,,NO_SIGNAL
DIR:FORCEMOT:2026-07-31:002:UP:105400:DIRECTIONAL_REVERSAL_LEG_ESTABLISHED:110000,CAND:32b3a707960484f98d8399a7,"{""FILLED"": 12}",0,0,"{""FILLED"": 3, ""NONE"": 9}",594,HOLD_POSITION,CAUTION,0,9,OPP:32b3a707960484f98d8399a7,CAND:32b3a707960484f98d8399a7,OPP:32b3a707960484f98d8399a7,False,HOLD,NO_CREATION_EVENT,NONE,UNKNOWN,76d65cfd-3f5f-5419-81f1-24a924660ce7,NO_CURRENT_CREATION_EVENT,TRANSITION,OPEN,NO_EVENT,NONE,[],NONE,[],2026-07-31T11:21:00+05:30,FORCEMOT,12,False,0,,ALREADY_DEPLOYED
,,"{""FILLED"": 12}",0,0,"{""FILLED"": 3, ""NONE"": 9}",595,,,0,9,,,,,NO_ACTION,,,,,,,,NO_EVENT,NONE,[],LOCKED,"[""CONTINUATION:BLOCK"", ""REACCELERATION:BLOCK"", ""REVERSAL:BLOCK""]",2026-07-31T11:21:00+05:30,GLENMARK,12,False,0,,NO_SIGNAL
,,"{""FILLED"": 12}",0,0,"{""FILLED"": 3, ""NONE"": 9}",596,,,0,9,,,,,NO_ACTION,,,,,,,,NO_EVENT,REVERSAL_WATCH,[],FORMING,[],2026-07-31T11:21:00+05:30,INDUSTOWER,12,False,0,,NO_SIGNAL
DIR:KALYANKJIL:2026-07-31:002:UP:102400:DIRECTIONAL_REVERSAL_LEG_ESTABLISHED:103300,CAND:158ac89230fbe44b1b3cdd63,"{""FILLED"": 12}",0,0,"{""FILLED"": 3, ""NONE"": 9}",597,FORCE_EXIT,EXIT,0,9,OPP:158ac89230fbe44b1b3cdd63,CAND:158ac89230fbe44b1b3cdd63,OPP:158ac89230fbe44b1b3cdd63,True,NO_ACTION,EVENT_INVALIDATE,COMPLETED,ALIGNED,0be5a943-6906-5924-af54-1d2dcca91257,DIRECTIONAL_REVERSAL_LEG_FAILED_INVALIDATED_OPPOSITE_ACTIVE_SIGNAL,FORCE_EXIT,INVALIDATED,DIRECTIONAL_REVERSAL_LEG_ESTABLISHED,DIRECTIONAL,"[""DIR:KALYANKJIL:2026-07-31:006:UP:111500:DIRECTIONAL_REVERSAL_LEG_ESTABLISHED:112100""]",LOCKED,"[""CONTINUATION:BLOCK"", ""REACCELERATION:BLOCK"", ""REVERSAL:BLOCK""]",2026-07-31T11:21:00+05:30,KALYANKJIL,12,False,0,,ALREADY_DEPLOYED
DIR:MANAPPURAM:2026-07-31:006:UP:111200:DIRECTIONAL_REVERSAL_LEG_ESTABLISHED:112100,CAND:7316c4a2330c742a8803fe6c,"{""FILLED"": 12}",0,0,"{""FILLED"": 3, ""NONE"": 9}",598,CREATE_TRADE,STRENGTHEN,0,9,OPP:7316c4a2330c742a8803fe6c,CAND:7316c4a2330c742a8803fe6c,OPP:7316c4a2330c742a8803fe6c,False,CREATE,LOCAL_CONFIRMED,DIRECTIONAL,ALIGNED,50c51811-b112-5f0f-9fcc-a1422ceea97c,EVENT_DRIVEN_SETUP_CREATED,ACTIVE,OPEN,"BALANCE_COMPLETED,DIRECTIONAL_REVERSAL_LEG_ESTABLISHED",DIRECTIONAL,"[""BAL:MANAPPURAM:2026-07-31:002:NEUTRAL:110000:BALANCE_COMPLETED:112100"", ""DIR:MANAPPURAM:2026-07-31:006:UP:111200:DIRECTIONAL_REVERSAL_LEG_ESTABLISHED:112100""]",COMPLETED,"[""REVERSAL:PERMIT""]",2026-07-31T11:21:00+05:30,MANAPPURAM,12,True,0,TRADE_DECISION_NOT_ALLOWED,NOT_ELIGIBLE
BAL:PERSISTENT:2026-07-31:002:NEUTRAL:103600:BALANCE_ESCAPE_STARTED:110600,CAND:6e00ceac84968df1df4d7495,"{""FILLED"": 15}",3,0,"{""FILLED"": 3, ""NONE"": 12}",599,HOLD_POSITION,STRENGTHEN,0,12,OPP:6e00ceac84968df1df4d7495,CAND:6e00ceac84968df1df4d7495,OPP:6e00ceac84968df1df4d7495,False,HOLD,NO_CREATION_EVENT,DIRECTIONAL,ALIGNED,cad8805e-c102-57a4-96c7-d70c9c07f5cc,AUTHORITATIVE_DIRECTIONAL_ALIGNED,ACTIVE,OPEN,DIRECTIONAL_STARTED,DIRECTIONAL,"[""DIR:PERSISTENT:2026-07-31:003:UP:112100:DIRECTIONAL_STARTED:112100""]",NONE,[],2026-07-31T11:21:00+05:30,PERSISTENT,15,True,3,,CREATED
,,"{""FILLED"": 15}",0,0,"{""FILLED"": 3, ""NONE"": 12}",600,,,0,12,,,,,NO_ACTION,,,,,,,,NO_EVENT,DIRECTIONAL,[],LOCKED,"[""CONTINUATION:BLOCK"", ""REACCELERATION:BLOCK"", ""REVERSAL:BLOCK""]",2026-07-31T11:21:00+05:30,POWERINDIA,15,False,0,,NO_SIGNAL
BAL:TCS:2026-07-31:001:NEUTRAL:100600:BALANCE_ESCAPE_STARTED:103600,CAND:02506b9e9c36e94d0d5e2f0e,"{""FILLED"": 15}",0,0,"{""FILLED"": 3, ""NONE"": 12}",601,FORCE_EXIT,EXIT,0,12,OPP:02506b9e9c36e94d0d5e2f0e,CAND:02506b9e9c36e94d0d5e2f0e,OPP:02506b9e9c36e94d0d5e2f0e,True,NO_ACTION,EVENT_INVALIDATE,NONE,UNKNOWN,8ea01a85-4efa-5849-ac33-c03e0b01cda8,BALANCE_ESCAPE_FAILED_INVALIDATED_SETUP,FORCE_EXIT,INVALIDATED,NO_EVENT,NONE,[],FAILED_BACK_INSIDE,"[""CONTINUATION:BLOCK"", ""REACCELERATION:BLOCK"", ""REVERSAL:BLOCK""]",2026-07-31T11:21:00+05:30,TCS,15,True,0,TRADE_DECISION_NOT_ALLOWED,NOT_ELIGIBLE
DIR:TORNTPHARM:2026-07-31:002:UP:105700:DIRECTIONAL_REVERSAL_LEG_ESTABLISHED:110300,CAND:dcb490f7068f3aeab3ab074f,"{""FILLED"": 15}",0,0,"{""FILLED"": 3, ""NONE"": 12}",602,HOLD_POSITION,CAUTION,0,12,OPP:dcb490f7068f3aeab3ab074f,CAND:dcb490f7068f3aeab3ab074f,OPP:dcb490f7068f3aeab3ab074f,False,HOLD,NO_CREATION_EVENT,REVERSAL_WATCH,ALIGNED,099dd7de-7081-52f9-9bd2-655c56b6256c,AUTHORITATIVE_REVERSAL_WATCH,PROTECT,OPEN,NO_EVENT,REVERSAL_WATCH,[],NONE,[],2026-07-31T11:21:00+05:30,TORNTPHARM,15,False,0,,ALREADY_DEPLOYED
,,"{""FILLED"": 15}",0,0,"{""FILLED"": 3, ""NONE"": 12}",603,,,0,12,,,,,NO_ACTION,,,,,,,,DIRECTIONAL_MATURED,MATURE,"[""DIR:BHEL:2026-07-31:004:DOWN:112100:DIRECTIONAL_MATURED:112400""]",NONE,[],2026-07-31T11:24:00+05:30,BHEL,15,False,0,,NO_SIGNAL
DIR:CHOLAFIN:2026-07-31:002:DOWN:102400:DIRECTIONAL_REVERSAL_LEG_ESTABLISHED:103300,CAND:c91e30e559c61ae9e4a8e30d,"{""FILLED"": 15}",0,0,"{""FILLED"": 3, ""NONE"": 12}",604,HOLD_POSITION,CAUTION,0,12,OPP:c91e30e559c61ae9e4a8e30d,CAND:c91e30e559c61ae9e4a8e30d,OPP:c91e30e559c61ae9e4a8e30d,False,HOLD,NO_CREATION_EVENT,REVERSAL_WATCH,OPPOSED,aee40fe8-7759-5cec-902a-0db152fe528d,AUTHORITATIVE_REVERSAL_WATCH,PROTECT,OPEN,NO_EVENT,REVERSAL_WATCH,[],NONE,[],2026-07-31T11:24:00+05:30,CHOLAFIN,15,True,0,TRADE_DECISION_NOT_ALLOWED,NOT_ELIGIBLE
DIR:COFORGE:2026-07-31:002:DOWN:101500:DIRECTIONAL_REVERSAL_LEG_ESTABLISHED:102400,CAND:995ee50ff305357125723e26,"{""FILLED"": 15}",0,0,"{""FILLED"": 3, ""NONE"": 12}",605,HOLD_POSITION,CAUTION,0,12,OPP:995ee50ff305357125723e26,CAND:995ee50ff305357125723e26,OPP:995ee50ff305357125723e26,False,HOLD,NO_CREATION_EVENT,NONE,UNKNOWN,2afed6e7-898c-5a79-8bf5-1d7891f21ccb,NO_CURRENT_CREATION_EVENT,TRANSITION,OPEN,NO_EVENT,NONE,[],LOCKED,"[""CONTINUATION:BLOCK"", ""REACCELERATION:BLOCK"", ""REVERSAL:BLOCK""]",2026-07-31T11:24:00+05:30,COFORGE,15,False,0,,ALREADY_DEPLOYED
DIR:DIVISLAB:2026-07-31:002:DOWN:100600:DIRECTIONAL_REVERSAL_LEG_ESTABLISHED:101800,CAND:6644484c352c701feebfdf31,"{""FILLED"": 15}",0,0,"{""FILLED"": 3, ""NONE"": 12}",606,HOLD_POSITION,CAUTION,0,12,OPP:6644484c352c701feebfdf31,CAND:6644484c352c701feebfdf31,OPP:6644484c352c701feebfdf31,False,HOLD,NO_CREATION_EVENT,NONE,UNKNOWN,a73cb6c9-a388-53f1-92b2-41820e34edd3,NO_CURRENT_CREATION_EVENT,TRANSITION,OPEN,NO_EVENT,NONE,[],NONE,[],2026-07-31T11:24:00+05:30,DIVISLAB,15,True,0,TRADE_DECISION_NOT_ALLOWED,NOT_ELIGIBLE
,,"{""FILLED"": 15}",0,0,"{""FILLED"": 3, ""NONE"": 12}",607,,,0,12,,,,,NO_ACTION,,,,,,,,NO_EVENT,NONE,[],LOCKED,"[""CONTINUATION:BLOCK"", ""REACCELERATION:BLOCK"", ""REVERSAL:BLOCK""]",2026-07-31T11:24:00+05:30,EXIDEIND,15,False,0,,NO_SIGNAL
DIR:FORCEMOT:2026-07-31:002:UP:105400:DIRECTIONAL_REVERSAL_LEG_ESTABLISHED:110000,CAND:32b3a707960484f98d8399a7,"{""FILLED"": 15}",0,0,"{""FILLED"": 3, ""NONE"": 12}",608,HOLD_POSITION,CAUTION,0,12,OPP:32b3a707960484f98d8399a7,CAND:32b3a707960484f98d8399a7,OPP:32b3a707960484f98d8399a7,False,HOLD,NO_CREATION_EVENT,NONE,UNKNOWN,76d65cfd-3f5f-5419-81f1-24a924660ce7,NO_CURRENT_CREATION_EVENT,TRANSITION,OPEN,NO_EVENT,NONE,[],NONE,[],2026-07-31T11:24:00+05:30,FORCEMOT,15,False,0,,ALREADY_DEPLOYED
,,"{""FILLED"": 15}",0,0,"{""FILLED"": 3, ""NONE"": 12}",609,,,0,12,,,,,NO_ACTION,,,,,,,,NO_EVENT,NONE,[],LOCKED,"[""CONTINUATION:BLOCK"", ""REACCELERATION:BLOCK"", ""REVERSAL:BLOCK""]",2026-07-31T11:24:00+05:30,GLENMARK,15,False,0,,NO_SIGNAL
,,"{""FILLED"": 15}",0,0,"{""FILLED"": 3, ""NONE"": 12}",610,,,0,12,,,,,NO_ACTION,,,,,,,,NO_EVENT,REVERSAL_WATCH,[],FORMING,[],2026-07-31T11:24:00+05:30,INDUSTOWER,15,False,0,,NO_SIGNAL
DIR:KALYANKJIL:2026-07-31:002:UP:102400:DIRECTIONAL_REVERSAL_LEG_ESTABLISHED:103300,CAND:158ac89230fbe44b1b3cdd63,"{""FILLED"": 15}",0,0,"{""FILLED"": 3, ""NONE"": 12}",611,FORCE_EXIT,EXIT,0,12,OPP:158ac89230fbe44b1b3cdd63,CAND:158ac89230fbe44b1b3cdd63,OPP:158ac89230fbe44b1b3cdd63,True,NO_ACTION,EVENT_INVALIDATE,COMPLETED,ALIGNED,0be5a943-6906-5924-af54-1d2dcca91257,DIRECTIONAL_REVERSAL_LEG_FAILED_INVALIDATED_OPPOSITE_ACTIVE_SIGNAL,FORCE_EXIT,INVALIDATED,NO_EVENT,DIRECTIONAL,[],LOCKED,"[""CONTINUATION:BLOCK"", ""REACCELERATION:BLOCK"", ""REVERSAL:BLOCK""]",2026-07-31T11:24:00+05:30,KALYANKJIL,15,False,0,,ALREADY_DEPLOYED
DIR:MANAPPURAM:2026-07-31:006:UP:111200:DIRECTIONAL_REVERSAL_LEG_ESTABLISHED:112100,CAND:7316c4a2330c742a8803fe6c,"{""FILLED"": 18}",3,0,"{""FILLED"": 3, ""NONE"": 15}",612,HOLD_POSITION,STRENGTHEN,0,15,OPP:7316c4a2330c742a8803fe6c,CAND:7316c4a2330c742a8803fe6c,OPP:7316c4a2330c742a8803fe6c,False,HOLD,NO_CREATION_EVENT,DIRECTIONAL,ALIGNED,50c51811-b112-5f0f-9fcc-a1422ceea97c,AUTHORITATIVE_DIRECTIONAL_ALIGNED,ACTIVE,OPEN,NO_EVENT,DIRECTIONAL,[],NONE,[],2026-07-31T11:24:00+05:30,MANAPPURAM,18,True,3,,CREATED
BAL:PERSISTENT:2026-07-31:002:NEUTRAL:103600:BALANCE_ESCAPE_STARTED:110600,CAND:6e00ceac84968df1df4d7495,"{""FILLED"": 18}",0,0,"{""FILLED"": 3, ""NONE"": 15}",613,HOLD_POSITION,STRENGTHEN,0,15,OPP:6e00ceac84968df1df4d7495,CAND:6e00ceac84968df1df4d7495,OPP:6e00ceac84968df1df4d7495,False,HOLD,NO_CREATION_EVENT,DIRECTIONAL,ALIGNED,cad8805e-c102-57a4-96c7-d70c9c07f5cc,AUTHORITATIVE_DIRECTIONAL_ALIGNED,ACTIVE,OPEN,NO_EVENT,DIRECTIONAL,[],NONE,[],2026-07-31T11:24:00+05:30,PERSISTENT,18,False,0,,ALREADY_DEPLOYED
,,"{""FILLED"": 18}",0,0,"{""FILLED"": 3, ""NONE"": 15}",614,,,0,15,,,,,NO_ACTION,,,,,,,,NO_EVENT,DIRECTIONAL,[],LOCKED,"[""CONTINUATION:BLOCK"", ""REACCELERATION:BLOCK"", ""REVERSAL:BLOCK""]",2026-07-31T11:24:00+05:30,POWERINDIA,18,False,0,,NO_SIGNAL
BAL:TCS:2026-07-31:001:NEUTRAL:100600:BALANCE_ESCAPE_STARTED:103600,CAND:02506b9e9c36e94d0d5e2f0e,"{""FILLED"": 18}",0,0,"{""FILLED"": 3, ""NONE"": 15}",615,FORCE_EXIT,EXIT,0,15,OPP:02506b9e9c36e94d0d5e2f0e,CAND:02506b9e9c36e94d0d5e2f0e,OPP:02506b9e9c36e94d0d5e2f0e,True,NO_ACTION,EVENT_INVALIDATE,NONE,UNKNOWN,8ea01a85-4efa-5849-ac33-c03e0b01cda8,BALANCE_ESCAPE_FAILED_INVALIDATED_SETUP,FORCE_EXIT,INVALIDATED,NO_EVENT,NONE,[],FAILED_BACK_INSIDE,"[""CONTINUATION:BLOCK"", ""REACCELERATION:BLOCK"", ""REVERSAL:BLOCK""]",2026-07-31T11:24:00+05:30,TCS,18,True,0,TRADE_DECISION_NOT_ALLOWED,NOT_ELIGIBLE
DIR:TORNTPHARM:2026-07-31:002:UP:105700:DIRECTIONAL_REVERSAL_LEG_ESTABLISHED:110300,CAND:dcb490f7068f3aeab3ab074f,"{""FILLED"": 18}",0,0,"{""FILLED"": 3, ""NONE"": 15}",616,HOLD_POSITION,CAUTION,0,15,OPP:dcb490f7068f3aeab3ab074f,CAND:dcb490f7068f3aeab3ab074f,OPP:dcb490f7068f3aeab3ab074f,False,HOLD,NO_CREATION_EVENT,REVERSAL_WATCH,ALIGNED,099dd7de-7081-52f9-9bd2-655c56b6256c,AUTHORITATIVE_REVERSAL_WATCH,PROTECT,OPEN,NO_EVENT,REVERSAL_WATCH,[],NONE,[],2026-07-31T11:24:00+05:30,TORNTPHARM,18,False,0,,ALREADY_DEPLOYED
,,"{""FILLED"": 18}",0,0,"{""FILLED"": 3, ""NONE"": 15}",617,,,0,15,,,,,NO_ACTION,,,,,,,,REVERSAL_WATCH_STARTED,REVERSAL_WATCH,"[""DIR:BHEL:2026-07-31:004:DOWN:112100:REVERSAL_WATCH_STARTED:112700""]",NONE,[],2026-07-31T11:27:00+05:30,BHEL,18,False,0,,NO_SIGNAL
DIR:CHOLAFIN:2026-07-31:002:DOWN:102400:DIRECTIONAL_REVERSAL_LEG_ESTABLISHED:103300,CAND:c91e30e559c61ae9e4a8e30d,"{""FILLED"": 18}",0,0,"{""FILLED"": 3, ""NONE"": 15}",618,HOLD_POSITION,CAUTION,0,15,OPP:c91e30e559c61ae9e4a8e30d,CAND:c91e30e559c61ae9e4a8e30d,OPP:c91e30e559c61ae9e4a8e30d,False,HOLD,NO_CREATION_EVENT,REVERSAL_WATCH,OPPOSED,aee40fe8-7759-5cec-902a-0db152fe528d,AUTHORITATIVE_REVERSAL_WATCH,PROTECT,OPEN,NO_EVENT,REVERSAL_WATCH,[],NONE,[],2026-07-31T11:27:00+05:30,CHOLAFIN,18,True,0,TRADE_DECISION_NOT_ALLOWED,NOT_ELIGIBLE
DIR:COFORGE:2026-07-31:002:DOWN:101500:DIRECTIONAL_REVERSAL_LEG_ESTABLISHED:102400,CAND:995ee50ff305357125723e26,"{""FILLED"": 18}",0,0,"{""FILLED"": 3, ""NONE"": 15}",619,HOLD_POSITION,CAUTION,0,15,OPP:995ee50ff305357125723e26,CAND:995ee50ff305357125723e26,OPP:995ee50ff305357125723e26,False,HOLD,NO_CREATION_EVENT,NONE,UNKNOWN,2afed6e7-898c-5a79-8bf5-1d7891f21ccb,NO_CURRENT_CREATION_EVENT,TRANSITION,OPEN,NO_EVENT,NONE,[],LOCKED,"[""CONTINUATION:BLOCK"", ""REACCELERATION:BLOCK"", ""REVERSAL:BLOCK""]",2026-07-31T11:27:00+05:30,COFORGE,18,False,0,,ALREADY_DEPLOYED
DIR:DIVISLAB:2026-07-31:002:DOWN:100600:DIRECTIONAL_REVERSAL_LEG_ESTABLISHED:101800,CAND:6644484c352c701feebfdf31,"{""FILLED"": 18}",0,0,"{""FILLED"": 3, ""NONE"": 15}",620,HOLD_POSITION,CAUTION,0,15,OPP:6644484c352c701feebfdf31,CAND:6644484c352c701feebfdf31,OPP:6644484c352c701feebfdf31,False,HOLD,NO_CREATION_EVENT,NONE,UNKNOWN,a73cb6c9-a388-53f1-92b2-41820e34edd3,NO_CURRENT_CREATION_EVENT,TRANSITION,OPEN,NO_EVENT,NONE,[],NONE,[],2026-07-31T11:27:00+05:30,DIVISLAB,18,True,0,TRADE_DECISION_NOT_ALLOWED,NOT_ELIGIBLE
,,"{""FILLED"": 18}",0,0,"{""FILLED"": 3, ""NONE"": 15}",621,,,0,15,,,,,NO_ACTION,,,,,,,,NO_EVENT,NONE,[],LOCKED,"[""CONTINUATION:BLOCK"", ""REACCELERATION:BLOCK"", ""REVERSAL:BLOCK""]",2026-07-31T11:27:00+05:30,EXIDEIND,18,False,0,,NO_SIGNAL
DIR:FORCEMOT:2026-07-31:002:UP:105400:DIRECTIONAL_REVERSAL_LEG_ESTABLISHED:110000,CAND:32b3a707960484f98d8399a7,"{""FILLED"": 18}",0,0,"{""FILLED"": 3, ""NONE"": 15}",622,HOLD_POSITION,CAUTION,0,15,OPP:32b3a707960484f98d8399a7,CAND:32b3a707960484f98d8399a7,OPP:32b3a707960484f98d8399a7,False,HOLD,NO_CREATION_EVENT,NONE,UNKNOWN,76d65cfd-3f5f-5419-81f1-24a924660ce7,NO_CURRENT_CREATION_EVENT,TRANSITION,OPEN,NO_EVENT,NONE,[],NONE,[],2026-07-31T11:27:00+05:30,FORCEMOT,18,False,0,,ALREADY_DEPLOYED
,,"{""FILLED"": 18}",0,0,"{""FILLED"": 3, ""NONE"": 15}",623,,,0,15,,,,,NO_ACTION,,,,,,,,NO_EVENT,NONE,[],LOCKED,"[""CONTINUATION:BLOCK"", ""REACCELERATION:BLOCK"", ""REVERSAL:BLOCK""]",2026-07-31T11:27:00+05:30,GLENMARK,18,False,0,,NO_SIGNAL
,,"{""FILLED"": 18}",0,0,"{""FILLED"": 3, ""NONE"": 15}",624,,,0,15,,,,,NO_ACTION,,,,,,,,NO_EVENT,REVERSAL_WATCH,[],FORMING,[],2026-07-31T11:27:00+05:30,INDUSTOWER,18,False,0,,NO_SIGNAL
BAL:KALYANKJIL:2026-07-31:002:NEUTRAL:105100:BALANCE_ESCAPE_STARTED:112700,CAND:4a3872010c190995b2d63ff8,"{""FILLED"": 18}",0,0,"{""FILLED"": 3, ""NONE"": 15}",625,CREATE_TRADE,STRENGTHEN,0,15,OPP:4a3872010c190995b2d63ff8,CAND:4a3872010c190995b2d63ff8,OPP:4a3872010c190995b2d63ff8,False,CREATE,LOCAL_CONFIRMED,COMPLETED,ALIGNED,fe205a27-ef8f-5bf7-9192-94593d799d94,EVENT_DRIVEN_SETUP_CREATED,ACTIVE,OPEN,"BALANCE_ESCAPE_STARTED,DIRECTIONAL_COMPLETED",COMPLETED,"[""BAL:KALYANKJIL:2026-07-31:002:NEUTRAL:105100:BALANCE_ESCAPE_STARTED:112700"", ""DIR:KALYANKJIL:2026-07-31:006:UP:111500:DIRECTIONAL_COMPLETED:112700""]",ESCAPE_WATCH,"[""ACCEPTED_BREAKOUT:WAIT"", ""BREAKOUT_INITIATION:PERMIT"", ""CONTINUATION:BLOCK"", ""FAILED_BREAKOUT:WAIT"", ""REACCELERATION:BLOCK"", ""REVERSAL:BLOCK""]",2026-07-31T11:27:00+05:30,KALYANKJIL,18,True,0,TRADE_DECISION_NOT_ALLOWED,NOT_ELIGIBLE
DIR:MANAPPURAM:2026-07-31:006:UP:111200:DIRECTIONAL_REVERSAL_LEG_ESTABLISHED:112100,CAND:7316c4a2330c742a8803fe6c,"{""FILLED"": 18}",0,0,"{""FILLED"": 3, ""NONE"": 15}",626,HOLD_POSITION,CAUTION,0,15,OPP:7316c4a2330c742a8803fe6c,CAND:7316c4a2330c742a8803fe6c,OPP:7316c4a2330c742a8803fe6c,False,HOLD,NO_CREATION_EVENT,COMPLETED,ALIGNED,50c51811-b112-5f0f-9fcc-a1422ceea97c,NO_CURRENT_CREATION_EVENT,TRANSITION,OPEN,DIRECTIONAL_COMPLETED,COMPLETED,"[""DIR:MANAPPURAM:2026-07-31:006:UP:111200:DIRECTIONAL_COMPLETED:112700""]",NONE,[],2026-07-31T11:27:00+05:30,MANAPPURAM,18,False,0,,ALREADY_DEPLOYED
BAL:PERSISTENT:2026-07-31:002:NEUTRAL:103600:BALANCE_ESCAPE_STARTED:110600,CAND:6e00ceac84968df1df4d7495,"{""FILLED"": 18}",0,0,"{""FILLED"": 3, ""NONE"": 15}",627,HOLD_POSITION,STRENGTHEN,0,15,OPP:6e00ceac84968df1df4d7495,CAND:6e00ceac84968df1df4d7495,OPP:6e00ceac84968df1df4d7495,False,HOLD,NO_CREATION_EVENT,DIRECTIONAL,ALIGNED,cad8805e-c102-57a4-96c7-d70c9c07f5cc,AUTHORITATIVE_DIRECTIONAL_ALIGNED,ACTIVE,OPEN,BALANCE_FORMING_STARTED,DIRECTIONAL,"[""BAL:PERSISTENT:2026-07-31:003:NEUTRAL:112700:BALANCE_FORMING_STARTED:112700""]",FORMING,[],2026-07-31T11:27:00+05:30,PERSISTENT,18,False,0,,ALREADY_DEPLOYED
,,"{""FILLED"": 18}",0,0,"{""FILLED"": 3, ""NONE"": 15}",628,,,0,15,,,,,NO_ACTION,,,,,,,,BALANCE_ESCAPE_STARTED,DIRECTIONAL,"[""BAL:POWERINDIA:2026-07-31:001:NEUTRAL:095100:BALANCE_ESCAPE_STARTED:112700""]",ESCAPE_WATCH,"[""ACCEPTED_BREAKOUT:WAIT"", ""BREAKOUT_INITIATION:PERMIT"", ""CONTINUATION:BLOCK"", ""FAILED_BREAKOUT:WAIT"", ""REACCELERATION:BLOCK"", ""REVERSAL:BLOCK""]",2026-07-31T11:27:00+05:30,POWERINDIA,18,False,0,,NO_SIGNAL
BAL:TCS:2026-07-31:001:NEUTRAL:100600:BALANCE_ESCAPE_STARTED:103600,CAND:02506b9e9c36e94d0d5e2f0e,"{""FILLED"": 18}",0,0,"{""FILLED"": 3, ""NONE"": 15}",629,FORCE_EXIT,EXIT,0,15,OPP:02506b9e9c36e94d0d5e2f0e,CAND:02506b9e9c36e94d0d5e2f0e,OPP:02506b9e9c36e94d0d5e2f0e,True,NO_ACTION,EVENT_INVALIDATE,NONE,UNKNOWN,8ea01a85-4efa-5849-ac33-c03e0b01cda8,BALANCE_ESCAPE_FAILED_INVALIDATED_SETUP,FORCE_EXIT,INVALIDATED,NO_EVENT,NONE,[],FAILED_BACK_INSIDE,"[""CONTINUATION:BLOCK"", ""REACCELERATION:BLOCK"", ""REVERSAL:BLOCK""]",2026-07-31T11:27:00+05:30,TCS,18,True,0,TRADE_DECISION_NOT_ALLOWED,NOT_ELIGIBLE
DIR:TORNTPHARM:2026-07-31:002:UP:105700:DIRECTIONAL_REVERSAL_LEG_ESTABLISHED:110300,CAND:dcb490f7068f3aeab3ab074f,"{""FILLED"": 18}",0,0,"{""FILLED"": 3, ""NONE"": 15}",630,HOLD_POSITION,CAUTION,0,15,OPP:dcb490f7068f3aeab3ab074f,CAND:dcb490f7068f3aeab3ab074f,OPP:dcb490f7068f3aeab3ab074f,False,HOLD,NO_CREATION_EVENT,REVERSAL_WATCH,ALIGNED,099dd7de-7081-52f9-9bd2-655c56b6256c,AUTHORITATIVE_REVERSAL_WATCH,PROTECT,OPEN,NO_EVENT,REVERSAL_WATCH,[],NONE,[],2026-07-31T11:27:00+05:30,TORNTPHARM,18,False,0,,ALREADY_DEPLOYED
,,"{""FILLED"": 18}",0,0,"{""FILLED"": 3, ""NONE"": 15}",631,,,0,15,,,,,NO_ACTION,,,,,,,,NO_EVENT,REVERSAL_WATCH,[],NONE,[],2026-07-31T11:30:00+05:30,BHEL,18,False,0,,NO_SIGNAL
DIR:CHOLAFIN:2026-07-31:002:DOWN:102400:DIRECTIONAL_REVERSAL_LEG_ESTABLISHED:103300,CAND:c91e30e559c61ae9e4a8e30d,"{""FILLED"": 18}",0,0,"{""FILLED"": 3, ""NONE"": 15}",632,HOLD_POSITION,CAUTION,0,15,OPP:c91e30e559c61ae9e4a8e30d,CAND:c91e30e559c61ae9e4a8e30d,OPP:c91e30e559c61ae9e4a8e30d,False,HOLD,NO_CREATION_EVENT,REVERSAL_WATCH,OPPOSED,aee40fe8-7759-5cec-902a-0db152fe528d,AUTHORITATIVE_REVERSAL_WATCH,PROTECT,OPEN,NO_EVENT,REVERSAL_WATCH,[],NONE,[],2026-07-31T11:30:00+05:30,CHOLAFIN,18,True,0,TRADE_DECISION_NOT_ALLOWED,NOT_ELIGIBLE
DIR:COFORGE:2026-07-31:002:DOWN:101500:DIRECTIONAL_REVERSAL_LEG_ESTABLISHED:102400,CAND:995ee50ff305357125723e26,"{""FILLED"": 18}",0,0,"{""FILLED"": 3, ""NONE"": 15}",633,HOLD_POSITION,CAUTION,0,15,OPP:995ee50ff305357125723e26,CAND:995ee50ff305357125723e26,OPP:995ee50ff305357125723e26,False,HOLD,NO_CREATION_EVENT,NONE,UNKNOWN,2afed6e7-898c-5a79-8bf5-1d7891f21ccb,NO_CURRENT_CREATION_EVENT,TRANSITION,OPEN,NO_EVENT,NONE,[],LOCKED,"[""CONTINUATION:BLOCK"", ""REACCELERATION:BLOCK"", ""REVERSAL:BLOCK""]",2026-07-31T11:30:00+05:30,COFORGE,18,False,0,,ALREADY_DEPLOYED
DIR:DIVISLAB:2026-07-31:002:DOWN:100600:DIRECTIONAL_REVERSAL_LEG_ESTABLISHED:101800,CAND:6644484c352c701feebfdf31,"{""FILLED"": 18}",0,0,"{""FILLED"": 3, ""NONE"": 15}",634,HOLD_POSITION,CAUTION,0,15,OPP:6644484c352c701feebfdf31,CAND:6644484c352c701feebfdf31,OPP:6644484c352c701feebfdf31,False,HOLD,NO_CREATION_EVENT,NONE,UNKNOWN,a73cb6c9-a388-53f1-92b2-41820e34edd3,NO_CURRENT_CREATION_EVENT,TRANSITION,OPEN,NO_EVENT,NONE,[],NONE,[],2026-07-31T11:30:00+05:30,DIVISLAB,18,True,0,TRADE_DECISION_NOT_ALLOWED,NOT_ELIGIBLE
,,"{""FILLED"": 18}",0,0,"{""FILLED"": 3, ""NONE"": 15}",635,,,0,15,,,,,NO_ACTION,,,,,,,,BALANCE_ESCAPE_STARTED,NONE,"[""BAL:EXIDEIND:2026-07-31:001:NEUTRAL:100900:BALANCE_ESCAPE_STARTED:113000""]",ESCAPE_WATCH,"[""ACCEPTED_BREAKOUT:WAIT"", ""BREAKOUT_INITIATION:PERMIT"", ""CONTINUATION:BLOCK"", ""FAILED_BREAKOUT:WAIT"", ""REACCELERATION:BLOCK"", ""REVERSAL:BLOCK""]",2026-07-31T11:30:00+05:30,EXIDEIND,18,False,0,,NO_SIGNAL
DIR:FORCEMOT:2026-07-31:002:UP:105400:DIRECTIONAL_REVERSAL_LEG_ESTABLISHED:110000,CAND:32b3a707960484f98d8399a7,"{""FILLED"": 18}",0,0,"{""FILLED"": 3, ""NONE"": 15}",636,HOLD_POSITION,CAUTION,0,15,OPP:32b3a707960484f98d8399a7,CAND:32b3a707960484f98d8399a7,OPP:32b3a707960484f98d8399a7,False,HOLD,NO_CREATION_EVENT,NONE,UNKNOWN,76d65cfd-3f5f-5419-81f1-24a924660ce7,NO_CURRENT_CREATION_EVENT,TRANSITION,OPEN,NO_EVENT,NONE,[],NONE,[],2026-07-31T11:30:00+05:30,FORCEMOT,18,False,0,,ALREADY_DEPLOYED
,,"{""FILLED"": 18}",0,0,"{""FILLED"": 3, ""NONE"": 15}",637,,,0,15,,,,,NO_ACTION,,,,,,,,NO_EVENT,NONE,[],LOCKED,"[""CONTINUATION:BLOCK"", ""REACCELERATION:BLOCK"", ""REVERSAL:BLOCK""]",2026-07-31T11:30:00+05:30,GLENMARK,18,False,0,,NO_SIGNAL
,,"{""FILLED"": 18}",0,0,"{""FILLED"": 3, ""NONE"": 15}",638,,,0,15,,,,,NO_ACTION,,,,,,,,BALANCE_LOCKED,REVERSAL_WATCH,"[""BAL:INDUSTOWER:2026-07-31:001:NEUTRAL:110900:BALANCE_LOCKED:113000""]",LOCKED,"[""CONTINUATION:BLOCK"", ""REACCELERATION:BLOCK"", ""REVERSAL:BLOCK""]",2026-07-31T11:30:00+05:30,INDUSTOWER,18,False,0,,NO_SIGNAL
BAL:KALYANKJIL:2026-07-31:002:NEUTRAL:105100:BALANCE_ESCAPE_STARTED:112700,CAND:4a3872010c190995b2d63ff8,"{""FILLED"": 18}",0,0,"{""FILLED"": 3, ""NONE"": 15}",639,HOLD_POSITION,CAUTION,0,15,OPP:4a3872010c190995b2d63ff8,CAND:4a3872010c190995b2d63ff8,OPP:4a3872010c190995b2d63ff8,False,HOLD,NO_CREATION_EVENT,NONE,UNKNOWN,fe205a27-ef8f-5bf7-9192-94593d799d94,NO_CURRENT_CREATION_EVENT,TRANSITION,OPEN,BALANCE_ESCAPE_ACCEPTED,NONE,"[""BAL:KALYANKJIL:2026-07-31:002:NEUTRAL:105100:BALANCE_ESCAPE_ACCEPTED:113000""]",ACCEPTED_OUTSIDE,"[""ACCEPTED_BREAKOUT:PERMIT""]",2026-07-31T11:30:00+05:30,KALYANKJIL,18,True,0,TRADE_DECISION_NOT_ALLOWED,NOT_ELIGIBLE
DIR:MANAPPURAM:2026-07-31:006:UP:111200:DIRECTIONAL_REVERSAL_LEG_ESTABLISHED:112100,CAND:7316c4a2330c742a8803fe6c,"{""FILLED"": 18}",0,0,"{""FILLED"": 3, ""NONE"": 15}",640,HOLD_POSITION,CAUTION,0,15,OPP:7316c4a2330c742a8803fe6c,CAND:7316c4a2330c742a8803fe6c,OPP:7316c4a2330c742a8803fe6c,False,HOLD,NO_CREATION_EVENT,NONE,UNKNOWN,50c51811-b112-5f0f-9fcc-a1422ceea97c,NO_CURRENT_CREATION_EVENT,TRANSITION,OPEN,NO_EVENT,NONE,[],NONE,[],2026-07-31T11:30:00+05:30,MANAPPURAM,18,False,0,,ALREADY_DEPLOYED
BAL:PERSISTENT:2026-07-31:002:NEUTRAL:103600:BALANCE_ESCAPE_STARTED:110600,CAND:6e00ceac84968df1df4d7495,"{""FILLED"": 18}",0,0,"{""FILLED"": 3, ""NONE"": 15}",641,HOLD_POSITION,STRENGTHEN,0,15,OPP:6e00ceac84968df1df4d7495,CAND:6e00ceac84968df1df4d7495,OPP:6e00ceac84968df1df4d7495,False,HOLD,NO_CREATION_EVENT,MATURE,ALIGNED,cad8805e-c102-57a4-96c7-d70c9c07f5cc,AUTHORITATIVE_DIRECTIONAL_MATURE,EXPAND,OPEN,DIRECTIONAL_MATURED,MATURE,"[""DIR:PERSISTENT:2026-07-31:003:UP:112100:DIRECTIONAL_MATURED:113000""]",FORMING,[],2026-07-31T11:30:00+05:30,PERSISTENT,18,False,0,,ALREADY_DEPLOYED
BAL:POWERINDIA:2026-07-31:001:NEUTRAL:095100:BALANCE_ESCAPE_FAILED:113000,CAND:dc1ab160fa1ee75a10189da6,"{""FILLED"": 18}",0,0,"{""FILLED"": 3, ""NONE"": 15}",642,CREATE_TRADE,STRENGTHEN,0,15,OPP:dc1ab160fa1ee75a10189da6,CAND:dc1ab160fa1ee75a10189da6,OPP:dc1ab160fa1ee75a10189da6,False,CREATE,LOCAL_CONFIRMED,DIRECTIONAL,ALIGNED,57fbc3b0-0822-51b7-8515-450ea6586841,EVENT_DRIVEN_SETUP_CREATED,ACTIVE,OPEN,BALANCE_ESCAPE_FAILED,DIRECTIONAL,"[""BAL:POWERINDIA:2026-07-31:001:NEUTRAL:095100:BALANCE_ESCAPE_FAILED:113000""]",FAILED_BACK_INSIDE,"[""CONTINUATION:BLOCK"", ""FAILED_BREAKOUT:PERMIT"", ""REACCELERATION:BLOCK"", ""REVERSAL:BLOCK""]",2026-07-31T11:30:00+05:30,POWERINDIA,18,True,0,TRADE_DECISION_NOT_ALLOWED,NOT_ELIGIBLE
BAL:TCS:2026-07-31:001:NEUTRAL:100600:BALANCE_ESCAPE_STARTED:103600,CAND:02506b9e9c36e94d0d5e2f0e,"{""FILLED"": 18}",0,0,"{""FILLED"": 3, ""NONE"": 15}",643,FORCE_EXIT,EXIT,0,15,OPP:02506b9e9c36e94d0d5e2f0e,CAND:02506b9e9c36e94d0d5e2f0e,OPP:02506b9e9c36e94d0d5e2f0e,True,NO_ACTION,EVENT_INVALIDATE,NONE,UNKNOWN,8ea01a85-4efa-5849-ac33-c03e0b01cda8,BALANCE_ESCAPE_FAILED_INVALIDATED_SETUP,FORCE_EXIT,INVALIDATED,NO_EVENT,NONE,[],FAILED_BACK_INSIDE,"[""CONTINUATION:BLOCK"", ""REACCELERATION:BLOCK"", ""REVERSAL:BLOCK""]",2026-07-31T11:30:00+05:30,TCS,18,True,0,TRADE_DECISION_NOT_ALLOWED,NOT_ELIGIBLE
DIR:TORNTPHARM:2026-07-31:002:UP:105700:DIRECTIONAL_REVERSAL_LEG_ESTABLISHED:110300,CAND:dcb490f7068f3aeab3ab074f,"{""FILLED"": 18}",0,0,"{""FILLED"": 3, ""NONE"": 15}",644,HOLD_POSITION,CAUTION,0,15,OPP:dcb490f7068f3aeab3ab074f,CAND:dcb490f7068f3aeab3ab074f,OPP:dcb490f7068f3aeab3ab074f,False,HOLD,NO_CREATION_EVENT,REVERSAL_WATCH,ALIGNED,099dd7de-7081-52f9-9bd2-655c56b6256c,AUTHORITATIVE_REVERSAL_WATCH,PROTECT,OPEN,NO_EVENT,REVERSAL_WATCH,[],NONE,[],2026-07-31T11:30:00+05:30,TORNTPHARM,18,False,0,,ALREADY_DEPLOYED
,,"{""FILLED"": 18}",0,0,"{""FILLED"": 3, ""NONE"": 15}",645,,,0,15,,,,,NO_ACTION,,,,,,,,"DIRECTIONAL_REVERSAL_CONFIRMED,DIRECTIONAL_COMPLETED,DIRECTIONAL_REVERSAL_LEG_STARTED",REVERSAL_LEG,"[""DIR:BHEL:2026-07-31:004:DOWN:112100:DIRECTIONAL_REVERSAL_CONFIRMED:113300"", ""DIR:BHEL:2026-07-31:004:DOWN:112100:DIRECTIONAL_COMPLETED:113300"", ""DIR:BHEL:2026-07-31:005:UP:113300:DIRECTIONAL_REVERSAL_LEG_STARTED:113300""]",NONE,"[""REVERSAL:WAIT""]",2026-07-31T11:33:00+05:30,BHEL,18,False,0,,NO_SIGNAL
DIR:CHOLAFIN:2026-07-31:002:DOWN:102400:DIRECTIONAL_REVERSAL_LEG_ESTABLISHED:103300,CAND:c91e30e559c61ae9e4a8e30d,"{""FILLED"": 18}",0,0,"{""FILLED"": 3, ""NONE"": 15}",646,HOLD_POSITION,CAUTION,0,15,OPP:c91e30e559c61ae9e4a8e30d,CAND:c91e30e559c61ae9e4a8e30d,OPP:c91e30e559c61ae9e4a8e30d,False,HOLD,NO_CREATION_EVENT,REVERSAL_WATCH,OPPOSED,aee40fe8-7759-5cec-902a-0db152fe528d,AUTHORITATIVE_REVERSAL_WATCH,PROTECT,OPEN,NO_EVENT,REVERSAL_WATCH,[],NONE,[],2026-07-31T11:33:00+05:30,CHOLAFIN,18,True,0,TRADE_DECISION_NOT_ALLOWED,NOT_ELIGIBLE
DIR:COFORGE:2026-07-31:002:DOWN:101500:DIRECTIONAL_REVERSAL_LEG_ESTABLISHED:102400,CAND:995ee50ff305357125723e26,"{""FILLED"": 18}",0,0,"{""FILLED"": 3, ""NONE"": 15}",647,HOLD_POSITION,CAUTION,0,15,OPP:995ee50ff305357125723e26,CAND:995ee50ff305357125723e26,OPP:995ee50ff305357125723e26,False,HOLD,NO_CREATION_EVENT,NONE,UNKNOWN,2afed6e7-898c-5a79-8bf5-1d7891f21ccb,NO_CURRENT_CREATION_EVENT,TRANSITION,OPEN,NO_EVENT,NONE,[],LOCKED,"[""CONTINUATION:BLOCK"", ""REACCELERATION:BLOCK"", ""REVERSAL:BLOCK""]",2026-07-31T11:33:00+05:30,COFORGE,18,False,0,,ALREADY_DEPLOYED
DIR:DIVISLAB:2026-07-31:002:DOWN:100600:DIRECTIONAL_REVERSAL_LEG_ESTABLISHED:101800,CAND:6644484c352c701feebfdf31,"{""FILLED"": 18}",0,0,"{""FILLED"": 3, ""NONE"": 15}",648,HOLD_POSITION,CAUTION,0,15,OPP:6644484c352c701feebfdf31,CAND:6644484c352c701feebfdf31,OPP:6644484c352c701feebfdf31,False,HOLD,NO_CREATION_EVENT,NONE,UNKNOWN,a73cb6c9-a388-53f1-92b2-41820e34edd3,NO_CURRENT_CREATION_EVENT,TRANSITION,OPEN,NO_EVENT,NONE,[],NONE,[],2026-07-31T11:33:00+05:30,DIVISLAB,18,True,0,TRADE_DECISION_NOT_ALLOWED,NOT_ELIGIBLE
,,"{""FILLED"": 18}",0,0,"{""FILLED"": 3, ""NONE"": 15}",649,,,0,15,,,,,NO_ACTION,,,,,,,,BALANCE_ESCAPE_ACCEPTED,NONE,"[""BAL:EXIDEIND:2026-07-31:001:NEUTRAL:100900:BALANCE_ESCAPE_ACCEPTED:113300""]",ACCEPTED_OUTSIDE,"[""ACCEPTED_BREAKOUT:PERMIT""]",2026-07-31T11:33:00+05:30,EXIDEIND,18,False,0,,NO_SIGNAL
DIR:FORCEMOT:2026-07-31:002:UP:105400:DIRECTIONAL_REVERSAL_LEG_ESTABLISHED:110000,CAND:32b3a707960484f98d8399a7,"{""FILLED"": 18}",0,0,"{""FILLED"": 3, ""NONE"": 15}",650,HOLD_POSITION,CAUTION,0,15,OPP:32b3a707960484f98d8399a7,CAND:32b3a707960484f98d8399a7,OPP:32b3a707960484f98d8399a7,False,HOLD,NO_CREATION_EVENT,NONE,UNKNOWN,76d65cfd-3f5f-5419-81f1-24a924660ce7,NO_CURRENT_CREATION_EVENT,TRANSITION,OPEN,NO_EVENT,NONE,[],NONE,[],2026-07-31T11:33:00+05:30,FORCEMOT,18,False,0,,ALREADY_DEPLOYED
,,"{""FILLED"": 18}",0,0,"{""FILLED"": 3, ""NONE"": 15}",651,,,0,15,,,,,NO_ACTION,,,,,,,,NO_EVENT,NONE,[],LOCKED,"[""CONTINUATION:BLOCK"", ""REACCELERATION:BLOCK"", ""REVERSAL:BLOCK""]",2026-07-31T11:33:00+05:30,GLENMARK,18,False,0,,NO_SIGNAL
,,"{""FILLED"": 18}",0,0,"{""FILLED"": 3, ""NONE"": 15}",652,,,0,15,,,,,NO_ACTION,,,,,,,,NO_EVENT,REVERSAL_WATCH,[],LOCKED,"[""CONTINUATION:BLOCK"", ""REACCELERATION:BLOCK"", ""REVERSAL:BLOCK""]",2026-07-31T11:33:00+05:30,INDUSTOWER,18,False,0,,NO_SIGNAL
BAL:KALYANKJIL:2026-07-31:002:NEUTRAL:105100:BALANCE_ESCAPE_STARTED:112700,CAND:4a3872010c190995b2d63ff8,"{""FILLED"": 18}",0,0,"{""FILLED"": 3, ""NONE"": 15}",653,HOLD_POSITION,CAUTION,0,15,OPP:4a3872010c190995b2d63ff8,CAND:4a3872010c190995b2d63ff8,OPP:4a3872010c190995b2d63ff8,False,HOLD,NO_CREATION_EVENT,NONE,UNKNOWN,fe205a27-ef8f-5bf7-9192-94593d799d94,NO_CURRENT_CREATION_EVENT,TRANSITION,OPEN,BALANCE_COMPLETED,NONE,"[""BAL:KALYANKJIL:2026-07-31:002:NEUTRAL:105100:BALANCE_COMPLETED:113300""]",COMPLETED,[],2026-07-31T11:33:00+05:30,KALYANKJIL,18,True,0,TRADE_DECISION_NOT_ALLOWED,NOT_ELIGIBLE
DIR:MANAPPURAM:2026-07-31:006:UP:111200:DIRECTIONAL_REVERSAL_LEG_ESTABLISHED:112100,CAND:7316c4a2330c742a8803fe6c,"{""FILLED"": 18}",0,0,"{""FILLED"": 3, ""NONE"": 15}",654,HOLD_POSITION,CAUTION,0,15,OPP:7316c4a2330c742a8803fe6c,CAND:7316c4a2330c742a8803fe6c,OPP:7316c4a2330c742a8803fe6c,False,HOLD,NO_CREATION_EVENT,NONE,UNKNOWN,50c51811-b112-5f0f-9fcc-a1422ceea97c,NO_CURRENT_CREATION_EVENT,TRANSITION,OPEN,NO_EVENT,NONE,[],NONE,[],2026-07-31T11:33:00+05:30,MANAPPURAM,18,False,0,,ALREADY_DEPLOYED
BAL:PERSISTENT:2026-07-31:002:NEUTRAL:103600:BALANCE_ESCAPE_STARTED:110600,CAND:6e00ceac84968df1df4d7495,"{""FILLED"": 18}",0,0,"{""FILLED"": 3, ""NONE"": 15}",655,HOLD_POSITION,CAUTION,0,15,OPP:6e00ceac84968df1df4d7495,CAND:6e00ceac84968df1df4d7495,OPP:6e00ceac84968df1df4d7495,False,HOLD,NO_CREATION_EVENT,REVERSAL_WATCH,ALIGNED,cad8805e-c102-57a4-96c7-d70c9c07f5cc,AUTHORITATIVE_REVERSAL_WATCH,PROTECT,OPEN,REVERSAL_WATCH_STARTED,REVERSAL_WATCH,"[""DIR:PERSISTENT:2026-07-31:003:UP:112100:REVERSAL_WATCH_STARTED:113300""]",FORMING,[],2026-07-31T11:33:00+05:30,PERSISTENT,18,False,0,,ALREADY_DEPLOYED
BAL:POWERINDIA:2026-07-31:001:NEUTRAL:095100:BALANCE_ESCAPE_FAILED:113000,CAND:dc1ab160fa1ee75a10189da6,"{""FILLED"": 18}",0,0,"{""FILLED"": 3, ""NONE"": 15}",656,HOLD_POSITION,STRENGTHEN,0,15,OPP:dc1ab160fa1ee75a10189da6,CAND:dc1ab160fa1ee75a10189da6,OPP:dc1ab160fa1ee75a10189da6,False,HOLD,NO_CREATION_EVENT,DIRECTIONAL,ALIGNED,57fbc3b0-0822-51b7-8515-450ea6586841,AUTHORITATIVE_DIRECTIONAL_ALIGNED,ACTIVE,OPEN,NO_EVENT,DIRECTIONAL,[],FAILED_BACK_INSIDE,"[""CONTINUATION:BLOCK"", ""REACCELERATION:BLOCK"", ""REVERSAL:BLOCK""]",2026-07-31T11:33:00+05:30,POWERINDIA,18,True,0,TRADE_DECISION_NOT_ALLOWED,NOT_ELIGIBLE
BAL:TCS:2026-07-31:001:NEUTRAL:100600:BALANCE_ESCAPE_STARTED:103600,CAND:02506b9e9c36e94d0d5e2f0e,"{""FILLED"": 18}",0,0,"{""FILLED"": 3, ""NONE"": 15}",657,FORCE_EXIT,EXIT,0,15,OPP:02506b9e9c36e94d0d5e2f0e,CAND:02506b9e9c36e94d0d5e2f0e,OPP:02506b9e9c36e94d0d5e2f0e,True,NO_ACTION,EVENT_INVALIDATE,NONE,UNKNOWN,8ea01a85-4efa-5849-ac33-c03e0b01cda8,BALANCE_ESCAPE_FAILED_INVALIDATED_SETUP,FORCE_EXIT,INVALIDATED,NO_EVENT,NONE,[],FAILED_BACK_INSIDE,"[""CONTINUATION:BLOCK"", ""REACCELERATION:BLOCK"", ""REVERSAL:BLOCK""]",2026-07-31T11:33:00+05:30,TCS,18,True,0,TRADE_DECISION_NOT_ALLOWED,NOT_ELIGIBLE
DIR:TORNTPHARM:2026-07-31:002:UP:105700:DIRECTIONAL_REVERSAL_LEG_ESTABLISHED:110300,CAND:dcb490f7068f3aeab3ab074f,"{""FILLED"": 18}",0,0,"{""FILLED"": 3, ""NONE"": 15}",658,HOLD_POSITION,CAUTION,0,15,OPP:dcb490f7068f3aeab3ab074f,CAND:dcb490f7068f3aeab3ab074f,OPP:dcb490f7068f3aeab3ab074f,False,HOLD,NO_CREATION_EVENT,REVERSAL_WATCH,ALIGNED,099dd7de-7081-52f9-9bd2-655c56b6256c,AUTHORITATIVE_REVERSAL_WATCH,PROTECT,OPEN,NO_EVENT,REVERSAL_WATCH,[],NONE,[],2026-07-31T11:33:00+05:30,TORNTPHARM,18,False,0,,ALREADY_DEPLOYED
,,"{""FILLED"": 18}",0,0,"{""FILLED"": 3, ""NONE"": 15}",659,,,0,15,,,,,NO_ACTION,,,,,,,,NO_EVENT,REVERSAL_LEG,[],NONE,[],2026-07-31T11:36:00+05:30,BHEL,18,False,0,,NO_SIGNAL
DIR:CHOLAFIN:2026-07-31:002:DOWN:102400:DIRECTIONAL_REVERSAL_LEG_ESTABLISHED:103300,CAND:c91e30e559c61ae9e4a8e30d,"{""FILLED"": 18}",0,0,"{""FILLED"": 3, ""NONE"": 15}",660,HOLD_POSITION,CAUTION,0,15,OPP:c91e30e559c61ae9e4a8e30d,CAND:c91e30e559c61ae9e4a8e30d,OPP:c91e30e559c61ae9e4a8e30d,False,HOLD,NO_CREATION_EVENT,REVERSAL_WATCH,OPPOSED,aee40fe8-7759-5cec-902a-0db152fe528d,AUTHORITATIVE_REVERSAL_WATCH,PROTECT,OPEN,NO_EVENT,REVERSAL_WATCH,[],NONE,[],2026-07-31T11:36:00+05:30,CHOLAFIN,18,True,0,TRADE_DECISION_NOT_ALLOWED,NOT_ELIGIBLE
DIR:COFORGE:2026-07-31:002:DOWN:101500:DIRECTIONAL_REVERSAL_LEG_ESTABLISHED:102400,CAND:995ee50ff305357125723e26,"{""FILLED"": 18}",0,0,"{""FILLED"": 3, ""NONE"": 15}",661,HOLD_POSITION,CAUTION,0,15,OPP:995ee50ff305357125723e26,CAND:995ee50ff305357125723e26,OPP:995ee50ff305357125723e26,False,HOLD,NO_CREATION_EVENT,NONE,UNKNOWN,2afed6e7-898c-5a79-8bf5-1d7891f21ccb,NO_CURRENT_CREATION_EVENT,TRANSITION,OPEN,NO_EVENT,NONE,[],LOCKED,"[""CONTINUATION:BLOCK"", ""REACCELERATION:BLOCK"", ""REVERSAL:BLOCK""]",2026-07-31T11:36:00+05:30,COFORGE,18,False,0,,ALREADY_DEPLOYED
DIR:DIVISLAB:2026-07-31:002:DOWN:100600:DIRECTIONAL_REVERSAL_LEG_ESTABLISHED:101800,CAND:6644484c352c701feebfdf31,"{""FILLED"": 18}",0,0,"{""FILLED"": 3, ""NONE"": 15}",662,HOLD_POSITION,CAUTION,0,15,OPP:6644484c352c701feebfdf31,CAND:6644484c352c701feebfdf31,OPP:6644484c352c701feebfdf31,False,HOLD,NO_CREATION_EVENT,NONE,UNKNOWN,a73cb6c9-a388-53f1-92b2-41820e34edd3,NO_CURRENT_CREATION_EVENT,TRANSITION,OPEN,NO_EVENT,NONE,[],NONE,[],2026-07-31T11:36:00+05:30,DIVISLAB,18,True,0,TRADE_DECISION_NOT_ALLOWED,NOT_ELIGIBLE
,,"{""FILLED"": 18}",0,0,"{""FILLED"": 3, ""NONE"": 15}",663,,,0,15,,,,,NO_ACTION,,,,,,,,BALANCE_COMPLETED,NONE,"[""BAL:EXIDEIND:2026-07-31:001:NEUTRAL:100900:BALANCE_COMPLETED:113600""]",COMPLETED,[],2026-07-31T11:36:00+05:30,EXIDEIND,18,False,0,,NO_SIGNAL
DIR:FORCEMOT:2026-07-31:002:UP:105400:DIRECTIONAL_REVERSAL_LEG_ESTABLISHED:110000,CAND:32b3a707960484f98d8399a7,"{""FILLED"": 18}",0,0,"{""FILLED"": 3, ""NONE"": 15}",664,HOLD_POSITION,CAUTION,0,15,OPP:32b3a707960484f98d8399a7,CAND:32b3a707960484f98d8399a7,OPP:32b3a707960484f98d8399a7,False,HOLD,NO_CREATION_EVENT,NONE,UNKNOWN,76d65cfd-3f5f-5419-81f1-24a924660ce7,NO_CURRENT_CREATION_EVENT,TRANSITION,OPEN,NO_EVENT,NONE,[],NONE,[],2026-07-31T11:36:00+05:30,FORCEMOT,18,False,0,,ALREADY_DEPLOYED
,,"{""FILLED"": 18}",0,0,"{""FILLED"": 3, ""NONE"": 15}",665,,,0,15,,,,,NO_ACTION,,,,,,,,NO_EVENT,NONE,[],LOCKED,"[""CONTINUATION:BLOCK"", ""REACCELERATION:BLOCK"", ""REVERSAL:BLOCK""]",2026-07-31T11:36:00+05:30,GLENMARK,18,False,0,,NO_SIGNAL
,,"{""FILLED"": 18}",0,0,"{""FILLED"": 3, ""NONE"": 15}",666,,,0,15,,,,,NO_ACTION,,,,,,,,NO_EVENT,REVERSAL_WATCH,[],LOCKED,"[""CONTINUATION:BLOCK"", ""REACCELERATION:BLOCK"", ""REVERSAL:BLOCK""]",2026-07-31T11:36:00+05:30,INDUSTOWER,18,False,0,,NO_SIGNAL
BAL:KALYANKJIL:2026-07-31:002:NEUTRAL:105100:BALANCE_ESCAPE_STARTED:112700,CAND:4a3872010c190995b2d63ff8,"{""FILLED"": 18}",0,0,"{""FILLED"": 3, ""NONE"": 15}",667,HOLD_POSITION,CAUTION,0,15,OPP:4a3872010c190995b2d63ff8,CAND:4a3872010c190995b2d63ff8,OPP:4a3872010c190995b2d63ff8,False,HOLD,NO_CREATION_EVENT,NONE,UNKNOWN,fe205a27-ef8f-5bf7-9192-94593d799d94,NO_CURRENT_CREATION_EVENT,TRANSITION,OPEN,NO_EVENT,NONE,[],NONE,[],2026-07-31T11:36:00+05:30,KALYANKJIL,18,True,0,TRADE_DECISION_NOT_ALLOWED,NOT_ELIGIBLE
DIR:MANAPPURAM:2026-07-31:006:UP:111200:DIRECTIONAL_REVERSAL_LEG_ESTABLISHED:112100,CAND:7316c4a2330c742a8803fe6c,"{""FILLED"": 18}",0,0,"{""FILLED"": 3, ""NONE"": 15}",668,HOLD_POSITION,CAUTION,0,15,OPP:7316c4a2330c742a8803fe6c,CAND:7316c4a2330c742a8803fe6c,OPP:7316c4a2330c742a8803fe6c,False,HOLD,NO_CREATION_EVENT,NONE,UNKNOWN,50c51811-b112-5f0f-9fcc-a1422ceea97c,NO_CURRENT_CREATION_EVENT,TRANSITION,OPEN,NO_EVENT,NONE,[],NONE,[],2026-07-31T11:36:00+05:30,MANAPPURAM,18,False,0,,ALREADY_DEPLOYED
BAL:PERSISTENT:2026-07-31:002:NEUTRAL:103600:BALANCE_ESCAPE_STARTED:110600,CAND:6e00ceac84968df1df4d7495,"{""FILLED"": 18}",0,0,"{""FILLED"": 3, ""NONE"": 15}",669,HOLD_POSITION,CAUTION,0,15,OPP:6e00ceac84968df1df4d7495,CAND:6e00ceac84968df1df4d7495,OPP:6e00ceac84968df1df4d7495,False,HOLD,NO_CREATION_EVENT,REVERSAL_WATCH,ALIGNED,cad8805e-c102-57a4-96c7-d70c9c07f5cc,AUTHORITATIVE_REVERSAL_WATCH,PROTECT,OPEN,NO_EVENT,REVERSAL_WATCH,[],FORMING,[],2026-07-31T11:36:00+05:30,PERSISTENT,18,False,0,,ALREADY_DEPLOYED
BAL:POWERINDIA:2026-07-31:001:NEUTRAL:095100:BALANCE_ESCAPE_FAILED:113000,CAND:dc1ab160fa1ee75a10189da6,"{""FILLED"": 18}",0,0,"{""FILLED"": 3, ""NONE"": 15}",670,HOLD_POSITION,STRENGTHEN,0,15,OPP:dc1ab160fa1ee75a10189da6,CAND:dc1ab160fa1ee75a10189da6,OPP:dc1ab160fa1ee75a10189da6,False,HOLD,NO_CREATION_EVENT,DIRECTIONAL,ALIGNED,57fbc3b0-0822-51b7-8515-450ea6586841,AUTHORITATIVE_DIRECTIONAL_ALIGNED,ACTIVE,OPEN,NO_EVENT,DIRECTIONAL,[],FAILED_BACK_INSIDE,"[""CONTINUATION:BLOCK"", ""REACCELERATION:BLOCK"", ""REVERSAL:BLOCK""]",2026-07-31T11:36:00+05:30,POWERINDIA,18,True,0,TRADE_DECISION_NOT_ALLOWED,NOT_ELIGIBLE
BAL:TCS:2026-07-31:001:NEUTRAL:100600:BALANCE_ESCAPE_STARTED:103600,CAND:02506b9e9c36e94d0d5e2f0e,"{""FILLED"": 18}",0,0,"{""FILLED"": 3, ""NONE"": 15}",671,FORCE_EXIT,EXIT,0,15,OPP:02506b9e9c36e94d0d5e2f0e,CAND:02506b9e9c36e94d0d5e2f0e,OPP:02506b9e9c36e94d0d5e2f0e,True,NO_ACTION,EVENT_INVALIDATE,NONE,UNKNOWN,8ea01a85-4efa-5849-ac33-c03e0b01cda8,BALANCE_ESCAPE_FAILED_INVALIDATED_SETUP,FORCE_EXIT,INVALIDATED,NO_EVENT,NONE,[],FAILED_BACK_INSIDE,"[""CONTINUATION:BLOCK"", ""REACCELERATION:BLOCK"", ""REVERSAL:BLOCK""]",2026-07-31T11:36:00+05:30,TCS,18,True,0,TRADE_DECISION_NOT_ALLOWED,NOT_ELIGIBLE
DIR:TORNTPHARM:2026-07-31:002:UP:105700:DIRECTIONAL_REVERSAL_LEG_ESTABLISHED:110300,CAND:dcb490f7068f3aeab3ab074f,"{""FILLED"": 18}",0,3,"{""FILLED"": 6, ""NONE"": 12}",672,FORCE_EXIT,EXIT,0,15,OPP:dcb490f7068f3aeab3ab074f,CAND:dcb490f7068f3aeab3ab074f,OPP:dcb490f7068f3aeab3ab074f,True,CLOSE,EVENT_INVALIDATE,DIRECTIONAL,ALIGNED,099dd7de-7081-52f9-9bd2-655c56b6256c,DIRECTIONAL_TREND_RESTORED_INVALIDATED_SETUP,FORCE_EXIT,INVALIDATED,"BALANCE_FORMING_STARTED,DIRECTIONAL_TREND_RESTORED",DIRECTIONAL,"[""BAL:TORNTPHARM:2026-07-31:003:NEUTRAL:113600:BALANCE_FORMING_STARTED:113600"", ""DIR:TORNTPHARM:2026-07-31:002:UP:105700:DIRECTIONAL_TREND_RESTORED:113600""]",FORMING,"[""CONTINUATION:PERMIT""]",2026-07-31T11:36:00+05:30,TORNTPHARM,18,False,0,,ALREADY_DEPLOYED
,,"{""FILLED"": 18}",0,0,"{""FILLED"": 6, ""NONE"": 12}",673,,,0,12,,,,,NO_ACTION,,,,,,,,NO_EVENT,REVERSAL_LEG,[],NONE,[],2026-07-31T11:39:00+05:30,BHEL,18,False,0,,NO_SIGNAL
DIR:CHOLAFIN:2026-07-31:002:DOWN:102400:DIRECTIONAL_REVERSAL_LEG_ESTABLISHED:103300,CAND:c91e30e559c61ae9e4a8e30d,"{""FILLED"": 18}",0,0,"{""FILLED"": 6, ""NONE"": 12}",674,HOLD_POSITION,CAUTION,0,12,OPP:c91e30e559c61ae9e4a8e30d,CAND:c91e30e559c61ae9e4a8e30d,OPP:c91e30e559c61ae9e4a8e30d,False,HOLD,NO_CREATION_EVENT,REVERSAL_WATCH,OPPOSED,aee40fe8-7759-5cec-902a-0db152fe528d,AUTHORITATIVE_REVERSAL_WATCH,PROTECT,OPEN,NO_EVENT,REVERSAL_WATCH,[],NONE,[],2026-07-31T11:39:00+05:30,CHOLAFIN,18,True,0,TRADE_DECISION_NOT_ALLOWED,NOT_ELIGIBLE
DIR:COFORGE:2026-07-31:002:DOWN:101500:DIRECTIONAL_REVERSAL_LEG_ESTABLISHED:102400,CAND:995ee50ff305357125723e26,"{""FILLED"": 18}",0,0,"{""FILLED"": 6, ""NONE"": 12}",675,HOLD_POSITION,CAUTION,0,12,OPP:995ee50ff305357125723e26,CAND:995ee50ff305357125723e26,OPP:995ee50ff305357125723e26,False,HOLD,NO_CREATION_EVENT,NONE,UNKNOWN,2afed6e7-898c-5a79-8bf5-1d7891f21ccb,NO_CURRENT_CREATION_EVENT,TRANSITION,OPEN,NO_EVENT,NONE,[],LOCKED,"[""CONTINUATION:BLOCK"", ""REACCELERATION:BLOCK"", ""REVERSAL:BLOCK""]",2026-07-31T11:39:00+05:30,COFORGE,18,False,0,,ALREADY_DEPLOYED
DIR:DIVISLAB:2026-07-31:002:DOWN:100600:DIRECTIONAL_REVERSAL_LEG_ESTABLISHED:101800,CAND:6644484c352c701feebfdf31,"{""FILLED"": 18}",0,0,"{""FILLED"": 6, ""NONE"": 12}",676,HOLD_POSITION,CAUTION,0,12,OPP:6644484c352c701feebfdf31,CAND:6644484c352c701feebfdf31,OPP:6644484c352c701feebfdf31,False,HOLD,NO_CREATION_EVENT,NONE,UNKNOWN,a73cb6c9-a388-53f1-92b2-41820e34edd3,NO_CURRENT_CREATION_EVENT,TRANSITION,OPEN,NO_EVENT,NONE,[],NONE,[],2026-07-31T11:39:00+05:30,DIVISLAB,18,True,0,TRADE_DECISION_NOT_ALLOWED,NOT_ELIGIBLE
,,"{""FILLED"": 18}",0,0,"{""FILLED"": 6, ""NONE"": 12}",677,,,0,12,,,,,NO_ACTION,,,,,,,,NO_EVENT,NONE,[],NONE,[],2026-07-31T11:39:00+05:30,EXIDEIND,18,False,0,,NO_SIGNAL
DIR:FORCEMOT:2026-07-31:002:UP:105400:DIRECTIONAL_REVERSAL_LEG_ESTABLISHED:110000,CAND:32b3a707960484f98d8399a7,"{""FILLED"": 18}",0,0,"{""FILLED"": 6, ""NONE"": 12}",678,HOLD_POSITION,CAUTION,0,12,OPP:32b3a707960484f98d8399a7,CAND:32b3a707960484f98d8399a7,OPP:32b3a707960484f98d8399a7,False,HOLD,NO_CREATION_EVENT,NONE,UNKNOWN,76d65cfd-3f5f-5419-81f1-24a924660ce7,NO_CURRENT_CREATION_EVENT,TRANSITION,OPEN,NO_EVENT,NONE,[],NONE,[],2026-07-31T11:39:00+05:30,FORCEMOT,18,False,0,,ALREADY_DEPLOYED
,,"{""FILLED"": 18}",0,0,"{""FILLED"": 6, ""NONE"": 12}",679,,,0,12,,,,,NO_ACTION,,,,,,,,NO_EVENT,NONE,[],LOCKED,"[""CONTINUATION:BLOCK"", ""REACCELERATION:BLOCK"", ""REVERSAL:BLOCK""]",2026-07-31T11:39:00+05:30,GLENMARK,18,False,0,,NO_SIGNAL
,,"{""FILLED"": 18}",0,0,"{""FILLED"": 6, ""NONE"": 12}",680,,,0,12,,,,,NO_ACTION,,,,,,,,NO_EVENT,REVERSAL_WATCH,[],LOCKED,"[""CONTINUATION:BLOCK"", ""REACCELERATION:BLOCK"", ""REVERSAL:BLOCK""]",2026-07-31T11:39:00+05:30,INDUSTOWER,18,False,0,,NO_SIGNAL
BAL:KALYANKJIL:2026-07-31:002:NEUTRAL:105100:BALANCE_ESCAPE_STARTED:112700,CAND:4a3872010c190995b2d63ff8,"{""FILLED"": 18}",0,0,"{""FILLED"": 6, ""NONE"": 12}",681,HOLD_POSITION,CAUTION,0,12,OPP:4a3872010c190995b2d63ff8,CAND:4a3872010c190995b2d63ff8,OPP:4a3872010c190995b2d63ff8,False,HOLD,NO_CREATION_EVENT,NONE,UNKNOWN,fe205a27-ef8f-5bf7-9192-94593d799d94,NO_CURRENT_CREATION_EVENT,TRANSITION,OPEN,NO_EVENT,NONE,[],NONE,[],2026-07-31T11:39:00+05:30,KALYANKJIL,18,True,0,TRADE_DECISION_NOT_ALLOWED,NOT_ELIGIBLE
DIR:MANAPPURAM:2026-07-31:006:UP:111200:DIRECTIONAL_REVERSAL_LEG_ESTABLISHED:112100,CAND:7316c4a2330c742a8803fe6c,"{""FILLED"": 18}",0,0,"{""FILLED"": 6, ""NONE"": 12}",682,HOLD_POSITION,CAUTION,0,12,OPP:7316c4a2330c742a8803fe6c,CAND:7316c4a2330c742a8803fe6c,OPP:7316c4a2330c742a8803fe6c,False,HOLD,NO_CREATION_EVENT,NONE,UNKNOWN,50c51811-b112-5f0f-9fcc-a1422ceea97c,NO_CURRENT_CREATION_EVENT,TRANSITION,OPEN,BALANCE_FORMING_STARTED,NONE,"[""BAL:MANAPPURAM:2026-07-31:003:NEUTRAL:113900:BALANCE_FORMING_STARTED:113900""]",FORMING,[],2026-07-31T11:39:00+05:30,MANAPPURAM,18,False,0,,ALREADY_DEPLOYED
BAL:PERSISTENT:2026-07-31:002:NEUTRAL:103600:BALANCE_ESCAPE_STARTED:110600,CAND:6e00ceac84968df1df4d7495,"{""FILLED"": 18}",0,0,"{""FILLED"": 6, ""NONE"": 12}",683,HOLD_POSITION,CAUTION,0,12,OPP:6e00ceac84968df1df4d7495,CAND:6e00ceac84968df1df4d7495,OPP:6e00ceac84968df1df4d7495,False,HOLD,NO_CREATION_EVENT,REVERSAL_WATCH,ALIGNED,cad8805e-c102-57a4-96c7-d70c9c07f5cc,AUTHORITATIVE_REVERSAL_WATCH,PROTECT,OPEN,NO_EVENT,REVERSAL_WATCH,[],FORMING,[],2026-07-31T11:39:00+05:30,PERSISTENT,18,False,0,,ALREADY_DEPLOYED
BAL:POWERINDIA:2026-07-31:001:NEUTRAL:095100:BALANCE_ESCAPE_FAILED:113000,CAND:dc1ab160fa1ee75a10189da6,"{""FILLED"": 18}",0,0,"{""FILLED"": 6, ""NONE"": 12}",684,HOLD_POSITION,STRENGTHEN,0,12,OPP:dc1ab160fa1ee75a10189da6,CAND:dc1ab160fa1ee75a10189da6,OPP:dc1ab160fa1ee75a10189da6,False,HOLD,NO_CREATION_EVENT,DIRECTIONAL,ALIGNED,57fbc3b0-0822-51b7-8515-450ea6586841,AUTHORITATIVE_DIRECTIONAL_ALIGNED,ACTIVE,OPEN,NO_EVENT,DIRECTIONAL,[],FAILED_BACK_INSIDE,"[""CONTINUATION:BLOCK"", ""REACCELERATION:BLOCK"", ""REVERSAL:BLOCK""]",2026-07-31T11:39:00+05:30,POWERINDIA,18,True,0,TRADE_DECISION_NOT_ALLOWED,NOT_ELIGIBLE
BAL:TCS:2026-07-31:001:NEUTRAL:100600:BALANCE_ESCAPE_STARTED:103600,CAND:02506b9e9c36e94d0d5e2f0e,"{""FILLED"": 18}",0,0,"{""FILLED"": 6, ""NONE"": 12}",685,FORCE_EXIT,EXIT,0,12,OPP:02506b9e9c36e94d0d5e2f0e,CAND:02506b9e9c36e94d0d5e2f0e,OPP:02506b9e9c36e94d0d5e2f0e,True,NO_ACTION,EVENT_INVALIDATE,NONE,UNKNOWN,8ea01a85-4efa-5849-ac33-c03e0b01cda8,BALANCE_ESCAPE_FAILED_INVALIDATED_SETUP,FORCE_EXIT,INVALIDATED,NO_EVENT,NONE,[],FAILED_BACK_INSIDE,"[""CONTINUATION:BLOCK"", ""REACCELERATION:BLOCK"", ""REVERSAL:BLOCK""]",2026-07-31T11:39:00+05:30,TCS,18,True,0,TRADE_DECISION_NOT_ALLOWED,NOT_ELIGIBLE
DIR:TORNTPHARM:2026-07-31:002:UP:105700:DIRECTIONAL_REVERSAL_LEG_ESTABLISHED:110300,CAND:dcb490f7068f3aeab3ab074f,"{""FILLED"": 18}",0,0,"{""FILLED"": 6, ""NONE"": 12}",686,FORCE_EXIT,EXIT,0,12,OPP:dcb490f7068f3aeab3ab074f,CAND:dcb490f7068f3aeab3ab074f,OPP:dcb490f7068f3aeab3ab074f,True,NO_ACTION,EVENT_INVALIDATE,DIRECTIONAL,ALIGNED,099dd7de-7081-52f9-9bd2-655c56b6256c,DIRECTIONAL_TREND_RESTORED_INVALIDATED_SETUP,FORCE_EXIT,INVALIDATED,DIRECTIONAL_MATURED,MATURE,"[""DIR:TORNTPHARM:2026-07-31:002:UP:105700:DIRECTIONAL_MATURED:113900""]",FORMING,[],2026-07-31T11:39:00+05:30,TORNTPHARM,18,False,0,,ALREADY_DEPLOYED
,,"{""FILLED"": 18}",0,0,"{""FILLED"": 6, ""NONE"": 12}",687,,,0,12,,,,,NO_ACTION,,,,,,,,BALANCE_FORMING_STARTED,REVERSAL_LEG,"[""BAL:BHEL:2026-07-31:002:NEUTRAL:114200:BALANCE_FORMING_STARTED:114200""]",FORMING,[],2026-07-31T11:42:00+05:30,BHEL,18,False,0,,NO_SIGNAL
DIR:CHOLAFIN:2026-07-31:002:DOWN:102400:DIRECTIONAL_REVERSAL_LEG_ESTABLISHED:103300,CAND:c91e30e559c61ae9e4a8e30d,"{""FILLED"": 18}",0,0,"{""FILLED"": 6, ""NONE"": 12}",688,HOLD_POSITION,CAUTION,0,12,OPP:c91e30e559c61ae9e4a8e30d,CAND:c91e30e559c61ae9e4a8e30d,OPP:c91e30e559c61ae9e4a8e30d,False,HOLD,NO_CREATION_EVENT,REVERSAL_WATCH,OPPOSED,aee40fe8-7759-5cec-902a-0db152fe528d,AUTHORITATIVE_REVERSAL_WATCH,PROTECT,OPEN,NO_EVENT,REVERSAL_WATCH,[],NONE,[],2026-07-31T11:42:00+05:30,CHOLAFIN,18,True,0,TRADE_DECISION_NOT_ALLOWED,NOT_ELIGIBLE
DIR:COFORGE:2026-07-31:002:DOWN:101500:DIRECTIONAL_REVERSAL_LEG_ESTABLISHED:102400,CAND:995ee50ff305357125723e26,"{""FILLED"": 18}",0,0,"{""FILLED"": 6, ""NONE"": 12}",689,HOLD_POSITION,CAUTION,0,12,OPP:995ee50ff305357125723e26,CAND:995ee50ff305357125723e26,OPP:995ee50ff305357125723e26,False,HOLD,NO_CREATION_EVENT,NONE,UNKNOWN,2afed6e7-898c-5a79-8bf5-1d7891f21ccb,NO_CURRENT_CREATION_EVENT,TRANSITION,OPEN,NO_EVENT,NONE,[],LOCKED,"[""CONTINUATION:BLOCK"", ""REACCELERATION:BLOCK"", ""REVERSAL:BLOCK""]",2026-07-31T11:42:00+05:30,COFORGE,18,False,0,,ALREADY_DEPLOYED
DIR:DIVISLAB:2026-07-31:002:DOWN:100600:DIRECTIONAL_REVERSAL_LEG_ESTABLISHED:101800,CAND:6644484c352c701feebfdf31,"{""FILLED"": 18}",0,0,"{""FILLED"": 6, ""NONE"": 12}",690,HOLD_POSITION,CAUTION,0,12,OPP:6644484c352c701feebfdf31,CAND:6644484c352c701feebfdf31,OPP:6644484c352c701feebfdf31,False,HOLD,NO_CREATION_EVENT,NONE,UNKNOWN,a73cb6c9-a388-53f1-92b2-41820e34edd3,NO_CURRENT_CREATION_EVENT,TRANSITION,OPEN,NO_EVENT,NONE,[],NONE,[],2026-07-31T11:42:00+05:30,DIVISLAB,18,True,0,TRADE_DECISION_NOT_ALLOWED,NOT_ELIGIBLE
,,"{""FILLED"": 18}",0,0,"{""FILLED"": 6, ""NONE"": 12}",691,,,0,12,,,,,NO_ACTION,,,,,,,,NO_EVENT,NONE,[],NONE,[],2026-07-31T11:42:00+05:30,EXIDEIND,18,False,0,,NO_SIGNAL
DIR:FORCEMOT:2026-07-31:002:UP:105400:DIRECTIONAL_REVERSAL_LEG_ESTABLISHED:110000,CAND:32b3a707960484f98d8399a7,"{""FILLED"": 18}",0,0,"{""FILLED"": 6, ""NONE"": 12}",692,HOLD_POSITION,CAUTION,0,12,OPP:32b3a707960484f98d8399a7,CAND:32b3a707960484f98d8399a7,OPP:32b3a707960484f98d8399a7,False,HOLD,NO_CREATION_EVENT,NONE,UNKNOWN,76d65cfd-3f5f-5419-81f1-24a924660ce7,NO_CURRENT_CREATION_EVENT,TRANSITION,OPEN,NO_EVENT,NONE,[],NONE,[],2026-07-31T11:42:00+05:30,FORCEMOT,18,False,0,,ALREADY_DEPLOYED
,,"{""FILLED"": 18}",0,0,"{""FILLED"": 6, ""NONE"": 12}",693,,,0,12,,,,,NO_ACTION,,,,,,,,NO_EVENT,NONE,[],LOCKED,"[""CONTINUATION:BLOCK"", ""REACCELERATION:BLOCK"", ""REVERSAL:BLOCK""]",2026-07-31T11:42:00+05:30,GLENMARK,18,False,0,,NO_SIGNAL
,,"{""FILLED"": 18}",0,0,"{""FILLED"": 6, ""NONE"": 12}",694,,,0,12,,,,,NO_ACTION,,,,,,,,NO_EVENT,REVERSAL_WATCH,[],LOCKED,"[""CONTINUATION:BLOCK"", ""REACCELERATION:BLOCK"", ""REVERSAL:BLOCK""]",2026-07-31T11:42:00+05:30,INDUSTOWER,18,False,0,,NO_SIGNAL
BAL:KALYANKJIL:2026-07-31:002:NEUTRAL:105100:BALANCE_ESCAPE_STARTED:112700,CAND:4a3872010c190995b2d63ff8,"{""FILLED"": 21}",3,0,"{""FILLED"": 6, ""NONE"": 15}",695,HOLD_POSITION,STRENGTHEN,0,15,OPP:4a3872010c190995b2d63ff8,CAND:4a3872010c190995b2d63ff8,OPP:4a3872010c190995b2d63ff8,False,HOLD,NO_CREATION_EVENT,DIRECTIONAL,ALIGNED,fe205a27-ef8f-5bf7-9192-94593d799d94,AUTHORITATIVE_DIRECTIONAL_ALIGNED,ACTIVE,OPEN,DIRECTIONAL_STARTED,DIRECTIONAL,"[""DIR:KALYANKJIL:2026-07-31:007:UP:114200:DIRECTIONAL_STARTED:114200""]",NONE,[],2026-07-31T11:42:00+05:30,KALYANKJIL,21,True,3,,CREATED
DIR:MANAPPURAM:2026-07-31:006:UP:111200:DIRECTIONAL_REVERSAL_LEG_ESTABLISHED:112100,CAND:7316c4a2330c742a8803fe6c,"{""FILLED"": 21}",0,0,"{""FILLED"": 6, ""NONE"": 15}",696,HOLD_POSITION,CAUTION,0,15,OPP:7316c4a2330c742a8803fe6c,CAND:7316c4a2330c742a8803fe6c,OPP:7316c4a2330c742a8803fe6c,False,HOLD,NO_CREATION_EVENT,NONE,UNKNOWN,50c51811-b112-5f0f-9fcc-a1422ceea97c,NO_CURRENT_CREATION_EVENT,TRANSITION,OPEN,NO_EVENT,NONE,[],FORMING,[],2026-07-31T11:42:00+05:30,MANAPPURAM,21,False,0,,ALREADY_DEPLOYED
BAL:PERSISTENT:2026-07-31:002:NEUTRAL:103600:BALANCE_ESCAPE_STARTED:110600,CAND:6e00ceac84968df1df4d7495,"{""FILLED"": 21}",0,0,"{""FILLED"": 6, ""NONE"": 15}",697,HOLD_POSITION,CAUTION,0,15,OPP:6e00ceac84968df1df4d7495,CAND:6e00ceac84968df1df4d7495,OPP:6e00ceac84968df1df4d7495,False,HOLD,NO_CREATION_EVENT,REVERSAL_WATCH,ALIGNED,cad8805e-c102-57a4-96c7-d70c9c07f5cc,AUTHORITATIVE_REVERSAL_WATCH,PROTECT,OPEN,BALANCE_COMPLETED,REVERSAL_WATCH,"[""BAL:PERSISTENT:2026-07-31:003:NEUTRAL:112700:BALANCE_COMPLETED:114200""]",COMPLETED,[],2026-07-31T11:42:00+05:30,PERSISTENT,21,False,0,,ALREADY_DEPLOYED
BAL:POWERINDIA:2026-07-31:001:NEUTRAL:095100:BALANCE_ESCAPE_FAILED:113000,CAND:dc1ab160fa1ee75a10189da6,"{""FILLED"": 21}",0,0,"{""FILLED"": 6, ""NONE"": 15}",698,HOLD_POSITION,STRENGTHEN,0,15,OPP:dc1ab160fa1ee75a10189da6,CAND:dc1ab160fa1ee75a10189da6,OPP:dc1ab160fa1ee75a10189da6,False,HOLD,NO_CREATION_EVENT,MATURE,ALIGNED,57fbc3b0-0822-51b7-8515-450ea6586841,AUTHORITATIVE_DIRECTIONAL_MATURE,EXPAND,OPEN,DIRECTIONAL_MATURED,MATURE,"[""DIR:POWERINDIA:2026-07-31:003:UP:100300:DIRECTIONAL_MATURED:114200""]",FAILED_BACK_INSIDE,"[""CONTINUATION:BLOCK"", ""REACCELERATION:BLOCK"", ""REVERSAL:BLOCK""]",2026-07-31T11:42:00+05:30,POWERINDIA,21,True,0,TRADE_DECISION_NOT_ALLOWED,NOT_ELIGIBLE
BAL:TCS:2026-07-31:001:NEUTRAL:100600:BALANCE_ESCAPE_STARTED:103600,CAND:02506b9e9c36e94d0d5e2f0e,"{""FILLED"": 21}",0,0,"{""FILLED"": 6, ""NONE"": 15}",699,FORCE_EXIT,EXIT,0,15,OPP:02506b9e9c36e94d0d5e2f0e,CAND:02506b9e9c36e94d0d5e2f0e,OPP:02506b9e9c36e94d0d5e2f0e,True,NO_ACTION,EVENT_INVALIDATE,NONE,UNKNOWN,8ea01a85-4efa-5849-ac33-c03e0b01cda8,BALANCE_ESCAPE_FAILED_INVALIDATED_SETUP,FORCE_EXIT,INVALIDATED,NO_EVENT,NONE,[],FAILED_BACK_INSIDE,"[""CONTINUATION:BLOCK"", ""REACCELERATION:BLOCK"", ""REVERSAL:BLOCK""]",2026-07-31T11:42:00+05:30,TCS,21,True,0,TRADE_DECISION_NOT_ALLOWED,NOT_ELIGIBLE
DIR:TORNTPHARM:2026-07-31:002:UP:105700:DIRECTIONAL_REVERSAL_LEG_ESTABLISHED:110300,CAND:dcb490f7068f3aeab3ab074f,"{""FILLED"": 21}",0,0,"{""FILLED"": 6, ""NONE"": 15}",700,FORCE_EXIT,EXIT,0,15,OPP:dcb490f7068f3aeab3ab074f,CAND:dcb490f7068f3aeab3ab074f,OPP:dcb490f7068f3aeab3ab074f,True,NO_ACTION,EVENT_INVALIDATE,DIRECTIONAL,ALIGNED,099dd7de-7081-52f9-9bd2-655c56b6256c,DIRECTIONAL_TREND_RESTORED_INVALIDATED_SETUP,FORCE_EXIT,INVALIDATED,"BALANCE_COMPLETED,REVERSAL_WATCH_STARTED",REVERSAL_WATCH,"[""BAL:TORNTPHARM:2026-07-31:003:NEUTRAL:113600:BALANCE_COMPLETED:114200"", ""DIR:TORNTPHARM:2026-07-31:002:UP:105700:REVERSAL_WATCH_STARTED:114200""]",COMPLETED,[],2026-07-31T11:42:00+05:30,TORNTPHARM,21,False,0,,ALREADY_DEPLOYED
,,"{""FILLED"": 21}",0,3,"{""FILLED"": 9, ""NONE"": 12}",701,,,0,15,,,,,NO_ACTION,,,,,,,,NO_EVENT,REVERSAL_LEG,[],FORMING,[],2026-07-31T11:45:00+05:30,BHEL,21,False,0,,NO_SIGNAL
DIR:CHOLAFIN:2026-07-31:002:DOWN:102400:DIRECTIONAL_REVERSAL_LEG_ESTABLISHED:103300,CAND:c91e30e559c61ae9e4a8e30d,"{""FILLED"": 21}",0,0,"{""FILLED"": 9, ""NONE"": 12}",702,HOLD_POSITION,CAUTION,0,12,OPP:c91e30e559c61ae9e4a8e30d,CAND:c91e30e559c61ae9e4a8e30d,OPP:c91e30e559c61ae9e4a8e30d,False,HOLD,NO_CREATION_EVENT,REVERSAL_WATCH,OPPOSED,aee40fe8-7759-5cec-902a-0db152fe528d,AUTHORITATIVE_REVERSAL_WATCH,PROTECT,OPEN,NO_EVENT,REVERSAL_WATCH,[],NONE,[],2026-07-31T11:45:00+05:30,CHOLAFIN,21,True,0,TRADE_DECISION_NOT_ALLOWED,NOT_ELIGIBLE
DIR:COFORGE:2026-07-31:002:DOWN:101500:DIRECTIONAL_REVERSAL_LEG_ESTABLISHED:102400,CAND:995ee50ff305357125723e26,"{""FILLED"": 21}",0,0,"{""FILLED"": 9, ""NONE"": 12}",703,HOLD_POSITION,CAUTION,0,12,OPP:995ee50ff305357125723e26,CAND:995ee50ff305357125723e26,OPP:995ee50ff305357125723e26,False,HOLD,NO_CREATION_EVENT,NONE,UNKNOWN,2afed6e7-898c-5a79-8bf5-1d7891f21ccb,NO_CURRENT_CREATION_EVENT,TRANSITION,OPEN,NO_EVENT,NONE,[],LOCKED,"[""CONTINUATION:BLOCK"", ""REACCELERATION:BLOCK"", ""REVERSAL:BLOCK""]",2026-07-31T11:45:00+05:30,COFORGE,21,False,0,,ALREADY_DEPLOYED
DIR:DIVISLAB:2026-07-31:002:DOWN:100600:DIRECTIONAL_REVERSAL_LEG_ESTABLISHED:101800,CAND:6644484c352c701feebfdf31,"{""FILLED"": 21}",0,0,"{""FILLED"": 9, ""NONE"": 12}",704,HOLD_POSITION,CAUTION,0,12,OPP:6644484c352c701feebfdf31,CAND:6644484c352c701feebfdf31,OPP:6644484c352c701feebfdf31,False,HOLD,NO_CREATION_EVENT,NONE,UNKNOWN,a73cb6c9-a388-53f1-92b2-41820e34edd3,NO_CURRENT_CREATION_EVENT,TRANSITION,OPEN,NO_EVENT,NONE,[],NONE,[],2026-07-31T11:45:00+05:30,DIVISLAB,21,True,0,TRADE_DECISION_NOT_ALLOWED,NOT_ELIGIBLE
,,"{""FILLED"": 21}",0,0,"{""FILLED"": 9, ""NONE"": 12}",705,,,0,12,,,,,NO_ACTION,,,,,,,,NO_EVENT,NONE,[],NONE,[],2026-07-31T11:45:00+05:30,EXIDEIND,21,False,0,,NO_SIGNAL
DIR:FORCEMOT:2026-07-31:002:UP:105400:DIRECTIONAL_REVERSAL_LEG_ESTABLISHED:110000,CAND:32b3a707960484f98d8399a7,"{""FILLED"": 21}",0,0,"{""FILLED"": 9, ""NONE"": 12}",706,HOLD_POSITION,CAUTION,0,12,OPP:32b3a707960484f98d8399a7,CAND:32b3a707960484f98d8399a7,OPP:32b3a707960484f98d8399a7,False,HOLD,NO_CREATION_EVENT,NONE,UNKNOWN,76d65cfd-3f5f-5419-81f1-24a924660ce7,NO_CURRENT_CREATION_EVENT,TRANSITION,OPEN,BALANCE_FORMING_STARTED,NONE,"[""BAL:FORCEMOT:2026-07-31:002:NEUTRAL:114500:BALANCE_FORMING_STARTED:114500""]",FORMING,[],2026-07-31T11:45:00+05:30,FORCEMOT,21,False,0,,ALREADY_DEPLOYED
,,"{""FILLED"": 21}",0,0,"{""FILLED"": 9, ""NONE"": 12}",707,,,0,12,,,,,NO_ACTION,,,,,,,,NO_EVENT,NONE,[],LOCKED,"[""CONTINUATION:BLOCK"", ""REACCELERATION:BLOCK"", ""REVERSAL:BLOCK""]",2026-07-31T11:45:00+05:30,GLENMARK,21,False,0,,NO_SIGNAL
,,"{""FILLED"": 21}",0,0,"{""FILLED"": 9, ""NONE"": 12}",708,,,0,12,,,,,NO_ACTION,,,,,,,,NO_EVENT,REVERSAL_WATCH,[],LOCKED,"[""CONTINUATION:BLOCK"", ""REACCELERATION:BLOCK"", ""REVERSAL:BLOCK""]",2026-07-31T11:45:00+05:30,INDUSTOWER,21,False,0,,NO_SIGNAL
BAL:KALYANKJIL:2026-07-31:002:NEUTRAL:105100:BALANCE_ESCAPE_STARTED:112700,CAND:4a3872010c190995b2d63ff8,"{""FILLED"": 21}",0,0,"{""FILLED"": 9, ""NONE"": 12}",709,HOLD_POSITION,STRENGTHEN,0,12,OPP:4a3872010c190995b2d63ff8,CAND:4a3872010c190995b2d63ff8,OPP:4a3872010c190995b2d63ff8,False,HOLD,NO_CREATION_EVENT,DIRECTIONAL,ALIGNED,fe205a27-ef8f-5bf7-9192-94593d799d94,AUTHORITATIVE_DIRECTIONAL_ALIGNED,ACTIVE,OPEN,NO_EVENT,DIRECTIONAL,[],NONE,[],2026-07-31T11:45:00+05:30,KALYANKJIL,21,False,0,,ALREADY_DEPLOYED
DIR:MANAPPURAM:2026-07-31:006:UP:111200:DIRECTIONAL_REVERSAL_LEG_ESTABLISHED:112100,CAND:7316c4a2330c742a8803fe6c,"{""FILLED"": 21}",0,0,"{""FILLED"": 9, ""NONE"": 12}",710,HOLD_POSITION,CAUTION,0,12,OPP:7316c4a2330c742a8803fe6c,CAND:7316c4a2330c742a8803fe6c,OPP:7316c4a2330c742a8803fe6c,False,HOLD,NO_CREATION_EVENT,NONE,UNKNOWN,50c51811-b112-5f0f-9fcc-a1422ceea97c,NO_CURRENT_CREATION_EVENT,TRANSITION,OPEN,NO_EVENT,NONE,[],FORMING,[],2026-07-31T11:45:00+05:30,MANAPPURAM,21,False,0,,ALREADY_DEPLOYED
BAL:PERSISTENT:2026-07-31:002:NEUTRAL:103600:BALANCE_ESCAPE_STARTED:110600,CAND:6e00ceac84968df1df4d7495,"{""FILLED"": 21}",0,0,"{""FILLED"": 9, ""NONE"": 12}",711,HOLD_POSITION,CAUTION,0,12,OPP:6e00ceac84968df1df4d7495,CAND:6e00ceac84968df1df4d7495,OPP:6e00ceac84968df1df4d7495,False,HOLD,NO_CREATION_EVENT,REVERSAL_WATCH,ALIGNED,cad8805e-c102-57a4-96c7-d70c9c07f5cc,AUTHORITATIVE_REVERSAL_WATCH,PROTECT,OPEN,NO_EVENT,REVERSAL_WATCH,[],NONE,[],2026-07-31T11:45:00+05:30,PERSISTENT,21,False,0,,ALREADY_DEPLOYED
BAL:POWERINDIA:2026-07-31:001:NEUTRAL:095100:BALANCE_ESCAPE_FAILED:113000,CAND:dc1ab160fa1ee75a10189da6,"{""FILLED"": 21}",0,0,"{""FILLED"": 9, ""NONE"": 12}",712,HOLD_POSITION,CAUTION,0,12,OPP:dc1ab160fa1ee75a10189da6,CAND:dc1ab160fa1ee75a10189da6,OPP:dc1ab160fa1ee75a10189da6,False,HOLD,NO_CREATION_EVENT,REVERSAL_WATCH,ALIGNED,57fbc3b0-0822-51b7-8515-450ea6586841,AUTHORITATIVE_REVERSAL_WATCH,PROTECT,OPEN,REVERSAL_WATCH_STARTED,REVERSAL_WATCH,"[""DIR:POWERINDIA:2026-07-31:003:UP:100300:REVERSAL_WATCH_STARTED:114500""]",FAILED_BACK_INSIDE,"[""CONTINUATION:BLOCK"", ""REACCELERATION:BLOCK"", ""REVERSAL:BLOCK""]",2026-07-31T11:45:00+05:30,POWERINDIA,21,True,0,TRADE_DECISION_NOT_ALLOWED,NOT_ELIGIBLE
BAL:TCS:2026-07-31:001:NEUTRAL:100600:BALANCE_ESCAPE_STARTED:103600,CAND:02506b9e9c36e94d0d5e2f0e,"{""FILLED"": 21}",0,0,"{""FILLED"": 9, ""NONE"": 12}",713,FORCE_EXIT,EXIT,0,12,OPP:02506b9e9c36e94d0d5e2f0e,CAND:02506b9e9c36e94d0d5e2f0e,OPP:02506b9e9c36e94d0d5e2f0e,True,NO_ACTION,EVENT_INVALIDATE,NONE,UNKNOWN,8ea01a85-4efa-5849-ac33-c03e0b01cda8,BALANCE_ESCAPE_FAILED_INVALIDATED_SETUP,FORCE_EXIT,INVALIDATED,NO_EVENT,NONE,[],FAILED_BACK_INSIDE,"[""CONTINUATION:BLOCK"", ""REACCELERATION:BLOCK"", ""REVERSAL:BLOCK""]",2026-07-31T11:45:00+05:30,TCS,21,True,0,TRADE_DECISION_NOT_ALLOWED,NOT_ELIGIBLE
DIR:TORNTPHARM:2026-07-31:002:UP:105700:DIRECTIONAL_REVERSAL_LEG_ESTABLISHED:110300,CAND:dcb490f7068f3aeab3ab074f,"{""FILLED"": 21}",0,0,"{""FILLED"": 9, ""NONE"": 12}",714,FORCE_EXIT,EXIT,0,12,OPP:dcb490f7068f3aeab3ab074f,CAND:dcb490f7068f3aeab3ab074f,OPP:dcb490f7068f3aeab3ab074f,True,NO_ACTION,EVENT_INVALIDATE,DIRECTIONAL,ALIGNED,099dd7de-7081-52f9-9bd2-655c56b6256c,DIRECTIONAL_TREND_RESTORED_INVALIDATED_SETUP,FORCE_EXIT,INVALIDATED,NO_EVENT,REVERSAL_WATCH,[],NONE,[],2026-07-31T11:45:00+05:30,TORNTPHARM,21,False,0,,ALREADY_DEPLOYED
,,"{""FILLED"": 21}",0,0,"{""FILLED"": 9, ""NONE"": 12}",715,,,0,12,,,,,NO_ACTION,,,,,,,,NO_EVENT,REVERSAL_LEG,[],FORMING,[],2026-07-31T11:48:00+05:30,BHEL,21,False,0,,NO_SIGNAL
DIR:CHOLAFIN:2026-07-31:002:DOWN:102400:DIRECTIONAL_REVERSAL_LEG_ESTABLISHED:103300,CAND:c91e30e559c61ae9e4a8e30d,"{""FILLED"": 21}",0,0,"{""FILLED"": 9, ""NONE"": 12}",716,FORCE_EXIT,EXIT,0,12,OPP:c91e30e559c61ae9e4a8e30d,CAND:c91e30e559c61ae9e4a8e30d,OPP:c91e30e559c61ae9e4a8e30d,True,CLOSE,EVENT_INVALIDATE,DIRECTIONAL,OPPOSED,aee40fe8-7759-5cec-902a-0db152fe528d,DIRECTIONAL_TREND_RESTORED_INVALIDATED_OPPOSITE_ACTIVE_SIGNAL,FORCE_EXIT,INVALIDATED,DIRECTIONAL_TREND_RESTORED,DIRECTIONAL,"[""DIR:CHOLAFIN:2026-07-31:003:UP:104500:DIRECTIONAL_TREND_RESTORED:114800""]",NONE,"[""CONTINUATION:PERMIT""]",2026-07-31T11:48:00+05:30,CHOLAFIN,21,True,0,TRADE_DECISION_NOT_ALLOWED,NOT_ELIGIBLE
DIR:COFORGE:2026-07-31:002:DOWN:101500:DIRECTIONAL_REVERSAL_LEG_ESTABLISHED:102400,CAND:995ee50ff305357125723e26,"{""FILLED"": 21}",0,0,"{""FILLED"": 9, ""NONE"": 12}",717,HOLD_POSITION,CAUTION,0,12,OPP:995ee50ff305357125723e26,CAND:995ee50ff305357125723e26,OPP:995ee50ff305357125723e26,False,HOLD,NO_CREATION_EVENT,NONE,UNKNOWN,2afed6e7-898c-5a79-8bf5-1d7891f21ccb,NO_CURRENT_CREATION_EVENT,TRANSITION,OPEN,NO_EVENT,NONE,[],LOCKED,"[""CONTINUATION:BLOCK"", ""REACCELERATION:BLOCK"", ""REVERSAL:BLOCK""]",2026-07-31T11:48:00+05:30,COFORGE,21,False,0,,ALREADY_DEPLOYED
DIR:DIVISLAB:2026-07-31:002:DOWN:100600:DIRECTIONAL_REVERSAL_LEG_ESTABLISHED:101800,CAND:6644484c352c701feebfdf31,"{""FILLED"": 21}",0,0,"{""FILLED"": 9, ""NONE"": 12}",718,HOLD_POSITION,CAUTION,0,12,OPP:6644484c352c701feebfdf31,CAND:6644484c352c701feebfdf31,OPP:6644484c352c701feebfdf31,False,HOLD,NO_CREATION_EVENT,NONE,UNKNOWN,a73cb6c9-a388-53f1-92b2-41820e34edd3,NO_CURRENT_CREATION_EVENT,TRANSITION,OPEN,NO_EVENT,NONE,[],NONE,[],2026-07-31T11:48:00+05:30,DIVISLAB,21,True,0,TRADE_DECISION_NOT_ALLOWED,NOT_ELIGIBLE
,,"{""FILLED"": 21}",0,0,"{""FILLED"": 9, ""NONE"": 12}",719,,,0,12,,,,,NO_ACTION,,,,,,,,NO_EVENT,NONE,[],NONE,[],2026-07-31T11:48:00+05:30,EXIDEIND,21,False,0,,NO_SIGNAL
DIR:FORCEMOT:2026-07-31:002:UP:105400:DIRECTIONAL_REVERSAL_LEG_ESTABLISHED:110000,CAND:32b3a707960484f98d8399a7,"{""FILLED"": 21}",0,0,"{""FILLED"": 9, ""NONE"": 12}",720,HOLD_POSITION,CAUTION,0,12,OPP:32b3a707960484f98d8399a7,CAND:32b3a707960484f98d8399a7,OPP:32b3a707960484f98d8399a7,False,HOLD,NO_CREATION_EVENT,NONE,UNKNOWN,76d65cfd-3f5f-5419-81f1-24a924660ce7,NO_CURRENT_CREATION_EVENT,TRANSITION,OPEN,NO_EVENT,NONE,[],FORMING,[],2026-07-31T11:48:00+05:30,FORCEMOT,21,False,0,,ALREADY_DEPLOYED
,,"{""FILLED"": 21}",0,0,"{""FILLED"": 9, ""NONE"": 12}",721,,,0,12,,,,,NO_ACTION,,,,,,,,NO_EVENT,NONE,[],LOCKED,"[""CONTINUATION:BLOCK"", ""REACCELERATION:BLOCK"", ""REVERSAL:BLOCK""]",2026-07-31T11:48:00+05:30,GLENMARK,21,False,0,,NO_SIGNAL
,,"{""FILLED"": 21}",0,0,"{""FILLED"": 9, ""NONE"": 12}",722,,,0,12,,,,,NO_ACTION,,,,,,,,BALANCE_ESCAPE_STARTED,REVERSAL_WATCH,"[""BAL:INDUSTOWER:2026-07-31:001:NEUTRAL:110900:BALANCE_ESCAPE_STARTED:114800""]",ESCAPE_WATCH,"[""ACCEPTED_BREAKOUT:WAIT"", ""BREAKOUT_INITIATION:PERMIT"", ""CONTINUATION:BLOCK"", ""FAILED_BREAKOUT:WAIT"", ""REACCELERATION:BLOCK"", ""REVERSAL:BLOCK""]",2026-07-31T11:48:00+05:30,INDUSTOWER,21,False,0,,NO_SIGNAL
BAL:KALYANKJIL:2026-07-31:002:NEUTRAL:105100:BALANCE_ESCAPE_STARTED:112700,CAND:4a3872010c190995b2d63ff8,"{""FILLED"": 21}",0,0,"{""FILLED"": 9, ""NONE"": 12}",723,HOLD_POSITION,STRENGTHEN,0,12,OPP:4a3872010c190995b2d63ff8,CAND:4a3872010c190995b2d63ff8,OPP:4a3872010c190995b2d63ff8,False,HOLD,NO_CREATION_EVENT,DIRECTIONAL,ALIGNED,fe205a27-ef8f-5bf7-9192-94593d799d94,AUTHORITATIVE_DIRECTIONAL_ALIGNED,ACTIVE,OPEN,NO_EVENT,DIRECTIONAL,[],NONE,[],2026-07-31T11:48:00+05:30,KALYANKJIL,21,False,0,,ALREADY_DEPLOYED
DIR:MANAPPURAM:2026-07-31:006:UP:111200:DIRECTIONAL_REVERSAL_LEG_ESTABLISHED:112100,CAND:7316c4a2330c742a8803fe6c,"{""FILLED"": 21}",0,0,"{""FILLED"": 9, ""NONE"": 12}",724,HOLD_POSITION,CAUTION,0,12,OPP:7316c4a2330c742a8803fe6c,CAND:7316c4a2330c742a8803fe6c,OPP:7316c4a2330c742a8803fe6c,False,HOLD,NO_CREATION_EVENT,NONE,UNKNOWN,50c51811-b112-5f0f-9fcc-a1422ceea97c,NO_CURRENT_CREATION_EVENT,TRANSITION,OPEN,NO_EVENT,NONE,[],FORMING,[],2026-07-31T11:48:00+05:30,MANAPPURAM,21,False,0,,ALREADY_DEPLOYED
BAL:PERSISTENT:2026-07-31:002:NEUTRAL:103600:BALANCE_ESCAPE_STARTED:110600,CAND:6e00ceac84968df1df4d7495,"{""FILLED"": 21}",0,0,"{""FILLED"": 9, ""NONE"": 12}",725,HOLD_POSITION,STRENGTHEN,0,12,OPP:6e00ceac84968df1df4d7495,CAND:6e00ceac84968df1df4d7495,OPP:6e00ceac84968df1df4d7495,False,HOLD,NO_CREATION_EVENT,DIRECTIONAL,ALIGNED,cad8805e-c102-57a4-96c7-d70c9c07f5cc,AUTHORITATIVE_DIRECTIONAL_ALIGNED,ACTIVE,OPEN,DIRECTIONAL_TREND_RESTORED,DIRECTIONAL,"[""DIR:PERSISTENT:2026-07-31:003:UP:112100:DIRECTIONAL_TREND_RESTORED:114800""]",NONE,"[""CONTINUATION:PERMIT""]",2026-07-31T11:48:00+05:30,PERSISTENT,21,False,0,,ALREADY_DEPLOYED
BAL:POWERINDIA:2026-07-31:001:NEUTRAL:095100:BALANCE_ESCAPE_FAILED:113000,CAND:dc1ab160fa1ee75a10189da6,"{""FILLED"": 21}",0,0,"{""FILLED"": 9, ""NONE"": 12}",726,HOLD_POSITION,CAUTION,0,12,OPP:dc1ab160fa1ee75a10189da6,CAND:dc1ab160fa1ee75a10189da6,OPP:dc1ab160fa1ee75a10189da6,False,HOLD,NO_CREATION_EVENT,REVERSAL_WATCH,ALIGNED,57fbc3b0-0822-51b7-8515-450ea6586841,AUTHORITATIVE_REVERSAL_WATCH,PROTECT,OPEN,NO_EVENT,REVERSAL_WATCH,[],FAILED_BACK_INSIDE,"[""CONTINUATION:BLOCK"", ""REACCELERATION:BLOCK"", ""REVERSAL:BLOCK""]",2026-07-31T11:48:00+05:30,POWERINDIA,21,True,0,TRADE_DECISION_NOT_ALLOWED,NOT_ELIGIBLE
BAL:TCS:2026-07-31:001:NEUTRAL:100600:BALANCE_ESCAPE_STARTED:103600,CAND:02506b9e9c36e94d0d5e2f0e,"{""FILLED"": 21}",0,0,"{""FILLED"": 9, ""NONE"": 12}",727,FORCE_EXIT,EXIT,0,12,OPP:02506b9e9c36e94d0d5e2f0e,CAND:02506b9e9c36e94d0d5e2f0e,OPP:02506b9e9c36e94d0d5e2f0e,True,NO_ACTION,EVENT_INVALIDATE,NONE,UNKNOWN,8ea01a85-4efa-5849-ac33-c03e0b01cda8,BALANCE_ESCAPE_FAILED_INVALIDATED_SETUP,FORCE_EXIT,INVALIDATED,NO_EVENT,NONE,[],FAILED_BACK_INSIDE,"[""CONTINUATION:BLOCK"", ""REACCELERATION:BLOCK"", ""REVERSAL:BLOCK""]",2026-07-31T11:48:00+05:30,TCS,21,True,0,TRADE_DECISION_NOT_ALLOWED,NOT_ELIGIBLE
DIR:TORNTPHARM:2026-07-31:002:UP:105700:DIRECTIONAL_REVERSAL_LEG_ESTABLISHED:110300,CAND:dcb490f7068f3aeab3ab074f,"{""FILLED"": 21}",0,0,"{""FILLED"": 9, ""NONE"": 12}",728,FORCE_EXIT,EXIT,0,12,OPP:dcb490f7068f3aeab3ab074f,CAND:dcb490f7068f3aeab3ab074f,OPP:dcb490f7068f3aeab3ab074f,True,NO_ACTION,EVENT_INVALIDATE,DIRECTIONAL,ALIGNED,099dd7de-7081-52f9-9bd2-655c56b6256c,DIRECTIONAL_TREND_RESTORED_INVALIDATED_SETUP,FORCE_EXIT,INVALIDATED,DIRECTIONAL_TREND_RESTORED,DIRECTIONAL,"[""DIR:TORNTPHARM:2026-07-31:002:UP:105700:DIRECTIONAL_TREND_RESTORED:114800""]",NONE,"[""CONTINUATION:PERMIT""]",2026-07-31T11:48:00+05:30,TORNTPHARM,21,False,0,,ALREADY_DEPLOYED
,,"{""FILLED"": 21}",0,0,"{""FILLED"": 9, ""NONE"": 12}",729,,,0,12,,,,,NO_ACTION,,,,,,,,NO_EVENT,REVERSAL_LEG,[],FORMING,[],2026-07-31T11:51:00+05:30,BHEL,21,False,0,,NO_SIGNAL
DIR:CHOLAFIN:2026-07-31:002:DOWN:102400:DIRECTIONAL_REVERSAL_LEG_ESTABLISHED:103300,CAND:c91e30e559c61ae9e4a8e30d,"{""FILLED"": 21}",0,0,"{""FILLED"": 9, ""NONE"": 12}",730,FORCE_EXIT,EXIT,0,12,OPP:c91e30e559c61ae9e4a8e30d,CAND:c91e30e559c61ae9e4a8e30d,OPP:c91e30e559c61ae9e4a8e30d,True,NO_ACTION,EVENT_INVALIDATE,DIRECTIONAL,OPPOSED,aee40fe8-7759-5cec-902a-0db152fe528d,DIRECTIONAL_TREND_RESTORED_INVALIDATED_OPPOSITE_ACTIVE_SIGNAL,FORCE_EXIT,INVALIDATED,DIRECTIONAL_MATURED,MATURE,"[""DIR:CHOLAFIN:2026-07-31:003:UP:104500:DIRECTIONAL_MATURED:115100""]",NONE,[],2026-07-31T11:51:00+05:30,CHOLAFIN,21,True,0,TRADE_DECISION_NOT_ALLOWED,NOT_ELIGIBLE
DIR:COFORGE:2026-07-31:002:DOWN:101500:DIRECTIONAL_REVERSAL_LEG_ESTABLISHED:102400,CAND:995ee50ff305357125723e26,"{""FILLED"": 21}",0,0,"{""FILLED"": 9, ""NONE"": 12}",731,HOLD_POSITION,CAUTION,0,12,OPP:995ee50ff305357125723e26,CAND:995ee50ff305357125723e26,OPP:995ee50ff305357125723e26,False,HOLD,NO_CREATION_EVENT,NONE,UNKNOWN,2afed6e7-898c-5a79-8bf5-1d7891f21ccb,NO_CURRENT_CREATION_EVENT,TRANSITION,OPEN,NO_EVENT,NONE,[],LOCKED,"[""CONTINUATION:BLOCK"", ""REACCELERATION:BLOCK"", ""REVERSAL:BLOCK""]",2026-07-31T11:51:00+05:30,COFORGE,21,False,0,,ALREADY_DEPLOYED
DIR:DIVISLAB:2026-07-31:002:DOWN:100600:DIRECTIONAL_REVERSAL_LEG_ESTABLISHED:101800,CAND:6644484c352c701feebfdf31,"{""FILLED"": 21}",0,0,"{""FILLED"": 9, ""NONE"": 12}",732,HOLD_POSITION,CAUTION,0,12,OPP:6644484c352c701feebfdf31,CAND:6644484c352c701feebfdf31,OPP:6644484c352c701feebfdf31,False,HOLD,NO_CREATION_EVENT,NONE,UNKNOWN,a73cb6c9-a388-53f1-92b2-41820e34edd3,NO_CURRENT_CREATION_EVENT,TRANSITION,OPEN,NO_EVENT,NONE,[],NONE,[],2026-07-31T11:51:00+05:30,DIVISLAB,21,True,0,TRADE_DECISION_NOT_ALLOWED,NOT_ELIGIBLE
,,"{""FILLED"": 21}",0,0,"{""FILLED"": 9, ""NONE"": 12}",733,,,0,12,,,,,NO_ACTION,,,,,,,,NO_EVENT,NONE,[],NONE,[],2026-07-31T11:51:00+05:30,EXIDEIND,21,False,0,,NO_SIGNAL
DIR:FORCEMOT:2026-07-31:002:UP:105400:DIRECTIONAL_REVERSAL_LEG_ESTABLISHED:110000,CAND:32b3a707960484f98d8399a7,"{""FILLED"": 21}",0,0,"{""FILLED"": 9, ""NONE"": 12}",734,HOLD_POSITION,CAUTION,0,12,OPP:32b3a707960484f98d8399a7,CAND:32b3a707960484f98d8399a7,OPP:32b3a707960484f98d8399a7,False,HOLD,NO_CREATION_EVENT,NONE,UNKNOWN,76d65cfd-3f5f-5419-81f1-24a924660ce7,NO_CURRENT_CREATION_EVENT,TRANSITION,OPEN,NO_EVENT,NONE,[],FORMING,[],2026-07-31T11:51:00+05:30,FORCEMOT,21,False,0,,ALREADY_DEPLOYED
,,"{""FILLED"": 21}",0,0,"{""FILLED"": 9, ""NONE"": 12}",735,,,0,12,,,,,NO_ACTION,,,,,,,,NO_EVENT,NONE,[],LOCKED,"[""CONTINUATION:BLOCK"", ""REACCELERATION:BLOCK"", ""REVERSAL:BLOCK""]",2026-07-31T11:51:00+05:30,GLENMARK,21,False,0,,NO_SIGNAL
,,"{""FILLED"": 21}",0,0,"{""FILLED"": 9, ""NONE"": 12}",736,,,0,12,,,,,NO_ACTION,,,,,,,,NO_EVENT,REVERSAL_WATCH,[],ESCAPE_WATCH,"[""ACCEPTED_BREAKOUT:WAIT"", ""CONTINUATION:BLOCK"", ""FAILED_BREAKOUT:WAIT"", ""REACCELERATION:BLOCK"", ""REVERSAL:BLOCK""]",2026-07-31T11:51:00+05:30,INDUSTOWER,21,False,0,,NO_SIGNAL
BAL:KALYANKJIL:2026-07-31:002:NEUTRAL:105100:BALANCE_ESCAPE_STARTED:112700,CAND:4a3872010c190995b2d63ff8,"{""FILLED"": 21}",0,0,"{""FILLED"": 9, ""NONE"": 12}",737,HOLD_POSITION,STRENGTHEN,0,12,OPP:4a3872010c190995b2d63ff8,CAND:4a3872010c190995b2d63ff8,OPP:4a3872010c190995b2d63ff8,False,HOLD,NO_CREATION_EVENT,DIRECTIONAL,ALIGNED,fe205a27-ef8f-5bf7-9192-94593d799d94,AUTHORITATIVE_DIRECTIONAL_ALIGNED,ACTIVE,OPEN,NO_EVENT,DIRECTIONAL,[],NONE,[],2026-07-31T11:51:00+05:30,KALYANKJIL,21,False,0,,ALREADY_DEPLOYED
DIR:MANAPPURAM:2026-07-31:006:UP:111200:DIRECTIONAL_REVERSAL_LEG_ESTABLISHED:112100,CAND:7316c4a2330c742a8803fe6c,"{""FILLED"": 21}",0,0,"{""FILLED"": 9, ""NONE"": 12}",738,HOLD_POSITION,CAUTION,0,12,OPP:7316c4a2330c742a8803fe6c,CAND:7316c4a2330c742a8803fe6c,OPP:7316c4a2330c742a8803fe6c,False,HOLD,NO_CREATION_EVENT,NONE,UNKNOWN,50c51811-b112-5f0f-9fcc-a1422ceea97c,NO_CURRENT_CREATION_EVENT,TRANSITION,OPEN,NO_EVENT,NONE,[],FORMING,[],2026-07-31T11:51:00+05:30,MANAPPURAM,21,False,0,,ALREADY_DEPLOYED
BAL:PERSISTENT:2026-07-31:002:NEUTRAL:103600:BALANCE_ESCAPE_STARTED:110600,CAND:6e00ceac84968df1df4d7495,"{""FILLED"": 21}",0,0,"{""FILLED"": 9, ""NONE"": 12}",739,HOLD_POSITION,STRENGTHEN,0,12,OPP:6e00ceac84968df1df4d7495,CAND:6e00ceac84968df1df4d7495,OPP:6e00ceac84968df1df4d7495,False,HOLD,NO_CREATION_EVENT,DIRECTIONAL,ALIGNED,cad8805e-c102-57a4-96c7-d70c9c07f5cc,AUTHORITATIVE_DIRECTIONAL_ALIGNED,ACTIVE,OPEN,NO_EVENT,DIRECTIONAL,[],NONE,[],2026-07-31T11:51:00+05:30,PERSISTENT,21,False,0,,ALREADY_DEPLOYED
BAL:POWERINDIA:2026-07-31:001:NEUTRAL:095100:BALANCE_ESCAPE_FAILED:113000,CAND:dc1ab160fa1ee75a10189da6,"{""FILLED"": 21}",0,0,"{""FILLED"": 9, ""NONE"": 12}",740,HOLD_POSITION,CAUTION,0,12,OPP:dc1ab160fa1ee75a10189da6,CAND:dc1ab160fa1ee75a10189da6,OPP:dc1ab160fa1ee75a10189da6,False,HOLD,NO_CREATION_EVENT,REVERSAL_WATCH,ALIGNED,57fbc3b0-0822-51b7-8515-450ea6586841,AUTHORITATIVE_REVERSAL_WATCH,PROTECT,OPEN,NO_EVENT,REVERSAL_WATCH,[],FAILED_BACK_INSIDE,"[""CONTINUATION:BLOCK"", ""REACCELERATION:BLOCK"", ""REVERSAL:BLOCK""]",2026-07-31T11:51:00+05:30,POWERINDIA,21,True,0,TRADE_DECISION_NOT_ALLOWED,NOT_ELIGIBLE
BAL:TCS:2026-07-31:001:NEUTRAL:100600:BALANCE_ESCAPE_STARTED:103600,CAND:02506b9e9c36e94d0d5e2f0e,"{""FILLED"": 21}",0,0,"{""FILLED"": 9, ""NONE"": 12}",741,FORCE_EXIT,EXIT,0,12,OPP:02506b9e9c36e94d0d5e2f0e,CAND:02506b9e9c36e94d0d5e2f0e,OPP:02506b9e9c36e94d0d5e2f0e,True,NO_ACTION,EVENT_INVALIDATE,NONE,UNKNOWN,8ea01a85-4efa-5849-ac33-c03e0b01cda8,BALANCE_ESCAPE_FAILED_INVALIDATED_SETUP,FORCE_EXIT,INVALIDATED,NO_EVENT,NONE,[],FAILED_BACK_INSIDE,"[""CONTINUATION:BLOCK"", ""REACCELERATION:BLOCK"", ""REVERSAL:BLOCK""]",2026-07-31T11:51:00+05:30,TCS,21,True,0,TRADE_DECISION_NOT_ALLOWED,NOT_ELIGIBLE
DIR:TORNTPHARM:2026-07-31:002:UP:105700:DIRECTIONAL_REVERSAL_LEG_ESTABLISHED:110300,CAND:dcb490f7068f3aeab3ab074f,"{""FILLED"": 21}",0,0,"{""FILLED"": 9, ""NONE"": 12}",742,FORCE_EXIT,EXIT,0,12,OPP:dcb490f7068f3aeab3ab074f,CAND:dcb490f7068f3aeab3ab074f,OPP:dcb490f7068f3aeab3ab074f,True,NO_ACTION,EVENT_INVALIDATE,DIRECTIONAL,ALIGNED,099dd7de-7081-52f9-9bd2-655c56b6256c,DIRECTIONAL_TREND_RESTORED_INVALIDATED_SETUP,FORCE_EXIT,INVALIDATED,DIRECTIONAL_MATURED,MATURE,"[""DIR:TORNTPHARM:2026-07-31:002:UP:105700:DIRECTIONAL_MATURED:115100""]",NONE,[],2026-07-31T11:51:00+05:30,TORNTPHARM,21,False,0,,ALREADY_DEPLOYED
,,"{""FILLED"": 21}",0,0,"{""FILLED"": 9, ""NONE"": 12}",743,,,0,12,,,,,NO_ACTION,,,,,,,,BALANCE_PROBABLE,REVERSAL_LEG,"[""BAL:BHEL:2026-07-31:002:NEUTRAL:114200:BALANCE_PROBABLE:115400""]",PROBABLE,[],2026-07-31T11:54:00+05:30,BHEL,21,False,0,,NO_SIGNAL
DIR:CHOLAFIN:2026-07-31:002:DOWN:102400:DIRECTIONAL_REVERSAL_LEG_ESTABLISHED:103300,CAND:c91e30e559c61ae9e4a8e30d,"{""FILLED"": 21}",0,0,"{""FILLED"": 9, ""NONE"": 12}",744,FORCE_EXIT,EXIT,0,12,OPP:c91e30e559c61ae9e4a8e30d,CAND:c91e30e559c61ae9e4a8e30d,OPP:c91e30e559c61ae9e4a8e30d,True,NO_ACTION,EVENT_INVALIDATE,DIRECTIONAL,OPPOSED,aee40fe8-7759-5cec-902a-0db152fe528d,DIRECTIONAL_TREND_RESTORED_INVALIDATED_OPPOSITE_ACTIVE_SIGNAL,FORCE_EXIT,INVALIDATED,REVERSAL_WATCH_STARTED,REVERSAL_WATCH,"[""DIR:CHOLAFIN:2026-07-31:003:UP:104500:REVERSAL_WATCH_STARTED:115400""]",NONE,[],2026-07-31T11:54:00+05:30,CHOLAFIN,21,True,0,TRADE_DECISION_NOT_ALLOWED,NOT_ELIGIBLE
DIR:COFORGE:2026-07-31:002:DOWN:101500:DIRECTIONAL_REVERSAL_LEG_ESTABLISHED:102400,CAND:995ee50ff305357125723e26,"{""FILLED"": 21}",0,0,"{""FILLED"": 9, ""NONE"": 12}",745,HOLD_POSITION,CAUTION,0,12,OPP:995ee50ff305357125723e26,CAND:995ee50ff305357125723e26,OPP:995ee50ff305357125723e26,False,HOLD,NO_CREATION_EVENT,NONE,UNKNOWN,2afed6e7-898c-5a79-8bf5-1d7891f21ccb,NO_CURRENT_CREATION_EVENT,TRANSITION,OPEN,NO_EVENT,NONE,[],LOCKED,"[""CONTINUATION:BLOCK"", ""REACCELERATION:BLOCK"", ""REVERSAL:BLOCK""]",2026-07-31T11:54:00+05:30,COFORGE,21,False,0,,ALREADY_DEPLOYED
DIR:DIVISLAB:2026-07-31:002:DOWN:100600:DIRECTIONAL_REVERSAL_LEG_ESTABLISHED:101800,CAND:6644484c352c701feebfdf31,"{""FILLED"": 21}",0,0,"{""FILLED"": 9, ""NONE"": 12}",746,HOLD_POSITION,CAUTION,0,12,OPP:6644484c352c701feebfdf31,CAND:6644484c352c701feebfdf31,OPP:6644484c352c701feebfdf31,False,HOLD,NO_CREATION_EVENT,DIRECTIONAL,OPPOSED,a73cb6c9-a388-53f1-92b2-41820e34edd3,AUTHORITATIVE_DIRECTION_OPPOSED,WEAKENING,OPEN,DIRECTIONAL_STARTED,DIRECTIONAL,"[""DIR:DIVISLAB:2026-07-31:003:UP:115400:DIRECTIONAL_STARTED:115400""]",NONE,[],2026-07-31T11:54:00+05:30,DIVISLAB,21,True,0,TRADE_DECISION_NOT_ALLOWED,NOT_ELIGIBLE
,,"{""FILLED"": 21}",0,0,"{""FILLED"": 9, ""NONE"": 12}",747,,,0,12,,,,,NO_ACTION,,,,,,,,NO_EVENT,NONE,[],NONE,[],2026-07-31T11:54:00+05:30,EXIDEIND,21,False,0,,NO_SIGNAL
DIR:FORCEMOT:2026-07-31:002:UP:105400:DIRECTIONAL_REVERSAL_LEG_ESTABLISHED:110000,CAND:32b3a707960484f98d8399a7,"{""FILLED"": 21}",0,0,"{""FILLED"": 9, ""NONE"": 12}",748,HOLD_POSITION,CAUTION,0,12,OPP:32b3a707960484f98d8399a7,CAND:32b3a707960484f98d8399a7,OPP:32b3a707960484f98d8399a7,False,HOLD,NO_CREATION_EVENT,NONE,UNKNOWN,76d65cfd-3f5f-5419-81f1-24a924660ce7,NO_CURRENT_CREATION_EVENT,TRANSITION,OPEN,NO_EVENT,NONE,[],FORMING,[],2026-07-31T11:54:00+05:30,FORCEMOT,21,False,0,,ALREADY_DEPLOYED
,,"{""FILLED"": 21}",0,0,"{""FILLED"": 9, ""NONE"": 12}",749,,,0,12,,,,,NO_ACTION,,,,,,,,NO_EVENT,NONE,[],LOCKED,"[""CONTINUATION:BLOCK"", ""REACCELERATION:BLOCK"", ""REVERSAL:BLOCK""]",2026-07-31T11:54:00+05:30,GLENMARK,21,False,0,,NO_SIGNAL
BAL:INDUSTOWER:2026-07-31:001:NEUTRAL:110900:BALANCE_ESCAPE_FAILED:115400,CAND:296c26607039b07e87c6f497,"{""FILLED"": 21}",0,0,"{""FILLED"": 9, ""NONE"": 12}",750,CREATE_TRADE,STRENGTHEN,0,12,OPP:296c26607039b07e87c6f497,CAND:296c26607039b07e87c6f497,OPP:296c26607039b07e87c6f497,False,CREATE,LOCAL_CONFIRMED,REVERSAL_LEG,ALIGNED,6c1d311c-b1e4-503d-9f2d-3a50df29da5d,EVENT_DRIVEN_SETUP_CREATED,ACTIVE,OPEN,"BALANCE_ESCAPE_FAILED,DIRECTIONAL_REVERSAL_CONFIRMED,DIRECTIONAL_COMPLETED,DIRECTIONAL_REVERSAL_LEG_STARTED",REVERSAL_LEG,"[""BAL:INDUSTOWER:2026-07-31:001:NEUTRAL:110900:BALANCE_ESCAPE_FAILED:115400"", ""DIR:INDUSTOWER:2026-07-31:003:UP:105100:DIRECTIONAL_REVERSAL_CONFIRMED:115400"", ""DIR:INDUSTOWER:2026-07-31:003:UP:105100:DIRECTIONAL_COMPLETED:115400"", ""DIR:INDUSTOWER:2026-07-31:004:DOWN:115400:DIRECTIONAL_REVERSAL_LEG_STARTED:115400""]",FAILED_BACK_INSIDE,"[""CONTINUATION:BLOCK"", ""FAILED_BREAKOUT:PERMIT"", ""REACCELERATION:BLOCK"", ""REVERSAL:BLOCK""]",2026-07-31T11:54:00+05:30,INDUSTOWER,21,True,0,TRADE_DECISION_NOT_ALLOWED,NOT_ELIGIBLE
BAL:KALYANKJIL:2026-07-31:002:NEUTRAL:105100:BALANCE_ESCAPE_STARTED:112700,CAND:4a3872010c190995b2d63ff8,"{""FILLED"": 21}",0,0,"{""FILLED"": 9, ""NONE"": 12}",751,HOLD_POSITION,STRENGTHEN,0,12,OPP:4a3872010c190995b2d63ff8,CAND:4a3872010c190995b2d63ff8,OPP:4a3872010c190995b2d63ff8,False,HOLD,NO_CREATION_EVENT,DIRECTIONAL,ALIGNED,fe205a27-ef8f-5bf7-9192-94593d799d94,AUTHORITATIVE_DIRECTIONAL_ALIGNED,ACTIVE,OPEN,NO_EVENT,DIRECTIONAL,[],NONE,[],2026-07-31T11:54:00+05:30,KALYANKJIL,21,False,0,,ALREADY_DEPLOYED
DIR:MANAPPURAM:2026-07-31:006:UP:111200:DIRECTIONAL_REVERSAL_LEG_ESTABLISHED:112100,CAND:7316c4a2330c742a8803fe6c,"{""FILLED"": 21}",0,0,"{""FILLED"": 9, ""NONE"": 12}",752,HOLD_POSITION,CAUTION,0,12,OPP:7316c4a2330c742a8803fe6c,CAND:7316c4a2330c742a8803fe6c,OPP:7316c4a2330c742a8803fe6c,False,HOLD,NO_CREATION_EVENT,NONE,UNKNOWN,50c51811-b112-5f0f-9fcc-a1422ceea97c,NO_CURRENT_CREATION_EVENT,TRANSITION,OPEN,NO_EVENT,NONE,[],FORMING,[],2026-07-31T11:54:00+05:30,MANAPPURAM,21,False,0,,ALREADY_DEPLOYED
BAL:PERSISTENT:2026-07-31:002:NEUTRAL:103600:BALANCE_ESCAPE_STARTED:110600,CAND:6e00ceac84968df1df4d7495,"{""FILLED"": 21}",0,0,"{""FILLED"": 9, ""NONE"": 12}",753,HOLD_POSITION,STRENGTHEN,0,12,OPP:6e00ceac84968df1df4d7495,CAND:6e00ceac84968df1df4d7495,OPP:6e00ceac84968df1df4d7495,False,HOLD,NO_CREATION_EVENT,DIRECTIONAL,ALIGNED,cad8805e-c102-57a4-96c7-d70c9c07f5cc,AUTHORITATIVE_DIRECTIONAL_ALIGNED,ACTIVE,OPEN,NO_EVENT,DIRECTIONAL,[],NONE,[],2026-07-31T11:54:00+05:30,PERSISTENT,21,False,0,,ALREADY_DEPLOYED
BAL:POWERINDIA:2026-07-31:001:NEUTRAL:095100:BALANCE_ESCAPE_FAILED:113000,CAND:dc1ab160fa1ee75a10189da6,"{""FILLED"": 21}",0,0,"{""FILLED"": 9, ""NONE"": 12}",754,HOLD_POSITION,CAUTION,0,12,OPP:dc1ab160fa1ee75a10189da6,CAND:dc1ab160fa1ee75a10189da6,OPP:dc1ab160fa1ee75a10189da6,False,HOLD,NO_CREATION_EVENT,REVERSAL_WATCH,ALIGNED,57fbc3b0-0822-51b7-8515-450ea6586841,AUTHORITATIVE_REVERSAL_WATCH,PROTECT,OPEN,NO_EVENT,REVERSAL_WATCH,[],FAILED_BACK_INSIDE,"[""CONTINUATION:BLOCK"", ""REACCELERATION:BLOCK"", ""REVERSAL:BLOCK""]",2026-07-31T11:54:00+05:30,POWERINDIA,21,True,0,TRADE_DECISION_NOT_ALLOWED,NOT_ELIGIBLE
BAL:TCS:2026-07-31:001:NEUTRAL:100600:BALANCE_ESCAPE_STARTED:103600,CAND:02506b9e9c36e94d0d5e2f0e,"{""FILLED"": 21}",0,0,"{""FILLED"": 9, ""NONE"": 12}",755,FORCE_EXIT,EXIT,0,12,OPP:02506b9e9c36e94d0d5e2f0e,CAND:02506b9e9c36e94d0d5e2f0e,OPP:02506b9e9c36e94d0d5e2f0e,True,NO_ACTION,EVENT_INVALIDATE,NONE,UNKNOWN,8ea01a85-4efa-5849-ac33-c03e0b01cda8,BALANCE_ESCAPE_FAILED_INVALIDATED_SETUP,FORCE_EXIT,INVALIDATED,NO_EVENT,NONE,[],FAILED_BACK_INSIDE,"[""CONTINUATION:BLOCK"", ""REACCELERATION:BLOCK"", ""REVERSAL:BLOCK""]",2026-07-31T11:54:00+05:30,TCS,21,True,0,TRADE_DECISION_NOT_ALLOWED,NOT_ELIGIBLE
DIR:TORNTPHARM:2026-07-31:002:UP:105700:DIRECTIONAL_REVERSAL_LEG_ESTABLISHED:110300,CAND:dcb490f7068f3aeab3ab074f,"{""FILLED"": 21}",0,0,"{""FILLED"": 9, ""NONE"": 12}",756,FORCE_EXIT,EXIT,0,12,OPP:dcb490f7068f3aeab3ab074f,CAND:dcb490f7068f3aeab3ab074f,OPP:dcb490f7068f3aeab3ab074f,True,NO_ACTION,EVENT_INVALIDATE,DIRECTIONAL,ALIGNED,099dd7de-7081-52f9-9bd2-655c56b6256c,DIRECTIONAL_TREND_RESTORED_INVALIDATED_SETUP,FORCE_EXIT,INVALIDATED,REVERSAL_WATCH_STARTED,REVERSAL_WATCH,"[""DIR:TORNTPHARM:2026-07-31:002:UP:105700:REVERSAL_WATCH_STARTED:115400""]",NONE,[],2026-07-31T11:54:00+05:30,TORNTPHARM,21,False,0,,ALREADY_DEPLOYED
,,"{""FILLED"": 21}",0,0,"{""FILLED"": 9, ""NONE"": 12}",757,,,0,12,,,,,NO_ACTION,,,,,,,,NO_EVENT,REVERSAL_LEG,[],PROBABLE,[],2026-07-31T11:57:00+05:30,BHEL,21,False,0,,NO_SIGNAL
DIR:CHOLAFIN:2026-07-31:002:DOWN:102400:DIRECTIONAL_REVERSAL_LEG_ESTABLISHED:103300,CAND:c91e30e559c61ae9e4a8e30d,"{""FILLED"": 21}",0,0,"{""FILLED"": 9, ""NONE"": 12}",758,FORCE_EXIT,EXIT,0,12,OPP:c91e30e559c61ae9e4a8e30d,CAND:c91e30e559c61ae9e4a8e30d,OPP:c91e30e559c61ae9e4a8e30d,True,NO_ACTION,EVENT_INVALIDATE,DIRECTIONAL,OPPOSED,aee40fe8-7759-5cec-902a-0db152fe528d,DIRECTIONAL_TREND_RESTORED_INVALIDATED_OPPOSITE_ACTIVE_SIGNAL,FORCE_EXIT,INVALIDATED,NO_EVENT,REVERSAL_WATCH,[],NONE,[],2026-07-31T11:57:00+05:30,CHOLAFIN,21,True,0,TRADE_DECISION_NOT_ALLOWED,NOT_ELIGIBLE
DIR:COFORGE:2026-07-31:002:DOWN:101500:DIRECTIONAL_REVERSAL_LEG_ESTABLISHED:102400,CAND:995ee50ff305357125723e26,"{""FILLED"": 21}",0,0,"{""FILLED"": 9, ""NONE"": 12}",759,HOLD_POSITION,CAUTION,0,12,OPP:995ee50ff305357125723e26,CAND:995ee50ff305357125723e26,OPP:995ee50ff305357125723e26,False,HOLD,NO_CREATION_EVENT,NONE,UNKNOWN,2afed6e7-898c-5a79-8bf5-1d7891f21ccb,NO_CURRENT_CREATION_EVENT,TRANSITION,OPEN,NO_EVENT,NONE,[],LOCKED,"[""CONTINUATION:BLOCK"", ""REACCELERATION:BLOCK"", ""REVERSAL:BLOCK""]",2026-07-31T11:57:00+05:30,COFORGE,21,False,0,,ALREADY_DEPLOYED
DIR:DIVISLAB:2026-07-31:002:DOWN:100600:DIRECTIONAL_REVERSAL_LEG_ESTABLISHED:101800,CAND:6644484c352c701feebfdf31,"{""FILLED"": 21}",0,0,"{""FILLED"": 9, ""NONE"": 12}",760,HOLD_POSITION,CAUTION,0,12,OPP:6644484c352c701feebfdf31,CAND:6644484c352c701feebfdf31,OPP:6644484c352c701feebfdf31,False,HOLD,NO_CREATION_EVENT,DIRECTIONAL,OPPOSED,a73cb6c9-a388-53f1-92b2-41820e34edd3,AUTHORITATIVE_DIRECTION_OPPOSED,WEAKENING,OPEN,NO_EVENT,DIRECTIONAL,[],NONE,[],2026-07-31T11:57:00+05:30,DIVISLAB,21,True,0,TRADE_DECISION_NOT_ALLOWED,NOT_ELIGIBLE
,,"{""FILLED"": 21}",0,0,"{""FILLED"": 9, ""NONE"": 12}",761,,,0,12,,,,,NO_ACTION,,,,,,,,NO_EVENT,NONE,[],NONE,[],2026-07-31T11:57:00+05:30,EXIDEIND,21,False,0,,NO_SIGNAL
DIR:FORCEMOT:2026-07-31:002:UP:105400:DIRECTIONAL_REVERSAL_LEG_ESTABLISHED:110000,CAND:32b3a707960484f98d8399a7,"{""FILLED"": 21}",0,0,"{""FILLED"": 9, ""NONE"": 12}",762,HOLD_POSITION,CAUTION,0,12,OPP:32b3a707960484f98d8399a7,CAND:32b3a707960484f98d8399a7,OPP:32b3a707960484f98d8399a7,False,HOLD,NO_CREATION_EVENT,NONE,UNKNOWN,76d65cfd-3f5f-5419-81f1-24a924660ce7,NO_CURRENT_CREATION_EVENT,TRANSITION,OPEN,BALANCE_PROBABLE,NONE,"[""BAL:FORCEMOT:2026-07-31:002:NEUTRAL:114500:BALANCE_PROBABLE:115700""]",PROBABLE,[],2026-07-31T11:57:00+05:30,FORCEMOT,21,False,0,,ALREADY_DEPLOYED
,,"{""FILLED"": 21}",0,0,"{""FILLED"": 9, ""NONE"": 12}",763,,,0,12,,,,,NO_ACTION,,,,,,,,NO_EVENT,NONE,[],LOCKED,"[""CONTINUATION:BLOCK"", ""REACCELERATION:BLOCK"", ""REVERSAL:BLOCK""]",2026-07-31T11:57:00+05:30,GLENMARK,21,False,0,,NO_SIGNAL
BAL:INDUSTOWER:2026-07-31:001:NEUTRAL:110900:BALANCE_ESCAPE_FAILED:115400,CAND:296c26607039b07e87c6f497,"{""FILLED"": 21}",0,0,"{""FILLED"": 9, ""NONE"": 12}",764,HOLD_POSITION,STRENGTHEN,0,12,OPP:296c26607039b07e87c6f497,CAND:296c26607039b07e87c6f497,OPP:296c26607039b07e87c6f497,False,HOLD,NO_CREATION_EVENT,REVERSAL_LEG,ALIGNED,6c1d311c-b1e4-503d-9f2d-3a50df29da5d,AUTHORITATIVE_DIRECTIONAL_ALIGNED,ACTIVE,OPEN,NO_EVENT,REVERSAL_LEG,[],FAILED_BACK_INSIDE,"[""CONTINUATION:BLOCK"", ""REACCELERATION:BLOCK"", ""REVERSAL:BLOCK""]",2026-07-31T11:57:00+05:30,INDUSTOWER,21,True,0,TRADE_DECISION_NOT_ALLOWED,NOT_ELIGIBLE
BAL:KALYANKJIL:2026-07-31:002:NEUTRAL:105100:BALANCE_ESCAPE_STARTED:112700,CAND:4a3872010c190995b2d63ff8,"{""FILLED"": 21}",0,0,"{""FILLED"": 9, ""NONE"": 12}",765,HOLD_POSITION,STRENGTHEN,0,12,OPP:4a3872010c190995b2d63ff8,CAND:4a3872010c190995b2d63ff8,OPP:4a3872010c190995b2d63ff8,False,HOLD,NO_CREATION_EVENT,DIRECTIONAL,ALIGNED,fe205a27-ef8f-5bf7-9192-94593d799d94,AUTHORITATIVE_DIRECTIONAL_ALIGNED,ACTIVE,OPEN,NO_EVENT,DIRECTIONAL,[],NONE,[],2026-07-31T11:57:00+05:30,KALYANKJIL,21,False,0,,ALREADY_DEPLOYED
DIR:MANAPPURAM:2026-07-31:006:UP:111200:DIRECTIONAL_REVERSAL_LEG_ESTABLISHED:112100,CAND:7316c4a2330c742a8803fe6c,"{""FILLED"": 21}",0,0,"{""FILLED"": 9, ""NONE"": 12}",766,HOLD_POSITION,CAUTION,0,12,OPP:7316c4a2330c742a8803fe6c,CAND:7316c4a2330c742a8803fe6c,OPP:7316c4a2330c742a8803fe6c,False,HOLD,NO_CREATION_EVENT,NONE,UNKNOWN,50c51811-b112-5f0f-9fcc-a1422ceea97c,NO_CURRENT_CREATION_EVENT,TRANSITION,OPEN,NO_EVENT,NONE,[],FORMING,[],2026-07-31T11:57:00+05:30,MANAPPURAM,21,False,0,,ALREADY_DEPLOYED
BAL:PERSISTENT:2026-07-31:002:NEUTRAL:103600:BALANCE_ESCAPE_STARTED:110600,CAND:6e00ceac84968df1df4d7495,"{""FILLED"": 21}",0,0,"{""FILLED"": 9, ""NONE"": 12}",767,HOLD_POSITION,STRENGTHEN,0,12,OPP:6e00ceac84968df1df4d7495,CAND:6e00ceac84968df1df4d7495,OPP:6e00ceac84968df1df4d7495,False,HOLD,NO_CREATION_EVENT,DIRECTIONAL,ALIGNED,cad8805e-c102-57a4-96c7-d70c9c07f5cc,AUTHORITATIVE_DIRECTIONAL_ALIGNED,ACTIVE,OPEN,NO_EVENT,DIRECTIONAL,[],NONE,[],2026-07-31T11:57:00+05:30,PERSISTENT,21,False,0,,ALREADY_DEPLOYED
BAL:POWERINDIA:2026-07-31:001:NEUTRAL:095100:BALANCE_ESCAPE_FAILED:113000,CAND:dc1ab160fa1ee75a10189da6,"{""FILLED"": 21}",0,0,"{""FILLED"": 9, ""NONE"": 12}",768,HOLD_POSITION,CAUTION,0,12,OPP:dc1ab160fa1ee75a10189da6,CAND:dc1ab160fa1ee75a10189da6,OPP:dc1ab160fa1ee75a10189da6,False,HOLD,NO_CREATION_EVENT,REVERSAL_WATCH,ALIGNED,57fbc3b0-0822-51b7-8515-450ea6586841,AUTHORITATIVE_REVERSAL_WATCH,PROTECT,OPEN,NO_EVENT,REVERSAL_WATCH,[],FAILED_BACK_INSIDE,"[""CONTINUATION:BLOCK"", ""REACCELERATION:BLOCK"", ""REVERSAL:BLOCK""]",2026-07-31T11:57:00+05:30,POWERINDIA,21,True,0,TRADE_DECISION_NOT_ALLOWED,NOT_ELIGIBLE
BAL:TCS:2026-07-31:001:NEUTRAL:100600:BALANCE_ESCAPE_STARTED:103600,CAND:02506b9e9c36e94d0d5e2f0e,"{""FILLED"": 21}",0,0,"{""FILLED"": 9, ""NONE"": 12}",769,FORCE_EXIT,EXIT,0,12,OPP:02506b9e9c36e94d0d5e2f0e,CAND:02506b9e9c36e94d0d5e2f0e,OPP:02506b9e9c36e94d0d5e2f0e,True,NO_ACTION,EVENT_INVALIDATE,NONE,UNKNOWN,8ea01a85-4efa-5849-ac33-c03e0b01cda8,BALANCE_ESCAPE_FAILED_INVALIDATED_SETUP,FORCE_EXIT,INVALIDATED,NO_EVENT,NONE,[],FAILED_BACK_INSIDE,"[""CONTINUATION:BLOCK"", ""REACCELERATION:BLOCK"", ""REVERSAL:BLOCK""]",2026-07-31T11:57:00+05:30,TCS,21,True,0,TRADE_DECISION_NOT_ALLOWED,NOT_ELIGIBLE
DIR:TORNTPHARM:2026-07-31:002:UP:105700:DIRECTIONAL_REVERSAL_LEG_ESTABLISHED:110300,CAND:dcb490f7068f3aeab3ab074f,"{""FILLED"": 21}",0,0,"{""FILLED"": 9, ""NONE"": 12}",770,FORCE_EXIT,EXIT,0,12,OPP:dcb490f7068f3aeab3ab074f,CAND:dcb490f7068f3aeab3ab074f,OPP:dcb490f7068f3aeab3ab074f,True,NO_ACTION,EVENT_INVALIDATE,DIRECTIONAL,ALIGNED,099dd7de-7081-52f9-9bd2-655c56b6256c,DIRECTIONAL_TREND_RESTORED_INVALIDATED_SETUP,FORCE_EXIT,INVALIDATED,NO_EVENT,REVERSAL_WATCH,[],NONE,[],2026-07-31T11:57:00+05:30,TORNTPHARM,21,False,0,,ALREADY_DEPLOYED
,,"{""FILLED"": 21}",0,0,"{""FILLED"": 9, ""NONE"": 12}",771,,,0,12,,,,,NO_ACTION,,,,,,,,DIRECTIONAL_REVERSAL_LEG_ESTABLISHED,DIRECTIONAL,"[""DIR:BHEL:2026-07-31:005:UP:113300:DIRECTIONAL_REVERSAL_LEG_ESTABLISHED:120000""]",PROBABLE,"[""REVERSAL:PERMIT""]",2026-07-31T12:00:00+05:30,BHEL,21,False,0,,NO_SIGNAL
DIR:CHOLAFIN:2026-07-31:002:DOWN:102400:DIRECTIONAL_REVERSAL_LEG_ESTABLISHED:103300,CAND:c91e30e559c61ae9e4a8e30d,"{""FILLED"": 21}",0,0,"{""FILLED"": 9, ""NONE"": 12}",772,FORCE_EXIT,EXIT,0,12,OPP:c91e30e559c61ae9e4a8e30d,CAND:c91e30e559c61ae9e4a8e30d,OPP:c91e30e559c61ae9e4a8e30d,True,NO_ACTION,EVENT_INVALIDATE,DIRECTIONAL,OPPOSED,aee40fe8-7759-5cec-902a-0db152fe528d,DIRECTIONAL_TREND_RESTORED_INVALIDATED_OPPOSITE_ACTIVE_SIGNAL,FORCE_EXIT,INVALIDATED,DIRECTIONAL_TREND_RESTORED,DIRECTIONAL,"[""DIR:CHOLAFIN:2026-07-31:003:UP:104500:DIRECTIONAL_TREND_RESTORED:120000""]",NONE,"[""CONTINUATION:PERMIT""]",2026-07-31T12:00:00+05:30,CHOLAFIN,21,True,0,TRADE_DECISION_NOT_ALLOWED,NOT_ELIGIBLE
DIR:COFORGE:2026-07-31:002:DOWN:101500:DIRECTIONAL_REVERSAL_LEG_ESTABLISHED:102400,CAND:995ee50ff305357125723e26,"{""FILLED"": 21}",0,0,"{""FILLED"": 9, ""NONE"": 12}",773,HOLD_POSITION,CAUTION,0,12,OPP:995ee50ff305357125723e26,CAND:995ee50ff305357125723e26,OPP:995ee50ff305357125723e26,False,HOLD,NO_CREATION_EVENT,NONE,UNKNOWN,2afed6e7-898c-5a79-8bf5-1d7891f21ccb,NO_CURRENT_CREATION_EVENT,TRANSITION,OPEN,NO_EVENT,NONE,[],LOCKED,"[""CONTINUATION:BLOCK"", ""REACCELERATION:BLOCK"", ""REVERSAL:BLOCK""]",2026-07-31T12:00:00+05:30,COFORGE,21,False,0,,ALREADY_DEPLOYED
DIR:DIVISLAB:2026-07-31:002:DOWN:100600:DIRECTIONAL_REVERSAL_LEG_ESTABLISHED:101800,CAND:6644484c352c701feebfdf31,"{""FILLED"": 21}",0,0,"{""FILLED"": 9, ""NONE"": 12}",774,HOLD_POSITION,CAUTION,0,12,OPP:6644484c352c701feebfdf31,CAND:6644484c352c701feebfdf31,OPP:6644484c352c701feebfdf31,False,HOLD,NO_CREATION_EVENT,DIRECTIONAL,OPPOSED,a73cb6c9-a388-53f1-92b2-41820e34edd3,AUTHORITATIVE_DIRECTION_OPPOSED,WEAKENING,OPEN,NO_EVENT,DIRECTIONAL,[],NONE,[],2026-07-31T12:00:00+05:30,DIVISLAB,21,True,0,TRADE_DECISION_NOT_ALLOWED,NOT_ELIGIBLE
,,"{""FILLED"": 21}",0,0,"{""FILLED"": 9, ""NONE"": 12}",775,,,0,12,,,,,NO_ACTION,,,,,,,,NO_EVENT,NONE,[],NONE,[],2026-07-31T12:00:00+05:30,EXIDEIND,21,False,0,,NO_SIGNAL
DIR:FORCEMOT:2026-07-31:002:UP:105400:DIRECTIONAL_REVERSAL_LEG_ESTABLISHED:110000,CAND:32b3a707960484f98d8399a7,"{""FILLED"": 21}",0,0,"{""FILLED"": 9, ""NONE"": 12}",776,HOLD_POSITION,CAUTION,0,12,OPP:32b3a707960484f98d8399a7,CAND:32b3a707960484f98d8399a7,OPP:32b3a707960484f98d8399a7,False,HOLD,NO_CREATION_EVENT,NONE,UNKNOWN,76d65cfd-3f5f-5419-81f1-24a924660ce7,NO_CURRENT_CREATION_EVENT,TRANSITION,OPEN,NO_EVENT,NONE,[],PROBABLE,[],2026-07-31T12:00:00+05:30,FORCEMOT,21,False,0,,ALREADY_DEPLOYED
,,"{""FILLED"": 21}",0,0,"{""FILLED"": 9, ""NONE"": 12}",777,,,0,12,,,,,NO_ACTION,,,,,,,,NO_EVENT,NONE,[],LOCKED,"[""CONTINUATION:BLOCK"", ""REACCELERATION:BLOCK"", ""REVERSAL:BLOCK""]",2026-07-31T12:00:00+05:30,GLENMARK,21,False,0,,NO_SIGNAL
BAL:INDUSTOWER:2026-07-31:001:NEUTRAL:110900:BALANCE_ESCAPE_FAILED:115400,CAND:296c26607039b07e87c6f497,"{""FILLED"": 21}",0,0,"{""FILLED"": 9, ""NONE"": 12}",778,HOLD_POSITION,CAUTION,0,12,OPP:296c26607039b07e87c6f497,CAND:296c26607039b07e87c6f497,OPP:296c26607039b07e87c6f497,False,HOLD,NO_CREATION_EVENT,COMPLETED,ALIGNED,6c1d311c-b1e4-503d-9f2d-3a50df29da5d,NO_CURRENT_CREATION_EVENT,TRANSITION,OPEN,"DIRECTIONAL_REVERSAL_LEG_FAILED,DIRECTIONAL_COMPLETED",COMPLETED,"[""DIR:INDUSTOWER:2026-07-31:004:DOWN:115400:DIRECTIONAL_REVERSAL_LEG_FAILED:120000"", ""DIR:INDUSTOWER:2026-07-31:004:DOWN:115400:DIRECTIONAL_COMPLETED:120000""]",FAILED_BACK_INSIDE,"[""CONTINUATION:BLOCK"", ""REACCELERATION:BLOCK"", ""REVERSAL:BLOCK""]",2026-07-31T12:00:00+05:30,INDUSTOWER,21,True,0,TRADE_DECISION_NOT_ALLOWED,NOT_ELIGIBLE
BAL:KALYANKJIL:2026-07-31:002:NEUTRAL:105100:BALANCE_ESCAPE_STARTED:112700,CAND:4a3872010c190995b2d63ff8,"{""FILLED"": 21}",0,0,"{""FILLED"": 9, ""NONE"": 12}",779,HOLD_POSITION,STRENGTHEN,0,12,OPP:4a3872010c190995b2d63ff8,CAND:4a3872010c190995b2d63ff8,OPP:4a3872010c190995b2d63ff8,False,HOLD,NO_CREATION_EVENT,DIRECTIONAL,ALIGNED,fe205a27-ef8f-5bf7-9192-94593d799d94,AUTHORITATIVE_DIRECTIONAL_ALIGNED,ACTIVE,OPEN,NO_EVENT,DIRECTIONAL,[],NONE,[],2026-07-31T12:00:00+05:30,KALYANKJIL,21,False,0,,ALREADY_DEPLOYED
DIR:MANAPPURAM:2026-07-31:006:UP:111200:DIRECTIONAL_REVERSAL_LEG_ESTABLISHED:112100,CAND:7316c4a2330c742a8803fe6c,"{""FILLED"": 21}",0,0,"{""FILLED"": 9, ""NONE"": 12}",780,HOLD_POSITION,CAUTION,0,12,OPP:7316c4a2330c742a8803fe6c,CAND:7316c4a2330c742a8803fe6c,OPP:7316c4a2330c742a8803fe6c,False,HOLD,NO_CREATION_EVENT,NONE,UNKNOWN,50c51811-b112-5f0f-9fcc-a1422ceea97c,NO_CURRENT_CREATION_EVENT,TRANSITION,OPEN,NO_EVENT,NONE,[],FORMING,[],2026-07-31T12:00:00+05:30,MANAPPURAM,21,False,0,,ALREADY_DEPLOYED
BAL:PERSISTENT:2026-07-31:002:NEUTRAL:103600:BALANCE_ESCAPE_STARTED:110600,CAND:6e00ceac84968df1df4d7495,"{""FILLED"": 21}",0,0,"{""FILLED"": 9, ""NONE"": 12}",781,HOLD_POSITION,STRENGTHEN,0,12,OPP:6e00ceac84968df1df4d7495,CAND:6e00ceac84968df1df4d7495,OPP:6e00ceac84968df1df4d7495,False,HOLD,NO_CREATION_EVENT,DIRECTIONAL,ALIGNED,cad8805e-c102-57a4-96c7-d70c9c07f5cc,AUTHORITATIVE_DIRECTIONAL_ALIGNED,ACTIVE,OPEN,NO_EVENT,DIRECTIONAL,[],NONE,[],2026-07-31T12:00:00+05:30,PERSISTENT,21,False,0,,ALREADY_DEPLOYED
BAL:POWERINDIA:2026-07-31:001:NEUTRAL:095100:BALANCE_ESCAPE_FAILED:113000,CAND:dc1ab160fa1ee75a10189da6,"{""FILLED"": 21}",0,0,"{""FILLED"": 9, ""NONE"": 12}",782,HOLD_POSITION,CAUTION,0,12,OPP:dc1ab160fa1ee75a10189da6,CAND:dc1ab160fa1ee75a10189da6,OPP:dc1ab160fa1ee75a10189da6,False,HOLD,NO_CREATION_EVENT,REVERSAL_WATCH,ALIGNED,57fbc3b0-0822-51b7-8515-450ea6586841,AUTHORITATIVE_REVERSAL_WATCH,PROTECT,OPEN,NO_EVENT,REVERSAL_WATCH,[],FAILED_BACK_INSIDE,"[""CONTINUATION:BLOCK"", ""REACCELERATION:BLOCK"", ""REVERSAL:BLOCK""]",2026-07-31T12:00:00+05:30,POWERINDIA,21,True,0,TRADE_DECISION_NOT_ALLOWED,NOT_ELIGIBLE
BAL:TCS:2026-07-31:001:NEUTRAL:100600:BALANCE_ESCAPE_STARTED:103600,CAND:02506b9e9c36e94d0d5e2f0e,"{""FILLED"": 21}",0,0,"{""FILLED"": 9, ""NONE"": 12}",783,FORCE_EXIT,EXIT,0,12,OPP:02506b9e9c36e94d0d5e2f0e,CAND:02506b9e9c36e94d0d5e2f0e,OPP:02506b9e9c36e94d0d5e2f0e,True,NO_ACTION,EVENT_INVALIDATE,NONE,UNKNOWN,8ea01a85-4efa-5849-ac33-c03e0b01cda8,BALANCE_ESCAPE_FAILED_INVALIDATED_SETUP,FORCE_EXIT,INVALIDATED,NO_EVENT,NONE,[],FAILED_BACK_INSIDE,"[""CONTINUATION:BLOCK"", ""REACCELERATION:BLOCK"", ""REVERSAL:BLOCK""]",2026-07-31T12:00:00+05:30,TCS,21,True,0,TRADE_DECISION_NOT_ALLOWED,NOT_ELIGIBLE
DIR:TORNTPHARM:2026-07-31:002:UP:105700:DIRECTIONAL_REVERSAL_LEG_ESTABLISHED:110300,CAND:dcb490f7068f3aeab3ab074f,"{""FILLED"": 21}",0,0,"{""FILLED"": 9, ""NONE"": 12}",784,FORCE_EXIT,EXIT,0,12,OPP:dcb490f7068f3aeab3ab074f,CAND:dcb490f7068f3aeab3ab074f,OPP:dcb490f7068f3aeab3ab074f,True,NO_ACTION,EVENT_INVALIDATE,DIRECTIONAL,ALIGNED,099dd7de-7081-52f9-9bd2-655c56b6256c,DIRECTIONAL_TREND_RESTORED_INVALIDATED_SETUP,FORCE_EXIT,INVALIDATED,"DIRECTIONAL_REVERSAL_CONFIRMED,DIRECTIONAL_COMPLETED,DIRECTIONAL_REVERSAL_LEG_STARTED",REVERSAL_LEG,"[""DIR:TORNTPHARM:2026-07-31:002:UP:105700:DIRECTIONAL_REVERSAL_CONFIRMED:120000"", ""DIR:TORNTPHARM:2026-07-31:002:UP:105700:DIRECTIONAL_COMPLETED:120000"", ""DIR:TORNTPHARM:2026-07-31:003:DOWN:120000:DIRECTIONAL_REVERSAL_LEG_STARTED:120000""]",NONE,"[""REVERSAL:WAIT""]",2026-07-31T12:00:00+05:30,TORNTPHARM,21,False,0,,ALREADY_DEPLOYED
,,"{""FILLED"": 21}",0,0,"{""FILLED"": 9, ""NONE"": 12}",785,,,0,12,,,,,NO_ACTION,,,,,,,,BALANCE_LOCKED,DIRECTIONAL,"[""BAL:BHEL:2026-07-31:002:NEUTRAL:114200:BALANCE_LOCKED:120300""]",LOCKED,"[""CONTINUATION:BLOCK"", ""REACCELERATION:BLOCK"", ""REVERSAL:BLOCK""]",2026-07-31T12:03:00+05:30,BHEL,21,False,0,,NO_SIGNAL
DIR:CHOLAFIN:2026-07-31:002:DOWN:102400:DIRECTIONAL_REVERSAL_LEG_ESTABLISHED:103300,CAND:c91e30e559c61ae9e4a8e30d,"{""FILLED"": 21}",0,0,"{""FILLED"": 9, ""NONE"": 12}",786,FORCE_EXIT,EXIT,0,12,OPP:c91e30e559c61ae9e4a8e30d,CAND:c91e30e559c61ae9e4a8e30d,OPP:c91e30e559c61ae9e4a8e30d,True,NO_ACTION,EVENT_INVALIDATE,DIRECTIONAL,OPPOSED,aee40fe8-7759-5cec-902a-0db152fe528d,DIRECTIONAL_TREND_RESTORED_INVALIDATED_OPPOSITE_ACTIVE_SIGNAL,FORCE_EXIT,INVALIDATED,NO_EVENT,DIRECTIONAL,[],NONE,[],2026-07-31T12:03:00+05:30,CHOLAFIN,21,True,0,TRADE_DECISION_NOT_ALLOWED,NOT_ELIGIBLE
DIR:COFORGE:2026-07-31:002:DOWN:101500:DIRECTIONAL_REVERSAL_LEG_ESTABLISHED:102400,CAND:995ee50ff305357125723e26,"{""FILLED"": 21}",0,0,"{""FILLED"": 9, ""NONE"": 12}",787,HOLD_POSITION,CAUTION,0,12,OPP:995ee50ff305357125723e26,CAND:995ee50ff305357125723e26,OPP:995ee50ff305357125723e26,False,HOLD,NO_CREATION_EVENT,NONE,UNKNOWN,2afed6e7-898c-5a79-8bf5-1d7891f21ccb,NO_CURRENT_CREATION_EVENT,TRANSITION,OPEN,NO_EVENT,NONE,[],LOCKED,"[""CONTINUATION:BLOCK"", ""REACCELERATION:BLOCK"", ""REVERSAL:BLOCK""]",2026-07-31T12:03:00+05:30,COFORGE,21,False,0,,ALREADY_DEPLOYED
DIR:DIVISLAB:2026-07-31:002:DOWN:100600:DIRECTIONAL_REVERSAL_LEG_ESTABLISHED:101800,CAND:6644484c352c701feebfdf31,"{""FILLED"": 21}",0,0,"{""FILLED"": 9, ""NONE"": 12}",788,HOLD_POSITION,CAUTION,0,12,OPP:6644484c352c701feebfdf31,CAND:6644484c352c701feebfdf31,OPP:6644484c352c701feebfdf31,False,HOLD,NO_CREATION_EVENT,DIRECTIONAL,OPPOSED,a73cb6c9-a388-53f1-92b2-41820e34edd3,AUTHORITATIVE_DIRECTION_OPPOSED,WEAKENING,OPEN,NO_EVENT,DIRECTIONAL,[],NONE,[],2026-07-31T12:03:00+05:30,DIVISLAB,21,True,0,TRADE_DECISION_NOT_ALLOWED,NOT_ELIGIBLE
,,"{""FILLED"": 21}",0,0,"{""FILLED"": 9, ""NONE"": 12}",789,,,0,12,,,,,NO_ACTION,,,,,,,,BALANCE_FORMING_STARTED,NONE,"[""BAL:EXIDEIND:2026-07-31:002:NEUTRAL:120300:BALANCE_FORMING_STARTED:120300""]",FORMING,[],2026-07-31T12:03:00+05:30,EXIDEIND,21,False,0,,NO_SIGNAL
DIR:FORCEMOT:2026-07-31:002:UP:105400:DIRECTIONAL_REVERSAL_LEG_ESTABLISHED:110000,CAND:32b3a707960484f98d8399a7,"{""FILLED"": 21}",0,0,"{""FILLED"": 9, ""NONE"": 12}",790,HOLD_POSITION,CAUTION,0,12,OPP:32b3a707960484f98d8399a7,CAND:32b3a707960484f98d8399a7,OPP:32b3a707960484f98d8399a7,False,HOLD,NO_CREATION_EVENT,NONE,UNKNOWN,76d65cfd-3f5f-5419-81f1-24a924660ce7,NO_CURRENT_CREATION_EVENT,TRANSITION,OPEN,NO_EVENT,NONE,[],PROBABLE,[],2026-07-31T12:03:00+05:30,FORCEMOT,21,False,0,,ALREADY_DEPLOYED
,,"{""FILLED"": 21}",0,0,"{""FILLED"": 9, ""NONE"": 12}",791,,,0,12,,,,,NO_ACTION,,,,,,,,NO_EVENT,NONE,[],LOCKED,"[""CONTINUATION:BLOCK"", ""REACCELERATION:BLOCK"", ""REVERSAL:BLOCK""]",2026-07-31T12:03:00+05:30,GLENMARK,21,False,0,,NO_SIGNAL
BAL:INDUSTOWER:2026-07-31:001:NEUTRAL:110900:BALANCE_ESCAPE_FAILED:115400,CAND:296c26607039b07e87c6f497,"{""FILLED"": 21}",0,0,"{""FILLED"": 9, ""NONE"": 12}",792,HOLD_POSITION,CAUTION,0,12,OPP:296c26607039b07e87c6f497,CAND:296c26607039b07e87c6f497,OPP:296c26607039b07e87c6f497,False,HOLD,NO_CREATION_EVENT,NONE,UNKNOWN,6c1d311c-b1e4-503d-9f2d-3a50df29da5d,NO_CURRENT_CREATION_EVENT,TRANSITION,OPEN,NO_EVENT,NONE,[],FAILED_BACK_INSIDE,"[""CONTINUATION:BLOCK"", ""REACCELERATION:BLOCK"", ""REVERSAL:BLOCK""]",2026-07-31T12:03:00+05:30,INDUSTOWER,21,True,0,TRADE_DECISION_NOT_ALLOWED,NOT_ELIGIBLE
BAL:KALYANKJIL:2026-07-31:002:NEUTRAL:105100:BALANCE_ESCAPE_STARTED:112700,CAND:4a3872010c190995b2d63ff8,"{""FILLED"": 21}",0,0,"{""FILLED"": 9, ""NONE"": 12}",793,HOLD_POSITION,STRENGTHEN,0,12,OPP:4a3872010c190995b2d63ff8,CAND:4a3872010c190995b2d63ff8,OPP:4a3872010c190995b2d63ff8,False,HOLD,NO_CREATION_EVENT,DIRECTIONAL,ALIGNED,fe205a27-ef8f-5bf7-9192-94593d799d94,AUTHORITATIVE_DIRECTIONAL_ALIGNED,ACTIVE,OPEN,NO_EVENT,DIRECTIONAL,[],NONE,[],2026-07-31T12:03:00+05:30,KALYANKJIL,21,False,0,,ALREADY_DEPLOYED
DIR:MANAPPURAM:2026-07-31:006:UP:111200:DIRECTIONAL_REVERSAL_LEG_ESTABLISHED:112100,CAND:7316c4a2330c742a8803fe6c,"{""FILLED"": 21}",0,0,"{""FILLED"": 9, ""NONE"": 12}",794,HOLD_POSITION,CAUTION,0,12,OPP:7316c4a2330c742a8803fe6c,CAND:7316c4a2330c742a8803fe6c,OPP:7316c4a2330c742a8803fe6c,False,HOLD,NO_CREATION_EVENT,NONE,UNKNOWN,50c51811-b112-5f0f-9fcc-a1422ceea97c,NO_CURRENT_CREATION_EVENT,TRANSITION,OPEN,NO_EVENT,NONE,[],FORMING,[],2026-07-31T12:03:00+05:30,MANAPPURAM,21,False,0,,ALREADY_DEPLOYED
BAL:PERSISTENT:2026-07-31:002:NEUTRAL:103600:BALANCE_ESCAPE_STARTED:110600,CAND:6e00ceac84968df1df4d7495,"{""FILLED"": 21}",0,0,"{""FILLED"": 9, ""NONE"": 12}",795,HOLD_POSITION,STRENGTHEN,0,12,OPP:6e00ceac84968df1df4d7495,CAND:6e00ceac84968df1df4d7495,OPP:6e00ceac84968df1df4d7495,False,HOLD,NO_CREATION_EVENT,DIRECTIONAL,ALIGNED,cad8805e-c102-57a4-96c7-d70c9c07f5cc,AUTHORITATIVE_DIRECTIONAL_ALIGNED,ACTIVE,OPEN,NO_EVENT,DIRECTIONAL,[],NONE,[],2026-07-31T12:03:00+05:30,PERSISTENT,21,False,0,,ALREADY_DEPLOYED
BAL:POWERINDIA:2026-07-31:001:NEUTRAL:095100:BALANCE_ESCAPE_FAILED:113000,CAND:dc1ab160fa1ee75a10189da6,"{""FILLED"": 21}",0,0,"{""FILLED"": 9, ""NONE"": 12}",796,HOLD_POSITION,CAUTION,0,12,OPP:dc1ab160fa1ee75a10189da6,CAND:dc1ab160fa1ee75a10189da6,OPP:dc1ab160fa1ee75a10189da6,False,HOLD,NO_CREATION_EVENT,REVERSAL_WATCH,ALIGNED,57fbc3b0-0822-51b7-8515-450ea6586841,AUTHORITATIVE_REVERSAL_WATCH,PROTECT,OPEN,NO_EVENT,REVERSAL_WATCH,[],FAILED_BACK_INSIDE,"[""CONTINUATION:BLOCK"", ""REACCELERATION:BLOCK"", ""REVERSAL:BLOCK""]",2026-07-31T12:03:00+05:30,POWERINDIA,21,True,0,TRADE_DECISION_NOT_ALLOWED,NOT_ELIGIBLE
BAL:TCS:2026-07-31:001:NEUTRAL:100600:BALANCE_ESCAPE_STARTED:103600,CAND:02506b9e9c36e94d0d5e2f0e,"{""FILLED"": 21}",0,0,"{""FILLED"": 9, ""NONE"": 12}",797,FORCE_EXIT,EXIT,0,12,OPP:02506b9e9c36e94d0d5e2f0e,CAND:02506b9e9c36e94d0d5e2f0e,OPP:02506b9e9c36e94d0d5e2f0e,True,NO_ACTION,EVENT_INVALIDATE,NONE,UNKNOWN,8ea01a85-4efa-5849-ac33-c03e0b01cda8,BALANCE_ESCAPE_FAILED_INVALIDATED_SETUP,FORCE_EXIT,INVALIDATED,NO_EVENT,NONE,[],FAILED_BACK_INSIDE,"[""CONTINUATION:BLOCK"", ""REACCELERATION:BLOCK"", ""REVERSAL:BLOCK""]",2026-07-31T12:03:00+05:30,TCS,21,True,0,TRADE_DECISION_NOT_ALLOWED,NOT_ELIGIBLE
DIR:TORNTPHARM:2026-07-31:002:UP:105700:DIRECTIONAL_REVERSAL_LEG_ESTABLISHED:110300,CAND:dcb490f7068f3aeab3ab074f,"{""FILLED"": 21}",0,0,"{""FILLED"": 9, ""NONE"": 12}",798,FORCE_EXIT,EXIT,0,12,OPP:dcb490f7068f3aeab3ab074f,CAND:dcb490f7068f3aeab3ab074f,OPP:dcb490f7068f3aeab3ab074f,True,NO_ACTION,EVENT_INVALIDATE,DIRECTIONAL,ALIGNED,099dd7de-7081-52f9-9bd2-655c56b6256c,DIRECTIONAL_TREND_RESTORED_INVALIDATED_SETUP,FORCE_EXIT,INVALIDATED,NO_EVENT,REVERSAL_LEG,[],NONE,[],2026-07-31T12:03:00+05:30,TORNTPHARM,21,False,0,,ALREADY_DEPLOYED
,,"{""FILLED"": 21}",0,0,"{""FILLED"": 9, ""NONE"": 12}",799,,,0,12,,,,,NO_ACTION,,,,,,,,DIRECTIONAL_COMPLETED,COMPLETED,"[""DIR:BHEL:2026-07-31:005:UP:113300:DIRECTIONAL_COMPLETED:120600""]",LOCKED,"[""CONTINUATION:BLOCK"", ""REACCELERATION:BLOCK"", ""REVERSAL:BLOCK""]",2026-07-31T12:06:00+05:30,BHEL,21,False,0,,NO_SIGNAL
DIR:CHOLAFIN:2026-07-31:002:DOWN:102400:DIRECTIONAL_REVERSAL_LEG_ESTABLISHED:103300,CAND:c91e30e559c61ae9e4a8e30d,"{""FILLED"": 21}",0,0,"{""FILLED"": 9, ""NONE"": 12}",800,FORCE_EXIT,EXIT,0,12,OPP:c91e30e559c61ae9e4a8e30d,CAND:c91e30e559c61ae9e4a8e30d,OPP:c91e30e559c61ae9e4a8e30d,True,NO_ACTION,EVENT_INVALIDATE,DIRECTIONAL,OPPOSED,aee40fe8-7759-5cec-902a-0db152fe528d,DIRECTIONAL_TREND_RESTORED_INVALIDATED_OPPOSITE_ACTIVE_SIGNAL,FORCE_EXIT,INVALIDATED,DIRECTIONAL_MATURED,MATURE,"[""DIR:CHOLAFIN:2026-07-31:003:UP:104500:DIRECTIONAL_MATURED:120600""]",NONE,[],2026-07-31T12:06:00+05:30,CHOLAFIN,21,True,0,TRADE_DECISION_NOT_ALLOWED,NOT_ELIGIBLE
DIR:COFORGE:2026-07-31:002:DOWN:101500:DIRECTIONAL_REVERSAL_LEG_ESTABLISHED:102400,CAND:995ee50ff305357125723e26,"{""FILLED"": 21}",0,0,"{""FILLED"": 9, ""NONE"": 12}",801,HOLD_POSITION,CAUTION,0,12,OPP:995ee50ff305357125723e26,CAND:995ee50ff305357125723e26,OPP:995ee50ff305357125723e26,False,HOLD,NO_CREATION_EVENT,NONE,UNKNOWN,2afed6e7-898c-5a79-8bf5-1d7891f21ccb,NO_CURRENT_CREATION_EVENT,TRANSITION,OPEN,NO_EVENT,NONE,[],LOCKED,"[""CONTINUATION:BLOCK"", ""REACCELERATION:BLOCK"", ""REVERSAL:BLOCK""]",2026-07-31T12:06:00+05:30,COFORGE,21,False,0,,ALREADY_DEPLOYED
DIR:DIVISLAB:2026-07-31:002:DOWN:100600:DIRECTIONAL_REVERSAL_LEG_ESTABLISHED:101800,CAND:6644484c352c701feebfdf31,"{""FILLED"": 21}",0,0,"{""FILLED"": 9, ""NONE"": 12}",802,HOLD_POSITION,CAUTION,0,12,OPP:6644484c352c701feebfdf31,CAND:6644484c352c701feebfdf31,OPP:6644484c352c701feebfdf31,False,HOLD,NO_CREATION_EVENT,DIRECTIONAL,OPPOSED,a73cb6c9-a388-53f1-92b2-41820e34edd3,AUTHORITATIVE_DIRECTION_OPPOSED,WEAKENING,OPEN,NO_EVENT,DIRECTIONAL,[],NONE,[],2026-07-31T12:06:00+05:30,DIVISLAB,21,True,0,TRADE_DECISION_NOT_ALLOWED,NOT_ELIGIBLE
,,"{""FILLED"": 21}",0,0,"{""FILLED"": 9, ""NONE"": 12}",803,,,0,12,,,,,NO_ACTION,,,,,,,,NO_EVENT,NONE,[],FORMING,[],2026-07-31T12:06:00+05:30,EXIDEIND,21,False,0,,NO_SIGNAL
DIR:FORCEMOT:2026-07-31:002:UP:105400:DIRECTIONAL_REVERSAL_LEG_ESTABLISHED:110000,CAND:32b3a707960484f98d8399a7,"{""FILLED"": 21}",0,0,"{""FILLED"": 9, ""NONE"": 12}",804,HOLD_POSITION,CAUTION,0,12,OPP:32b3a707960484f98d8399a7,CAND:32b3a707960484f98d8399a7,OPP:32b3a707960484f98d8399a7,False,HOLD,NO_CREATION_EVENT,NONE,UNKNOWN,76d65cfd-3f5f-5419-81f1-24a924660ce7,NO_CURRENT_CREATION_EVENT,TRANSITION,OPEN,BALANCE_LOCKED,NONE,"[""BAL:FORCEMOT:2026-07-31:002:NEUTRAL:114500:BALANCE_LOCKED:120600""]",LOCKED,"[""CONTINUATION:BLOCK"", ""REACCELERATION:BLOCK"", ""REVERSAL:BLOCK""]",2026-07-31T12:06:00+05:30,FORCEMOT,21,False,0,,ALREADY_DEPLOYED
,,"{""FILLED"": 21}",0,0,"{""FILLED"": 9, ""NONE"": 12}",805,,,0,12,,,,,NO_ACTION,,,,,,,,NO_EVENT,NONE,[],LOCKED,"[""CONTINUATION:BLOCK"", ""REACCELERATION:BLOCK"", ""REVERSAL:BLOCK""]",2026-07-31T12:06:00+05:30,GLENMARK,21,False,0,,NO_SIGNAL
BAL:INDUSTOWER:2026-07-31:001:NEUTRAL:110900:BALANCE_ESCAPE_FAILED:115400,CAND:296c26607039b07e87c6f497,"{""FILLED"": 21}",0,0,"{""FILLED"": 9, ""NONE"": 12}",806,HOLD_POSITION,CAUTION,0,12,OPP:296c26607039b07e87c6f497,CAND:296c26607039b07e87c6f497,OPP:296c26607039b07e87c6f497,False,HOLD,NO_CREATION_EVENT,NONE,UNKNOWN,6c1d311c-b1e4-503d-9f2d-3a50df29da5d,NO_CURRENT_CREATION_EVENT,TRANSITION,OPEN,NO_EVENT,NONE,[],FAILED_BACK_INSIDE,"[""CONTINUATION:BLOCK"", ""REACCELERATION:BLOCK"", ""REVERSAL:BLOCK""]",2026-07-31T12:06:00+05:30,INDUSTOWER,21,True,0,TRADE_DECISION_NOT_ALLOWED,NOT_ELIGIBLE
BAL:KALYANKJIL:2026-07-31:002:NEUTRAL:105100:BALANCE_ESCAPE_STARTED:112700,CAND:4a3872010c190995b2d63ff8,"{""FILLED"": 21}",0,0,"{""FILLED"": 9, ""NONE"": 12}",807,HOLD_POSITION,STRENGTHEN,0,12,OPP:4a3872010c190995b2d63ff8,CAND:4a3872010c190995b2d63ff8,OPP:4a3872010c190995b2d63ff8,False,HOLD,NO_CREATION_EVENT,DIRECTIONAL,ALIGNED,fe205a27-ef8f-5bf7-9192-94593d799d94,AUTHORITATIVE_DIRECTIONAL_ALIGNED,ACTIVE,OPEN,NO_EVENT,DIRECTIONAL,[],NONE,[],2026-07-31T12:06:00+05:30,KALYANKJIL,21,False,0,,ALREADY_DEPLOYED
DIR:MANAPPURAM:2026-07-31:006:UP:111200:DIRECTIONAL_REVERSAL_LEG_ESTABLISHED:112100,CAND:7316c4a2330c742a8803fe6c,"{""FILLED"": 21}",0,0,"{""FILLED"": 9, ""NONE"": 12}",808,HOLD_POSITION,CAUTION,0,12,OPP:7316c4a2330c742a8803fe6c,CAND:7316c4a2330c742a8803fe6c,OPP:7316c4a2330c742a8803fe6c,False,HOLD,NO_CREATION_EVENT,NONE,UNKNOWN,50c51811-b112-5f0f-9fcc-a1422ceea97c,NO_CURRENT_CREATION_EVENT,TRANSITION,OPEN,NO_EVENT,NONE,[],FORMING,[],2026-07-31T12:06:00+05:30,MANAPPURAM,21,False,0,,ALREADY_DEPLOYED
BAL:PERSISTENT:2026-07-31:002:NEUTRAL:103600:BALANCE_ESCAPE_STARTED:110600,CAND:6e00ceac84968df1df4d7495,"{""FILLED"": 21}",0,0,"{""FILLED"": 9, ""NONE"": 12}",809,HOLD_POSITION,STRENGTHEN,0,12,OPP:6e00ceac84968df1df4d7495,CAND:6e00ceac84968df1df4d7495,OPP:6e00ceac84968df1df4d7495,False,HOLD,NO_CREATION_EVENT,MATURE,ALIGNED,cad8805e-c102-57a4-96c7-d70c9c07f5cc,AUTHORITATIVE_DIRECTIONAL_MATURE,EXPAND,OPEN,DIRECTIONAL_MATURED,MATURE,"[""DIR:PERSISTENT:2026-07-31:003:UP:112100:DIRECTIONAL_MATURED:120600""]",NONE,[],2026-07-31T12:06:00+05:30,PERSISTENT,21,False,0,,ALREADY_DEPLOYED
BAL:POWERINDIA:2026-07-31:001:NEUTRAL:095100:BALANCE_ESCAPE_FAILED:113000,CAND:dc1ab160fa1ee75a10189da6,"{""FILLED"": 21}",0,0,"{""FILLED"": 9, ""NONE"": 12}",810,HOLD_POSITION,CAUTION,0,12,OPP:dc1ab160fa1ee75a10189da6,CAND:dc1ab160fa1ee75a10189da6,OPP:dc1ab160fa1ee75a10189da6,False,HOLD,NO_CREATION_EVENT,REVERSAL_WATCH,ALIGNED,57fbc3b0-0822-51b7-8515-450ea6586841,AUTHORITATIVE_REVERSAL_WATCH,PROTECT,OPEN,NO_EVENT,REVERSAL_WATCH,[],FAILED_BACK_INSIDE,"[""CONTINUATION:BLOCK"", ""REACCELERATION:BLOCK"", ""REVERSAL:BLOCK""]",2026-07-31T12:06:00+05:30,POWERINDIA,21,True,0,TRADE_DECISION_NOT_ALLOWED,NOT_ELIGIBLE
BAL:TCS:2026-07-31:001:NEUTRAL:100600:BALANCE_ESCAPE_STARTED:103600,CAND:02506b9e9c36e94d0d5e2f0e,"{""FILLED"": 21}",0,0,"{""FILLED"": 9, ""NONE"": 12}",811,FORCE_EXIT,EXIT,0,12,OPP:02506b9e9c36e94d0d5e2f0e,CAND:02506b9e9c36e94d0d5e2f0e,OPP:02506b9e9c36e94d0d5e2f0e,True,NO_ACTION,EVENT_INVALIDATE,NONE,UNKNOWN,8ea01a85-4efa-5849-ac33-c03e0b01cda8,BALANCE_ESCAPE_FAILED_INVALIDATED_SETUP,FORCE_EXIT,INVALIDATED,NO_EVENT,NONE,[],FAILED_BACK_INSIDE,"[""CONTINUATION:BLOCK"", ""REACCELERATION:BLOCK"", ""REVERSAL:BLOCK""]",2026-07-31T12:06:00+05:30,TCS,21,True,0,TRADE_DECISION_NOT_ALLOWED,NOT_ELIGIBLE
DIR:TORNTPHARM:2026-07-31:002:UP:105700:DIRECTIONAL_REVERSAL_LEG_ESTABLISHED:110300,CAND:dcb490f7068f3aeab3ab074f,"{""FILLED"": 21}",0,0,"{""FILLED"": 9, ""NONE"": 12}",812,FORCE_EXIT,EXIT,0,12,OPP:dcb490f7068f3aeab3ab074f,CAND:dcb490f7068f3aeab3ab074f,OPP:dcb490f7068f3aeab3ab074f,True,NO_ACTION,EVENT_INVALIDATE,DIRECTIONAL,ALIGNED,099dd7de-7081-52f9-9bd2-655c56b6256c,DIRECTIONAL_TREND_RESTORED_INVALIDATED_SETUP,FORCE_EXIT,INVALIDATED,NO_EVENT,REVERSAL_LEG,[],NONE,[],2026-07-31T12:06:00+05:30,TORNTPHARM,21,False,0,,ALREADY_DEPLOYED
,,"{""FILLED"": 21}",0,0,"{""FILLED"": 9, ""NONE"": 12}",813,,,0,12,,,,,NO_ACTION,,,,,,,,BALANCE_ESCAPE_STARTED,NONE,"[""BAL:BHEL:2026-07-31:002:NEUTRAL:114200:BALANCE_ESCAPE_STARTED:120900""]",ESCAPE_WATCH,"[""ACCEPTED_BREAKOUT:WAIT"", ""BREAKOUT_INITIATION:PERMIT"", ""CONTINUATION:BLOCK"", ""FAILED_BREAKOUT:WAIT"", ""REACCELERATION:BLOCK"", ""REVERSAL:BLOCK""]",2026-07-31T12:09:00+05:30,BHEL,21,False,0,,NO_SIGNAL
DIR:CHOLAFIN:2026-07-31:002:DOWN:102400:DIRECTIONAL_REVERSAL_LEG_ESTABLISHED:103300,CAND:c91e30e559c61ae9e4a8e30d,"{""FILLED"": 21}",0,0,"{""FILLED"": 9, ""NONE"": 12}",814,FORCE_EXIT,EXIT,0,12,OPP:c91e30e559c61ae9e4a8e30d,CAND:c91e30e559c61ae9e4a8e30d,OPP:c91e30e559c61ae9e4a8e30d,True,NO_ACTION,EVENT_INVALIDATE,DIRECTIONAL,OPPOSED,aee40fe8-7759-5cec-902a-0db152fe528d,DIRECTIONAL_TREND_RESTORED_INVALIDATED_OPPOSITE_ACTIVE_SIGNAL,FORCE_EXIT,INVALIDATED,REVERSAL_WATCH_STARTED,REVERSAL_WATCH,"[""DIR:CHOLAFIN:2026-07-31:003:UP:104500:REVERSAL_WATCH_STARTED:120900""]",NONE,[],2026-07-31T12:09:00+05:30,CHOLAFIN,21,True,0,TRADE_DECISION_NOT_ALLOWED,NOT_ELIGIBLE
DIR:COFORGE:2026-07-31:002:DOWN:101500:DIRECTIONAL_REVERSAL_LEG_ESTABLISHED:102400,CAND:995ee50ff305357125723e26,"{""FILLED"": 21}",0,0,"{""FILLED"": 9, ""NONE"": 12}",815,HOLD_POSITION,CAUTION,0,12,OPP:995ee50ff305357125723e26,CAND:995ee50ff305357125723e26,OPP:995ee50ff305357125723e26,False,HOLD,NO_CREATION_EVENT,NONE,UNKNOWN,2afed6e7-898c-5a79-8bf5-1d7891f21ccb,NO_CURRENT_CREATION_EVENT,TRANSITION,OPEN,NO_EVENT,NONE,[],LOCKED,"[""CONTINUATION:BLOCK"", ""REACCELERATION:BLOCK"", ""REVERSAL:BLOCK""]",2026-07-31T12:09:00+05:30,COFORGE,21,False,0,,ALREADY_DEPLOYED
DIR:DIVISLAB:2026-07-31:002:DOWN:100600:DIRECTIONAL_REVERSAL_LEG_ESTABLISHED:101800,CAND:6644484c352c701feebfdf31,"{""FILLED"": 21}",0,0,"{""FILLED"": 9, ""NONE"": 12}",816,HOLD_POSITION,CAUTION,0,12,OPP:6644484c352c701feebfdf31,CAND:6644484c352c701feebfdf31,OPP:6644484c352c701feebfdf31,False,HOLD,NO_CREATION_EVENT,MATURE,OPPOSED,a73cb6c9-a388-53f1-92b2-41820e34edd3,AUTHORITATIVE_DIRECTION_OPPOSED,WEAKENING,OPEN,DIRECTIONAL_MATURED,MATURE,"[""DIR:DIVISLAB:2026-07-31:003:UP:115400:DIRECTIONAL_MATURED:120900""]",NONE,[],2026-07-31T12:09:00+05:30,DIVISLAB,21,True,0,TRADE_DECISION_NOT_ALLOWED,NOT_ELIGIBLE
,,"{""FILLED"": 21}",0,0,"{""FILLED"": 9, ""NONE"": 12}",817,,,0,12,,,,,NO_ACTION,,,,,,,,NO_EVENT,NONE,[],FORMING,[],2026-07-31T12:09:00+05:30,EXIDEIND,21,False,0,,NO_SIGNAL
DIR:FORCEMOT:2026-07-31:002:UP:105400:DIRECTIONAL_REVERSAL_LEG_ESTABLISHED:110000,CAND:32b3a707960484f98d8399a7,"{""FILLED"": 21}",0,0,"{""FILLED"": 9, ""NONE"": 12}",818,HOLD_POSITION,CAUTION,0,12,OPP:32b3a707960484f98d8399a7,CAND:32b3a707960484f98d8399a7,OPP:32b3a707960484f98d8399a7,False,HOLD,NO_CREATION_EVENT,NONE,UNKNOWN,76d65cfd-3f5f-5419-81f1-24a924660ce7,NO_CURRENT_CREATION_EVENT,TRANSITION,OPEN,BALANCE_ESCAPE_STARTED,NONE,"[""BAL:FORCEMOT:2026-07-31:002:NEUTRAL:114500:BALANCE_ESCAPE_STARTED:120900""]",ESCAPE_WATCH,"[""ACCEPTED_BREAKOUT:WAIT"", ""BREAKOUT_INITIATION:PERMIT"", ""CONTINUATION:BLOCK"", ""FAILED_BREAKOUT:WAIT"", ""REACCELERATION:BLOCK"", ""REVERSAL:BLOCK""]",2026-07-31T12:09:00+05:30,FORCEMOT,21,False,0,,ALREADY_DEPLOYED
,,"{""FILLED"": 21}",0,0,"{""FILLED"": 9, ""NONE"": 12}",819,,,0,12,,,,,NO_ACTION,,,,,,,,NO_EVENT,NONE,[],LOCKED,"[""CONTINUATION:BLOCK"", ""REACCELERATION:BLOCK"", ""REVERSAL:BLOCK""]",2026-07-31T12:09:00+05:30,GLENMARK,21,False,0,,NO_SIGNAL
BAL:INDUSTOWER:2026-07-31:001:NEUTRAL:110900:BALANCE_ESCAPE_FAILED:115400,CAND:296c26607039b07e87c6f497,"{""FILLED"": 21}",0,0,"{""FILLED"": 9, ""NONE"": 12}",820,HOLD_POSITION,CAUTION,0,12,OPP:296c26607039b07e87c6f497,CAND:296c26607039b07e87c6f497,OPP:296c26607039b07e87c6f497,False,HOLD,NO_CREATION_EVENT,NONE,UNKNOWN,6c1d311c-b1e4-503d-9f2d-3a50df29da5d,NO_CURRENT_CREATION_EVENT,TRANSITION,OPEN,NO_EVENT,NONE,[],FAILED_BACK_INSIDE,"[""CONTINUATION:BLOCK"", ""REACCELERATION:BLOCK"", ""REVERSAL:BLOCK""]",2026-07-31T12:09:00+05:30,INDUSTOWER,21,True,0,TRADE_DECISION_NOT_ALLOWED,NOT_ELIGIBLE
BAL:KALYANKJIL:2026-07-31:002:NEUTRAL:105100:BALANCE_ESCAPE_STARTED:112700,CAND:4a3872010c190995b2d63ff8,"{""FILLED"": 21}",0,0,"{""FILLED"": 9, ""NONE"": 12}",821,HOLD_POSITION,STRENGTHEN,0,12,OPP:4a3872010c190995b2d63ff8,CAND:4a3872010c190995b2d63ff8,OPP:4a3872010c190995b2d63ff8,False,HOLD,NO_CREATION_EVENT,DIRECTIONAL,ALIGNED,fe205a27-ef8f-5bf7-9192-94593d799d94,AUTHORITATIVE_DIRECTIONAL_ALIGNED,ACTIVE,OPEN,NO_EVENT,DIRECTIONAL,[],NONE,[],2026-07-31T12:09:00+05:30,KALYANKJIL,21,False,0,,ALREADY_DEPLOYED
DIR:MANAPPURAM:2026-07-31:006:UP:111200:DIRECTIONAL_REVERSAL_LEG_ESTABLISHED:112100,CAND:7316c4a2330c742a8803fe6c,"{""FILLED"": 21}",0,0,"{""FILLED"": 9, ""NONE"": 12}",822,HOLD_POSITION,CAUTION,0,12,OPP:7316c4a2330c742a8803fe6c,CAND:7316c4a2330c742a8803fe6c,OPP:7316c4a2330c742a8803fe6c,False,HOLD,NO_CREATION_EVENT,NONE,UNKNOWN,50c51811-b112-5f0f-9fcc-a1422ceea97c,NO_CURRENT_CREATION_EVENT,TRANSITION,OPEN,NO_EVENT,NONE,[],FORMING,[],2026-07-31T12:09:00+05:30,MANAPPURAM,21,False,0,,ALREADY_DEPLOYED
BAL:PERSISTENT:2026-07-31:002:NEUTRAL:103600:BALANCE_ESCAPE_STARTED:110600,CAND:6e00ceac84968df1df4d7495,"{""FILLED"": 21}",0,0,"{""FILLED"": 9, ""NONE"": 12}",823,HOLD_POSITION,CAUTION,0,12,OPP:6e00ceac84968df1df4d7495,CAND:6e00ceac84968df1df4d7495,OPP:6e00ceac84968df1df4d7495,False,HOLD,NO_CREATION_EVENT,REVERSAL_WATCH,ALIGNED,cad8805e-c102-57a4-96c7-d70c9c07f5cc,AUTHORITATIVE_REVERSAL_WATCH,PROTECT,OPEN,REVERSAL_WATCH_STARTED,REVERSAL_WATCH,"[""DIR:PERSISTENT:2026-07-31:003:UP:112100:REVERSAL_WATCH_STARTED:120900""]",NONE,[],2026-07-31T12:09:00+05:30,PERSISTENT,21,False,0,,ALREADY_DEPLOYED
BAL:POWERINDIA:2026-07-31:001:NEUTRAL:095100:BALANCE_ESCAPE_FAILED:113000,CAND:dc1ab160fa1ee75a10189da6,"{""FILLED"": 21}",0,0,"{""FILLED"": 9, ""NONE"": 12}",824,HOLD_POSITION,CAUTION,0,12,OPP:dc1ab160fa1ee75a10189da6,CAND:dc1ab160fa1ee75a10189da6,OPP:dc1ab160fa1ee75a10189da6,False,HOLD,NO_CREATION_EVENT,REVERSAL_WATCH,ALIGNED,57fbc3b0-0822-51b7-8515-450ea6586841,AUTHORITATIVE_REVERSAL_WATCH,PROTECT,OPEN,NO_EVENT,REVERSAL_WATCH,[],FAILED_BACK_INSIDE,"[""CONTINUATION:BLOCK"", ""REACCELERATION:BLOCK"", ""REVERSAL:BLOCK""]",2026-07-31T12:09:00+05:30,POWERINDIA,21,True,0,TRADE_DECISION_NOT_ALLOWED,NOT_ELIGIBLE
BAL:TCS:2026-07-31:001:NEUTRAL:100600:BALANCE_ESCAPE_STARTED:103600,CAND:02506b9e9c36e94d0d5e2f0e,"{""FILLED"": 21}",0,0,"{""FILLED"": 9, ""NONE"": 12}",825,FORCE_EXIT,EXIT,0,12,OPP:02506b9e9c36e94d0d5e2f0e,CAND:02506b9e9c36e94d0d5e2f0e,OPP:02506b9e9c36e94d0d5e2f0e,True,NO_ACTION,EVENT_INVALIDATE,NONE,UNKNOWN,8ea01a85-4efa-5849-ac33-c03e0b01cda8,BALANCE_ESCAPE_FAILED_INVALIDATED_SETUP,FORCE_EXIT,INVALIDATED,NO_EVENT,NONE,[],FAILED_BACK_INSIDE,"[""CONTINUATION:BLOCK"", ""REACCELERATION:BLOCK"", ""REVERSAL:BLOCK""]",2026-07-31T12:09:00+05:30,TCS,21,True,0,TRADE_DECISION_NOT_ALLOWED,NOT_ELIGIBLE
DIR:TORNTPHARM:2026-07-31:002:UP:105700:DIRECTIONAL_REVERSAL_LEG_ESTABLISHED:110300,CAND:dcb490f7068f3aeab3ab074f,"{""FILLED"": 21}",0,0,"{""FILLED"": 9, ""NONE"": 12}",826,FORCE_EXIT,EXIT,0,12,OPP:dcb490f7068f3aeab3ab074f,CAND:dcb490f7068f3aeab3ab074f,OPP:dcb490f7068f3aeab3ab074f,True,NO_ACTION,EVENT_INVALIDATE,DIRECTIONAL,ALIGNED,099dd7de-7081-52f9-9bd2-655c56b6256c,DIRECTIONAL_TREND_RESTORED_INVALIDATED_SETUP,FORCE_EXIT,INVALIDATED,"DIRECTIONAL_REVERSAL_LEG_FAILED,DIRECTIONAL_COMPLETED",COMPLETED,"[""DIR:TORNTPHARM:2026-07-31:003:DOWN:120000:DIRECTIONAL_REVERSAL_LEG_FAILED:120900"", ""DIR:TORNTPHARM:2026-07-31:003:DOWN:120000:DIRECTIONAL_COMPLETED:120900""]",NONE,[],2026-07-31T12:09:00+05:30,TORNTPHARM,21,False,0,,ALREADY_DEPLOYED
,,"{""FILLED"": 21}",0,3,"{""FILLED"": 12, ""NONE"": 9}",827,,,0,12,,,,,NO_ACTION,,,,,,,,BALANCE_ESCAPE_ACCEPTED,NONE,"[""BAL:BHEL:2026-07-31:002:NEUTRAL:114200:BALANCE_ESCAPE_ACCEPTED:121200""]",ACCEPTED_OUTSIDE,"[""ACCEPTED_BREAKOUT:PERMIT""]",2026-07-31T12:12:00+05:30,BHEL,21,False,0,,NO_SIGNAL
DIR:CHOLAFIN:2026-07-31:002:DOWN:102400:DIRECTIONAL_REVERSAL_LEG_ESTABLISHED:103300,CAND:c91e30e559c61ae9e4a8e30d,"{""FILLED"": 21}",0,0,"{""FILLED"": 12, ""NONE"": 9}",828,FORCE_EXIT,EXIT,0,9,OPP:c91e30e559c61ae9e4a8e30d,CAND:c91e30e559c61ae9e4a8e30d,OPP:c91e30e559c61ae9e4a8e30d,True,NO_ACTION,EVENT_INVALIDATE,DIRECTIONAL,OPPOSED,aee40fe8-7759-5cec-902a-0db152fe528d,DIRECTIONAL_TREND_RESTORED_INVALIDATED_OPPOSITE_ACTIVE_SIGNAL,FORCE_EXIT,INVALIDATED,NO_EVENT,REVERSAL_WATCH,[],NONE,[],2026-07-31T12:12:00+05:30,CHOLAFIN,21,True,0,TRADE_DECISION_NOT_ALLOWED,NOT_ELIGIBLE
DIR:COFORGE:2026-07-31:002:DOWN:101500:DIRECTIONAL_REVERSAL_LEG_ESTABLISHED:102400,CAND:995ee50ff305357125723e26,"{""FILLED"": 21}",0,0,"{""FILLED"": 12, ""NONE"": 9}",829,HOLD_POSITION,CAUTION,0,9,OPP:995ee50ff305357125723e26,CAND:995ee50ff305357125723e26,OPP:995ee50ff305357125723e26,False,HOLD,NO_CREATION_EVENT,NONE,UNKNOWN,2afed6e7-898c-5a79-8bf5-1d7891f21ccb,NO_CURRENT_CREATION_EVENT,TRANSITION,OPEN,NO_EVENT,NONE,[],LOCKED,"[""CONTINUATION:BLOCK"", ""REACCELERATION:BLOCK"", ""REVERSAL:BLOCK""]",2026-07-31T12:12:00+05:30,COFORGE,21,False,0,,ALREADY_DEPLOYED
DIR:DIVISLAB:2026-07-31:002:DOWN:100600:DIRECTIONAL_REVERSAL_LEG_ESTABLISHED:101800,CAND:6644484c352c701feebfdf31,"{""FILLED"": 21}",0,0,"{""FILLED"": 12, ""NONE"": 9}",830,HOLD_POSITION,CAUTION,0,9,OPP:6644484c352c701feebfdf31,CAND:6644484c352c701feebfdf31,OPP:6644484c352c701feebfdf31,False,HOLD,NO_CREATION_EVENT,REVERSAL_WATCH,OPPOSED,a73cb6c9-a388-53f1-92b2-41820e34edd3,AUTHORITATIVE_REVERSAL_WATCH,PROTECT,OPEN,REVERSAL_WATCH_STARTED,REVERSAL_WATCH,"[""DIR:DIVISLAB:2026-07-31:003:UP:115400:REVERSAL_WATCH_STARTED:121200""]",NONE,[],2026-07-31T12:12:00+05:30,DIVISLAB,21,True,0,TRADE_DECISION_NOT_ALLOWED,NOT_ELIGIBLE
,,"{""FILLED"": 21}",0,0,"{""FILLED"": 12, ""NONE"": 9}",831,,,0,9,,,,,NO_ACTION,,,,,,,,NO_EVENT,NONE,[],FORMING,[],2026-07-31T12:12:00+05:30,EXIDEIND,21,False,0,,NO_SIGNAL
DIR:FORCEMOT:2026-07-31:002:UP:105400:DIRECTIONAL_REVERSAL_LEG_ESTABLISHED:110000,CAND:32b3a707960484f98d8399a7,"{""FILLED"": 21}",0,0,"{""FILLED"": 12, ""NONE"": 9}",832,HOLD_POSITION,CAUTION,0,9,OPP:32b3a707960484f98d8399a7,CAND:32b3a707960484f98d8399a7,OPP:32b3a707960484f98d8399a7,False,HOLD,NO_CREATION_EVENT,NONE,UNKNOWN,76d65cfd-3f5f-5419-81f1-24a924660ce7,NO_CURRENT_CREATION_EVENT,TRANSITION,OPEN,BALANCE_ESCAPE_FAILED,NONE,"[""BAL:FORCEMOT:2026-07-31:002:NEUTRAL:114500:BALANCE_ESCAPE_FAILED:121200""]",FAILED_BACK_INSIDE,"[""CONTINUATION:BLOCK"", ""FAILED_BREAKOUT:PERMIT"", ""REACCELERATION:BLOCK"", ""REVERSAL:BLOCK""]",2026-07-31T12:12:00+05:30,FORCEMOT,21,False,0,,ALREADY_DEPLOYED
,,"{""FILLED"": 21}",0,0,"{""FILLED"": 12, ""NONE"": 9}",833,,,0,9,,,,,NO_ACTION,,,,,,,,NO_EVENT,NONE,[],LOCKED,"[""CONTINUATION:BLOCK"", ""REACCELERATION:BLOCK"", ""REVERSAL:BLOCK""]",2026-07-31T12:12:00+05:30,GLENMARK,21,False,0,,NO_SIGNAL
BAL:INDUSTOWER:2026-07-31:001:NEUTRAL:110900:BALANCE_ESCAPE_FAILED:115400,CAND:296c26607039b07e87c6f497,"{""FILLED"": 21}",0,0,"{""FILLED"": 12, ""NONE"": 9}",834,HOLD_POSITION,CAUTION,0,9,OPP:296c26607039b07e87c6f497,CAND:296c26607039b07e87c6f497,OPP:296c26607039b07e87c6f497,False,HOLD,NO_CREATION_EVENT,NONE,UNKNOWN,6c1d311c-b1e4-503d-9f2d-3a50df29da5d,NO_CURRENT_CREATION_EVENT,TRANSITION,OPEN,NO_EVENT,NONE,[],FAILED_BACK_INSIDE,"[""CONTINUATION:BLOCK"", ""REACCELERATION:BLOCK"", ""REVERSAL:BLOCK""]",2026-07-31T12:12:00+05:30,INDUSTOWER,21,True,0,TRADE_DECISION_NOT_ALLOWED,NOT_ELIGIBLE
BAL:KALYANKJIL:2026-07-31:002:NEUTRAL:105100:BALANCE_ESCAPE_STARTED:112700,CAND:4a3872010c190995b2d63ff8,"{""FILLED"": 21}",0,0,"{""FILLED"": 12, ""NONE"": 9}",835,HOLD_POSITION,STRENGTHEN,0,9,OPP:4a3872010c190995b2d63ff8,CAND:4a3872010c190995b2d63ff8,OPP:4a3872010c190995b2d63ff8,False,HOLD,NO_CREATION_EVENT,DIRECTIONAL,ALIGNED,fe205a27-ef8f-5bf7-9192-94593d799d94,AUTHORITATIVE_DIRECTIONAL_ALIGNED,ACTIVE,OPEN,NO_EVENT,DIRECTIONAL,[],NONE,[],2026-07-31T12:12:00+05:30,KALYANKJIL,21,False,0,,ALREADY_DEPLOYED
DIR:MANAPPURAM:2026-07-31:006:UP:111200:DIRECTIONAL_REVERSAL_LEG_ESTABLISHED:112100,CAND:7316c4a2330c742a8803fe6c,"{""FILLED"": 21}",0,0,"{""FILLED"": 12, ""NONE"": 9}",836,HOLD_POSITION,CAUTION,0,9,OPP:7316c4a2330c742a8803fe6c,CAND:7316c4a2330c742a8803fe6c,OPP:7316c4a2330c742a8803fe6c,False,HOLD,NO_CREATION_EVENT,NONE,UNKNOWN,50c51811-b112-5f0f-9fcc-a1422ceea97c,NO_CURRENT_CREATION_EVENT,TRANSITION,OPEN,NO_EVENT,NONE,[],FORMING,[],2026-07-31T12:12:00+05:30,MANAPPURAM,21,False,0,,ALREADY_DEPLOYED
BAL:PERSISTENT:2026-07-31:002:NEUTRAL:103600:BALANCE_ESCAPE_STARTED:110600,CAND:6e00ceac84968df1df4d7495,"{""FILLED"": 21}",0,0,"{""FILLED"": 12, ""NONE"": 9}",837,HOLD_POSITION,CAUTION,0,9,OPP:6e00ceac84968df1df4d7495,CAND:6e00ceac84968df1df4d7495,OPP:6e00ceac84968df1df4d7495,False,HOLD,NO_CREATION_EVENT,REVERSAL_WATCH,ALIGNED,cad8805e-c102-57a4-96c7-d70c9c07f5cc,AUTHORITATIVE_REVERSAL_WATCH,PROTECT,OPEN,NO_EVENT,REVERSAL_WATCH,[],NONE,[],2026-07-31T12:12:00+05:30,PERSISTENT,21,False,0,,ALREADY_DEPLOYED
BAL:POWERINDIA:2026-07-31:001:NEUTRAL:095100:BALANCE_ESCAPE_FAILED:113000,CAND:dc1ab160fa1ee75a10189da6,"{""FILLED"": 21}",0,0,"{""FILLED"": 12, ""NONE"": 9}",838,HOLD_POSITION,CAUTION,0,9,OPP:dc1ab160fa1ee75a10189da6,CAND:dc1ab160fa1ee75a10189da6,OPP:dc1ab160fa1ee75a10189da6,False,HOLD,NO_CREATION_EVENT,REVERSAL_WATCH,ALIGNED,57fbc3b0-0822-51b7-8515-450ea6586841,AUTHORITATIVE_REVERSAL_WATCH,PROTECT,OPEN,NO_EVENT,REVERSAL_WATCH,[],FAILED_BACK_INSIDE,"[""CONTINUATION:BLOCK"", ""REACCELERATION:BLOCK"", ""REVERSAL:BLOCK""]",2026-07-31T12:12:00+05:30,POWERINDIA,21,True,0,TRADE_DECISION_NOT_ALLOWED,NOT_ELIGIBLE
BAL:TCS:2026-07-31:001:NEUTRAL:100600:BALANCE_ESCAPE_STARTED:103600,CAND:02506b9e9c36e94d0d5e2f0e,"{""FILLED"": 21}",0,0,"{""FILLED"": 12, ""NONE"": 9}",839,FORCE_EXIT,EXIT,0,9,OPP:02506b9e9c36e94d0d5e2f0e,CAND:02506b9e9c36e94d0d5e2f0e,OPP:02506b9e9c36e94d0d5e2f0e,True,NO_ACTION,EVENT_INVALIDATE,NONE,UNKNOWN,8ea01a85-4efa-5849-ac33-c03e0b01cda8,BALANCE_ESCAPE_FAILED_INVALIDATED_SETUP,FORCE_EXIT,INVALIDATED,NO_EVENT,NONE,[],FAILED_BACK_INSIDE,"[""CONTINUATION:BLOCK"", ""REACCELERATION:BLOCK"", ""REVERSAL:BLOCK""]",2026-07-31T12:12:00+05:30,TCS,21,True,0,TRADE_DECISION_NOT_ALLOWED,NOT_ELIGIBLE
DIR:TORNTPHARM:2026-07-31:002:UP:105700:DIRECTIONAL_REVERSAL_LEG_ESTABLISHED:110300,CAND:dcb490f7068f3aeab3ab074f,"{""FILLED"": 21}",0,0,"{""FILLED"": 12, ""NONE"": 9}",840,FORCE_EXIT,EXIT,0,9,OPP:dcb490f7068f3aeab3ab074f,CAND:dcb490f7068f3aeab3ab074f,OPP:dcb490f7068f3aeab3ab074f,True,NO_ACTION,EVENT_INVALIDATE,DIRECTIONAL,ALIGNED,099dd7de-7081-52f9-9bd2-655c56b6256c,DIRECTIONAL_TREND_RESTORED_INVALIDATED_SETUP,FORCE_EXIT,INVALIDATED,NO_EVENT,NONE,[],NONE,[],2026-07-31T12:12:00+05:30,TORNTPHARM,21,False,0,,ALREADY_DEPLOYED
,,"{""FILLED"": 21}",0,0,"{""FILLED"": 12, ""NONE"": 9}",841,,,0,9,,,,,NO_ACTION,,,,,,,,BALANCE_COMPLETED,NONE,"[""BAL:BHEL:2026-07-31:002:NEUTRAL:114200:BALANCE_COMPLETED:121500""]",COMPLETED,[],2026-07-31T12:15:00+05:30,BHEL,21,False,0,,NO_SIGNAL
DIR:CHOLAFIN:2026-07-31:002:DOWN:102400:DIRECTIONAL_REVERSAL_LEG_ESTABLISHED:103300,CAND:c91e30e559c61ae9e4a8e30d,"{""FILLED"": 21}",0,0,"{""FILLED"": 12, ""NONE"": 9}",842,FORCE_EXIT,EXIT,0,9,OPP:c91e30e559c61ae9e4a8e30d,CAND:c91e30e559c61ae9e4a8e30d,OPP:c91e30e559c61ae9e4a8e30d,True,NO_ACTION,EVENT_INVALIDATE,DIRECTIONAL,OPPOSED,aee40fe8-7759-5cec-902a-0db152fe528d,DIRECTIONAL_TREND_RESTORED_INVALIDATED_OPPOSITE_ACTIVE_SIGNAL,FORCE_EXIT,INVALIDATED,NO_EVENT,REVERSAL_WATCH,[],NONE,[],2026-07-31T12:15:00+05:30,CHOLAFIN,21,True,0,TRADE_DECISION_NOT_ALLOWED,NOT_ELIGIBLE
DIR:COFORGE:2026-07-31:002:DOWN:101500:DIRECTIONAL_REVERSAL_LEG_ESTABLISHED:102400,CAND:995ee50ff305357125723e26,"{""FILLED"": 21}",0,0,"{""FILLED"": 12, ""NONE"": 9}",843,HOLD_POSITION,CAUTION,0,9,OPP:995ee50ff305357125723e26,CAND:995ee50ff305357125723e26,OPP:995ee50ff305357125723e26,False,HOLD,NO_CREATION_EVENT,NONE,UNKNOWN,2afed6e7-898c-5a79-8bf5-1d7891f21ccb,NO_CURRENT_CREATION_EVENT,TRANSITION,OPEN,NO_EVENT,NONE,[],LOCKED,"[""CONTINUATION:BLOCK"", ""REACCELERATION:BLOCK"", ""REVERSAL:BLOCK""]",2026-07-31T12:15:00+05:30,COFORGE,21,False,0,,ALREADY_DEPLOYED
DIR:DIVISLAB:2026-07-31:002:DOWN:100600:DIRECTIONAL_REVERSAL_LEG_ESTABLISHED:101800,CAND:6644484c352c701feebfdf31,"{""FILLED"": 21}",0,0,"{""FILLED"": 12, ""NONE"": 9}",844,HOLD_POSITION,CAUTION,0,9,OPP:6644484c352c701feebfdf31,CAND:6644484c352c701feebfdf31,OPP:6644484c352c701feebfdf31,False,HOLD,NO_CREATION_EVENT,REVERSAL_WATCH,OPPOSED,a73cb6c9-a388-53f1-92b2-41820e34edd3,AUTHORITATIVE_REVERSAL_WATCH,PROTECT,OPEN,NO_EVENT,REVERSAL_WATCH,[],NONE,[],2026-07-31T12:15:00+05:30,DIVISLAB,21,True,0,TRADE_DECISION_NOT_ALLOWED,NOT_ELIGIBLE
,,"{""FILLED"": 21}",0,0,"{""FILLED"": 12, ""NONE"": 9}",845,,,0,9,,,,,NO_ACTION,,,,,,,,BALANCE_PROBABLE,NONE,"[""BAL:EXIDEIND:2026-07-31:002:NEUTRAL:120300:BALANCE_PROBABLE:121500""]",PROBABLE,[],2026-07-31T12:15:00+05:30,EXIDEIND,21,False,0,,NO_SIGNAL
DIR:FORCEMOT:2026-07-31:002:UP:105400:DIRECTIONAL_REVERSAL_LEG_ESTABLISHED:110000,CAND:32b3a707960484f98d8399a7,"{""FILLED"": 21}",0,0,"{""FILLED"": 12, ""NONE"": 9}",846,HOLD_POSITION,CAUTION,0,9,OPP:32b3a707960484f98d8399a7,CAND:32b3a707960484f98d8399a7,OPP:32b3a707960484f98d8399a7,False,HOLD,NO_CREATION_EVENT,NONE,UNKNOWN,76d65cfd-3f5f-5419-81f1-24a924660ce7,NO_CURRENT_CREATION_EVENT,TRANSITION,OPEN,NO_EVENT,NONE,[],FAILED_BACK_INSIDE,"[""CONTINUATION:BLOCK"", ""REACCELERATION:BLOCK"", ""REVERSAL:BLOCK""]",2026-07-31T12:15:00+05:30,FORCEMOT,21,False,0,,ALREADY_DEPLOYED
,,"{""FILLED"": 21}",0,0,"{""FILLED"": 12, ""NONE"": 9}",847,,,0,9,,,,,NO_ACTION,,,,,,,,NO_EVENT,NONE,[],LOCKED,"[""CONTINUATION:BLOCK"", ""REACCELERATION:BLOCK"", ""REVERSAL:BLOCK""]",2026-07-31T12:15:00+05:30,GLENMARK,21,False,0,,NO_SIGNAL
BAL:INDUSTOWER:2026-07-31:001:NEUTRAL:110900:BALANCE_ESCAPE_FAILED:115400,CAND:296c26607039b07e87c6f497,"{""FILLED"": 21}",0,0,"{""FILLED"": 12, ""NONE"": 9}",848,HOLD_POSITION,CAUTION,0,9,OPP:296c26607039b07e87c6f497,CAND:296c26607039b07e87c6f497,OPP:296c26607039b07e87c6f497,False,HOLD,NO_CREATION_EVENT,NONE,UNKNOWN,6c1d311c-b1e4-503d-9f2d-3a50df29da5d,NO_CURRENT_CREATION_EVENT,TRANSITION,OPEN,NO_EVENT,NONE,[],FAILED_BACK_INSIDE,"[""CONTINUATION:BLOCK"", ""REACCELERATION:BLOCK"", ""REVERSAL:BLOCK""]",2026-07-31T12:15:00+05:30,INDUSTOWER,21,True,0,TRADE_DECISION_NOT_ALLOWED,NOT_ELIGIBLE
BAL:KALYANKJIL:2026-07-31:002:NEUTRAL:105100:BALANCE_ESCAPE_STARTED:112700,CAND:4a3872010c190995b2d63ff8,"{""FILLED"": 21}",0,0,"{""FILLED"": 12, ""NONE"": 9}",849,HOLD_POSITION,STRENGTHEN,0,9,OPP:4a3872010c190995b2d63ff8,CAND:4a3872010c190995b2d63ff8,OPP:4a3872010c190995b2d63ff8,False,HOLD,NO_CREATION_EVENT,DIRECTIONAL,ALIGNED,fe205a27-ef8f-5bf7-9192-94593d799d94,AUTHORITATIVE_DIRECTIONAL_ALIGNED,ACTIVE,OPEN,NO_EVENT,DIRECTIONAL,[],NONE,[],2026-07-31T12:15:00+05:30,KALYANKJIL,21,False,0,,ALREADY_DEPLOYED
DIR:MANAPPURAM:2026-07-31:006:UP:111200:DIRECTIONAL_REVERSAL_LEG_ESTABLISHED:112100,CAND:7316c4a2330c742a8803fe6c,"{""FILLED"": 21}",0,0,"{""FILLED"": 12, ""NONE"": 9}",850,HOLD_POSITION,CAUTION,0,9,OPP:7316c4a2330c742a8803fe6c,CAND:7316c4a2330c742a8803fe6c,OPP:7316c4a2330c742a8803fe6c,False,HOLD,NO_CREATION_EVENT,NONE,UNKNOWN,50c51811-b112-5f0f-9fcc-a1422ceea97c,NO_CURRENT_CREATION_EVENT,TRANSITION,OPEN,NO_EVENT,NONE,[],FORMING,[],2026-07-31T12:15:00+05:30,MANAPPURAM,21,False,0,,ALREADY_DEPLOYED
BAL:PERSISTENT:2026-07-31:002:NEUTRAL:103600:BALANCE_ESCAPE_STARTED:110600,CAND:6e00ceac84968df1df4d7495,"{""FILLED"": 21}",0,0,"{""FILLED"": 12, ""NONE"": 9}",851,HOLD_POSITION,CAUTION,0,9,OPP:6e00ceac84968df1df4d7495,CAND:6e00ceac84968df1df4d7495,OPP:6e00ceac84968df1df4d7495,False,HOLD,NO_CREATION_EVENT,REVERSAL_WATCH,ALIGNED,cad8805e-c102-57a4-96c7-d70c9c07f5cc,AUTHORITATIVE_REVERSAL_WATCH,PROTECT,OPEN,NO_EVENT,REVERSAL_WATCH,[],NONE,[],2026-07-31T12:15:00+05:30,PERSISTENT,21,False,0,,ALREADY_DEPLOYED
BAL:POWERINDIA:2026-07-31:001:NEUTRAL:095100:BALANCE_ESCAPE_FAILED:113000,CAND:dc1ab160fa1ee75a10189da6,"{""FILLED"": 21}",0,0,"{""FILLED"": 12, ""NONE"": 9}",852,HOLD_POSITION,CAUTION,0,9,OPP:dc1ab160fa1ee75a10189da6,CAND:dc1ab160fa1ee75a10189da6,OPP:dc1ab160fa1ee75a10189da6,False,HOLD,NO_CREATION_EVENT,REVERSAL_WATCH,ALIGNED,57fbc3b0-0822-51b7-8515-450ea6586841,AUTHORITATIVE_REVERSAL_WATCH,PROTECT,OPEN,NO_EVENT,REVERSAL_WATCH,[],FAILED_BACK_INSIDE,"[""CONTINUATION:BLOCK"", ""REACCELERATION:BLOCK"", ""REVERSAL:BLOCK""]",2026-07-31T12:15:00+05:30,POWERINDIA,21,True,0,TRADE_DECISION_NOT_ALLOWED,NOT_ELIGIBLE
BAL:TCS:2026-07-31:001:NEUTRAL:100600:BALANCE_ESCAPE_STARTED:103600,CAND:02506b9e9c36e94d0d5e2f0e,"{""FILLED"": 21}",0,0,"{""FILLED"": 12, ""NONE"": 9}",853,FORCE_EXIT,EXIT,0,9,OPP:02506b9e9c36e94d0d5e2f0e,CAND:02506b9e9c36e94d0d5e2f0e,OPP:02506b9e9c36e94d0d5e2f0e,True,NO_ACTION,EVENT_INVALIDATE,NONE,UNKNOWN,8ea01a85-4efa-5849-ac33-c03e0b01cda8,BALANCE_ESCAPE_FAILED_INVALIDATED_SETUP,FORCE_EXIT,INVALIDATED,NO_EVENT,NONE,[],FAILED_BACK_INSIDE,"[""CONTINUATION:BLOCK"", ""REACCELERATION:BLOCK"", ""REVERSAL:BLOCK""]",2026-07-31T12:15:00+05:30,TCS,21,True,0,TRADE_DECISION_NOT_ALLOWED,NOT_ELIGIBLE
DIR:TORNTPHARM:2026-07-31:002:UP:105700:DIRECTIONAL_REVERSAL_LEG_ESTABLISHED:110300,CAND:dcb490f7068f3aeab3ab074f,"{""FILLED"": 21}",0,0,"{""FILLED"": 12, ""NONE"": 9}",854,FORCE_EXIT,EXIT,0,9,OPP:dcb490f7068f3aeab3ab074f,CAND:dcb490f7068f3aeab3ab074f,OPP:dcb490f7068f3aeab3ab074f,True,NO_ACTION,EVENT_INVALIDATE,DIRECTIONAL,ALIGNED,099dd7de-7081-52f9-9bd2-655c56b6256c,DIRECTIONAL_TREND_RESTORED_INVALIDATED_SETUP,FORCE_EXIT,INVALIDATED,"BALANCE_FORMING_STARTED,DIRECTIONAL_STARTED",DIRECTIONAL,"[""BAL:TORNTPHARM:2026-07-31:004:NEUTRAL:121500:BALANCE_FORMING_STARTED:121500"", ""DIR:TORNTPHARM:2026-07-31:004:UP:121500:DIRECTIONAL_STARTED:121500""]",FORMING,[],2026-07-31T12:15:00+05:30,TORNTPHARM,21,False,0,,ALREADY_DEPLOYED
,,"{""FILLED"": 21}",0,0,"{""FILLED"": 12, ""NONE"": 9}",855,,,0,9,,,,,NO_ACTION,,,,,,,,NO_EVENT,NONE,[],NONE,[],2026-07-31T12:18:00+05:30,BHEL,21,False,0,,NO_SIGNAL
DIR:CHOLAFIN:2026-07-31:002:DOWN:102400:DIRECTIONAL_REVERSAL_LEG_ESTABLISHED:103300,CAND:c91e30e559c61ae9e4a8e30d,"{""FILLED"": 21}",0,0,"{""FILLED"": 12, ""NONE"": 9}",856,FORCE_EXIT,EXIT,0,9,OPP:c91e30e559c61ae9e4a8e30d,CAND:c91e30e559c61ae9e4a8e30d,OPP:c91e30e559c61ae9e4a8e30d,True,NO_ACTION,EVENT_INVALIDATE,DIRECTIONAL,OPPOSED,aee40fe8-7759-5cec-902a-0db152fe528d,DIRECTIONAL_TREND_RESTORED_INVALIDATED_OPPOSITE_ACTIVE_SIGNAL,FORCE_EXIT,INVALIDATED,NO_EVENT,REVERSAL_WATCH,[],NONE,[],2026-07-31T12:18:00+05:30,CHOLAFIN,21,True,0,TRADE_DECISION_NOT_ALLOWED,NOT_ELIGIBLE
DIR:COFORGE:2026-07-31:002:DOWN:101500:DIRECTIONAL_REVERSAL_LEG_ESTABLISHED:102400,CAND:995ee50ff305357125723e26,"{""FILLED"": 21}",0,0,"{""FILLED"": 12, ""NONE"": 9}",857,HOLD_POSITION,CAUTION,0,9,OPP:995ee50ff305357125723e26,CAND:995ee50ff305357125723e26,OPP:995ee50ff305357125723e26,False,HOLD,NO_CREATION_EVENT,NONE,UNKNOWN,2afed6e7-898c-5a79-8bf5-1d7891f21ccb,NO_CURRENT_CREATION_EVENT,TRANSITION,OPEN,NO_EVENT,NONE,[],LOCKED,"[""CONTINUATION:BLOCK"", ""REACCELERATION:BLOCK"", ""REVERSAL:BLOCK""]",2026-07-31T12:18:00+05:30,COFORGE,21,False,0,,ALREADY_DEPLOYED
DIR:DIVISLAB:2026-07-31:002:DOWN:100600:DIRECTIONAL_REVERSAL_LEG_ESTABLISHED:101800,CAND:6644484c352c701feebfdf31,"{""FILLED"": 21}",0,0,"{""FILLED"": 12, ""NONE"": 9}",858,HOLD_POSITION,CAUTION,0,9,OPP:6644484c352c701feebfdf31,CAND:6644484c352c701feebfdf31,OPP:6644484c352c701feebfdf31,False,HOLD,NO_CREATION_EVENT,REVERSAL_WATCH,OPPOSED,a73cb6c9-a388-53f1-92b2-41820e34edd3,AUTHORITATIVE_REVERSAL_WATCH,PROTECT,OPEN,NO_EVENT,REVERSAL_WATCH,[],NONE,[],2026-07-31T12:18:00+05:30,DIVISLAB,21,True,0,TRADE_DECISION_NOT_ALLOWED,NOT_ELIGIBLE
,,"{""FILLED"": 21}",0,0,"{""FILLED"": 12, ""NONE"": 9}",859,,,0,9,,,,,NO_ACTION,,,,,,,,NO_EVENT,NONE,[],PROBABLE,[],2026-07-31T12:18:00+05:30,EXIDEIND,21,False,0,,NO_SIGNAL
DIR:FORCEMOT:2026-07-31:002:UP:105400:DIRECTIONAL_REVERSAL_LEG_ESTABLISHED:110000,CAND:32b3a707960484f98d8399a7,"{""FILLED"": 21}",0,0,"{""FILLED"": 12, ""NONE"": 9}",860,HOLD_POSITION,CAUTION,0,9,OPP:32b3a707960484f98d8399a7,CAND:32b3a707960484f98d8399a7,OPP:32b3a707960484f98d8399a7,False,HOLD,NO_CREATION_EVENT,NONE,UNKNOWN,76d65cfd-3f5f-5419-81f1-24a924660ce7,NO_CURRENT_CREATION_EVENT,TRANSITION,OPEN,NO_EVENT,NONE,[],FAILED_BACK_INSIDE,"[""CONTINUATION:BLOCK"", ""REACCELERATION:BLOCK"", ""REVERSAL:BLOCK""]",2026-07-31T12:18:00+05:30,FORCEMOT,21,False,0,,ALREADY_DEPLOYED
,,"{""FILLED"": 21}",0,0,"{""FILLED"": 12, ""NONE"": 9}",861,,,0,9,,,,,NO_ACTION,,,,,,,,NO_EVENT,NONE,[],LOCKED,"[""CONTINUATION:BLOCK"", ""REACCELERATION:BLOCK"", ""REVERSAL:BLOCK""]",2026-07-31T12:18:00+05:30,GLENMARK,21,False,0,,NO_SIGNAL
BAL:INDUSTOWER:2026-07-31:001:NEUTRAL:110900:BALANCE_ESCAPE_FAILED:115400,CAND:296c26607039b07e87c6f497,"{""FILLED"": 21}",0,0,"{""FILLED"": 12, ""NONE"": 9}",862,HOLD_POSITION,CAUTION,0,9,OPP:296c26607039b07e87c6f497,CAND:296c26607039b07e87c6f497,OPP:296c26607039b07e87c6f497,False,HOLD,NO_CREATION_EVENT,NONE,UNKNOWN,6c1d311c-b1e4-503d-9f2d-3a50df29da5d,NO_CURRENT_CREATION_EVENT,TRANSITION,OPEN,NO_EVENT,NONE,[],FAILED_BACK_INSIDE,"[""CONTINUATION:BLOCK"", ""REACCELERATION:BLOCK"", ""REVERSAL:BLOCK""]",2026-07-31T12:18:00+05:30,INDUSTOWER,21,True,0,TRADE_DECISION_NOT_ALLOWED,NOT_ELIGIBLE
BAL:KALYANKJIL:2026-07-31:002:NEUTRAL:105100:BALANCE_ESCAPE_STARTED:112700,CAND:4a3872010c190995b2d63ff8,"{""FILLED"": 21}",0,0,"{""FILLED"": 12, ""NONE"": 9}",863,HOLD_POSITION,STRENGTHEN,0,9,OPP:4a3872010c190995b2d63ff8,CAND:4a3872010c190995b2d63ff8,OPP:4a3872010c190995b2d63ff8,False,HOLD,NO_CREATION_EVENT,MATURE,ALIGNED,fe205a27-ef8f-5bf7-9192-94593d799d94,AUTHORITATIVE_DIRECTIONAL_MATURE,EXPAND,OPEN,DIRECTIONAL_MATURED,MATURE,"[""DIR:KALYANKJIL:2026-07-31:007:UP:114200:DIRECTIONAL_MATURED:121800""]",NONE,[],2026-07-31T12:18:00+05:30,KALYANKJIL,21,False,0,,ALREADY_DEPLOYED
DIR:MANAPPURAM:2026-07-31:006:UP:111200:DIRECTIONAL_REVERSAL_LEG_ESTABLISHED:112100,CAND:7316c4a2330c742a8803fe6c,"{""FILLED"": 21}",0,0,"{""FILLED"": 12, ""NONE"": 9}",864,HOLD_POSITION,CAUTION,0,9,OPP:7316c4a2330c742a8803fe6c,CAND:7316c4a2330c742a8803fe6c,OPP:7316c4a2330c742a8803fe6c,False,HOLD,NO_CREATION_EVENT,NONE,UNKNOWN,50c51811-b112-5f0f-9fcc-a1422ceea97c,NO_CURRENT_CREATION_EVENT,TRANSITION,OPEN,NO_EVENT,NONE,[],FORMING,[],2026-07-31T12:18:00+05:30,MANAPPURAM,21,False,0,,ALREADY_DEPLOYED
BAL:PERSISTENT:2026-07-31:002:NEUTRAL:103600:BALANCE_ESCAPE_STARTED:110600,CAND:6e00ceac84968df1df4d7495,"{""FILLED"": 21}",0,0,"{""FILLED"": 12, ""NONE"": 9}",865,HOLD_POSITION,STRENGTHEN,0,9,OPP:6e00ceac84968df1df4d7495,CAND:6e00ceac84968df1df4d7495,OPP:6e00ceac84968df1df4d7495,False,HOLD,NO_CREATION_EVENT,DIRECTIONAL,ALIGNED,cad8805e-c102-57a4-96c7-d70c9c07f5cc,AUTHORITATIVE_DIRECTIONAL_ALIGNED,ACTIVE,OPEN,DIRECTIONAL_TREND_RESTORED,DIRECTIONAL,"[""DIR:PERSISTENT:2026-07-31:003:UP:112100:DIRECTIONAL_TREND_RESTORED:121800""]",NONE,"[""CONTINUATION:PERMIT""]",2026-07-31T12:18:00+05:30,PERSISTENT,21,False,0,,ALREADY_DEPLOYED
BAL:POWERINDIA:2026-07-31:001:NEUTRAL:095100:BALANCE_ESCAPE_FAILED:113000,CAND:dc1ab160fa1ee75a10189da6,"{""FILLED"": 21}",0,0,"{""FILLED"": 12, ""NONE"": 9}",866,HOLD_POSITION,CAUTION,0,9,OPP:dc1ab160fa1ee75a10189da6,CAND:dc1ab160fa1ee75a10189da6,OPP:dc1ab160fa1ee75a10189da6,False,HOLD,NO_CREATION_EVENT,REVERSAL_WATCH,ALIGNED,57fbc3b0-0822-51b7-8515-450ea6586841,AUTHORITATIVE_REVERSAL_WATCH,PROTECT,OPEN,NO_EVENT,REVERSAL_WATCH,[],FAILED_BACK_INSIDE,"[""CONTINUATION:BLOCK"", ""REACCELERATION:BLOCK"", ""REVERSAL:BLOCK""]",2026-07-31T12:18:00+05:30,POWERINDIA,21,True,0,TRADE_DECISION_NOT_ALLOWED,NOT_ELIGIBLE
BAL:TCS:2026-07-31:001:NEUTRAL:100600:BALANCE_ESCAPE_STARTED:103600,CAND:02506b9e9c36e94d0d5e2f0e,"{""FILLED"": 21}",0,0,"{""FILLED"": 12, ""NONE"": 9}",867,FORCE_EXIT,EXIT,0,9,OPP:02506b9e9c36e94d0d5e2f0e,CAND:02506b9e9c36e94d0d5e2f0e,OPP:02506b9e9c36e94d0d5e2f0e,True,NO_ACTION,EVENT_INVALIDATE,NONE,UNKNOWN,8ea01a85-4efa-5849-ac33-c03e0b01cda8,BALANCE_ESCAPE_FAILED_INVALIDATED_SETUP,FORCE_EXIT,INVALIDATED,NO_EVENT,NONE,[],FAILED_BACK_INSIDE,"[""CONTINUATION:BLOCK"", ""REACCELERATION:BLOCK"", ""REVERSAL:BLOCK""]",2026-07-31T12:18:00+05:30,TCS,21,True,0,TRADE_DECISION_NOT_ALLOWED,NOT_ELIGIBLE
DIR:TORNTPHARM:2026-07-31:002:UP:105700:DIRECTIONAL_REVERSAL_LEG_ESTABLISHED:110300,CAND:dcb490f7068f3aeab3ab074f,"{""FILLED"": 21}",0,0,"{""FILLED"": 12, ""NONE"": 9}",868,FORCE_EXIT,EXIT,0,9,OPP:dcb490f7068f3aeab3ab074f,CAND:dcb490f7068f3aeab3ab074f,OPP:dcb490f7068f3aeab3ab074f,True,NO_ACTION,EVENT_INVALIDATE,DIRECTIONAL,ALIGNED,099dd7de-7081-52f9-9bd2-655c56b6256c,DIRECTIONAL_TREND_RESTORED_INVALIDATED_SETUP,FORCE_EXIT,INVALIDATED,DIRECTIONAL_MATURED,MATURE,"[""DIR:TORNTPHARM:2026-07-31:004:UP:121500:DIRECTIONAL_MATURED:121800""]",FORMING,[],2026-07-31T12:18:00+05:30,TORNTPHARM,21,False,0,,ALREADY_DEPLOYED
,,"{""FILLED"": 21}",0,0,"{""FILLED"": 12, ""NONE"": 9}",869,,,0,9,,,,,NO_ACTION,,,,,,,,NO_EVENT,NONE,[],NONE,[],2026-07-31T12:21:00+05:30,BHEL,21,False,0,,NO_SIGNAL
DIR:CHOLAFIN:2026-07-31:002:DOWN:102400:DIRECTIONAL_REVERSAL_LEG_ESTABLISHED:103300,CAND:c91e30e559c61ae9e4a8e30d,"{""FILLED"": 21}",0,0,"{""FILLED"": 12, ""NONE"": 9}",870,FORCE_EXIT,EXIT,0,9,OPP:c91e30e559c61ae9e4a8e30d,CAND:c91e30e559c61ae9e4a8e30d,OPP:c91e30e559c61ae9e4a8e30d,True,NO_ACTION,EVENT_INVALIDATE,DIRECTIONAL,OPPOSED,aee40fe8-7759-5cec-902a-0db152fe528d,DIRECTIONAL_TREND_RESTORED_INVALIDATED_OPPOSITE_ACTIVE_SIGNAL,FORCE_EXIT,INVALIDATED,DIRECTIONAL_TREND_RESTORED,DIRECTIONAL,"[""DIR:CHOLAFIN:2026-07-31:003:UP:104500:DIRECTIONAL_TREND_RESTORED:122100""]",NONE,"[""CONTINUATION:PERMIT""]",2026-07-31T12:21:00+05:30,CHOLAFIN,21,True,0,TRADE_DECISION_NOT_ALLOWED,NOT_ELIGIBLE
DIR:COFORGE:2026-07-31:002:DOWN:101500:DIRECTIONAL_REVERSAL_LEG_ESTABLISHED:102400,CAND:995ee50ff305357125723e26,"{""FILLED"": 21}",0,0,"{""FILLED"": 12, ""NONE"": 9}",871,HOLD_POSITION,CAUTION,0,9,OPP:995ee50ff305357125723e26,CAND:995ee50ff305357125723e26,OPP:995ee50ff305357125723e26,False,HOLD,NO_CREATION_EVENT,NONE,UNKNOWN,2afed6e7-898c-5a79-8bf5-1d7891f21ccb,NO_CURRENT_CREATION_EVENT,TRANSITION,OPEN,NO_EVENT,NONE,[],LOCKED,"[""CONTINUATION:BLOCK"", ""REACCELERATION:BLOCK"", ""REVERSAL:BLOCK""]",2026-07-31T12:21:00+05:30,COFORGE,21,False,0,,ALREADY_DEPLOYED
DIR:DIVISLAB:2026-07-31:002:DOWN:100600:DIRECTIONAL_REVERSAL_LEG_ESTABLISHED:101800,CAND:6644484c352c701feebfdf31,"{""FILLED"": 21}",0,0,"{""FILLED"": 12, ""NONE"": 9}",872,HOLD_POSITION,CAUTION,0,9,OPP:6644484c352c701feebfdf31,CAND:6644484c352c701feebfdf31,OPP:6644484c352c701feebfdf31,False,HOLD,NO_CREATION_EVENT,REVERSAL_WATCH,OPPOSED,a73cb6c9-a388-53f1-92b2-41820e34edd3,AUTHORITATIVE_REVERSAL_WATCH,PROTECT,OPEN,NO_EVENT,REVERSAL_WATCH,[],NONE,[],2026-07-31T12:21:00+05:30,DIVISLAB,21,True,0,TRADE_DECISION_NOT_ALLOWED,NOT_ELIGIBLE
,,"{""FILLED"": 21}",0,0,"{""FILLED"": 12, ""NONE"": 9}",873,,,0,9,,,,,NO_ACTION,,,,,,,,BALANCE_COMPLETED,NONE,"[""BAL:EXIDEIND:2026-07-31:002:NEUTRAL:120300:BALANCE_COMPLETED:122100""]",COMPLETED,[],2026-07-31T12:21:00+05:30,EXIDEIND,21,False,0,,NO_SIGNAL
DIR:FORCEMOT:2026-07-31:002:UP:105400:DIRECTIONAL_REVERSAL_LEG_ESTABLISHED:110000,CAND:32b3a707960484f98d8399a7,"{""FILLED"": 21}",0,0,"{""FILLED"": 12, ""NONE"": 9}",874,HOLD_POSITION,CAUTION,0,9,OPP:32b3a707960484f98d8399a7,CAND:32b3a707960484f98d8399a7,OPP:32b3a707960484f98d8399a7,False,HOLD,NO_CREATION_EVENT,NONE,UNKNOWN,76d65cfd-3f5f-5419-81f1-24a924660ce7,NO_CURRENT_CREATION_EVENT,TRANSITION,OPEN,NO_EVENT,NONE,[],FAILED_BACK_INSIDE,"[""CONTINUATION:BLOCK"", ""REACCELERATION:BLOCK"", ""REVERSAL:BLOCK""]",2026-07-31T12:21:00+05:30,FORCEMOT,21,False,0,,ALREADY_DEPLOYED
,,"{""FILLED"": 21}",0,0,"{""FILLED"": 12, ""NONE"": 9}",875,,,0,9,,,,,NO_ACTION,,,,,,,,NO_EVENT,NONE,[],LOCKED,"[""CONTINUATION:BLOCK"", ""REACCELERATION:BLOCK"", ""REVERSAL:BLOCK""]",2026-07-31T12:21:00+05:30,GLENMARK,21,False,0,,NO_SIGNAL
BAL:INDUSTOWER:2026-07-31:001:NEUTRAL:110900:BALANCE_ESCAPE_FAILED:115400,CAND:296c26607039b07e87c6f497,"{""FILLED"": 21}",0,0,"{""FILLED"": 12, ""NONE"": 9}",876,HOLD_POSITION,CAUTION,0,9,OPP:296c26607039b07e87c6f497,CAND:296c26607039b07e87c6f497,OPP:296c26607039b07e87c6f497,False,HOLD,NO_CREATION_EVENT,NONE,UNKNOWN,6c1d311c-b1e4-503d-9f2d-3a50df29da5d,NO_CURRENT_CREATION_EVENT,TRANSITION,OPEN,NO_EVENT,NONE,[],FAILED_BACK_INSIDE,"[""CONTINUATION:BLOCK"", ""REACCELERATION:BLOCK"", ""REVERSAL:BLOCK""]",2026-07-31T12:21:00+05:30,INDUSTOWER,21,True,0,TRADE_DECISION_NOT_ALLOWED,NOT_ELIGIBLE
BAL:KALYANKJIL:2026-07-31:002:NEUTRAL:105100:BALANCE_ESCAPE_STARTED:112700,CAND:4a3872010c190995b2d63ff8,"{""FILLED"": 21}",0,3,"{""FILLED"": 15, ""NONE"": 6}",877,HOLD_POSITION,CAUTION,0,9,OPP:4a3872010c190995b2d63ff8,CAND:4a3872010c190995b2d63ff8,OPP:4a3872010c190995b2d63ff8,False,HOLD,NO_CREATION_EVENT,REVERSAL_WATCH,ALIGNED,fe205a27-ef8f-5bf7-9192-94593d799d94,AUTHORITATIVE_REVERSAL_WATCH,PROTECT,OPEN,REVERSAL_WATCH_STARTED,REVERSAL_WATCH,"[""DIR:KALYANKJIL:2026-07-31:007:UP:114200:REVERSAL_WATCH_STARTED:122100""]",NONE,[],2026-07-31T12:21:00+05:30,KALYANKJIL,21,False,0,,ALREADY_DEPLOYED
DIR:MANAPPURAM:2026-07-31:006:UP:111200:DIRECTIONAL_REVERSAL_LEG_ESTABLISHED:112100,CAND:7316c4a2330c742a8803fe6c,"{""FILLED"": 21}",0,0,"{""FILLED"": 15, ""NONE"": 6}",878,HOLD_POSITION,CAUTION,0,6,OPP:7316c4a2330c742a8803fe6c,CAND:7316c4a2330c742a8803fe6c,OPP:7316c4a2330c742a8803fe6c,False,HOLD,NO_CREATION_EVENT,NONE,UNKNOWN,50c51811-b112-5f0f-9fcc-a1422ceea97c,NO_CURRENT_CREATION_EVENT,TRANSITION,OPEN,NO_EVENT,NONE,[],FORMING,[],2026-07-31T12:21:00+05:30,MANAPPURAM,21,False,0,,ALREADY_DEPLOYED
BAL:PERSISTENT:2026-07-31:002:NEUTRAL:103600:BALANCE_ESCAPE_STARTED:110600,CAND:6e00ceac84968df1df4d7495,"{""FILLED"": 21}",0,0,"{""FILLED"": 15, ""NONE"": 6}",879,HOLD_POSITION,STRENGTHEN,0,6,OPP:6e00ceac84968df1df4d7495,CAND:6e00ceac84968df1df4d7495,OPP:6e00ceac84968df1df4d7495,False,HOLD,NO_CREATION_EVENT,MATURE,ALIGNED,cad8805e-c102-57a4-96c7-d70c9c07f5cc,AUTHORITATIVE_DIRECTIONAL_MATURE,EXPAND,OPEN,DIRECTIONAL_MATURED,MATURE,"[""DIR:PERSISTENT:2026-07-31:003:UP:112100:DIRECTIONAL_MATURED:122100""]",NONE,[],2026-07-31T12:21:00+05:30,PERSISTENT,21,False,0,,ALREADY_DEPLOYED
BAL:POWERINDIA:2026-07-31:001:NEUTRAL:095100:BALANCE_ESCAPE_FAILED:113000,CAND:dc1ab160fa1ee75a10189da6,"{""FILLED"": 21}",0,0,"{""FILLED"": 15, ""NONE"": 6}",880,HOLD_POSITION,CAUTION,0,6,OPP:dc1ab160fa1ee75a10189da6,CAND:dc1ab160fa1ee75a10189da6,OPP:dc1ab160fa1ee75a10189da6,False,HOLD,NO_CREATION_EVENT,REVERSAL_WATCH,ALIGNED,57fbc3b0-0822-51b7-8515-450ea6586841,AUTHORITATIVE_REVERSAL_WATCH,PROTECT,OPEN,NO_EVENT,REVERSAL_WATCH,[],FAILED_BACK_INSIDE,"[""CONTINUATION:BLOCK"", ""REACCELERATION:BLOCK"", ""REVERSAL:BLOCK""]",2026-07-31T12:21:00+05:30,POWERINDIA,21,True,0,TRADE_DECISION_NOT_ALLOWED,NOT_ELIGIBLE
BAL:TCS:2026-07-31:001:NEUTRAL:100600:BALANCE_ESCAPE_STARTED:103600,CAND:02506b9e9c36e94d0d5e2f0e,"{""FILLED"": 21}",0,0,"{""FILLED"": 15, ""NONE"": 6}",881,FORCE_EXIT,EXIT,0,6,OPP:02506b9e9c36e94d0d5e2f0e,CAND:02506b9e9c36e94d0d5e2f0e,OPP:02506b9e9c36e94d0d5e2f0e,True,NO_ACTION,EVENT_INVALIDATE,NONE,UNKNOWN,8ea01a85-4efa-5849-ac33-c03e0b01cda8,BALANCE_ESCAPE_FAILED_INVALIDATED_SETUP,FORCE_EXIT,INVALIDATED,NO_EVENT,NONE,[],FAILED_BACK_INSIDE,"[""CONTINUATION:BLOCK"", ""REACCELERATION:BLOCK"", ""REVERSAL:BLOCK""]",2026-07-31T12:21:00+05:30,TCS,21,True,0,TRADE_DECISION_NOT_ALLOWED,NOT_ELIGIBLE
DIR:TORNTPHARM:2026-07-31:002:UP:105700:DIRECTIONAL_REVERSAL_LEG_ESTABLISHED:110300,CAND:dcb490f7068f3aeab3ab074f,"{""FILLED"": 21}",0,0,"{""FILLED"": 15, ""NONE"": 6}",882,FORCE_EXIT,EXIT,0,6,OPP:dcb490f7068f3aeab3ab074f,CAND:dcb490f7068f3aeab3ab074f,OPP:dcb490f7068f3aeab3ab074f,True,NO_ACTION,EVENT_INVALIDATE,DIRECTIONAL,ALIGNED,099dd7de-7081-52f9-9bd2-655c56b6256c,DIRECTIONAL_TREND_RESTORED_INVALIDATED_SETUP,FORCE_EXIT,INVALIDATED,REVERSAL_WATCH_STARTED,REVERSAL_WATCH,"[""DIR:TORNTPHARM:2026-07-31:004:UP:121500:REVERSAL_WATCH_STARTED:122100""]",FORMING,[],2026-07-31T12:21:00+05:30,TORNTPHARM,21,False,0,,ALREADY_DEPLOYED
,,"{""FILLED"": 21}",0,0,"{""FILLED"": 15, ""NONE"": 6}",883,,,0,6,,,,,NO_ACTION,,,,,,,,NO_EVENT,NONE,[],NONE,[],2026-07-31T12:24:00+05:30,BHEL,21,False,0,,NO_SIGNAL
DIR:CHOLAFIN:2026-07-31:002:DOWN:102400:DIRECTIONAL_REVERSAL_LEG_ESTABLISHED:103300,CAND:c91e30e559c61ae9e4a8e30d,"{""FILLED"": 21}",0,0,"{""FILLED"": 15, ""NONE"": 6}",884,FORCE_EXIT,EXIT,0,6,OPP:c91e30e559c61ae9e4a8e30d,CAND:c91e30e559c61ae9e4a8e30d,OPP:c91e30e559c61ae9e4a8e30d,True,NO_ACTION,EVENT_INVALIDATE,DIRECTIONAL,OPPOSED,aee40fe8-7759-5cec-902a-0db152fe528d,DIRECTIONAL_TREND_RESTORED_INVALIDATED_OPPOSITE_ACTIVE_SIGNAL,FORCE_EXIT,INVALIDATED,DIRECTIONAL_MATURED,MATURE,"[""DIR:CHOLAFIN:2026-07-31:003:UP:104500:DIRECTIONAL_MATURED:122400""]",NONE,[],2026-07-31T12:24:00+05:30,CHOLAFIN,21,True,0,TRADE_DECISION_NOT_ALLOWED,NOT_ELIGIBLE
DIR:COFORGE:2026-07-31:002:DOWN:101500:DIRECTIONAL_REVERSAL_LEG_ESTABLISHED:102400,CAND:995ee50ff305357125723e26,"{""FILLED"": 21}",0,0,"{""FILLED"": 15, ""NONE"": 6}",885,HOLD_POSITION,CAUTION,0,6,OPP:995ee50ff305357125723e26,CAND:995ee50ff305357125723e26,OPP:995ee50ff305357125723e26,False,HOLD,NO_CREATION_EVENT,NONE,UNKNOWN,2afed6e7-898c-5a79-8bf5-1d7891f21ccb,NO_CURRENT_CREATION_EVENT,TRANSITION,OPEN,NO_EVENT,NONE,[],LOCKED,"[""CONTINUATION:BLOCK"", ""REACCELERATION:BLOCK"", ""REVERSAL:BLOCK""]",2026-07-31T12:24:00+05:30,COFORGE,21,False,0,,ALREADY_DEPLOYED
DIR:DIVISLAB:2026-07-31:002:DOWN:100600:DIRECTIONAL_REVERSAL_LEG_ESTABLISHED:101800,CAND:6644484c352c701feebfdf31,"{""FILLED"": 21}",0,0,"{""FILLED"": 15, ""NONE"": 6}",886,HOLD_POSITION,CAUTION,0,6,OPP:6644484c352c701feebfdf31,CAND:6644484c352c701feebfdf31,OPP:6644484c352c701feebfdf31,False,HOLD,NO_CREATION_EVENT,REVERSAL_WATCH,OPPOSED,a73cb6c9-a388-53f1-92b2-41820e34edd3,AUTHORITATIVE_REVERSAL_WATCH,PROTECT,OPEN,NO_EVENT,REVERSAL_WATCH,[],NONE,[],2026-07-31T12:24:00+05:30,DIVISLAB,21,True,0,TRADE_DECISION_NOT_ALLOWED,NOT_ELIGIBLE
,,"{""FILLED"": 21}",0,0,"{""FILLED"": 15, ""NONE"": 6}",887,,,0,6,,,,,NO_ACTION,,,,,,,,NO_EVENT,NONE,[],NONE,[],2026-07-31T12:24:00+05:30,EXIDEIND,21,False,0,,NO_SIGNAL
DIR:FORCEMOT:2026-07-31:002:UP:105400:DIRECTIONAL_REVERSAL_LEG_ESTABLISHED:110000,CAND:32b3a707960484f98d8399a7,"{""FILLED"": 21}",0,0,"{""FILLED"": 15, ""NONE"": 6}",888,HOLD_POSITION,CAUTION,0,6,OPP:32b3a707960484f98d8399a7,CAND:32b3a707960484f98d8399a7,OPP:32b3a707960484f98d8399a7,False,HOLD,NO_CREATION_EVENT,NONE,UNKNOWN,76d65cfd-3f5f-5419-81f1-24a924660ce7,NO_CURRENT_CREATION_EVENT,TRANSITION,OPEN,NO_EVENT,NONE,[],FAILED_BACK_INSIDE,"[""CONTINUATION:BLOCK"", ""REACCELERATION:BLOCK"", ""REVERSAL:BLOCK""]",2026-07-31T12:24:00+05:30,FORCEMOT,21,False,0,,ALREADY_DEPLOYED
,,"{""FILLED"": 21}",0,0,"{""FILLED"": 15, ""NONE"": 6}",889,,,0,6,,,,,NO_ACTION,,,,,,,,NO_EVENT,NONE,[],LOCKED,"[""CONTINUATION:BLOCK"", ""REACCELERATION:BLOCK"", ""REVERSAL:BLOCK""]",2026-07-31T12:24:00+05:30,GLENMARK,21,False,0,,NO_SIGNAL
BAL:INDUSTOWER:2026-07-31:001:NEUTRAL:110900:BALANCE_ESCAPE_FAILED:115400,CAND:296c26607039b07e87c6f497,"{""FILLED"": 21}",0,0,"{""FILLED"": 15, ""NONE"": 6}",890,HOLD_POSITION,CAUTION,0,6,OPP:296c26607039b07e87c6f497,CAND:296c26607039b07e87c6f497,OPP:296c26607039b07e87c6f497,False,HOLD,NO_CREATION_EVENT,NONE,UNKNOWN,6c1d311c-b1e4-503d-9f2d-3a50df29da5d,NO_CURRENT_CREATION_EVENT,TRANSITION,OPEN,NO_EVENT,NONE,[],FAILED_BACK_INSIDE,"[""CONTINUATION:BLOCK"", ""REACCELERATION:BLOCK"", ""REVERSAL:BLOCK""]",2026-07-31T12:24:00+05:30,INDUSTOWER,21,True,0,TRADE_DECISION_NOT_ALLOWED,NOT_ELIGIBLE
BAL:KALYANKJIL:2026-07-31:002:NEUTRAL:105100:BALANCE_ESCAPE_STARTED:112700,CAND:4a3872010c190995b2d63ff8,"{""FILLED"": 21}",0,0,"{""FILLED"": 15, ""NONE"": 6}",891,HOLD_POSITION,CAUTION,0,6,OPP:4a3872010c190995b2d63ff8,CAND:4a3872010c190995b2d63ff8,OPP:4a3872010c190995b2d63ff8,False,HOLD,NO_CREATION_EVENT,REVERSAL_LEG,OPPOSED,fe205a27-ef8f-5bf7-9192-94593d799d94,AUTHORITATIVE_DIRECTION_OPPOSED,WEAKENING,OPEN,"DIRECTIONAL_REVERSAL_CONFIRMED,DIRECTIONAL_COMPLETED,DIRECTIONAL_REVERSAL_LEG_STARTED",REVERSAL_LEG,"[""DIR:KALYANKJIL:2026-07-31:007:UP:114200:DIRECTIONAL_REVERSAL_CONFIRMED:122400"", ""DIR:KALYANKJIL:2026-07-31:007:UP:114200:DIRECTIONAL_COMPLETED:122400"", ""DIR:KALYANKJIL:2026-07-31:008:DOWN:122400:DIRECTIONAL_REVERSAL_LEG_STARTED:122400""]",NONE,"[""REVERSAL:WAIT""]",2026-07-31T12:24:00+05:30,KALYANKJIL,21,False,0,,ALREADY_DEPLOYED
DIR:MANAPPURAM:2026-07-31:006:UP:111200:DIRECTIONAL_REVERSAL_LEG_ESTABLISHED:112100,CAND:7316c4a2330c742a8803fe6c,"{""FILLED"": 21}",0,0,"{""FILLED"": 15, ""NONE"": 6}",892,HOLD_POSITION,CAUTION,0,6,OPP:7316c4a2330c742a8803fe6c,CAND:7316c4a2330c742a8803fe6c,OPP:7316c4a2330c742a8803fe6c,False,HOLD,NO_CREATION_EVENT,NONE,UNKNOWN,50c51811-b112-5f0f-9fcc-a1422ceea97c,NO_CURRENT_CREATION_EVENT,TRANSITION,OPEN,NO_EVENT,NONE,[],FORMING,[],2026-07-31T12:24:00+05:30,MANAPPURAM,21,False,0,,ALREADY_DEPLOYED
BAL:PERSISTENT:2026-07-31:002:NEUTRAL:103600:BALANCE_ESCAPE_STARTED:110600,CAND:6e00ceac84968df1df4d7495,"{""FILLED"": 21}",0,0,"{""FILLED"": 15, ""NONE"": 6}",893,HOLD_POSITION,CAUTION,0,6,OPP:6e00ceac84968df1df4d7495,CAND:6e00ceac84968df1df4d7495,OPP:6e00ceac84968df1df4d7495,False,HOLD,NO_CREATION_EVENT,REVERSAL_WATCH,ALIGNED,cad8805e-c102-57a4-96c7-d70c9c07f5cc,AUTHORITATIVE_REVERSAL_WATCH,PROTECT,OPEN,REVERSAL_WATCH_STARTED,REVERSAL_WATCH,"[""DIR:PERSISTENT:2026-07-31:003:UP:112100:REVERSAL_WATCH_STARTED:122400""]",NONE,[],2026-07-31T12:24:00+05:30,PERSISTENT,21,False,0,,ALREADY_DEPLOYED
BAL:POWERINDIA:2026-07-31:001:NEUTRAL:095100:BALANCE_ESCAPE_FAILED:113000,CAND:dc1ab160fa1ee75a10189da6,"{""FILLED"": 21}",0,0,"{""FILLED"": 15, ""NONE"": 6}",894,HOLD_POSITION,CAUTION,0,6,OPP:dc1ab160fa1ee75a10189da6,CAND:dc1ab160fa1ee75a10189da6,OPP:dc1ab160fa1ee75a10189da6,False,HOLD,NO_CREATION_EVENT,REVERSAL_WATCH,ALIGNED,57fbc3b0-0822-51b7-8515-450ea6586841,AUTHORITATIVE_REVERSAL_WATCH,PROTECT,OPEN,NO_EVENT,REVERSAL_WATCH,[],FAILED_BACK_INSIDE,"[""CONTINUATION:BLOCK"", ""REACCELERATION:BLOCK"", ""REVERSAL:BLOCK""]",2026-07-31T12:24:00+05:30,POWERINDIA,21,True,0,TRADE_DECISION_NOT_ALLOWED,NOT_ELIGIBLE
BAL:TCS:2026-07-31:001:NEUTRAL:100600:BALANCE_ESCAPE_STARTED:103600,CAND:02506b9e9c36e94d0d5e2f0e,"{""FILLED"": 21}",0,0,"{""FILLED"": 15, ""NONE"": 6}",895,FORCE_EXIT,EXIT,0,6,OPP:02506b9e9c36e94d0d5e2f0e,CAND:02506b9e9c36e94d0d5e2f0e,OPP:02506b9e9c36e94d0d5e2f0e,True,NO_ACTION,EVENT_INVALIDATE,NONE,UNKNOWN,8ea01a85-4efa-5849-ac33-c03e0b01cda8,BALANCE_ESCAPE_FAILED_INVALIDATED_SETUP,FORCE_EXIT,INVALIDATED,NO_EVENT,NONE,[],FAILED_BACK_INSIDE,"[""CONTINUATION:BLOCK"", ""REACCELERATION:BLOCK"", ""REVERSAL:BLOCK""]",2026-07-31T12:24:00+05:30,TCS,21,True,0,TRADE_DECISION_NOT_ALLOWED,NOT_ELIGIBLE
DIR:TORNTPHARM:2026-07-31:002:UP:105700:DIRECTIONAL_REVERSAL_LEG_ESTABLISHED:110300,CAND:dcb490f7068f3aeab3ab074f,"{""FILLED"": 21}",0,0,"{""FILLED"": 15, ""NONE"": 6}",896,FORCE_EXIT,EXIT,0,6,OPP:dcb490f7068f3aeab3ab074f,CAND:dcb490f7068f3aeab3ab074f,OPP:dcb490f7068f3aeab3ab074f,True,NO_ACTION,EVENT_INVALIDATE,DIRECTIONAL,ALIGNED,099dd7de-7081-52f9-9bd2-655c56b6256c,DIRECTIONAL_TREND_RESTORED_INVALIDATED_SETUP,FORCE_EXIT,INVALIDATED,NO_EVENT,REVERSAL_WATCH,[],FORMING,[],2026-07-31T12:24:00+05:30,TORNTPHARM,21,False,0,,ALREADY_DEPLOYED
,,"{""FILLED"": 21}",0,0,"{""FILLED"": 15, ""NONE"": 6}",897,,,0,6,,,,,NO_ACTION,,,,,,,,DIRECTIONAL_STARTED,DIRECTIONAL,"[""DIR:BHEL:2026-07-31:006:UP:122700:DIRECTIONAL_STARTED:122700""]",NONE,[],2026-07-31T12:27:00+05:30,BHEL,21,False,0,,NO_SIGNAL
DIR:CHOLAFIN:2026-07-31:002:DOWN:102400:DIRECTIONAL_REVERSAL_LEG_ESTABLISHED:103300,CAND:c91e30e559c61ae9e4a8e30d,"{""FILLED"": 21}",0,0,"{""FILLED"": 15, ""NONE"": 6}",898,FORCE_EXIT,EXIT,0,6,OPP:c91e30e559c61ae9e4a8e30d,CAND:c91e30e559c61ae9e4a8e30d,OPP:c91e30e559c61ae9e4a8e30d,True,NO_ACTION,EVENT_INVALIDATE,DIRECTIONAL,OPPOSED,aee40fe8-7759-5cec-902a-0db152fe528d,DIRECTIONAL_TREND_RESTORED_INVALIDATED_OPPOSITE_ACTIVE_SIGNAL,FORCE_EXIT,INVALIDATED,NO_EVENT,MATURE,[],NONE,[],2026-07-31T12:27:00+05:30,CHOLAFIN,21,True,0,TRADE_DECISION_NOT_ALLOWED,NOT_ELIGIBLE
DIR:COFORGE:2026-07-31:002:DOWN:101500:DIRECTIONAL_REVERSAL_LEG_ESTABLISHED:102400,CAND:995ee50ff305357125723e26,"{""FILLED"": 21}",0,0,"{""FILLED"": 15, ""NONE"": 6}",899,HOLD_POSITION,CAUTION,0,6,OPP:995ee50ff305357125723e26,CAND:995ee50ff305357125723e26,OPP:995ee50ff305357125723e26,False,HOLD,NO_CREATION_EVENT,NONE,UNKNOWN,2afed6e7-898c-5a79-8bf5-1d7891f21ccb,NO_CURRENT_CREATION_EVENT,TRANSITION,OPEN,NO_EVENT,NONE,[],LOCKED,"[""CONTINUATION:BLOCK"", ""REACCELERATION:BLOCK"", ""REVERSAL:BLOCK""]",2026-07-31T12:27:00+05:30,COFORGE,21,False,0,,ALREADY_DEPLOYED
DIR:DIVISLAB:2026-07-31:002:DOWN:100600:DIRECTIONAL_REVERSAL_LEG_ESTABLISHED:101800,CAND:6644484c352c701feebfdf31,"{""FILLED"": 21}",0,0,"{""FILLED"": 15, ""NONE"": 6}",900,HOLD_POSITION,CAUTION,0,6,OPP:6644484c352c701feebfdf31,CAND:6644484c352c701feebfdf31,OPP:6644484c352c701feebfdf31,False,HOLD,NO_CREATION_EVENT,REVERSAL_WATCH,OPPOSED,a73cb6c9-a388-53f1-92b2-41820e34edd3,AUTHORITATIVE_REVERSAL_WATCH,PROTECT,OPEN,NO_EVENT,REVERSAL_WATCH,[],NONE,[],2026-07-31T12:27:00+05:30,DIVISLAB,21,True,0,TRADE_DECISION_NOT_ALLOWED,NOT_ELIGIBLE
,,"{""FILLED"": 21}",0,0,"{""FILLED"": 15, ""NONE"": 6}",901,,,0,6,,,,,NO_ACTION,,,,,,,,NO_EVENT,NONE,[],NONE,[],2026-07-31T12:27:00+05:30,EXIDEIND,21,False,0,,NO_SIGNAL
DIR:FORCEMOT:2026-07-31:002:UP:105400:DIRECTIONAL_REVERSAL_LEG_ESTABLISHED:110000,CAND:32b3a707960484f98d8399a7,"{""FILLED"": 21}",0,0,"{""FILLED"": 15, ""NONE"": 6}",902,HOLD_POSITION,CAUTION,0,6,OPP:32b3a707960484f98d8399a7,CAND:32b3a707960484f98d8399a7,OPP:32b3a707960484f98d8399a7,False,HOLD,NO_CREATION_EVENT,NONE,UNKNOWN,76d65cfd-3f5f-5419-81f1-24a924660ce7,NO_CURRENT_CREATION_EVENT,TRANSITION,OPEN,NO_EVENT,NONE,[],FAILED_BACK_INSIDE,"[""CONTINUATION:BLOCK"", ""REACCELERATION:BLOCK"", ""REVERSAL:BLOCK""]",2026-07-31T12:27:00+05:30,FORCEMOT,21,False,0,,ALREADY_DEPLOYED
,,"{""FILLED"": 21}",0,0,"{""FILLED"": 15, ""NONE"": 6}",903,,,0,6,,,,,NO_ACTION,,,,,,,,NO_EVENT,NONE,[],LOCKED,"[""CONTINUATION:BLOCK"", ""REACCELERATION:BLOCK"", ""REVERSAL:BLOCK""]",2026-07-31T12:27:00+05:30,GLENMARK,21,False,0,,NO_SIGNAL
BAL:INDUSTOWER:2026-07-31:001:NEUTRAL:110900:BALANCE_ESCAPE_FAILED:115400,CAND:296c26607039b07e87c6f497,"{""FILLED"": 21}",0,0,"{""FILLED"": 15, ""NONE"": 6}",904,HOLD_POSITION,CAUTION,0,6,OPP:296c26607039b07e87c6f497,CAND:296c26607039b07e87c6f497,OPP:296c26607039b07e87c6f497,False,HOLD,NO_CREATION_EVENT,NONE,UNKNOWN,6c1d311c-b1e4-503d-9f2d-3a50df29da5d,NO_CURRENT_CREATION_EVENT,TRANSITION,OPEN,NO_EVENT,NONE,[],FAILED_BACK_INSIDE,"[""CONTINUATION:BLOCK"", ""REACCELERATION:BLOCK"", ""REVERSAL:BLOCK""]",2026-07-31T12:27:00+05:30,INDUSTOWER,21,True,0,TRADE_DECISION_NOT_ALLOWED,NOT_ELIGIBLE
BAL:KALYANKJIL:2026-07-31:002:NEUTRAL:105100:BALANCE_ESCAPE_STARTED:112700,CAND:4a3872010c190995b2d63ff8,"{""FILLED"": 21}",0,0,"{""FILLED"": 15, ""NONE"": 6}",905,HOLD_POSITION,CAUTION,0,6,OPP:4a3872010c190995b2d63ff8,CAND:4a3872010c190995b2d63ff8,OPP:4a3872010c190995b2d63ff8,False,HOLD,NO_CREATION_EVENT,REVERSAL_LEG,OPPOSED,fe205a27-ef8f-5bf7-9192-94593d799d94,AUTHORITATIVE_DIRECTION_OPPOSED,WEAKENING,OPEN,NO_EVENT,REVERSAL_LEG,[],NONE,[],2026-07-31T12:27:00+05:30,KALYANKJIL,21,False,0,,ALREADY_DEPLOYED
DIR:MANAPPURAM:2026-07-31:006:UP:111200:DIRECTIONAL_REVERSAL_LEG_ESTABLISHED:112100,CAND:7316c4a2330c742a8803fe6c,"{""FILLED"": 21}",0,0,"{""FILLED"": 15, ""NONE"": 6}",906,HOLD_POSITION,CAUTION,0,6,OPP:7316c4a2330c742a8803fe6c,CAND:7316c4a2330c742a8803fe6c,OPP:7316c4a2330c742a8803fe6c,False,HOLD,NO_CREATION_EVENT,NONE,UNKNOWN,50c51811-b112-5f0f-9fcc-a1422ceea97c,NO_CURRENT_CREATION_EVENT,TRANSITION,OPEN,NO_EVENT,NONE,[],FORMING,[],2026-07-31T12:27:00+05:30,MANAPPURAM,21,False,0,,ALREADY_DEPLOYED
BAL:PERSISTENT:2026-07-31:002:NEUTRAL:103600:BALANCE_ESCAPE_STARTED:110600,CAND:6e00ceac84968df1df4d7495,"{""FILLED"": 21}",0,0,"{""FILLED"": 15, ""NONE"": 6}",907,HOLD_POSITION,CAUTION,0,6,OPP:6e00ceac84968df1df4d7495,CAND:6e00ceac84968df1df4d7495,OPP:6e00ceac84968df1df4d7495,False,HOLD,NO_CREATION_EVENT,REVERSAL_WATCH,ALIGNED,cad8805e-c102-57a4-96c7-d70c9c07f5cc,AUTHORITATIVE_REVERSAL_WATCH,PROTECT,OPEN,NO_EVENT,REVERSAL_WATCH,[],NONE,[],2026-07-31T12:27:00+05:30,PERSISTENT,21,False,0,,ALREADY_DEPLOYED
BAL:POWERINDIA:2026-07-31:001:NEUTRAL:095100:BALANCE_ESCAPE_FAILED:113000,CAND:dc1ab160fa1ee75a10189da6,"{""FILLED"": 21}",0,0,"{""FILLED"": 15, ""NONE"": 6}",908,HOLD_POSITION,CAUTION,0,6,OPP:dc1ab160fa1ee75a10189da6,CAND:dc1ab160fa1ee75a10189da6,OPP:dc1ab160fa1ee75a10189da6,False,HOLD,NO_CREATION_EVENT,REVERSAL_WATCH,ALIGNED,57fbc3b0-0822-51b7-8515-450ea6586841,AUTHORITATIVE_REVERSAL_WATCH,PROTECT,OPEN,BALANCE_REARMED,REVERSAL_WATCH,"[""BAL:POWERINDIA:2026-07-31:001:NEUTRAL:095100:BALANCE_REARMED:122700""]",LOCKED,"[""CONTINUATION:BLOCK"", ""REACCELERATION:BLOCK"", ""REVERSAL:BLOCK""]",2026-07-31T12:27:00+05:30,POWERINDIA,21,True,0,TRADE_DECISION_NOT_ALLOWED,NOT_ELIGIBLE
BAL:TCS:2026-07-31:001:NEUTRAL:100600:BALANCE_ESCAPE_STARTED:103600,CAND:02506b9e9c36e94d0d5e2f0e,"{""FILLED"": 21}",0,0,"{""FILLED"": 15, ""NONE"": 6}",909,FORCE_EXIT,EXIT,0,6,OPP:02506b9e9c36e94d0d5e2f0e,CAND:02506b9e9c36e94d0d5e2f0e,OPP:02506b9e9c36e94d0d5e2f0e,True,NO_ACTION,EVENT_INVALIDATE,NONE,UNKNOWN,8ea01a85-4efa-5849-ac33-c03e0b01cda8,BALANCE_ESCAPE_FAILED_INVALIDATED_SETUP,FORCE_EXIT,INVALIDATED,NO_EVENT,NONE,[],FAILED_BACK_INSIDE,"[""CONTINUATION:BLOCK"", ""REACCELERATION:BLOCK"", ""REVERSAL:BLOCK""]",2026-07-31T12:27:00+05:30,TCS,21,True,0,TRADE_DECISION_NOT_ALLOWED,NOT_ELIGIBLE
DIR:TORNTPHARM:2026-07-31:002:UP:105700:DIRECTIONAL_REVERSAL_LEG_ESTABLISHED:110300,CAND:dcb490f7068f3aeab3ab074f,"{""FILLED"": 21}",0,0,"{""FILLED"": 15, ""NONE"": 6}",910,FORCE_EXIT,EXIT,0,6,OPP:dcb490f7068f3aeab3ab074f,CAND:dcb490f7068f3aeab3ab074f,OPP:dcb490f7068f3aeab3ab074f,True,NO_ACTION,EVENT_INVALIDATE,DIRECTIONAL,ALIGNED,099dd7de-7081-52f9-9bd2-655c56b6256c,DIRECTIONAL_TREND_RESTORED_INVALIDATED_SETUP,FORCE_EXIT,INVALIDATED,BALANCE_PROBABLE,REVERSAL_WATCH,"[""BAL:TORNTPHARM:2026-07-31:004:NEUTRAL:121500:BALANCE_PROBABLE:122700""]",PROBABLE,[],2026-07-31T12:27:00+05:30,TORNTPHARM,21,False,0,,ALREADY_DEPLOYED
,,"{""FILLED"": 21}",0,0,"{""FILLED"": 15, ""NONE"": 6}",911,,,0,6,,,,,NO_ACTION,,,,,,,,NO_EVENT,DIRECTIONAL,[],NONE,[],2026-07-31T12:30:00+05:30,BHEL,21,False,0,,NO_SIGNAL
DIR:CHOLAFIN:2026-07-31:002:DOWN:102400:DIRECTIONAL_REVERSAL_LEG_ESTABLISHED:103300,CAND:c91e30e559c61ae9e4a8e30d,"{""FILLED"": 21}",0,0,"{""FILLED"": 15, ""NONE"": 6}",912,FORCE_EXIT,EXIT,0,6,OPP:c91e30e559c61ae9e4a8e30d,CAND:c91e30e559c61ae9e4a8e30d,OPP:c91e30e559c61ae9e4a8e30d,True,NO_ACTION,EVENT_INVALIDATE,DIRECTIONAL,OPPOSED,aee40fe8-7759-5cec-902a-0db152fe528d,DIRECTIONAL_TREND_RESTORED_INVALIDATED_OPPOSITE_ACTIVE_SIGNAL,FORCE_EXIT,INVALIDATED,NO_EVENT,MATURE,[],NONE,[],2026-07-31T12:30:00+05:30,CHOLAFIN,21,True,0,TRADE_DECISION_NOT_ALLOWED,NOT_ELIGIBLE
DIR:COFORGE:2026-07-31:002:DOWN:101500:DIRECTIONAL_REVERSAL_LEG_ESTABLISHED:102400,CAND:995ee50ff305357125723e26,"{""FILLED"": 21}",0,0,"{""FILLED"": 15, ""NONE"": 6}",913,HOLD_POSITION,CAUTION,0,6,OPP:995ee50ff305357125723e26,CAND:995ee50ff305357125723e26,OPP:995ee50ff305357125723e26,False,HOLD,NO_CREATION_EVENT,NONE,UNKNOWN,2afed6e7-898c-5a79-8bf5-1d7891f21ccb,NO_CURRENT_CREATION_EVENT,TRANSITION,OPEN,NO_EVENT,NONE,[],LOCKED,"[""CONTINUATION:BLOCK"", ""REACCELERATION:BLOCK"", ""REVERSAL:BLOCK""]",2026-07-31T12:30:00+05:30,COFORGE,21,False,0,,ALREADY_DEPLOYED
DIR:DIVISLAB:2026-07-31:002:DOWN:100600:DIRECTIONAL_REVERSAL_LEG_ESTABLISHED:101800,CAND:6644484c352c701feebfdf31,"{""FILLED"": 21}",0,0,"{""FILLED"": 15, ""NONE"": 6}",914,HOLD_POSITION,STRENGTHEN,0,6,OPP:6644484c352c701feebfdf31,CAND:6644484c352c701feebfdf31,OPP:6644484c352c701feebfdf31,False,HOLD,NO_CREATION_EVENT,REVERSAL_LEG,ALIGNED,a73cb6c9-a388-53f1-92b2-41820e34edd3,AUTHORITATIVE_DIRECTIONAL_ALIGNED,ACTIVE,OPEN,"DIRECTIONAL_REVERSAL_CONFIRMED,DIRECTIONAL_COMPLETED,DIRECTIONAL_REVERSAL_LEG_STARTED",REVERSAL_LEG,"[""DIR:DIVISLAB:2026-07-31:003:UP:115400:DIRECTIONAL_REVERSAL_CONFIRMED:123000"", ""DIR:DIVISLAB:2026-07-31:003:UP:115400:DIRECTIONAL_COMPLETED:123000"", ""DIR:DIVISLAB:2026-07-31:004:DOWN:123000:DIRECTIONAL_REVERSAL_LEG_STARTED:123000""]",NONE,"[""REVERSAL:WAIT""]",2026-07-31T12:30:00+05:30,DIVISLAB,21,True,0,TRADE_DECISION_NOT_ALLOWED,NOT_ELIGIBLE
,,"{""FILLED"": 21}",0,0,"{""FILLED"": 15, ""NONE"": 6}",915,,,0,6,,,,,NO_ACTION,,,,,,,,NO_EVENT,NONE,[],NONE,[],2026-07-31T12:30:00+05:30,EXIDEIND,21,False,0,,NO_SIGNAL
DIR:FORCEMOT:2026-07-31:002:UP:105400:DIRECTIONAL_REVERSAL_LEG_ESTABLISHED:110000,CAND:32b3a707960484f98d8399a7,"{""FILLED"": 21}",0,0,"{""FILLED"": 15, ""NONE"": 6}",916,HOLD_POSITION,CAUTION,0,6,OPP:32b3a707960484f98d8399a7,CAND:32b3a707960484f98d8399a7,OPP:32b3a707960484f98d8399a7,False,HOLD,NO_CREATION_EVENT,NONE,UNKNOWN,76d65cfd-3f5f-5419-81f1-24a924660ce7,NO_CURRENT_CREATION_EVENT,TRANSITION,OPEN,NO_EVENT,NONE,[],FAILED_BACK_INSIDE,"[""CONTINUATION:BLOCK"", ""REACCELERATION:BLOCK"", ""REVERSAL:BLOCK""]",2026-07-31T12:30:00+05:30,FORCEMOT,21,False,0,,ALREADY_DEPLOYED
,,"{""FILLED"": 21}",0,0,"{""FILLED"": 15, ""NONE"": 6}",917,,,0,6,,,,,NO_ACTION,,,,,,,,NO_EVENT,NONE,[],LOCKED,"[""CONTINUATION:BLOCK"", ""REACCELERATION:BLOCK"", ""REVERSAL:BLOCK""]",2026-07-31T12:30:00+05:30,GLENMARK,21,False,0,,NO_SIGNAL
BAL:INDUSTOWER:2026-07-31:001:NEUTRAL:110900:BALANCE_ESCAPE_FAILED:115400,CAND:296c26607039b07e87c6f497,"{""FILLED"": 21}",0,0,"{""FILLED"": 15, ""NONE"": 6}",918,HOLD_POSITION,CAUTION,0,6,OPP:296c26607039b07e87c6f497,CAND:296c26607039b07e87c6f497,OPP:296c26607039b07e87c6f497,False,HOLD,NO_CREATION_EVENT,NONE,UNKNOWN,6c1d311c-b1e4-503d-9f2d-3a50df29da5d,NO_CURRENT_CREATION_EVENT,TRANSITION,OPEN,NO_EVENT,NONE,[],FAILED_BACK_INSIDE,"[""CONTINUATION:BLOCK"", ""REACCELERATION:BLOCK"", ""REVERSAL:BLOCK""]",2026-07-31T12:30:00+05:30,INDUSTOWER,21,True,0,TRADE_DECISION_NOT_ALLOWED,NOT_ELIGIBLE
BAL:KALYANKJIL:2026-07-31:002:NEUTRAL:105100:BALANCE_ESCAPE_STARTED:112700,CAND:4a3872010c190995b2d63ff8,"{""FILLED"": 21}",0,0,"{""FILLED"": 15, ""NONE"": 6}",919,HOLD_POSITION,CAUTION,0,6,OPP:4a3872010c190995b2d63ff8,CAND:4a3872010c190995b2d63ff8,OPP:4a3872010c190995b2d63ff8,False,HOLD,NO_CREATION_EVENT,DIRECTIONAL,OPPOSED,fe205a27-ef8f-5bf7-9192-94593d799d94,AUTHORITATIVE_DIRECTION_OPPOSED,WEAKENING,OPEN,DIRECTIONAL_REVERSAL_LEG_ESTABLISHED,DIRECTIONAL,"[""DIR:KALYANKJIL:2026-07-31:008:DOWN:122400:DIRECTIONAL_REVERSAL_LEG_ESTABLISHED:123000""]",NONE,"[""REVERSAL:PERMIT""]",2026-07-31T12:30:00+05:30,KALYANKJIL,21,False,0,,ALREADY_DEPLOYED
DIR:MANAPPURAM:2026-07-31:006:UP:111200:DIRECTIONAL_REVERSAL_LEG_ESTABLISHED:112100,CAND:7316c4a2330c742a8803fe6c,"{""FILLED"": 21}",0,0,"{""FILLED"": 15, ""NONE"": 6}",920,HOLD_POSITION,CAUTION,0,6,OPP:7316c4a2330c742a8803fe6c,CAND:7316c4a2330c742a8803fe6c,OPP:7316c4a2330c742a8803fe6c,False,HOLD,NO_CREATION_EVENT,NONE,UNKNOWN,50c51811-b112-5f0f-9fcc-a1422ceea97c,NO_CURRENT_CREATION_EVENT,TRANSITION,OPEN,BALANCE_PROBABLE,NONE,"[""BAL:MANAPPURAM:2026-07-31:003:NEUTRAL:113900:BALANCE_PROBABLE:123000""]",PROBABLE,[],2026-07-31T12:30:00+05:30,MANAPPURAM,21,False,0,,ALREADY_DEPLOYED
BAL:PERSISTENT:2026-07-31:002:NEUTRAL:103600:BALANCE_ESCAPE_STARTED:110600,CAND:6e00ceac84968df1df4d7495,"{""FILLED"": 21}",0,0,"{""FILLED"": 15, ""NONE"": 6}",921,HOLD_POSITION,CAUTION,0,6,OPP:6e00ceac84968df1df4d7495,CAND:6e00ceac84968df1df4d7495,OPP:6e00ceac84968df1df4d7495,False,HOLD,NO_CREATION_EVENT,REVERSAL_WATCH,ALIGNED,cad8805e-c102-57a4-96c7-d70c9c07f5cc,AUTHORITATIVE_REVERSAL_WATCH,PROTECT,OPEN,NO_EVENT,REVERSAL_WATCH,[],NONE,[],2026-07-31T12:30:00+05:30,PERSISTENT,21,False,0,,ALREADY_DEPLOYED
BAL:POWERINDIA:2026-07-31:001:NEUTRAL:095100:BALANCE_ESCAPE_FAILED:113000,CAND:dc1ab160fa1ee75a10189da6,"{""FILLED"": 21}",0,0,"{""FILLED"": 15, ""NONE"": 6}",922,HOLD_POSITION,CAUTION,0,6,OPP:dc1ab160fa1ee75a10189da6,CAND:dc1ab160fa1ee75a10189da6,OPP:dc1ab160fa1ee75a10189da6,False,HOLD,NO_CREATION_EVENT,REVERSAL_WATCH,ALIGNED,57fbc3b0-0822-51b7-8515-450ea6586841,AUTHORITATIVE_REVERSAL_WATCH,PROTECT,OPEN,NO_EVENT,REVERSAL_WATCH,[],LOCKED,"[""CONTINUATION:BLOCK"", ""REACCELERATION:BLOCK"", ""REVERSAL:BLOCK""]",2026-07-31T12:30:00+05:30,POWERINDIA,21,True,0,TRADE_DECISION_NOT_ALLOWED,NOT_ELIGIBLE
BAL:TCS:2026-07-31:001:NEUTRAL:100600:BALANCE_ESCAPE_STARTED:103600,CAND:02506b9e9c36e94d0d5e2f0e,"{""FILLED"": 21}",0,0,"{""FILLED"": 15, ""NONE"": 6}",923,FORCE_EXIT,EXIT,0,6,OPP:02506b9e9c36e94d0d5e2f0e,CAND:02506b9e9c36e94d0d5e2f0e,OPP:02506b9e9c36e94d0d5e2f0e,True,NO_ACTION,EVENT_INVALIDATE,NONE,UNKNOWN,8ea01a85-4efa-5849-ac33-c03e0b01cda8,BALANCE_ESCAPE_FAILED_INVALIDATED_SETUP,FORCE_EXIT,INVALIDATED,NO_EVENT,NONE,[],FAILED_BACK_INSIDE,"[""CONTINUATION:BLOCK"", ""REACCELERATION:BLOCK"", ""REVERSAL:BLOCK""]",2026-07-31T12:30:00+05:30,TCS,21,True,0,TRADE_DECISION_NOT_ALLOWED,NOT_ELIGIBLE
DIR:TORNTPHARM:2026-07-31:002:UP:105700:DIRECTIONAL_REVERSAL_LEG_ESTABLISHED:110300,CAND:dcb490f7068f3aeab3ab074f,"{""FILLED"": 21}",0,0,"{""FILLED"": 15, ""NONE"": 6}",924,FORCE_EXIT,EXIT,0,6,OPP:dcb490f7068f3aeab3ab074f,CAND:dcb490f7068f3aeab3ab074f,OPP:dcb490f7068f3aeab3ab074f,True,NO_ACTION,EVENT_INVALIDATE,DIRECTIONAL,ALIGNED,099dd7de-7081-52f9-9bd2-655c56b6256c,DIRECTIONAL_TREND_RESTORED_INVALIDATED_SETUP,FORCE_EXIT,INVALIDATED,"DIRECTIONAL_REVERSAL_CONFIRMED,DIRECTIONAL_COMPLETED,DIRECTIONAL_REVERSAL_LEG_STARTED",REVERSAL_LEG,"[""DIR:TORNTPHARM:2026-07-31:004:UP:121500:DIRECTIONAL_REVERSAL_CONFIRMED:123000"", ""DIR:TORNTPHARM:2026-07-31:004:UP:121500:DIRECTIONAL_COMPLETED:123000"", ""DIR:TORNTPHARM:2026-07-31:005:DOWN:123000:DIRECTIONAL_REVERSAL_LEG_STARTED:123000""]",PROBABLE,"[""REVERSAL:WAIT""]",2026-07-31T12:30:00+05:30,TORNTPHARM,21,False,0,,ALREADY_DEPLOYED
,,"{""FILLED"": 21}",0,0,"{""FILLED"": 15, ""NONE"": 6}",925,,,0,6,,,,,NO_ACTION,,,,,,,,NO_EVENT,DIRECTIONAL,[],NONE,[],2026-07-31T12:33:00+05:30,BHEL,21,False,0,,NO_SIGNAL
DIR:CHOLAFIN:2026-07-31:002:DOWN:102400:DIRECTIONAL_REVERSAL_LEG_ESTABLISHED:103300,CAND:c91e30e559c61ae9e4a8e30d,"{""FILLED"": 21}",0,0,"{""FILLED"": 15, ""NONE"": 6}",926,FORCE_EXIT,EXIT,0,6,OPP:c91e30e559c61ae9e4a8e30d,CAND:c91e30e559c61ae9e4a8e30d,OPP:c91e30e559c61ae9e4a8e30d,True,NO_ACTION,EVENT_INVALIDATE,DIRECTIONAL,OPPOSED,aee40fe8-7759-5cec-902a-0db152fe528d,DIRECTIONAL_TREND_RESTORED_INVALIDATED_OPPOSITE_ACTIVE_SIGNAL,FORCE_EXIT,INVALIDATED,NO_EVENT,MATURE,[],NONE,[],2026-07-31T12:33:00+05:30,CHOLAFIN,21,True,0,TRADE_DECISION_NOT_ALLOWED,NOT_ELIGIBLE
DIR:COFORGE:2026-07-31:002:DOWN:101500:DIRECTIONAL_REVERSAL_LEG_ESTABLISHED:102400,CAND:995ee50ff305357125723e26,"{""FILLED"": 21}",0,0,"{""FILLED"": 15, ""NONE"": 6}",927,HOLD_POSITION,CAUTION,0,6,OPP:995ee50ff305357125723e26,CAND:995ee50ff305357125723e26,OPP:995ee50ff305357125723e26,False,HOLD,NO_CREATION_EVENT,NONE,UNKNOWN,2afed6e7-898c-5a79-8bf5-1d7891f21ccb,NO_CURRENT_CREATION_EVENT,TRANSITION,OPEN,NO_EVENT,NONE,[],LOCKED,"[""CONTINUATION:BLOCK"", ""REACCELERATION:BLOCK"", ""REVERSAL:BLOCK""]",2026-07-31T12:33:00+05:30,COFORGE,21,False,0,,ALREADY_DEPLOYED
DIR:DIVISLAB:2026-07-31:002:DOWN:100600:DIRECTIONAL_REVERSAL_LEG_ESTABLISHED:101800,CAND:6644484c352c701feebfdf31,"{""FILLED"": 21}",0,0,"{""FILLED"": 15, ""NONE"": 6}",928,HOLD_POSITION,STRENGTHEN,0,6,OPP:6644484c352c701feebfdf31,CAND:6644484c352c701feebfdf31,OPP:6644484c352c701feebfdf31,False,HOLD,NO_CREATION_EVENT,REVERSAL_LEG,ALIGNED,a73cb6c9-a388-53f1-92b2-41820e34edd3,AUTHORITATIVE_DIRECTIONAL_ALIGNED,ACTIVE,OPEN,NO_EVENT,REVERSAL_LEG,[],NONE,[],2026-07-31T12:33:00+05:30,DIVISLAB,21,True,0,TRADE_DECISION_NOT_ALLOWED,NOT_ELIGIBLE
,,"{""FILLED"": 21}",0,0,"{""FILLED"": 15, ""NONE"": 6}",929,,,0,6,,,,,NO_ACTION,,,,,,,,NO_EVENT,NONE,[],NONE,[],2026-07-31T12:33:00+05:30,EXIDEIND,21,False,0,,NO_SIGNAL
DIR:FORCEMOT:2026-07-31:002:UP:105400:DIRECTIONAL_REVERSAL_LEG_ESTABLISHED:110000,CAND:32b3a707960484f98d8399a7,"{""FILLED"": 21}",0,0,"{""FILLED"": 15, ""NONE"": 6}",930,HOLD_POSITION,CAUTION,0,6,OPP:32b3a707960484f98d8399a7,CAND:32b3a707960484f98d8399a7,OPP:32b3a707960484f98d8399a7,False,HOLD,NO_CREATION_EVENT,NONE,UNKNOWN,76d65cfd-3f5f-5419-81f1-24a924660ce7,NO_CURRENT_CREATION_EVENT,TRANSITION,OPEN,NO_EVENT,NONE,[],FAILED_BACK_INSIDE,"[""CONTINUATION:BLOCK"", ""REACCELERATION:BLOCK"", ""REVERSAL:BLOCK""]",2026-07-31T12:33:00+05:30,FORCEMOT,21,False,0,,ALREADY_DEPLOYED
,,"{""FILLED"": 21}",0,0,"{""FILLED"": 15, ""NONE"": 6}",931,,,0,6,,,,,NO_ACTION,,,,,,,,NO_EVENT,NONE,[],LOCKED,"[""CONTINUATION:BLOCK"", ""REACCELERATION:BLOCK"", ""REVERSAL:BLOCK""]",2026-07-31T12:33:00+05:30,GLENMARK,21,False,0,,NO_SIGNAL
BAL:INDUSTOWER:2026-07-31:001:NEUTRAL:110900:BALANCE_ESCAPE_FAILED:115400,CAND:296c26607039b07e87c6f497,"{""FILLED"": 21}",0,0,"{""FILLED"": 15, ""NONE"": 6}",932,HOLD_POSITION,CAUTION,0,6,OPP:296c26607039b07e87c6f497,CAND:296c26607039b07e87c6f497,OPP:296c26607039b07e87c6f497,False,HOLD,NO_CREATION_EVENT,NONE,UNKNOWN,6c1d311c-b1e4-503d-9f2d-3a50df29da5d,NO_CURRENT_CREATION_EVENT,TRANSITION,OPEN,NO_EVENT,NONE,[],FAILED_BACK_INSIDE,"[""CONTINUATION:BLOCK"", ""REACCELERATION:BLOCK"", ""REVERSAL:BLOCK""]",2026-07-31T12:33:00+05:30,INDUSTOWER,21,True,0,TRADE_DECISION_NOT_ALLOWED,NOT_ELIGIBLE
BAL:KALYANKJIL:2026-07-31:002:NEUTRAL:105100:BALANCE_ESCAPE_STARTED:112700,CAND:4a3872010c190995b2d63ff8,"{""FILLED"": 21}",0,0,"{""FILLED"": 15, ""NONE"": 6}",933,HOLD_POSITION,CAUTION,0,6,OPP:4a3872010c190995b2d63ff8,CAND:4a3872010c190995b2d63ff8,OPP:4a3872010c190995b2d63ff8,False,HOLD,NO_CREATION_EVENT,DIRECTIONAL,OPPOSED,fe205a27-ef8f-5bf7-9192-94593d799d94,AUTHORITATIVE_DIRECTION_OPPOSED,WEAKENING,OPEN,NO_EVENT,DIRECTIONAL,[],NONE,[],2026-07-31T12:33:00+05:30,KALYANKJIL,21,False,0,,ALREADY_DEPLOYED
DIR:MANAPPURAM:2026-07-31:006:UP:111200:DIRECTIONAL_REVERSAL_LEG_ESTABLISHED:112100,CAND:7316c4a2330c742a8803fe6c,"{""FILLED"": 21}",0,0,"{""FILLED"": 15, ""NONE"": 6}",934,HOLD_POSITION,CAUTION,0,6,OPP:7316c4a2330c742a8803fe6c,CAND:7316c4a2330c742a8803fe6c,OPP:7316c4a2330c742a8803fe6c,False,HOLD,NO_CREATION_EVENT,NONE,UNKNOWN,50c51811-b112-5f0f-9fcc-a1422ceea97c,NO_CURRENT_CREATION_EVENT,TRANSITION,OPEN,NO_EVENT,NONE,[],PROBABLE,[],2026-07-31T12:33:00+05:30,MANAPPURAM,21,False,0,,ALREADY_DEPLOYED
BAL:PERSISTENT:2026-07-31:002:NEUTRAL:103600:BALANCE_ESCAPE_STARTED:110600,CAND:6e00ceac84968df1df4d7495,"{""FILLED"": 21}",0,0,"{""FILLED"": 15, ""NONE"": 6}",935,HOLD_POSITION,STRENGTHEN,0,6,OPP:6e00ceac84968df1df4d7495,CAND:6e00ceac84968df1df4d7495,OPP:6e00ceac84968df1df4d7495,False,HOLD,NO_CREATION_EVENT,DIRECTIONAL,ALIGNED,cad8805e-c102-57a4-96c7-d70c9c07f5cc,AUTHORITATIVE_DIRECTIONAL_ALIGNED,ACTIVE,OPEN,DIRECTIONAL_TREND_RESTORED,DIRECTIONAL,"[""DIR:PERSISTENT:2026-07-31:003:UP:112100:DIRECTIONAL_TREND_RESTORED:123300""]",NONE,"[""CONTINUATION:PERMIT""]",2026-07-31T12:33:00+05:30,PERSISTENT,21,False,0,,ALREADY_DEPLOYED
BAL:POWERINDIA:2026-07-31:001:NEUTRAL:095100:BALANCE_ESCAPE_FAILED:113000,CAND:dc1ab160fa1ee75a10189da6,"{""FILLED"": 21}",0,0,"{""FILLED"": 15, ""NONE"": 6}",936,HOLD_POSITION,CAUTION,0,6,OPP:dc1ab160fa1ee75a10189da6,CAND:dc1ab160fa1ee75a10189da6,OPP:dc1ab160fa1ee75a10189da6,False,HOLD,NO_CREATION_EVENT,REVERSAL_WATCH,ALIGNED,57fbc3b0-0822-51b7-8515-450ea6586841,AUTHORITATIVE_REVERSAL_WATCH,PROTECT,OPEN,NO_EVENT,REVERSAL_WATCH,[],LOCKED,"[""CONTINUATION:BLOCK"", ""REACCELERATION:BLOCK"", ""REVERSAL:BLOCK""]",2026-07-31T12:33:00+05:30,POWERINDIA,21,True,0,TRADE_DECISION_NOT_ALLOWED,NOT_ELIGIBLE
BAL:TCS:2026-07-31:001:NEUTRAL:100600:BALANCE_ESCAPE_STARTED:103600,CAND:02506b9e9c36e94d0d5e2f0e,"{""FILLED"": 21}",0,0,"{""FILLED"": 15, ""NONE"": 6}",937,FORCE_EXIT,EXIT,0,6,OPP:02506b9e9c36e94d0d5e2f0e,CAND:02506b9e9c36e94d0d5e2f0e,OPP:02506b9e9c36e94d0d5e2f0e,True,NO_ACTION,EVENT_INVALIDATE,NONE,UNKNOWN,8ea01a85-4efa-5849-ac33-c03e0b01cda8,BALANCE_ESCAPE_FAILED_INVALIDATED_SETUP,FORCE_EXIT,INVALIDATED,NO_EVENT,NONE,[],FAILED_BACK_INSIDE,"[""CONTINUATION:BLOCK"", ""REACCELERATION:BLOCK"", ""REVERSAL:BLOCK""]",2026-07-31T12:33:00+05:30,TCS,21,True,0,TRADE_DECISION_NOT_ALLOWED,NOT_ELIGIBLE
DIR:TORNTPHARM:2026-07-31:002:UP:105700:DIRECTIONAL_REVERSAL_LEG_ESTABLISHED:110300,CAND:dcb490f7068f3aeab3ab074f,"{""FILLED"": 21}",0,0,"{""FILLED"": 15, ""NONE"": 6}",938,FORCE_EXIT,EXIT,0,6,OPP:dcb490f7068f3aeab3ab074f,CAND:dcb490f7068f3aeab3ab074f,OPP:dcb490f7068f3aeab3ab074f,True,NO_ACTION,EVENT_INVALIDATE,DIRECTIONAL,ALIGNED,099dd7de-7081-52f9-9bd2-655c56b6256c,DIRECTIONAL_TREND_RESTORED_INVALIDATED_SETUP,FORCE_EXIT,INVALIDATED,NO_EVENT,REVERSAL_LEG,[],PROBABLE,[],2026-07-31T12:33:00+05:30,TORNTPHARM,21,False,0,,ALREADY_DEPLOYED
,,"{""FILLED"": 21}",0,3,"{""FILLED"": 18, ""NONE"": 3}",939,,,0,6,,,,,NO_ACTION,,,,,,,,DIRECTIONAL_MATURED,MATURE,"[""DIR:BHEL:2026-07-31:006:UP:122700:DIRECTIONAL_MATURED:123600""]",NONE,[],2026-07-31T12:36:00+05:30,BHEL,21,False,0,,NO_SIGNAL
DIR:CHOLAFIN:2026-07-31:002:DOWN:102400:DIRECTIONAL_REVERSAL_LEG_ESTABLISHED:103300,CAND:c91e30e559c61ae9e4a8e30d,"{""FILLED"": 21}",0,0,"{""FILLED"": 18, ""NONE"": 3}",940,FORCE_EXIT,EXIT,0,3,OPP:c91e30e559c61ae9e4a8e30d,CAND:c91e30e559c61ae9e4a8e30d,OPP:c91e30e559c61ae9e4a8e30d,True,NO_ACTION,EVENT_INVALIDATE,DIRECTIONAL,OPPOSED,aee40fe8-7759-5cec-902a-0db152fe528d,DIRECTIONAL_TREND_RESTORED_INVALIDATED_OPPOSITE_ACTIVE_SIGNAL,FORCE_EXIT,INVALIDATED,NO_EVENT,MATURE,[],NONE,[],2026-07-31T12:36:00+05:30,CHOLAFIN,21,True,0,TRADE_DECISION_NOT_ALLOWED,NOT_ELIGIBLE
DIR:COFORGE:2026-07-31:002:DOWN:101500:DIRECTIONAL_REVERSAL_LEG_ESTABLISHED:102400,CAND:995ee50ff305357125723e26,"{""FILLED"": 21}",0,0,"{""FILLED"": 18, ""NONE"": 3}",941,HOLD_POSITION,CAUTION,0,3,OPP:995ee50ff305357125723e26,CAND:995ee50ff305357125723e26,OPP:995ee50ff305357125723e26,False,HOLD,NO_CREATION_EVENT,NONE,UNKNOWN,2afed6e7-898c-5a79-8bf5-1d7891f21ccb,NO_CURRENT_CREATION_EVENT,TRANSITION,OPEN,NO_EVENT,NONE,[],LOCKED,"[""CONTINUATION:BLOCK"", ""REACCELERATION:BLOCK"", ""REVERSAL:BLOCK""]",2026-07-31T12:36:00+05:30,COFORGE,21,False,0,,ALREADY_DEPLOYED
DIR:DIVISLAB:2026-07-31:002:DOWN:100600:DIRECTIONAL_REVERSAL_LEG_ESTABLISHED:101800,CAND:6644484c352c701feebfdf31,"{""FILLED"": 21}",0,0,"{""FILLED"": 18, ""NONE"": 3}",942,HOLD_POSITION,STRENGTHEN,0,3,OPP:6644484c352c701feebfdf31,CAND:6644484c352c701feebfdf31,OPP:6644484c352c701feebfdf31,False,HOLD,NO_CREATION_EVENT,REVERSAL_LEG,ALIGNED,a73cb6c9-a388-53f1-92b2-41820e34edd3,AUTHORITATIVE_DIRECTIONAL_ALIGNED,ACTIVE,OPEN,NO_EVENT,REVERSAL_LEG,[],NONE,[],2026-07-31T12:36:00+05:30,DIVISLAB,21,True,0,TRADE_DECISION_NOT_ALLOWED,NOT_ELIGIBLE
,,"{""FILLED"": 21}",0,0,"{""FILLED"": 18, ""NONE"": 3}",943,,,0,3,,,,,NO_ACTION,,,,,,,,NO_EVENT,NONE,[],NONE,[],2026-07-31T12:36:00+05:30,EXIDEIND,21,False,0,,NO_SIGNAL
DIR:FORCEMOT:2026-07-31:002:UP:105400:DIRECTIONAL_REVERSAL_LEG_ESTABLISHED:110000,CAND:32b3a707960484f98d8399a7,"{""FILLED"": 21}",0,0,"{""FILLED"": 18, ""NONE"": 3}",944,HOLD_POSITION,CAUTION,0,3,OPP:32b3a707960484f98d8399a7,CAND:32b3a707960484f98d8399a7,OPP:32b3a707960484f98d8399a7,False,HOLD,NO_CREATION_EVENT,NONE,UNKNOWN,76d65cfd-3f5f-5419-81f1-24a924660ce7,NO_CURRENT_CREATION_EVENT,TRANSITION,OPEN,NO_EVENT,NONE,[],FAILED_BACK_INSIDE,"[""CONTINUATION:BLOCK"", ""REACCELERATION:BLOCK"", ""REVERSAL:BLOCK""]",2026-07-31T12:36:00+05:30,FORCEMOT,21,False,0,,ALREADY_DEPLOYED
,,"{""FILLED"": 21}",0,0,"{""FILLED"": 18, ""NONE"": 3}",945,,,0,3,,,,,NO_ACTION,,,,,,,,NO_EVENT,NONE,[],LOCKED,"[""CONTINUATION:BLOCK"", ""REACCELERATION:BLOCK"", ""REVERSAL:BLOCK""]",2026-07-31T12:36:00+05:30,GLENMARK,21,False,0,,NO_SIGNAL
BAL:INDUSTOWER:2026-07-31:001:NEUTRAL:110900:BALANCE_ESCAPE_FAILED:115400,CAND:296c26607039b07e87c6f497,"{""FILLED"": 21}",0,0,"{""FILLED"": 18, ""NONE"": 3}",946,HOLD_POSITION,CAUTION,0,3,OPP:296c26607039b07e87c6f497,CAND:296c26607039b07e87c6f497,OPP:296c26607039b07e87c6f497,False,HOLD,NO_CREATION_EVENT,NONE,UNKNOWN,6c1d311c-b1e4-503d-9f2d-3a50df29da5d,NO_CURRENT_CREATION_EVENT,TRANSITION,OPEN,NO_EVENT,NONE,[],FAILED_BACK_INSIDE,"[""CONTINUATION:BLOCK"", ""REACCELERATION:BLOCK"", ""REVERSAL:BLOCK""]",2026-07-31T12:36:00+05:30,INDUSTOWER,21,True,0,TRADE_DECISION_NOT_ALLOWED,NOT_ELIGIBLE
BAL:KALYANKJIL:2026-07-31:002:NEUTRAL:105100:BALANCE_ESCAPE_STARTED:112700,CAND:4a3872010c190995b2d63ff8,"{""FILLED"": 21}",0,0,"{""FILLED"": 18, ""NONE"": 3}",947,HOLD_POSITION,CAUTION,0,3,OPP:4a3872010c190995b2d63ff8,CAND:4a3872010c190995b2d63ff8,OPP:4a3872010c190995b2d63ff8,False,HOLD,NO_CREATION_EVENT,DIRECTIONAL,OPPOSED,fe205a27-ef8f-5bf7-9192-94593d799d94,AUTHORITATIVE_DIRECTION_OPPOSED,WEAKENING,OPEN,NO_EVENT,DIRECTIONAL,[],NONE,[],2026-07-31T12:36:00+05:30,KALYANKJIL,21,False,0,,ALREADY_DEPLOYED
DIR:MANAPPURAM:2026-07-31:006:UP:111200:DIRECTIONAL_REVERSAL_LEG_ESTABLISHED:112100,CAND:7316c4a2330c742a8803fe6c,"{""FILLED"": 21}",0,0,"{""FILLED"": 18, ""NONE"": 3}",948,HOLD_POSITION,CAUTION,0,3,OPP:7316c4a2330c742a8803fe6c,CAND:7316c4a2330c742a8803fe6c,OPP:7316c4a2330c742a8803fe6c,False,HOLD,NO_CREATION_EVENT,NONE,UNKNOWN,50c51811-b112-5f0f-9fcc-a1422ceea97c,NO_CURRENT_CREATION_EVENT,TRANSITION,OPEN,NO_EVENT,NONE,[],PROBABLE,[],2026-07-31T12:36:00+05:30,MANAPPURAM,21,False,0,,ALREADY_DEPLOYED
BAL:PERSISTENT:2026-07-31:002:NEUTRAL:103600:BALANCE_ESCAPE_STARTED:110600,CAND:6e00ceac84968df1df4d7495,"{""FILLED"": 21}",0,0,"{""FILLED"": 18, ""NONE"": 3}",949,HOLD_POSITION,STRENGTHEN,0,3,OPP:6e00ceac84968df1df4d7495,CAND:6e00ceac84968df1df4d7495,OPP:6e00ceac84968df1df4d7495,False,HOLD,NO_CREATION_EVENT,MATURE,ALIGNED,cad8805e-c102-57a4-96c7-d70c9c07f5cc,AUTHORITATIVE_DIRECTIONAL_MATURE,EXPAND,OPEN,DIRECTIONAL_MATURED,MATURE,"[""DIR:PERSISTENT:2026-07-31:003:UP:112100:DIRECTIONAL_MATURED:123600""]",NONE,[],2026-07-31T12:36:00+05:30,PERSISTENT,21,False,0,,ALREADY_DEPLOYED
BAL:POWERINDIA:2026-07-31:001:NEUTRAL:095100:BALANCE_ESCAPE_FAILED:113000,CAND:dc1ab160fa1ee75a10189da6,"{""FILLED"": 21}",0,0,"{""FILLED"": 18, ""NONE"": 3}",950,HOLD_POSITION,CAUTION,0,3,OPP:dc1ab160fa1ee75a10189da6,CAND:dc1ab160fa1ee75a10189da6,OPP:dc1ab160fa1ee75a10189da6,False,HOLD,NO_CREATION_EVENT,REVERSAL_WATCH,ALIGNED,57fbc3b0-0822-51b7-8515-450ea6586841,AUTHORITATIVE_REVERSAL_WATCH,PROTECT,OPEN,NO_EVENT,REVERSAL_WATCH,[],LOCKED,"[""CONTINUATION:BLOCK"", ""REACCELERATION:BLOCK"", ""REVERSAL:BLOCK""]",2026-07-31T12:36:00+05:30,POWERINDIA,21,True,0,TRADE_DECISION_NOT_ALLOWED,NOT_ELIGIBLE
BAL:TCS:2026-07-31:001:NEUTRAL:100600:BALANCE_ESCAPE_STARTED:103600,CAND:02506b9e9c36e94d0d5e2f0e,"{""FILLED"": 21}",0,0,"{""FILLED"": 18, ""NONE"": 3}",951,FORCE_EXIT,EXIT,0,3,OPP:02506b9e9c36e94d0d5e2f0e,CAND:02506b9e9c36e94d0d5e2f0e,OPP:02506b9e9c36e94d0d5e2f0e,True,NO_ACTION,EVENT_INVALIDATE,NONE,UNKNOWN,8ea01a85-4efa-5849-ac33-c03e0b01cda8,BALANCE_ESCAPE_FAILED_INVALIDATED_SETUP,FORCE_EXIT,INVALIDATED,NO_EVENT,NONE,[],FAILED_BACK_INSIDE,"[""CONTINUATION:BLOCK"", ""REACCELERATION:BLOCK"", ""REVERSAL:BLOCK""]",2026-07-31T12:36:00+05:30,TCS,21,True,0,TRADE_DECISION_NOT_ALLOWED,NOT_ELIGIBLE
DIR:TORNTPHARM:2026-07-31:002:UP:105700:DIRECTIONAL_REVERSAL_LEG_ESTABLISHED:110300,CAND:dcb490f7068f3aeab3ab074f,"{""FILLED"": 21}",0,0,"{""FILLED"": 18, ""NONE"": 3}",952,FORCE_EXIT,EXIT,0,3,OPP:dcb490f7068f3aeab3ab074f,CAND:dcb490f7068f3aeab3ab074f,OPP:dcb490f7068f3aeab3ab074f,True,NO_ACTION,EVENT_INVALIDATE,DIRECTIONAL,ALIGNED,099dd7de-7081-52f9-9bd2-655c56b6256c,DIRECTIONAL_TREND_RESTORED_INVALIDATED_SETUP,FORCE_EXIT,INVALIDATED,BALANCE_COMPLETED,REVERSAL_LEG,"[""BAL:TORNTPHARM:2026-07-31:004:NEUTRAL:121500:BALANCE_COMPLETED:123600""]",COMPLETED,[],2026-07-31T12:36:00+05:30,TORNTPHARM,21,False,0,,ALREADY_DEPLOYED
,,"{""FILLED"": 21}",0,0,"{""FILLED"": 18, ""NONE"": 3}",953,,,0,3,,,,,NO_ACTION,,,,,,,,REVERSAL_WATCH_STARTED,REVERSAL_WATCH,"[""DIR:BHEL:2026-07-31:006:UP:122700:REVERSAL_WATCH_STARTED:123900""]",NONE,[],2026-07-31T12:39:00+05:30,BHEL,21,False,0,,NO_SIGNAL
DIR:CHOLAFIN:2026-07-31:002:DOWN:102400:DIRECTIONAL_REVERSAL_LEG_ESTABLISHED:103300,CAND:c91e30e559c61ae9e4a8e30d,"{""FILLED"": 21}",0,0,"{""FILLED"": 18, ""NONE"": 3}",954,FORCE_EXIT,EXIT,0,3,OPP:c91e30e559c61ae9e4a8e30d,CAND:c91e30e559c61ae9e4a8e30d,OPP:c91e30e559c61ae9e4a8e30d,True,NO_ACTION,EVENT_INVALIDATE,DIRECTIONAL,OPPOSED,aee40fe8-7759-5cec-902a-0db152fe528d,DIRECTIONAL_TREND_RESTORED_INVALIDATED_OPPOSITE_ACTIVE_SIGNAL,FORCE_EXIT,INVALIDATED,REVERSAL_WATCH_STARTED,REVERSAL_WATCH,"[""DIR:CHOLAFIN:2026-07-31:003:UP:104500:REVERSAL_WATCH_STARTED:123900""]",NONE,[],2026-07-31T12:39:00+05:30,CHOLAFIN,21,True,0,TRADE_DECISION_NOT_ALLOWED,NOT_ELIGIBLE
DIR:COFORGE:2026-07-31:002:DOWN:101500:DIRECTIONAL_REVERSAL_LEG_ESTABLISHED:102400,CAND:995ee50ff305357125723e26,"{""FILLED"": 21}",0,0,"{""FILLED"": 18, ""NONE"": 3}",955,HOLD_POSITION,CAUTION,0,3,OPP:995ee50ff305357125723e26,CAND:995ee50ff305357125723e26,OPP:995ee50ff305357125723e26,False,HOLD,NO_CREATION_EVENT,NONE,UNKNOWN,2afed6e7-898c-5a79-8bf5-1d7891f21ccb,NO_CURRENT_CREATION_EVENT,TRANSITION,OPEN,NO_EVENT,NONE,[],LOCKED,"[""CONTINUATION:BLOCK"", ""REACCELERATION:BLOCK"", ""REVERSAL:BLOCK""]",2026-07-31T12:39:00+05:30,COFORGE,21,False,0,,ALREADY_DEPLOYED
DIR:DIVISLAB:2026-07-31:002:DOWN:100600:DIRECTIONAL_REVERSAL_LEG_ESTABLISHED:101800,CAND:6644484c352c701feebfdf31,"{""FILLED"": 21}",0,0,"{""FILLED"": 18, ""NONE"": 3}",956,FORCE_EXIT,EXIT,0,3,OPP:6644484c352c701feebfdf31,CAND:6644484c352c701feebfdf31,OPP:6644484c352c701feebfdf31,True,CLOSE,EVENT_INVALIDATE,COMPLETED,ALIGNED,a73cb6c9-a388-53f1-92b2-41820e34edd3,DIRECTIONAL_REVERSAL_LEG_FAILED_INVALIDATED_OPPOSITE_ACTIVE_SIGNAL,FORCE_EXIT,INVALIDATED,"DIRECTIONAL_REVERSAL_LEG_FAILED,DIRECTIONAL_COMPLETED",COMPLETED,"[""DIR:DIVISLAB:2026-07-31:004:DOWN:123000:DIRECTIONAL_REVERSAL_LEG_FAILED:123900"", ""DIR:DIVISLAB:2026-07-31:004:DOWN:123000:DIRECTIONAL_COMPLETED:123900""]",NONE,[],2026-07-31T12:39:00+05:30,DIVISLAB,21,True,0,TRADE_DECISION_NOT_ALLOWED,NOT_ELIGIBLE
,,"{""FILLED"": 21}",0,0,"{""FILLED"": 18, ""NONE"": 3}",957,,,0,3,,,,,NO_ACTION,,,,,,,,NO_EVENT,NONE,[],NONE,[],2026-07-31T12:39:00+05:30,EXIDEIND,21,False,0,,NO_SIGNAL
DIR:FORCEMOT:2026-07-31:002:UP:105400:DIRECTIONAL_REVERSAL_LEG_ESTABLISHED:110000,CAND:32b3a707960484f98d8399a7,"{""FILLED"": 21}",0,0,"{""FILLED"": 18, ""NONE"": 3}",958,HOLD_POSITION,CAUTION,0,3,OPP:32b3a707960484f98d8399a7,CAND:32b3a707960484f98d8399a7,OPP:32b3a707960484f98d8399a7,False,HOLD,NO_CREATION_EVENT,NONE,UNKNOWN,76d65cfd-3f5f-5419-81f1-24a924660ce7,NO_CURRENT_CREATION_EVENT,TRANSITION,OPEN,NO_EVENT,NONE,[],FAILED_BACK_INSIDE,"[""CONTINUATION:BLOCK"", ""REACCELERATION:BLOCK"", ""REVERSAL:BLOCK""]",2026-07-31T12:39:00+05:30,FORCEMOT,21,False,0,,ALREADY_DEPLOYED
,,"{""FILLED"": 21}",0,0,"{""FILLED"": 18, ""NONE"": 3}",959,,,0,3,,,,,NO_ACTION,,,,,,,,NO_EVENT,NONE,[],LOCKED,"[""CONTINUATION:BLOCK"", ""REACCELERATION:BLOCK"", ""REVERSAL:BLOCK""]",2026-07-31T12:39:00+05:30,GLENMARK,21,False,0,,NO_SIGNAL
BAL:INDUSTOWER:2026-07-31:001:NEUTRAL:110900:BALANCE_ESCAPE_FAILED:115400,CAND:296c26607039b07e87c6f497,"{""FILLED"": 21}",0,0,"{""FILLED"": 18, ""NONE"": 3}",960,HOLD_POSITION,CAUTION,0,3,OPP:296c26607039b07e87c6f497,CAND:296c26607039b07e87c6f497,OPP:296c26607039b07e87c6f497,False,HOLD,NO_CREATION_EVENT,NONE,UNKNOWN,6c1d311c-b1e4-503d-9f2d-3a50df29da5d,NO_CURRENT_CREATION_EVENT,TRANSITION,OPEN,NO_EVENT,NONE,[],FAILED_BACK_INSIDE,"[""CONTINUATION:BLOCK"", ""REACCELERATION:BLOCK"", ""REVERSAL:BLOCK""]",2026-07-31T12:39:00+05:30,INDUSTOWER,21,True,0,TRADE_DECISION_NOT_ALLOWED,NOT_ELIGIBLE
BAL:KALYANKJIL:2026-07-31:002:NEUTRAL:105100:BALANCE_ESCAPE_STARTED:112700,CAND:4a3872010c190995b2d63ff8,"{""FILLED"": 21}",0,0,"{""FILLED"": 18, ""NONE"": 3}",961,HOLD_POSITION,CAUTION,0,3,OPP:4a3872010c190995b2d63ff8,CAND:4a3872010c190995b2d63ff8,OPP:4a3872010c190995b2d63ff8,False,HOLD,NO_CREATION_EVENT,DIRECTIONAL,OPPOSED,fe205a27-ef8f-5bf7-9192-94593d799d94,AUTHORITATIVE_DIRECTION_OPPOSED,WEAKENING,OPEN,NO_EVENT,DIRECTIONAL,[],NONE,[],2026-07-31T12:39:00+05:30,KALYANKJIL,21,False,0,,ALREADY_DEPLOYED
DIR:MANAPPURAM:2026-07-31:006:UP:111200:DIRECTIONAL_REVERSAL_LEG_ESTABLISHED:112100,CAND:7316c4a2330c742a8803fe6c,"{""FILLED"": 21}",0,0,"{""FILLED"": 18, ""NONE"": 3}",962,HOLD_POSITION,CAUTION,0,3,OPP:7316c4a2330c742a8803fe6c,CAND:7316c4a2330c742a8803fe6c,OPP:7316c4a2330c742a8803fe6c,False,HOLD,NO_CREATION_EVENT,NONE,UNKNOWN,50c51811-b112-5f0f-9fcc-a1422ceea97c,NO_CURRENT_CREATION_EVENT,TRANSITION,OPEN,NO_EVENT,NONE,[],PROBABLE,[],2026-07-31T12:39:00+05:30,MANAPPURAM,21,False,0,,ALREADY_DEPLOYED
BAL:PERSISTENT:2026-07-31:002:NEUTRAL:103600:BALANCE_ESCAPE_STARTED:110600,CAND:6e00ceac84968df1df4d7495,"{""FILLED"": 21}",0,0,"{""FILLED"": 18, ""NONE"": 3}",963,HOLD_POSITION,CAUTION,0,3,OPP:6e00ceac84968df1df4d7495,CAND:6e00ceac84968df1df4d7495,OPP:6e00ceac84968df1df4d7495,False,HOLD,NO_CREATION_EVENT,REVERSAL_WATCH,ALIGNED,cad8805e-c102-57a4-96c7-d70c9c07f5cc,AUTHORITATIVE_REVERSAL_WATCH,PROTECT,OPEN,"BALANCE_FORMING_STARTED,REVERSAL_WATCH_STARTED",REVERSAL_WATCH,"[""BAL:PERSISTENT:2026-07-31:004:NEUTRAL:123900:BALANCE_FORMING_STARTED:123900"", ""DIR:PERSISTENT:2026-07-31:003:UP:112100:REVERSAL_WATCH_STARTED:123900""]",FORMING,[],2026-07-31T12:39:00+05:30,PERSISTENT,21,False,0,,ALREADY_DEPLOYED
BAL:POWERINDIA:2026-07-31:001:NEUTRAL:095100:BALANCE_ESCAPE_FAILED:113000,CAND:dc1ab160fa1ee75a10189da6,"{""FILLED"": 21}",0,0,"{""FILLED"": 18, ""NONE"": 3}",964,HOLD_POSITION,CAUTION,0,3,OPP:dc1ab160fa1ee75a10189da6,CAND:dc1ab160fa1ee75a10189da6,OPP:dc1ab160fa1ee75a10189da6,False,HOLD,NO_CREATION_EVENT,REVERSAL_WATCH,ALIGNED,57fbc3b0-0822-51b7-8515-450ea6586841,AUTHORITATIVE_REVERSAL_WATCH,PROTECT,OPEN,BALANCE_ESCAPE_STARTED,REVERSAL_WATCH,"[""BAL:POWERINDIA:2026-07-31:001:NEUTRAL:095100:BALANCE_ESCAPE_STARTED:123900""]",ESCAPE_WATCH,"[""ACCEPTED_BREAKOUT:WAIT"", ""BREAKOUT_INITIATION:PERMIT"", ""CONTINUATION:BLOCK"", ""FAILED_BREAKOUT:WAIT"", ""REACCELERATION:BLOCK"", ""REVERSAL:BLOCK""]",2026-07-31T12:39:00+05:30,POWERINDIA,21,True,0,TRADE_DECISION_NOT_ALLOWED,NOT_ELIGIBLE
BAL:TCS:2026-07-31:001:NEUTRAL:100600:BALANCE_ESCAPE_STARTED:103600,CAND:02506b9e9c36e94d0d5e2f0e,"{""FILLED"": 21}",0,0,"{""FILLED"": 18, ""NONE"": 3}",965,FORCE_EXIT,EXIT,0,3,OPP:02506b9e9c36e94d0d5e2f0e,CAND:02506b9e9c36e94d0d5e2f0e,OPP:02506b9e9c36e94d0d5e2f0e,True,NO_ACTION,EVENT_INVALIDATE,NONE,UNKNOWN,8ea01a85-4efa-5849-ac33-c03e0b01cda8,BALANCE_ESCAPE_FAILED_INVALIDATED_SETUP,FORCE_EXIT,INVALIDATED,NO_EVENT,NONE,[],FAILED_BACK_INSIDE,"[""CONTINUATION:BLOCK"", ""REACCELERATION:BLOCK"", ""REVERSAL:BLOCK""]",2026-07-31T12:39:00+05:30,TCS,21,True,0,TRADE_DECISION_NOT_ALLOWED,NOT_ELIGIBLE
DIR:TORNTPHARM:2026-07-31:002:UP:105700:DIRECTIONAL_REVERSAL_LEG_ESTABLISHED:110300,CAND:dcb490f7068f3aeab3ab074f,"{""FILLED"": 21}",0,0,"{""FILLED"": 18, ""NONE"": 3}",966,FORCE_EXIT,EXIT,0,3,OPP:dcb490f7068f3aeab3ab074f,CAND:dcb490f7068f3aeab3ab074f,OPP:dcb490f7068f3aeab3ab074f,True,NO_ACTION,EVENT_INVALIDATE,DIRECTIONAL,ALIGNED,099dd7de-7081-52f9-9bd2-655c56b6256c,DIRECTIONAL_TREND_RESTORED_INVALIDATED_SETUP,FORCE_EXIT,INVALIDATED,NO_EVENT,REVERSAL_LEG,[],NONE,[],2026-07-31T12:39:00+05:30,TORNTPHARM,21,False,0,,ALREADY_DEPLOYED
,,"{""FILLED"": 21}",0,0,"{""FILLED"": 18, ""NONE"": 3}",967,,,0,3,,,,,NO_ACTION,,,,,,,,NO_EVENT,REVERSAL_WATCH,[],NONE,[],2026-07-31T12:42:00+05:30,BHEL,21,False,0,,NO_SIGNAL
DIR:CHOLAFIN:2026-07-31:002:DOWN:102400:DIRECTIONAL_REVERSAL_LEG_ESTABLISHED:103300,CAND:c91e30e559c61ae9e4a8e30d,"{""FILLED"": 21}",0,0,"{""FILLED"": 18, ""NONE"": 3}",968,FORCE_EXIT,EXIT,0,3,OPP:c91e30e559c61ae9e4a8e30d,CAND:c91e30e559c61ae9e4a8e30d,OPP:c91e30e559c61ae9e4a8e30d,True,NO_ACTION,EVENT_INVALIDATE,DIRECTIONAL,OPPOSED,aee40fe8-7759-5cec-902a-0db152fe528d,DIRECTIONAL_TREND_RESTORED_INVALIDATED_OPPOSITE_ACTIVE_SIGNAL,FORCE_EXIT,INVALIDATED,NO_EVENT,REVERSAL_WATCH,[],NONE,[],2026-07-31T12:42:00+05:30,CHOLAFIN,21,True,0,TRADE_DECISION_NOT_ALLOWED,NOT_ELIGIBLE
DIR:COFORGE:2026-07-31:002:DOWN:101500:DIRECTIONAL_REVERSAL_LEG_ESTABLISHED:102400,CAND:995ee50ff305357125723e26,"{""FILLED"": 21}",0,0,"{""FILLED"": 18, ""NONE"": 3}",969,HOLD_POSITION,CAUTION,0,3,OPP:995ee50ff305357125723e26,CAND:995ee50ff305357125723e26,OPP:995ee50ff305357125723e26,False,HOLD,NO_CREATION_EVENT,NONE,UNKNOWN,2afed6e7-898c-5a79-8bf5-1d7891f21ccb,NO_CURRENT_CREATION_EVENT,TRANSITION,OPEN,NO_EVENT,NONE,[],LOCKED,"[""CONTINUATION:BLOCK"", ""REACCELERATION:BLOCK"", ""REVERSAL:BLOCK""]",2026-07-31T12:42:00+05:30,COFORGE,21,False,0,,ALREADY_DEPLOYED
DIR:DIVISLAB:2026-07-31:002:DOWN:100600:DIRECTIONAL_REVERSAL_LEG_ESTABLISHED:101800,CAND:6644484c352c701feebfdf31,"{""FILLED"": 21}",0,0,"{""FILLED"": 18, ""NONE"": 3}",970,FORCE_EXIT,EXIT,0,3,OPP:6644484c352c701feebfdf31,CAND:6644484c352c701feebfdf31,OPP:6644484c352c701feebfdf31,True,NO_ACTION,EVENT_INVALIDATE,COMPLETED,ALIGNED,a73cb6c9-a388-53f1-92b2-41820e34edd3,DIRECTIONAL_REVERSAL_LEG_FAILED_INVALIDATED_OPPOSITE_ACTIVE_SIGNAL,FORCE_EXIT,INVALIDATED,NO_EVENT,NONE,[],NONE,[],2026-07-31T12:42:00+05:30,DIVISLAB,21,True,0,TRADE_DECISION_NOT_ALLOWED,NOT_ELIGIBLE
,,"{""FILLED"": 21}",0,0,"{""FILLED"": 18, ""NONE"": 3}",971,,,0,3,,,,,NO_ACTION,,,,,,,,NO_EVENT,NONE,[],NONE,[],2026-07-31T12:42:00+05:30,EXIDEIND,21,False,0,,NO_SIGNAL
DIR:FORCEMOT:2026-07-31:002:UP:105400:DIRECTIONAL_REVERSAL_LEG_ESTABLISHED:110000,CAND:32b3a707960484f98d8399a7,"{""FILLED"": 21}",0,0,"{""FILLED"": 18, ""NONE"": 3}",972,HOLD_POSITION,CAUTION,0,3,OPP:32b3a707960484f98d8399a7,CAND:32b3a707960484f98d8399a7,OPP:32b3a707960484f98d8399a7,False,HOLD,NO_CREATION_EVENT,NONE,UNKNOWN,76d65cfd-3f5f-5419-81f1-24a924660ce7,NO_CURRENT_CREATION_EVENT,TRANSITION,OPEN,NO_EVENT,NONE,[],FAILED_BACK_INSIDE,"[""CONTINUATION:BLOCK"", ""REACCELERATION:BLOCK"", ""REVERSAL:BLOCK""]",2026-07-31T12:42:00+05:30,FORCEMOT,21,False,0,,ALREADY_DEPLOYED
,,"{""FILLED"": 21}",0,0,"{""FILLED"": 18, ""NONE"": 3}",973,,,0,3,,,,,NO_ACTION,,,,,,,,NO_EVENT,NONE,[],LOCKED,"[""CONTINUATION:BLOCK"", ""REACCELERATION:BLOCK"", ""REVERSAL:BLOCK""]",2026-07-31T12:42:00+05:30,GLENMARK,21,False,0,,NO_SIGNAL
BAL:INDUSTOWER:2026-07-31:001:NEUTRAL:110900:BALANCE_ESCAPE_FAILED:115400,CAND:296c26607039b07e87c6f497,"{""FILLED"": 21}",0,0,"{""FILLED"": 18, ""NONE"": 3}",974,HOLD_POSITION,CAUTION,0,3,OPP:296c26607039b07e87c6f497,CAND:296c26607039b07e87c6f497,OPP:296c26607039b07e87c6f497,False,HOLD,NO_CREATION_EVENT,NONE,UNKNOWN,6c1d311c-b1e4-503d-9f2d-3a50df29da5d,NO_CURRENT_CREATION_EVENT,TRANSITION,OPEN,NO_EVENT,NONE,[],FAILED_BACK_INSIDE,"[""CONTINUATION:BLOCK"", ""REACCELERATION:BLOCK"", ""REVERSAL:BLOCK""]",2026-07-31T12:42:00+05:30,INDUSTOWER,21,True,0,TRADE_DECISION_NOT_ALLOWED,NOT_ELIGIBLE
BAL:KALYANKJIL:2026-07-31:002:NEUTRAL:105100:BALANCE_ESCAPE_STARTED:112700,CAND:4a3872010c190995b2d63ff8,"{""FILLED"": 21}",0,0,"{""FILLED"": 18, ""NONE"": 3}",975,HOLD_POSITION,CAUTION,0,3,OPP:4a3872010c190995b2d63ff8,CAND:4a3872010c190995b2d63ff8,OPP:4a3872010c190995b2d63ff8,False,HOLD,NO_CREATION_EVENT,DIRECTIONAL,OPPOSED,fe205a27-ef8f-5bf7-9192-94593d799d94,AUTHORITATIVE_DIRECTION_OPPOSED,WEAKENING,OPEN,NO_EVENT,DIRECTIONAL,[],NONE,[],2026-07-31T12:42:00+05:30,KALYANKJIL,21,False,0,,ALREADY_DEPLOYED
DIR:MANAPPURAM:2026-07-31:006:UP:111200:DIRECTIONAL_REVERSAL_LEG_ESTABLISHED:112100,CAND:7316c4a2330c742a8803fe6c,"{""FILLED"": 21}",0,0,"{""FILLED"": 18, ""NONE"": 3}",976,HOLD_POSITION,CAUTION,0,3,OPP:7316c4a2330c742a8803fe6c,CAND:7316c4a2330c742a8803fe6c,OPP:7316c4a2330c742a8803fe6c,False,HOLD,NO_CREATION_EVENT,NONE,UNKNOWN,50c51811-b112-5f0f-9fcc-a1422ceea97c,NO_CURRENT_CREATION_EVENT,TRANSITION,OPEN,BALANCE_COMPLETED,NONE,"[""BAL:MANAPPURAM:2026-07-31:003:NEUTRAL:113900:BALANCE_COMPLETED:124200""]",COMPLETED,[],2026-07-31T12:42:00+05:30,MANAPPURAM,21,False,0,,ALREADY_DEPLOYED
BAL:PERSISTENT:2026-07-31:002:NEUTRAL:103600:BALANCE_ESCAPE_STARTED:110600,CAND:6e00ceac84968df1df4d7495,"{""FILLED"": 21}",0,0,"{""FILLED"": 18, ""NONE"": 3}",977,HOLD_POSITION,CAUTION,0,3,OPP:6e00ceac84968df1df4d7495,CAND:6e00ceac84968df1df4d7495,OPP:6e00ceac84968df1df4d7495,False,HOLD,NO_CREATION_EVENT,REVERSAL_WATCH,ALIGNED,cad8805e-c102-57a4-96c7-d70c9c07f5cc,AUTHORITATIVE_REVERSAL_WATCH,PROTECT,OPEN,NO_EVENT,REVERSAL_WATCH,[],FORMING,[],2026-07-31T12:42:00+05:30,PERSISTENT,21,False,0,,ALREADY_DEPLOYED
BAL:POWERINDIA:2026-07-31:001:NEUTRAL:095100:BALANCE_ESCAPE_FAILED:113000,CAND:dc1ab160fa1ee75a10189da6,"{""FILLED"": 21}",0,0,"{""FILLED"": 18, ""NONE"": 3}",978,HOLD_POSITION,STRENGTHEN,0,3,OPP:dc1ab160fa1ee75a10189da6,CAND:dc1ab160fa1ee75a10189da6,OPP:dc1ab160fa1ee75a10189da6,False,HOLD,NO_CREATION_EVENT,DIRECTIONAL,ALIGNED,57fbc3b0-0822-51b7-8515-450ea6586841,AUTHORITATIVE_DIRECTIONAL_ALIGNED,ACTIVE,OPEN,"BALANCE_ESCAPE_ACCEPTED,DIRECTIONAL_TREND_RESTORED",DIRECTIONAL,"[""BAL:POWERINDIA:2026-07-31:001:NEUTRAL:095100:BALANCE_ESCAPE_ACCEPTED:124200"", ""DIR:POWERINDIA:2026-07-31:003:UP:100300:DIRECTIONAL_TREND_RESTORED:124200""]",ACCEPTED_OUTSIDE,"[""ACCEPTED_BREAKOUT:PERMIT"", ""CONTINUATION:PERMIT""]",2026-07-31T12:42:00+05:30,POWERINDIA,21,True,0,TRADE_DECISION_NOT_ALLOWED,NOT_ELIGIBLE
BAL:TCS:2026-07-31:001:NEUTRAL:100600:BALANCE_ESCAPE_STARTED:103600,CAND:02506b9e9c36e94d0d5e2f0e,"{""FILLED"": 21}",0,0,"{""FILLED"": 18, ""NONE"": 3}",979,FORCE_EXIT,EXIT,0,3,OPP:02506b9e9c36e94d0d5e2f0e,CAND:02506b9e9c36e94d0d5e2f0e,OPP:02506b9e9c36e94d0d5e2f0e,True,NO_ACTION,EVENT_INVALIDATE,NONE,UNKNOWN,8ea01a85-4efa-5849-ac33-c03e0b01cda8,BALANCE_ESCAPE_FAILED_INVALIDATED_SETUP,FORCE_EXIT,INVALIDATED,NO_EVENT,NONE,[],FAILED_BACK_INSIDE,"[""CONTINUATION:BLOCK"", ""REACCELERATION:BLOCK"", ""REVERSAL:BLOCK""]",2026-07-31T12:42:00+05:30,TCS,21,True,0,TRADE_DECISION_NOT_ALLOWED,NOT_ELIGIBLE
DIR:TORNTPHARM:2026-07-31:002:UP:105700:DIRECTIONAL_REVERSAL_LEG_ESTABLISHED:110300,CAND:dcb490f7068f3aeab3ab074f,"{""FILLED"": 21}",0,0,"{""FILLED"": 18, ""NONE"": 3}",980,FORCE_EXIT,EXIT,0,3,OPP:dcb490f7068f3aeab3ab074f,CAND:dcb490f7068f3aeab3ab074f,OPP:dcb490f7068f3aeab3ab074f,True,NO_ACTION,EVENT_INVALIDATE,DIRECTIONAL,ALIGNED,099dd7de-7081-52f9-9bd2-655c56b6256c,DIRECTIONAL_TREND_RESTORED_INVALIDATED_SETUP,FORCE_EXIT,INVALIDATED,DIRECTIONAL_REVERSAL_LEG_ESTABLISHED,DIRECTIONAL,"[""DIR:TORNTPHARM:2026-07-31:005:DOWN:123000:DIRECTIONAL_REVERSAL_LEG_ESTABLISHED:124200""]",NONE,"[""REVERSAL:PERMIT""]",2026-07-31T12:42:00+05:30,TORNTPHARM,21,False,0,,ALREADY_DEPLOYED
,,"{""FILLED"": 21}",0,0,"{""FILLED"": 18, ""NONE"": 3}",981,,,0,3,,,,,NO_ACTION,,,,,,,,NO_EVENT,REVERSAL_WATCH,[],NONE,[],2026-07-31T12:45:00+05:30,BHEL,21,False,0,,NO_SIGNAL
DIR:CHOLAFIN:2026-07-31:002:DOWN:102400:DIRECTIONAL_REVERSAL_LEG_ESTABLISHED:103300,CAND:c91e30e559c61ae9e4a8e30d,"{""FILLED"": 21}",0,0,"{""FILLED"": 18, ""NONE"": 3}",982,FORCE_EXIT,EXIT,0,3,OPP:c91e30e559c61ae9e4a8e30d,CAND:c91e30e559c61ae9e4a8e30d,OPP:c91e30e559c61ae9e4a8e30d,True,NO_ACTION,EVENT_INVALIDATE,DIRECTIONAL,OPPOSED,aee40fe8-7759-5cec-902a-0db152fe528d,DIRECTIONAL_TREND_RESTORED_INVALIDATED_OPPOSITE_ACTIVE_SIGNAL,FORCE_EXIT,INVALIDATED,NO_EVENT,REVERSAL_WATCH,[],NONE,[],2026-07-31T12:45:00+05:30,CHOLAFIN,21,True,0,TRADE_DECISION_NOT_ALLOWED,NOT_ELIGIBLE
DIR:COFORGE:2026-07-31:002:DOWN:101500:DIRECTIONAL_REVERSAL_LEG_ESTABLISHED:102400,CAND:995ee50ff305357125723e26,"{""FILLED"": 21}",0,0,"{""FILLED"": 18, ""NONE"": 3}",983,HOLD_POSITION,CAUTION,0,3,OPP:995ee50ff305357125723e26,CAND:995ee50ff305357125723e26,OPP:995ee50ff305357125723e26,False,HOLD,NO_CREATION_EVENT,NONE,UNKNOWN,2afed6e7-898c-5a79-8bf5-1d7891f21ccb,NO_CURRENT_CREATION_EVENT,TRANSITION,OPEN,NO_EVENT,NONE,[],LOCKED,"[""CONTINUATION:BLOCK"", ""REACCELERATION:BLOCK"", ""REVERSAL:BLOCK""]",2026-07-31T12:45:00+05:30,COFORGE,21,False,0,,ALREADY_DEPLOYED
DIR:DIVISLAB:2026-07-31:002:DOWN:100600:DIRECTIONAL_REVERSAL_LEG_ESTABLISHED:101800,CAND:6644484c352c701feebfdf31,"{""FILLED"": 21}",0,0,"{""FILLED"": 18, ""NONE"": 3}",984,FORCE_EXIT,EXIT,0,3,OPP:6644484c352c701feebfdf31,CAND:6644484c352c701feebfdf31,OPP:6644484c352c701feebfdf31,True,NO_ACTION,EVENT_INVALIDATE,COMPLETED,ALIGNED,a73cb6c9-a388-53f1-92b2-41820e34edd3,DIRECTIONAL_REVERSAL_LEG_FAILED_INVALIDATED_OPPOSITE_ACTIVE_SIGNAL,FORCE_EXIT,INVALIDATED,DIRECTIONAL_STARTED,DIRECTIONAL,"[""DIR:DIVISLAB:2026-07-31:005:UP:124500:DIRECTIONAL_STARTED:124500""]",NONE,[],2026-07-31T12:45:00+05:30,DIVISLAB,21,True,0,TRADE_DECISION_NOT_ALLOWED,NOT_ELIGIBLE
,,"{""FILLED"": 21}",0,0,"{""FILLED"": 18, ""NONE"": 3}",985,,,0,3,,,,,NO_ACTION,,,,,,,,DIRECTIONAL_STARTED,DIRECTIONAL,"[""DIR:EXIDEIND:2026-07-31:004:UP:124500:DIRECTIONAL_STARTED:124500""]",NONE,[],2026-07-31T12:45:00+05:30,EXIDEIND,21,False,0,,NO_SIGNAL
DIR:FORCEMOT:2026-07-31:002:UP:105400:DIRECTIONAL_REVERSAL_LEG_ESTABLISHED:110000,CAND:32b3a707960484f98d8399a7,"{""FILLED"": 21}",0,0,"{""FILLED"": 18, ""NONE"": 3}",986,HOLD_POSITION,CAUTION,0,3,OPP:32b3a707960484f98d8399a7,CAND:32b3a707960484f98d8399a7,OPP:32b3a707960484f98d8399a7,False,HOLD,NO_CREATION_EVENT,NONE,UNKNOWN,76d65cfd-3f5f-5419-81f1-24a924660ce7,NO_CURRENT_CREATION_EVENT,TRANSITION,OPEN,NO_EVENT,NONE,[],FAILED_BACK_INSIDE,"[""CONTINUATION:BLOCK"", ""REACCELERATION:BLOCK"", ""REVERSAL:BLOCK""]",2026-07-31T12:45:00+05:30,FORCEMOT,21,False,0,,ALREADY_DEPLOYED
,,"{""FILLED"": 21}",0,0,"{""FILLED"": 18, ""NONE"": 3}",987,,,0,3,,,,,NO_ACTION,,,,,,,,NO_EVENT,NONE,[],LOCKED,"[""CONTINUATION:BLOCK"", ""REACCELERATION:BLOCK"", ""REVERSAL:BLOCK""]",2026-07-31T12:45:00+05:30,GLENMARK,21,False,0,,NO_SIGNAL
BAL:INDUSTOWER:2026-07-31:001:NEUTRAL:110900:BALANCE_ESCAPE_FAILED:115400,CAND:296c26607039b07e87c6f497,"{""FILLED"": 21}",0,0,"{""FILLED"": 18, ""NONE"": 3}",988,HOLD_POSITION,CAUTION,0,3,OPP:296c26607039b07e87c6f497,CAND:296c26607039b07e87c6f497,OPP:296c26607039b07e87c6f497,False,HOLD,NO_CREATION_EVENT,NONE,UNKNOWN,6c1d311c-b1e4-503d-9f2d-3a50df29da5d,NO_CURRENT_CREATION_EVENT,TRANSITION,OPEN,NO_EVENT,NONE,[],FAILED_BACK_INSIDE,"[""CONTINUATION:BLOCK"", ""REACCELERATION:BLOCK"", ""REVERSAL:BLOCK""]",2026-07-31T12:45:00+05:30,INDUSTOWER,21,True,0,TRADE_DECISION_NOT_ALLOWED,NOT_ELIGIBLE
BAL:KALYANKJIL:2026-07-31:002:NEUTRAL:105100:BALANCE_ESCAPE_STARTED:112700,CAND:4a3872010c190995b2d63ff8,"{""FILLED"": 21}",0,0,"{""FILLED"": 18, ""NONE"": 3}",989,HOLD_POSITION,CAUTION,0,3,OPP:4a3872010c190995b2d63ff8,CAND:4a3872010c190995b2d63ff8,OPP:4a3872010c190995b2d63ff8,False,HOLD,NO_CREATION_EVENT,MATURE,OPPOSED,fe205a27-ef8f-5bf7-9192-94593d799d94,AUTHORITATIVE_DIRECTION_OPPOSED,WEAKENING,OPEN,DIRECTIONAL_MATURED,MATURE,"[""DIR:KALYANKJIL:2026-07-31:008:DOWN:122400:DIRECTIONAL_MATURED:124500""]",NONE,[],2026-07-31T12:45:00+05:30,KALYANKJIL,21,False,0,,ALREADY_DEPLOYED
DIR:MANAPPURAM:2026-07-31:006:UP:111200:DIRECTIONAL_REVERSAL_LEG_ESTABLISHED:112100,CAND:7316c4a2330c742a8803fe6c,"{""FILLED"": 21}",0,0,"{""FILLED"": 18, ""NONE"": 3}",990,HOLD_POSITION,CAUTION,0,3,OPP:7316c4a2330c742a8803fe6c,CAND:7316c4a2330c742a8803fe6c,OPP:7316c4a2330c742a8803fe6c,False,HOLD,NO_CREATION_EVENT,NONE,UNKNOWN,50c51811-b112-5f0f-9fcc-a1422ceea97c,NO_CURRENT_CREATION_EVENT,TRANSITION,OPEN,NO_EVENT,NONE,[],NONE,[],2026-07-31T12:45:00+05:30,MANAPPURAM,21,False,0,,ALREADY_DEPLOYED
BAL:PERSISTENT:2026-07-31:002:NEUTRAL:103600:BALANCE_ESCAPE_STARTED:110600,CAND:6e00ceac84968df1df4d7495,"{""FILLED"": 21}",0,0,"{""FILLED"": 18, ""NONE"": 3}",991,HOLD_POSITION,CAUTION,0,3,OPP:6e00ceac84968df1df4d7495,CAND:6e00ceac84968df1df4d7495,OPP:6e00ceac84968df1df4d7495,False,HOLD,NO_CREATION_EVENT,REVERSAL_WATCH,ALIGNED,cad8805e-c102-57a4-96c7-d70c9c07f5cc,AUTHORITATIVE_REVERSAL_WATCH,PROTECT,OPEN,NO_EVENT,REVERSAL_WATCH,[],FORMING,[],2026-07-31T12:45:00+05:30,PERSISTENT,21,False,0,,ALREADY_DEPLOYED
BAL:POWERINDIA:2026-07-31:001:NEUTRAL:095100:BALANCE_ESCAPE_FAILED:113000,CAND:dc1ab160fa1ee75a10189da6,"{""FILLED"": 21}",0,0,"{""FILLED"": 18, ""NONE"": 3}",992,HOLD_POSITION,STRENGTHEN,0,3,OPP:dc1ab160fa1ee75a10189da6,CAND:dc1ab160fa1ee75a10189da6,OPP:dc1ab160fa1ee75a10189da6,False,HOLD,NO_CREATION_EVENT,MATURE,ALIGNED,57fbc3b0-0822-51b7-8515-450ea6586841,AUTHORITATIVE_DIRECTIONAL_MATURE,EXPAND,OPEN,"BALANCE_COMPLETED,DIRECTIONAL_MATURED",MATURE,"[""BAL:POWERINDIA:2026-07-31:001:NEUTRAL:095100:BALANCE_COMPLETED:124500"", ""DIR:POWERINDIA:2026-07-31:003:UP:100300:DIRECTIONAL_MATURED:124500""]",COMPLETED,[],2026-07-31T12:45:00+05:30,POWERINDIA,21,True,0,TRADE_DECISION_NOT_ALLOWED,NOT_ELIGIBLE
BAL:TCS:2026-07-31:001:NEUTRAL:100600:BALANCE_ESCAPE_STARTED:103600,CAND:02506b9e9c36e94d0d5e2f0e,"{""FILLED"": 21}",0,0,"{""FILLED"": 18, ""NONE"": 3}",993,FORCE_EXIT,EXIT,0,3,OPP:02506b9e9c36e94d0d5e2f0e,CAND:02506b9e9c36e94d0d5e2f0e,OPP:02506b9e9c36e94d0d5e2f0e,True,NO_ACTION,EVENT_INVALIDATE,NONE,UNKNOWN,8ea01a85-4efa-5849-ac33-c03e0b01cda8,BALANCE_ESCAPE_FAILED_INVALIDATED_SETUP,FORCE_EXIT,INVALIDATED,NO_EVENT,NONE,[],FAILED_BACK_INSIDE,"[""CONTINUATION:BLOCK"", ""REACCELERATION:BLOCK"", ""REVERSAL:BLOCK""]",2026-07-31T12:45:00+05:30,TCS,21,True,0,TRADE_DECISION_NOT_ALLOWED,NOT_ELIGIBLE
DIR:TORNTPHARM:2026-07-31:002:UP:105700:DIRECTIONAL_REVERSAL_LEG_ESTABLISHED:110300,CAND:dcb490f7068f3aeab3ab074f,"{""FILLED"": 21}",0,0,"{""FILLED"": 18, ""NONE"": 3}",994,FORCE_EXIT,EXIT,0,3,OPP:dcb490f7068f3aeab3ab074f,CAND:dcb490f7068f3aeab3ab074f,OPP:dcb490f7068f3aeab3ab074f,True,NO_ACTION,EVENT_INVALIDATE,DIRECTIONAL,ALIGNED,099dd7de-7081-52f9-9bd2-655c56b6256c,DIRECTIONAL_TREND_RESTORED_INVALIDATED_SETUP,FORCE_EXIT,INVALIDATED,NO_EVENT,DIRECTIONAL,[],NONE,[],2026-07-31T12:45:00+05:30,TORNTPHARM,21,False,0,,ALREADY_DEPLOYED
,,"{""FILLED"": 21}",0,0,"{""FILLED"": 18, ""NONE"": 3}",995,,,0,3,,,,,NO_ACTION,,,,,,,,NO_EVENT,REVERSAL_WATCH,[],NONE,[],2026-07-31T12:48:00+05:30,BHEL,21,False,0,,NO_SIGNAL
DIR:CHOLAFIN:2026-07-31:002:DOWN:102400:DIRECTIONAL_REVERSAL_LEG_ESTABLISHED:103300,CAND:c91e30e559c61ae9e4a8e30d,"{""FILLED"": 21}",0,0,"{""FILLED"": 18, ""NONE"": 3}",996,FORCE_EXIT,EXIT,0,3,OPP:c91e30e559c61ae9e4a8e30d,CAND:c91e30e559c61ae9e4a8e30d,OPP:c91e30e559c61ae9e4a8e30d,True,NO_ACTION,EVENT_INVALIDATE,DIRECTIONAL,OPPOSED,aee40fe8-7759-5cec-902a-0db152fe528d,DIRECTIONAL_TREND_RESTORED_INVALIDATED_OPPOSITE_ACTIVE_SIGNAL,FORCE_EXIT,INVALIDATED,"DIRECTIONAL_REVERSAL_CONFIRMED,DIRECTIONAL_COMPLETED,DIRECTIONAL_REVERSAL_LEG_STARTED",REVERSAL_LEG,"[""DIR:CHOLAFIN:2026-07-31:003:UP:104500:DIRECTIONAL_REVERSAL_CONFIRMED:124800"", ""DIR:CHOLAFIN:2026-07-31:003:UP:104500:DIRECTIONAL_COMPLETED:124800"", ""DIR:CHOLAFIN:2026-07-31:004:DOWN:124800:DIRECTIONAL_REVERSAL_LEG_STARTED:124800""]",NONE,"[""REVERSAL:WAIT""]",2026-07-31T12:48:00+05:30,CHOLAFIN,21,True,0,TRADE_DECISION_NOT_ALLOWED,NOT_ELIGIBLE
DIR:COFORGE:2026-07-31:002:DOWN:101500:DIRECTIONAL_REVERSAL_LEG_ESTABLISHED:102400,CAND:995ee50ff305357125723e26,"{""FILLED"": 21}",0,0,"{""FILLED"": 18, ""NONE"": 3}",997,HOLD_POSITION,CAUTION,0,3,OPP:995ee50ff305357125723e26,CAND:995ee50ff305357125723e26,OPP:995ee50ff305357125723e26,False,HOLD,NO_CREATION_EVENT,NONE,UNKNOWN,2afed6e7-898c-5a79-8bf5-1d7891f21ccb,NO_CURRENT_CREATION_EVENT,TRANSITION,OPEN,NO_EVENT,NONE,[],LOCKED,"[""CONTINUATION:BLOCK"", ""REACCELERATION:BLOCK"", ""REVERSAL:BLOCK""]",2026-07-31T12:48:00+05:30,COFORGE,21,False,0,,ALREADY_DEPLOYED
DIR:DIVISLAB:2026-07-31:002:DOWN:100600:DIRECTIONAL_REVERSAL_LEG_ESTABLISHED:101800,CAND:6644484c352c701feebfdf31,"{""FILLED"": 21}",0,0,"{""FILLED"": 18, ""NONE"": 3}",998,FORCE_EXIT,EXIT,0,3,OPP:6644484c352c701feebfdf31,CAND:6644484c352c701feebfdf31,OPP:6644484c352c701feebfdf31,True,NO_ACTION,EVENT_INVALIDATE,COMPLETED,ALIGNED,a73cb6c9-a388-53f1-92b2-41820e34edd3,DIRECTIONAL_REVERSAL_LEG_FAILED_INVALIDATED_OPPOSITE_ACTIVE_SIGNAL,FORCE_EXIT,INVALIDATED,NO_EVENT,DIRECTIONAL,[],NONE,[],2026-07-31T12:48:00+05:30,DIVISLAB,21,True,0,TRADE_DECISION_NOT_ALLOWED,NOT_ELIGIBLE
,,"{""FILLED"": 21}",0,0,"{""FILLED"": 18, ""NONE"": 3}",999,,,0,3,,,,,NO_ACTION,,,,,,,,DIRECTIONAL_MATURED,MATURE,"[""DIR:EXIDEIND:2026-07-31:004:UP:124500:DIRECTIONAL_MATURED:124800""]",NONE,[],2026-07-31T12:48:00+05:30,EXIDEIND,21,False,0,,NO_SIGNAL
DIR:FORCEMOT:2026-07-31:002:UP:105400:DIRECTIONAL_REVERSAL_LEG_ESTABLISHED:110000,CAND:32b3a707960484f98d8399a7,"{""FILLED"": 21}",0,0,"{""FILLED"": 18, ""NONE"": 3}",1000,HOLD_POSITION,CAUTION,0,3,OPP:32b3a707960484f98d8399a7,CAND:32b3a707960484f98d8399a7,OPP:32b3a707960484f98d8399a7,False,HOLD,NO_CREATION_EVENT,NONE,UNKNOWN,76d65cfd-3f5f-5419-81f1-24a924660ce7,NO_CURRENT_CREATION_EVENT,TRANSITION,OPEN,NO_EVENT,NONE,[],FAILED_BACK_INSIDE,"[""CONTINUATION:BLOCK"", ""REACCELERATION:BLOCK"", ""REVERSAL:BLOCK""]",2026-07-31T12:48:00+05:30,FORCEMOT,21,False,0,,ALREADY_DEPLOYED
,,"{""FILLED"": 21}",0,0,"{""FILLED"": 18, ""NONE"": 3}",1001,,,0,3,,,,,NO_ACTION,,,,,,,,NO_EVENT,NONE,[],LOCKED,"[""CONTINUATION:BLOCK"", ""REACCELERATION:BLOCK"", ""REVERSAL:BLOCK""]",2026-07-31T12:48:00+05:30,GLENMARK,21,False,0,,NO_SIGNAL
BAL:INDUSTOWER:2026-07-31:001:NEUTRAL:110900:BALANCE_ESCAPE_FAILED:115400,CAND:296c26607039b07e87c6f497,"{""FILLED"": 21}",0,0,"{""FILLED"": 18, ""NONE"": 3}",1002,HOLD_POSITION,CAUTION,0,3,OPP:296c26607039b07e87c6f497,CAND:296c26607039b07e87c6f497,OPP:296c26607039b07e87c6f497,False,HOLD,NO_CREATION_EVENT,NONE,UNKNOWN,6c1d311c-b1e4-503d-9f2d-3a50df29da5d,NO_CURRENT_CREATION_EVENT,TRANSITION,OPEN,NO_EVENT,NONE,[],FAILED_BACK_INSIDE,"[""CONTINUATION:BLOCK"", ""REACCELERATION:BLOCK"", ""REVERSAL:BLOCK""]",2026-07-31T12:48:00+05:30,INDUSTOWER,21,True,0,TRADE_DECISION_NOT_ALLOWED,NOT_ELIGIBLE
BAL:KALYANKJIL:2026-07-31:002:NEUTRAL:105100:BALANCE_ESCAPE_STARTED:112700,CAND:4a3872010c190995b2d63ff8,"{""FILLED"": 21}",0,0,"{""FILLED"": 18, ""NONE"": 3}",1003,HOLD_POSITION,CAUTION,0,3,OPP:4a3872010c190995b2d63ff8,CAND:4a3872010c190995b2d63ff8,OPP:4a3872010c190995b2d63ff8,False,HOLD,NO_CREATION_EVENT,REVERSAL_WATCH,OPPOSED,fe205a27-ef8f-5bf7-9192-94593d799d94,AUTHORITATIVE_REVERSAL_WATCH,PROTECT,OPEN,REVERSAL_WATCH_STARTED,REVERSAL_WATCH,"[""DIR:KALYANKJIL:2026-07-31:008:DOWN:122400:REVERSAL_WATCH_STARTED:124800""]",NONE,[],2026-07-31T12:48:00+05:30,KALYANKJIL,21,False,0,,ALREADY_DEPLOYED
DIR:MANAPPURAM:2026-07-31:006:UP:111200:DIRECTIONAL_REVERSAL_LEG_ESTABLISHED:112100,CAND:7316c4a2330c742a8803fe6c,"{""FILLED"": 21}",0,0,"{""FILLED"": 18, ""NONE"": 3}",1004,HOLD_POSITION,CAUTION,0,3,OPP:7316c4a2330c742a8803fe6c,CAND:7316c4a2330c742a8803fe6c,OPP:7316c4a2330c742a8803fe6c,False,HOLD,NO_CREATION_EVENT,NONE,UNKNOWN,50c51811-b112-5f0f-9fcc-a1422ceea97c,NO_CURRENT_CREATION_EVENT,TRANSITION,OPEN,NO_EVENT,NONE,[],NONE,[],2026-07-31T12:48:00+05:30,MANAPPURAM,21,False,0,,ALREADY_DEPLOYED
BAL:PERSISTENT:2026-07-31:002:NEUTRAL:103600:BALANCE_ESCAPE_STARTED:110600,CAND:6e00ceac84968df1df4d7495,"{""FILLED"": 21}",0,0,"{""FILLED"": 18, ""NONE"": 3}",1005,HOLD_POSITION,CAUTION,0,3,OPP:6e00ceac84968df1df4d7495,CAND:6e00ceac84968df1df4d7495,OPP:6e00ceac84968df1df4d7495,False,HOLD,NO_CREATION_EVENT,REVERSAL_WATCH,ALIGNED,cad8805e-c102-57a4-96c7-d70c9c07f5cc,AUTHORITATIVE_REVERSAL_WATCH,PROTECT,OPEN,NO_EVENT,REVERSAL_WATCH,[],FORMING,[],2026-07-31T12:48:00+05:30,PERSISTENT,21,False,0,,ALREADY_DEPLOYED
BAL:POWERINDIA:2026-07-31:001:NEUTRAL:095100:BALANCE_ESCAPE_FAILED:113000,CAND:dc1ab160fa1ee75a10189da6,"{""FILLED"": 21}",0,0,"{""FILLED"": 18, ""NONE"": 3}",1006,HOLD_POSITION,CAUTION,0,3,OPP:dc1ab160fa1ee75a10189da6,CAND:dc1ab160fa1ee75a10189da6,OPP:dc1ab160fa1ee75a10189da6,False,HOLD,NO_CREATION_EVENT,REVERSAL_WATCH,ALIGNED,57fbc3b0-0822-51b7-8515-450ea6586841,AUTHORITATIVE_REVERSAL_WATCH,PROTECT,OPEN,"BALANCE_FORMING_STARTED,REVERSAL_WATCH_STARTED",REVERSAL_WATCH,"[""BAL:POWERINDIA:2026-07-31:002:NEUTRAL:124800:BALANCE_FORMING_STARTED:124800"", ""DIR:POWERINDIA:2026-07-31:003:UP:100300:REVERSAL_WATCH_STARTED:124800""]",FORMING,[],2026-07-31T12:48:00+05:30,POWERINDIA,21,True,0,TRADE_DECISION_NOT_ALLOWED,NOT_ELIGIBLE
BAL:TCS:2026-07-31:001:NEUTRAL:100600:BALANCE_ESCAPE_STARTED:103600,CAND:02506b9e9c36e94d0d5e2f0e,"{""FILLED"": 21}",0,0,"{""FILLED"": 18, ""NONE"": 3}",1007,FORCE_EXIT,EXIT,0,3,OPP:02506b9e9c36e94d0d5e2f0e,CAND:02506b9e9c36e94d0d5e2f0e,OPP:02506b9e9c36e94d0d5e2f0e,True,NO_ACTION,EVENT_INVALIDATE,NONE,UNKNOWN,8ea01a85-4efa-5849-ac33-c03e0b01cda8,BALANCE_ESCAPE_FAILED_INVALIDATED_SETUP,FORCE_EXIT,INVALIDATED,NO_EVENT,NONE,[],FAILED_BACK_INSIDE,"[""CONTINUATION:BLOCK"", ""REACCELERATION:BLOCK"", ""REVERSAL:BLOCK""]",2026-07-31T12:48:00+05:30,TCS,21,True,0,TRADE_DECISION_NOT_ALLOWED,NOT_ELIGIBLE
DIR:TORNTPHARM:2026-07-31:002:UP:105700:DIRECTIONAL_REVERSAL_LEG_ESTABLISHED:110300,CAND:dcb490f7068f3aeab3ab074f,"{""FILLED"": 21}",0,0,"{""FILLED"": 18, ""NONE"": 3}",1008,FORCE_EXIT,EXIT,0,3,OPP:dcb490f7068f3aeab3ab074f,CAND:dcb490f7068f3aeab3ab074f,OPP:dcb490f7068f3aeab3ab074f,True,NO_ACTION,EVENT_INVALIDATE,DIRECTIONAL,ALIGNED,099dd7de-7081-52f9-9bd2-655c56b6256c,DIRECTIONAL_TREND_RESTORED_INVALIDATED_SETUP,FORCE_EXIT,INVALIDATED,DIRECTIONAL_COMPLETED,COMPLETED,"[""DIR:TORNTPHARM:2026-07-31:005:DOWN:123000:DIRECTIONAL_COMPLETED:124800""]",NONE,[],2026-07-31T12:48:00+05:30,TORNTPHARM,21,False,0,,ALREADY_DEPLOYED
,,"{""FILLED"": 21}",0,0,"{""FILLED"": 18, ""NONE"": 3}",1009,,,0,3,,,,,NO_ACTION,,,,,,,,"DIRECTIONAL_REVERSAL_CONFIRMED,DIRECTIONAL_COMPLETED,DIRECTIONAL_REVERSAL_LEG_STARTED",REVERSAL_LEG,"[""DIR:BHEL:2026-07-31:006:UP:122700:DIRECTIONAL_REVERSAL_CONFIRMED:125100"", ""DIR:BHEL:2026-07-31:006:UP:122700:DIRECTIONAL_COMPLETED:125100"", ""DIR:BHEL:2026-07-31:007:DOWN:125100:DIRECTIONAL_REVERSAL_LEG_STARTED:125100""]",NONE,"[""REVERSAL:WAIT""]",2026-07-31T12:51:00+05:30,BHEL,21,False,0,,NO_SIGNAL
DIR:CHOLAFIN:2026-07-31:002:DOWN:102400:DIRECTIONAL_REVERSAL_LEG_ESTABLISHED:103300,CAND:c91e30e559c61ae9e4a8e30d,"{""FILLED"": 21}",0,0,"{""FILLED"": 18, ""NONE"": 3}",1010,FORCE_EXIT,EXIT,0,3,OPP:c91e30e559c61ae9e4a8e30d,CAND:c91e30e559c61ae9e4a8e30d,OPP:c91e30e559c61ae9e4a8e30d,True,NO_ACTION,EVENT_INVALIDATE,DIRECTIONAL,OPPOSED,aee40fe8-7759-5cec-902a-0db152fe528d,DIRECTIONAL_TREND_RESTORED_INVALIDATED_OPPOSITE_ACTIVE_SIGNAL,FORCE_EXIT,INVALIDATED,NO_EVENT,REVERSAL_LEG,[],NONE,[],2026-07-31T12:51:00+05:30,CHOLAFIN,21,True,0,TRADE_DECISION_NOT_ALLOWED,NOT_ELIGIBLE
DIR:COFORGE:2026-07-31:002:DOWN:101500:DIRECTIONAL_REVERSAL_LEG_ESTABLISHED:102400,CAND:995ee50ff305357125723e26,"{""FILLED"": 21}",0,0,"{""FILLED"": 18, ""NONE"": 3}",1011,HOLD_POSITION,CAUTION,0,3,OPP:995ee50ff305357125723e26,CAND:995ee50ff305357125723e26,OPP:995ee50ff305357125723e26,False,HOLD,NO_CREATION_EVENT,NONE,UNKNOWN,2afed6e7-898c-5a79-8bf5-1d7891f21ccb,NO_CURRENT_CREATION_EVENT,TRANSITION,OPEN,NO_EVENT,NONE,[],LOCKED,"[""CONTINUATION:BLOCK"", ""REACCELERATION:BLOCK"", ""REVERSAL:BLOCK""]",2026-07-31T12:51:00+05:30,COFORGE,21,False,0,,ALREADY_DEPLOYED
DIR:DIVISLAB:2026-07-31:002:DOWN:100600:DIRECTIONAL_REVERSAL_LEG_ESTABLISHED:101800,CAND:6644484c352c701feebfdf31,"{""FILLED"": 21}",0,0,"{""FILLED"": 18, ""NONE"": 3}",1012,FORCE_EXIT,EXIT,0,3,OPP:6644484c352c701feebfdf31,CAND:6644484c352c701feebfdf31,OPP:6644484c352c701feebfdf31,True,NO_ACTION,EVENT_INVALIDATE,COMPLETED,ALIGNED,a73cb6c9-a388-53f1-92b2-41820e34edd3,DIRECTIONAL_REVERSAL_LEG_FAILED_INVALIDATED_OPPOSITE_ACTIVE_SIGNAL,FORCE_EXIT,INVALIDATED,DIRECTIONAL_REACCELERATION_CONFIRMED,DIRECTIONAL,"[""DIR:DIVISLAB:2026-07-31:005:UP:124500:DIRECTIONAL_REACCELERATION_CONFIRMED:125100""]",NONE,"[""REACCELERATION:PERMIT""]",2026-07-31T12:51:00+05:30,DIVISLAB,21,True,0,TRADE_DECISION_NOT_ALLOWED,NOT_ELIGIBLE
,,"{""FILLED"": 21}",0,0,"{""FILLED"": 18, ""NONE"": 3}",1013,,,0,3,,,,,NO_ACTION,,,,,,,,REVERSAL_WATCH_STARTED,REVERSAL_WATCH,"[""DIR:EXIDEIND:2026-07-31:004:UP:124500:REVERSAL_WATCH_STARTED:125100""]",NONE,[],2026-07-31T12:51:00+05:30,EXIDEIND,21,False,0,,NO_SIGNAL
DIR:FORCEMOT:2026-07-31:002:UP:105400:DIRECTIONAL_REVERSAL_LEG_ESTABLISHED:110000,CAND:32b3a707960484f98d8399a7,"{""FILLED"": 21}",0,0,"{""FILLED"": 18, ""NONE"": 3}",1014,HOLD_POSITION,CAUTION,0,3,OPP:32b3a707960484f98d8399a7,CAND:32b3a707960484f98d8399a7,OPP:32b3a707960484f98d8399a7,False,HOLD,NO_CREATION_EVENT,NONE,UNKNOWN,76d65cfd-3f5f-5419-81f1-24a924660ce7,NO_CURRENT_CREATION_EVENT,TRANSITION,OPEN,NO_EVENT,NONE,[],FAILED_BACK_INSIDE,"[""CONTINUATION:BLOCK"", ""REACCELERATION:BLOCK"", ""REVERSAL:BLOCK""]",2026-07-31T12:51:00+05:30,FORCEMOT,21,False,0,,ALREADY_DEPLOYED
,,"{""FILLED"": 21}",0,0,"{""FILLED"": 18, ""NONE"": 3}",1015,,,0,3,,,,,NO_ACTION,,,,,,,,NO_EVENT,NONE,[],LOCKED,"[""CONTINUATION:BLOCK"", ""REACCELERATION:BLOCK"", ""REVERSAL:BLOCK""]",2026-07-31T12:51:00+05:30,GLENMARK,21,False,0,,NO_SIGNAL
BAL:INDUSTOWER:2026-07-31:001:NEUTRAL:110900:BALANCE_ESCAPE_FAILED:115400,CAND:296c26607039b07e87c6f497,"{""FILLED"": 21}",0,0,"{""FILLED"": 18, ""NONE"": 3}",1016,HOLD_POSITION,CAUTION,0,3,OPP:296c26607039b07e87c6f497,CAND:296c26607039b07e87c6f497,OPP:296c26607039b07e87c6f497,False,HOLD,NO_CREATION_EVENT,NONE,UNKNOWN,6c1d311c-b1e4-503d-9f2d-3a50df29da5d,NO_CURRENT_CREATION_EVENT,TRANSITION,OPEN,NO_EVENT,NONE,[],FAILED_BACK_INSIDE,"[""CONTINUATION:BLOCK"", ""REACCELERATION:BLOCK"", ""REVERSAL:BLOCK""]",2026-07-31T12:51:00+05:30,INDUSTOWER,21,True,0,TRADE_DECISION_NOT_ALLOWED,NOT_ELIGIBLE
BAL:KALYANKJIL:2026-07-31:002:NEUTRAL:105100:BALANCE_ESCAPE_STARTED:112700,CAND:4a3872010c190995b2d63ff8,"{""FILLED"": 21}",0,0,"{""FILLED"": 18, ""NONE"": 3}",1017,HOLD_POSITION,STRENGTHEN,0,3,OPP:4a3872010c190995b2d63ff8,CAND:4a3872010c190995b2d63ff8,OPP:4a3872010c190995b2d63ff8,False,HOLD,NO_CREATION_EVENT,REVERSAL_LEG,ALIGNED,fe205a27-ef8f-5bf7-9192-94593d799d94,AUTHORITATIVE_DIRECTIONAL_ALIGNED,ACTIVE,OPEN,"DIRECTIONAL_REVERSAL_CONFIRMED,DIRECTIONAL_COMPLETED,DIRECTIONAL_REVERSAL_LEG_STARTED",REVERSAL_LEG,"[""DIR:KALYANKJIL:2026-07-31:008:DOWN:122400:DIRECTIONAL_REVERSAL_CONFIRMED:125100"", ""DIR:KALYANKJIL:2026-07-31:008:DOWN:122400:DIRECTIONAL_COMPLETED:125100"", ""DIR:KALYANKJIL:2026-07-31:009:UP:125100:DIRECTIONAL_REVERSAL_LEG_STARTED:125100""]",NONE,"[""REVERSAL:WAIT""]",2026-07-31T12:51:00+05:30,KALYANKJIL,21,False,0,,ALREADY_DEPLOYED
DIR:MANAPPURAM:2026-07-31:006:UP:111200:DIRECTIONAL_REVERSAL_LEG_ESTABLISHED:112100,CAND:7316c4a2330c742a8803fe6c,"{""FILLED"": 21}",0,0,"{""FILLED"": 18, ""NONE"": 3}",1018,HOLD_POSITION,CAUTION,0,3,OPP:7316c4a2330c742a8803fe6c,CAND:7316c4a2330c742a8803fe6c,OPP:7316c4a2330c742a8803fe6c,False,HOLD,NO_CREATION_EVENT,NONE,UNKNOWN,50c51811-b112-5f0f-9fcc-a1422ceea97c,NO_CURRENT_CREATION_EVENT,TRANSITION,OPEN,NO_EVENT,NONE,[],NONE,[],2026-07-31T12:51:00+05:30,MANAPPURAM,21,False,0,,ALREADY_DEPLOYED
BAL:PERSISTENT:2026-07-31:002:NEUTRAL:103600:BALANCE_ESCAPE_STARTED:110600,CAND:6e00ceac84968df1df4d7495,"{""FILLED"": 21}",0,0,"{""FILLED"": 18, ""NONE"": 3}",1019,HOLD_POSITION,CAUTION,0,3,OPP:6e00ceac84968df1df4d7495,CAND:6e00ceac84968df1df4d7495,OPP:6e00ceac84968df1df4d7495,False,HOLD,NO_CREATION_EVENT,REVERSAL_WATCH,ALIGNED,cad8805e-c102-57a4-96c7-d70c9c07f5cc,AUTHORITATIVE_REVERSAL_WATCH,PROTECT,OPEN,BALANCE_COMPLETED,REVERSAL_WATCH,"[""BAL:PERSISTENT:2026-07-31:004:NEUTRAL:123900:BALANCE_COMPLETED:125100""]",COMPLETED,[],2026-07-31T12:51:00+05:30,PERSISTENT,21,False,0,,ALREADY_DEPLOYED
BAL:POWERINDIA:2026-07-31:001:NEUTRAL:095100:BALANCE_ESCAPE_FAILED:113000,CAND:dc1ab160fa1ee75a10189da6,"{""FILLED"": 21}",0,0,"{""FILLED"": 18, ""NONE"": 3}",1020,HOLD_POSITION,CAUTION,0,3,OPP:dc1ab160fa1ee75a10189da6,CAND:dc1ab160fa1ee75a10189da6,OPP:dc1ab160fa1ee75a10189da6,False,HOLD,NO_CREATION_EVENT,REVERSAL_WATCH,ALIGNED,57fbc3b0-0822-51b7-8515-450ea6586841,AUTHORITATIVE_REVERSAL_WATCH,PROTECT,OPEN,NO_EVENT,REVERSAL_WATCH,[],FORMING,[],2026-07-31T12:51:00+05:30,POWERINDIA,21,True,0,TRADE_DECISION_NOT_ALLOWED,NOT_ELIGIBLE
BAL:TCS:2026-07-31:001:NEUTRAL:100600:BALANCE_ESCAPE_STARTED:103600,CAND:02506b9e9c36e94d0d5e2f0e,"{""FILLED"": 21}",0,0,"{""FILLED"": 18, ""NONE"": 3}",1021,FORCE_EXIT,EXIT,0,3,OPP:02506b9e9c36e94d0d5e2f0e,CAND:02506b9e9c36e94d0d5e2f0e,OPP:02506b9e9c36e94d0d5e2f0e,True,NO_ACTION,EVENT_INVALIDATE,NONE,UNKNOWN,8ea01a85-4efa-5849-ac33-c03e0b01cda8,BALANCE_ESCAPE_FAILED_INVALIDATED_SETUP,FORCE_EXIT,INVALIDATED,NO_EVENT,NONE,[],FAILED_BACK_INSIDE,"[""CONTINUATION:BLOCK"", ""REACCELERATION:BLOCK"", ""REVERSAL:BLOCK""]",2026-07-31T12:51:00+05:30,TCS,21,True,0,TRADE_DECISION_NOT_ALLOWED,NOT_ELIGIBLE
DIR:TORNTPHARM:2026-07-31:002:UP:105700:DIRECTIONAL_REVERSAL_LEG_ESTABLISHED:110300,CAND:dcb490f7068f3aeab3ab074f,"{""FILLED"": 21}",0,0,"{""FILLED"": 18, ""NONE"": 3}",1022,FORCE_EXIT,EXIT,0,3,OPP:dcb490f7068f3aeab3ab074f,CAND:dcb490f7068f3aeab3ab074f,OPP:dcb490f7068f3aeab3ab074f,True,NO_ACTION,EVENT_INVALIDATE,DIRECTIONAL,ALIGNED,099dd7de-7081-52f9-9bd2-655c56b6256c,DIRECTIONAL_TREND_RESTORED_INVALIDATED_SETUP,FORCE_EXIT,INVALIDATED,NO_EVENT,NONE,[],NONE,[],2026-07-31T12:51:00+05:30,TORNTPHARM,21,False,0,,ALREADY_DEPLOYED
,,"{""FILLED"": 21}",0,0,"{""FILLED"": 18, ""NONE"": 3}",1023,,,0,3,,,,,NO_ACTION,,,,,,,,NO_EVENT,REVERSAL_LEG,[],NONE,[],2026-07-31T12:54:00+05:30,BHEL,21,False,0,,NO_SIGNAL
DIR:CHOLAFIN:2026-07-31:002:DOWN:102400:DIRECTIONAL_REVERSAL_LEG_ESTABLISHED:103300,CAND:c91e30e559c61ae9e4a8e30d,"{""FILLED"": 21}",0,0,"{""FILLED"": 18, ""NONE"": 3}",1024,FORCE_EXIT,EXIT,0,3,OPP:c91e30e559c61ae9e4a8e30d,CAND:c91e30e559c61ae9e4a8e30d,OPP:c91e30e559c61ae9e4a8e30d,True,NO_ACTION,EVENT_INVALIDATE,DIRECTIONAL,OPPOSED,aee40fe8-7759-5cec-902a-0db152fe528d,DIRECTIONAL_TREND_RESTORED_INVALIDATED_OPPOSITE_ACTIVE_SIGNAL,FORCE_EXIT,INVALIDATED,NO_EVENT,REVERSAL_LEG,[],NONE,[],2026-07-31T12:54:00+05:30,CHOLAFIN,21,True,0,TRADE_DECISION_NOT_ALLOWED,NOT_ELIGIBLE
DIR:COFORGE:2026-07-31:002:DOWN:101500:DIRECTIONAL_REVERSAL_LEG_ESTABLISHED:102400,CAND:995ee50ff305357125723e26,"{""FILLED"": 21}",0,0,"{""FILLED"": 18, ""NONE"": 3}",1025,HOLD_POSITION,CAUTION,0,3,OPP:995ee50ff305357125723e26,CAND:995ee50ff305357125723e26,OPP:995ee50ff305357125723e26,False,HOLD,NO_CREATION_EVENT,NONE,UNKNOWN,2afed6e7-898c-5a79-8bf5-1d7891f21ccb,NO_CURRENT_CREATION_EVENT,TRANSITION,OPEN,NO_EVENT,NONE,[],LOCKED,"[""CONTINUATION:BLOCK"", ""REACCELERATION:BLOCK"", ""REVERSAL:BLOCK""]",2026-07-31T12:54:00+05:30,COFORGE,21,False,0,,ALREADY_DEPLOYED
DIR:DIVISLAB:2026-07-31:002:DOWN:100600:DIRECTIONAL_REVERSAL_LEG_ESTABLISHED:101800,CAND:6644484c352c701feebfdf31,"{""FILLED"": 21}",0,0,"{""FILLED"": 18, ""NONE"": 3}",1026,FORCE_EXIT,EXIT,0,3,OPP:6644484c352c701feebfdf31,CAND:6644484c352c701feebfdf31,OPP:6644484c352c701feebfdf31,True,NO_ACTION,EVENT_INVALIDATE,COMPLETED,ALIGNED,a73cb6c9-a388-53f1-92b2-41820e34edd3,DIRECTIONAL_REVERSAL_LEG_FAILED_INVALIDATED_OPPOSITE_ACTIVE_SIGNAL,FORCE_EXIT,INVALIDATED,DIRECTIONAL_MATURED,MATURE,"[""DIR:DIVISLAB:2026-07-31:005:UP:124500:DIRECTIONAL_MATURED:125400""]",NONE,[],2026-07-31T12:54:00+05:30,DIVISLAB,21,True,0,TRADE_DECISION_NOT_ALLOWED,NOT_ELIGIBLE
,,"{""FILLED"": 21}",0,0,"{""FILLED"": 18, ""NONE"": 3}",1027,,,0,3,,,,,NO_ACTION,,,,,,,,NO_EVENT,REVERSAL_WATCH,[],NONE,[],2026-07-31T12:54:00+05:30,EXIDEIND,21,False,0,,NO_SIGNAL
DIR:FORCEMOT:2026-07-31:002:UP:105400:DIRECTIONAL_REVERSAL_LEG_ESTABLISHED:110000,CAND:32b3a707960484f98d8399a7,"{""FILLED"": 21}",0,0,"{""FILLED"": 18, ""NONE"": 3}",1028,HOLD_POSITION,CAUTION,0,3,OPP:32b3a707960484f98d8399a7,CAND:32b3a707960484f98d8399a7,OPP:32b3a707960484f98d8399a7,False,HOLD,NO_CREATION_EVENT,NONE,UNKNOWN,76d65cfd-3f5f-5419-81f1-24a924660ce7,NO_CURRENT_CREATION_EVENT,TRANSITION,OPEN,NO_EVENT,NONE,[],FAILED_BACK_INSIDE,"[""CONTINUATION:BLOCK"", ""REACCELERATION:BLOCK"", ""REVERSAL:BLOCK""]",2026-07-31T12:54:00+05:30,FORCEMOT,21,False,0,,ALREADY_DEPLOYED
,,"{""FILLED"": 21}",0,0,"{""FILLED"": 18, ""NONE"": 3}",1029,,,0,3,,,,,NO_ACTION,,,,,,,,NO_EVENT,NONE,[],LOCKED,"[""CONTINUATION:BLOCK"", ""REACCELERATION:BLOCK"", ""REVERSAL:BLOCK""]",2026-07-31T12:54:00+05:30,GLENMARK,21,False,0,,NO_SIGNAL
BAL:INDUSTOWER:2026-07-31:001:NEUTRAL:110900:BALANCE_ESCAPE_FAILED:115400,CAND:296c26607039b07e87c6f497,"{""FILLED"": 21}",0,0,"{""FILLED"": 18, ""NONE"": 3}",1030,HOLD_POSITION,CAUTION,0,3,OPP:296c26607039b07e87c6f497,CAND:296c26607039b07e87c6f497,OPP:296c26607039b07e87c6f497,False,HOLD,NO_CREATION_EVENT,NONE,UNKNOWN,6c1d311c-b1e4-503d-9f2d-3a50df29da5d,NO_CURRENT_CREATION_EVENT,TRANSITION,OPEN,NO_EVENT,NONE,[],FAILED_BACK_INSIDE,"[""CONTINUATION:BLOCK"", ""REACCELERATION:BLOCK"", ""REVERSAL:BLOCK""]",2026-07-31T12:54:00+05:30,INDUSTOWER,21,True,0,TRADE_DECISION_NOT_ALLOWED,NOT_ELIGIBLE
BAL:KALYANKJIL:2026-07-31:002:NEUTRAL:105100:BALANCE_ESCAPE_STARTED:112700,CAND:4a3872010c190995b2d63ff8,"{""FILLED"": 21}",0,0,"{""FILLED"": 18, ""NONE"": 3}",1031,HOLD_POSITION,STRENGTHEN,0,3,OPP:4a3872010c190995b2d63ff8,CAND:4a3872010c190995b2d63ff8,OPP:4a3872010c190995b2d63ff8,False,HOLD,NO_CREATION_EVENT,REVERSAL_LEG,ALIGNED,fe205a27-ef8f-5bf7-9192-94593d799d94,AUTHORITATIVE_DIRECTIONAL_ALIGNED,ACTIVE,OPEN,NO_EVENT,REVERSAL_LEG,[],NONE,[],2026-07-31T12:54:00+05:30,KALYANKJIL,21,False,0,,ALREADY_DEPLOYED
DIR:MANAPPURAM:2026-07-31:006:UP:111200:DIRECTIONAL_REVERSAL_LEG_ESTABLISHED:112100,CAND:7316c4a2330c742a8803fe6c,"{""FILLED"": 21}",0,0,"{""FILLED"": 18, ""NONE"": 3}",1032,HOLD_POSITION,CAUTION,0,3,OPP:7316c4a2330c742a8803fe6c,CAND:7316c4a2330c742a8803fe6c,OPP:7316c4a2330c742a8803fe6c,False,HOLD,NO_CREATION_EVENT,NONE,UNKNOWN,50c51811-b112-5f0f-9fcc-a1422ceea97c,NO_CURRENT_CREATION_EVENT,TRANSITION,OPEN,NO_EVENT,NONE,[],NONE,[],2026-07-31T12:54:00+05:30,MANAPPURAM,21,False,0,,ALREADY_DEPLOYED
BAL:PERSISTENT:2026-07-31:002:NEUTRAL:103600:BALANCE_ESCAPE_STARTED:110600,CAND:6e00ceac84968df1df4d7495,"{""FILLED"": 21}",0,0,"{""FILLED"": 18, ""NONE"": 3}",1033,HOLD_POSITION,CAUTION,0,3,OPP:6e00ceac84968df1df4d7495,CAND:6e00ceac84968df1df4d7495,OPP:6e00ceac84968df1df4d7495,False,HOLD,NO_CREATION_EVENT,REVERSAL_WATCH,ALIGNED,cad8805e-c102-57a4-96c7-d70c9c07f5cc,AUTHORITATIVE_REVERSAL_WATCH,PROTECT,OPEN,NO_EVENT,REVERSAL_WATCH,[],NONE,[],2026-07-31T12:54:00+05:30,PERSISTENT,21,False,0,,ALREADY_DEPLOYED
BAL:POWERINDIA:2026-07-31:001:NEUTRAL:095100:BALANCE_ESCAPE_FAILED:113000,CAND:dc1ab160fa1ee75a10189da6,"{""FILLED"": 21}",0,0,"{""FILLED"": 18, ""NONE"": 3}",1034,HOLD_POSITION,CAUTION,0,3,OPP:dc1ab160fa1ee75a10189da6,CAND:dc1ab160fa1ee75a10189da6,OPP:dc1ab160fa1ee75a10189da6,False,HOLD,NO_CREATION_EVENT,REVERSAL_WATCH,ALIGNED,57fbc3b0-0822-51b7-8515-450ea6586841,AUTHORITATIVE_REVERSAL_WATCH,PROTECT,OPEN,NO_EVENT,REVERSAL_WATCH,[],FORMING,[],2026-07-31T12:54:00+05:30,POWERINDIA,21,True,0,TRADE_DECISION_NOT_ALLOWED,NOT_ELIGIBLE
BAL:TCS:2026-07-31:001:NEUTRAL:100600:BALANCE_ESCAPE_STARTED:103600,CAND:02506b9e9c36e94d0d5e2f0e,"{""FILLED"": 21}",0,0,"{""FILLED"": 18, ""NONE"": 3}",1035,FORCE_EXIT,EXIT,0,3,OPP:02506b9e9c36e94d0d5e2f0e,CAND:02506b9e9c36e94d0d5e2f0e,OPP:02506b9e9c36e94d0d5e2f0e,True,NO_ACTION,EVENT_INVALIDATE,NONE,UNKNOWN,8ea01a85-4efa-5849-ac33-c03e0b01cda8,BALANCE_ESCAPE_FAILED_INVALIDATED_SETUP,FORCE_EXIT,INVALIDATED,NO_EVENT,NONE,[],FAILED_BACK_INSIDE,"[""CONTINUATION:BLOCK"", ""REACCELERATION:BLOCK"", ""REVERSAL:BLOCK""]",2026-07-31T12:54:00+05:30,TCS,21,True,0,TRADE_DECISION_NOT_ALLOWED,NOT_ELIGIBLE
DIR:TORNTPHARM:2026-07-31:002:UP:105700:DIRECTIONAL_REVERSAL_LEG_ESTABLISHED:110300,CAND:dcb490f7068f3aeab3ab074f,"{""FILLED"": 21}",0,0,"{""FILLED"": 18, ""NONE"": 3}",1036,FORCE_EXIT,EXIT,0,3,OPP:dcb490f7068f3aeab3ab074f,CAND:dcb490f7068f3aeab3ab074f,OPP:dcb490f7068f3aeab3ab074f,True,NO_ACTION,EVENT_INVALIDATE,DIRECTIONAL,ALIGNED,099dd7de-7081-52f9-9bd2-655c56b6256c,DIRECTIONAL_TREND_RESTORED_INVALIDATED_SETUP,FORCE_EXIT,INVALIDATED,NO_EVENT,NONE,[],NONE,[],2026-07-31T12:54:00+05:30,TORNTPHARM,21,False,0,,ALREADY_DEPLOYED
,,"{""FILLED"": 21}",0,0,"{""FILLED"": 18, ""NONE"": 3}",1037,,,0,3,,,,,NO_ACTION,,,,,,,,NO_EVENT,REVERSAL_LEG,[],NONE,[],2026-07-31T12:57:00+05:30,BHEL,21,False,0,,NO_SIGNAL
DIR:CHOLAFIN:2026-07-31:002:DOWN:102400:DIRECTIONAL_REVERSAL_LEG_ESTABLISHED:103300,CAND:c91e30e559c61ae9e4a8e30d,"{""FILLED"": 21}",0,0,"{""FILLED"": 18, ""NONE"": 3}",1038,FORCE_EXIT,EXIT,0,3,OPP:c91e30e559c61ae9e4a8e30d,CAND:c91e30e559c61ae9e4a8e30d,OPP:c91e30e559c61ae9e4a8e30d,True,NO_ACTION,EVENT_INVALIDATE,DIRECTIONAL,OPPOSED,aee40fe8-7759-5cec-902a-0db152fe528d,DIRECTIONAL_TREND_RESTORED_INVALIDATED_OPPOSITE_ACTIVE_SIGNAL,FORCE_EXIT,INVALIDATED,"BALANCE_FORMING_STARTED,DIRECTIONAL_REVERSAL_LEG_FAILED,DIRECTIONAL_COMPLETED",COMPLETED,"[""BAL:CHOLAFIN:2026-07-31:001:NEUTRAL:125700:BALANCE_FORMING_STARTED:125700"", ""DIR:CHOLAFIN:2026-07-31:004:DOWN:124800:DIRECTIONAL_REVERSAL_LEG_FAILED:125700"", ""DIR:CHOLAFIN:2026-07-31:004:DOWN:124800:DIRECTIONAL_COMPLETED:125700""]",FORMING,[],2026-07-31T12:57:00+05:30,CHOLAFIN,21,True,0,TRADE_DECISION_NOT_ALLOWED,NOT_ELIGIBLE
DIR:COFORGE:2026-07-31:002:DOWN:101500:DIRECTIONAL_REVERSAL_LEG_ESTABLISHED:102400,CAND:995ee50ff305357125723e26,"{""FILLED"": 21}",0,0,"{""FILLED"": 18, ""NONE"": 3}",1039,HOLD_POSITION,CAUTION,0,3,OPP:995ee50ff305357125723e26,CAND:995ee50ff305357125723e26,OPP:995ee50ff305357125723e26,False,HOLD,NO_CREATION_EVENT,NONE,UNKNOWN,2afed6e7-898c-5a79-8bf5-1d7891f21ccb,NO_CURRENT_CREATION_EVENT,TRANSITION,OPEN,NO_EVENT,NONE,[],LOCKED,"[""CONTINUATION:BLOCK"", ""REACCELERATION:BLOCK"", ""REVERSAL:BLOCK""]",2026-07-31T12:57:00+05:30,COFORGE,21,False,0,,ALREADY_DEPLOYED
DIR:DIVISLAB:2026-07-31:002:DOWN:100600:DIRECTIONAL_REVERSAL_LEG_ESTABLISHED:101800,CAND:6644484c352c701feebfdf31,"{""FILLED"": 21}",0,0,"{""FILLED"": 18, ""NONE"": 3}",1040,FORCE_EXIT,EXIT,0,3,OPP:6644484c352c701feebfdf31,CAND:6644484c352c701feebfdf31,OPP:6644484c352c701feebfdf31,True,NO_ACTION,EVENT_INVALIDATE,COMPLETED,ALIGNED,a73cb6c9-a388-53f1-92b2-41820e34edd3,DIRECTIONAL_REVERSAL_LEG_FAILED_INVALIDATED_OPPOSITE_ACTIVE_SIGNAL,FORCE_EXIT,INVALIDATED,REVERSAL_WATCH_STARTED,REVERSAL_WATCH,"[""DIR:DIVISLAB:2026-07-31:005:UP:124500:REVERSAL_WATCH_STARTED:125700""]",NONE,[],2026-07-31T12:57:00+05:30,DIVISLAB,21,True,0,TRADE_DECISION_NOT_ALLOWED,NOT_ELIGIBLE
,,"{""FILLED"": 21}",0,0,"{""FILLED"": 18, ""NONE"": 3}",1041,,,0,3,,,,,NO_ACTION,,,,,,,,NO_EVENT,REVERSAL_WATCH,[],NONE,[],2026-07-31T12:57:00+05:30,EXIDEIND,21,False,0,,NO_SIGNAL
DIR:FORCEMOT:2026-07-31:002:UP:105400:DIRECTIONAL_REVERSAL_LEG_ESTABLISHED:110000,CAND:32b3a707960484f98d8399a7,"{""FILLED"": 21}",0,0,"{""FILLED"": 18, ""NONE"": 3}",1042,HOLD_POSITION,CAUTION,0,3,OPP:32b3a707960484f98d8399a7,CAND:32b3a707960484f98d8399a7,OPP:32b3a707960484f98d8399a7,False,HOLD,NO_CREATION_EVENT,NONE,UNKNOWN,76d65cfd-3f5f-5419-81f1-24a924660ce7,NO_CURRENT_CREATION_EVENT,TRANSITION,OPEN,NO_EVENT,NONE,[],FAILED_BACK_INSIDE,"[""CONTINUATION:BLOCK"", ""REACCELERATION:BLOCK"", ""REVERSAL:BLOCK""]",2026-07-31T12:57:00+05:30,FORCEMOT,21,False,0,,ALREADY_DEPLOYED
,,"{""FILLED"": 21}",0,0,"{""FILLED"": 18, ""NONE"": 3}",1043,,,0,3,,,,,NO_ACTION,,,,,,,,NO_EVENT,NONE,[],LOCKED,"[""CONTINUATION:BLOCK"", ""REACCELERATION:BLOCK"", ""REVERSAL:BLOCK""]",2026-07-31T12:57:00+05:30,GLENMARK,21,False,0,,NO_SIGNAL
BAL:INDUSTOWER:2026-07-31:001:NEUTRAL:110900:BALANCE_ESCAPE_FAILED:115400,CAND:296c26607039b07e87c6f497,"{""FILLED"": 21}",0,0,"{""FILLED"": 18, ""NONE"": 3}",1044,HOLD_POSITION,CAUTION,0,3,OPP:296c26607039b07e87c6f497,CAND:296c26607039b07e87c6f497,OPP:296c26607039b07e87c6f497,False,HOLD,NO_CREATION_EVENT,NONE,UNKNOWN,6c1d311c-b1e4-503d-9f2d-3a50df29da5d,NO_CURRENT_CREATION_EVENT,TRANSITION,OPEN,NO_EVENT,NONE,[],FAILED_BACK_INSIDE,"[""CONTINUATION:BLOCK"", ""REACCELERATION:BLOCK"", ""REVERSAL:BLOCK""]",2026-07-31T12:57:00+05:30,INDUSTOWER,21,True,0,TRADE_DECISION_NOT_ALLOWED,NOT_ELIGIBLE
BAL:KALYANKJIL:2026-07-31:002:NEUTRAL:105100:BALANCE_ESCAPE_STARTED:112700,CAND:4a3872010c190995b2d63ff8,"{""FILLED"": 21}",0,0,"{""FILLED"": 18, ""NONE"": 3}",1045,HOLD_POSITION,CAUTION,0,3,OPP:4a3872010c190995b2d63ff8,CAND:4a3872010c190995b2d63ff8,OPP:4a3872010c190995b2d63ff8,False,HOLD,NO_CREATION_EVENT,COMPLETED,ALIGNED,fe205a27-ef8f-5bf7-9192-94593d799d94,NO_CURRENT_CREATION_EVENT,TRANSITION,OPEN,"DIRECTIONAL_REVERSAL_LEG_FAILED,DIRECTIONAL_COMPLETED",COMPLETED,"[""DIR:KALYANKJIL:2026-07-31:009:UP:125100:DIRECTIONAL_REVERSAL_LEG_FAILED:125700"", ""DIR:KALYANKJIL:2026-07-31:009:UP:125100:DIRECTIONAL_COMPLETED:125700""]",NONE,[],2026-07-31T12:57:00+05:30,KALYANKJIL,21,False,0,,ALREADY_DEPLOYED
DIR:MANAPPURAM:2026-07-31:006:UP:111200:DIRECTIONAL_REVERSAL_LEG_ESTABLISHED:112100,CAND:7316c4a2330c742a8803fe6c,"{""FILLED"": 21}",0,0,"{""FILLED"": 18, ""NONE"": 3}",1046,HOLD_POSITION,CAUTION,0,3,OPP:7316c4a2330c742a8803fe6c,CAND:7316c4a2330c742a8803fe6c,OPP:7316c4a2330c742a8803fe6c,False,HOLD,NO_CREATION_EVENT,NONE,UNKNOWN,50c51811-b112-5f0f-9fcc-a1422ceea97c,NO_CURRENT_CREATION_EVENT,TRANSITION,OPEN,NO_EVENT,NONE,[],NONE,[],2026-07-31T12:57:00+05:30,MANAPPURAM,21,False,0,,ALREADY_DEPLOYED
BAL:PERSISTENT:2026-07-31:002:NEUTRAL:103600:BALANCE_ESCAPE_STARTED:110600,CAND:6e00ceac84968df1df4d7495,"{""FILLED"": 21}",0,0,"{""FILLED"": 18, ""NONE"": 3}",1047,HOLD_POSITION,CAUTION,0,3,OPP:6e00ceac84968df1df4d7495,CAND:6e00ceac84968df1df4d7495,OPP:6e00ceac84968df1df4d7495,False,HOLD,NO_CREATION_EVENT,REVERSAL_WATCH,ALIGNED,cad8805e-c102-57a4-96c7-d70c9c07f5cc,AUTHORITATIVE_REVERSAL_WATCH,PROTECT,OPEN,NO_EVENT,REVERSAL_WATCH,[],NONE,[],2026-07-31T12:57:00+05:30,PERSISTENT,21,False,0,,ALREADY_DEPLOYED
BAL:POWERINDIA:2026-07-31:001:NEUTRAL:095100:BALANCE_ESCAPE_FAILED:113000,CAND:dc1ab160fa1ee75a10189da6,"{""FILLED"": 21}",0,0,"{""FILLED"": 18, ""NONE"": 3}",1048,HOLD_POSITION,CAUTION,0,3,OPP:dc1ab160fa1ee75a10189da6,CAND:dc1ab160fa1ee75a10189da6,OPP:dc1ab160fa1ee75a10189da6,False,HOLD,NO_CREATION_EVENT,REVERSAL_WATCH,ALIGNED,57fbc3b0-0822-51b7-8515-450ea6586841,AUTHORITATIVE_REVERSAL_WATCH,PROTECT,OPEN,NO_EVENT,REVERSAL_WATCH,[],FORMING,[],2026-07-31T12:57:00+05:30,POWERINDIA,21,True,0,TRADE_DECISION_NOT_ALLOWED,NOT_ELIGIBLE
BAL:TCS:2026-07-31:001:NEUTRAL:100600:BALANCE_ESCAPE_STARTED:103600,CAND:02506b9e9c36e94d0d5e2f0e,"{""FILLED"": 21}",0,0,"{""FILLED"": 18, ""NONE"": 3}",1049,FORCE_EXIT,EXIT,0,3,OPP:02506b9e9c36e94d0d5e2f0e,CAND:02506b9e9c36e94d0d5e2f0e,OPP:02506b9e9c36e94d0d5e2f0e,True,NO_ACTION,EVENT_INVALIDATE,NONE,UNKNOWN,8ea01a85-4efa-5849-ac33-c03e0b01cda8,BALANCE_ESCAPE_FAILED_INVALIDATED_SETUP,FORCE_EXIT,INVALIDATED,NO_EVENT,NONE,[],FAILED_BACK_INSIDE,"[""CONTINUATION:BLOCK"", ""REACCELERATION:BLOCK"", ""REVERSAL:BLOCK""]",2026-07-31T12:57:00+05:30,TCS,21,True,0,TRADE_DECISION_NOT_ALLOWED,NOT_ELIGIBLE
DIR:TORNTPHARM:2026-07-31:002:UP:105700:DIRECTIONAL_REVERSAL_LEG_ESTABLISHED:110300,CAND:dcb490f7068f3aeab3ab074f,"{""FILLED"": 21}",0,0,"{""FILLED"": 18, ""NONE"": 3}",1050,FORCE_EXIT,EXIT,0,3,OPP:dcb490f7068f3aeab3ab074f,CAND:dcb490f7068f3aeab3ab074f,OPP:dcb490f7068f3aeab3ab074f,True,NO_ACTION,EVENT_INVALIDATE,DIRECTIONAL,ALIGNED,099dd7de-7081-52f9-9bd2-655c56b6256c,DIRECTIONAL_TREND_RESTORED_INVALIDATED_SETUP,FORCE_EXIT,INVALIDATED,NO_EVENT,NONE,[],NONE,[],2026-07-31T12:57:00+05:30,TORNTPHARM,21,False,0,,ALREADY_DEPLOYED
,,"{""FILLED"": 21}",0,0,"{""FILLED"": 18, ""NONE"": 3}",1051,,,0,3,,,,,NO_ACTION,,,,,,,,"DIRECTIONAL_REVERSAL_LEG_FAILED,DIRECTIONAL_COMPLETED",COMPLETED,"[""DIR:BHEL:2026-07-31:007:DOWN:125100:DIRECTIONAL_REVERSAL_LEG_FAILED:130000"", ""DIR:BHEL:2026-07-31:007:DOWN:125100:DIRECTIONAL_COMPLETED:130000""]",NONE,[],2026-07-31T13:00:00+05:30,BHEL,21,False,0,,NO_SIGNAL
DIR:CHOLAFIN:2026-07-31:002:DOWN:102400:DIRECTIONAL_REVERSAL_LEG_ESTABLISHED:103300,CAND:c91e30e559c61ae9e4a8e30d,"{""FILLED"": 21}",0,0,"{""FILLED"": 18, ""NONE"": 3}",1052,FORCE_EXIT,EXIT,0,3,OPP:c91e30e559c61ae9e4a8e30d,CAND:c91e30e559c61ae9e4a8e30d,OPP:c91e30e559c61ae9e4a8e30d,True,NO_ACTION,EVENT_INVALIDATE,DIRECTIONAL,OPPOSED,aee40fe8-7759-5cec-902a-0db152fe528d,DIRECTIONAL_TREND_RESTORED_INVALIDATED_OPPOSITE_ACTIVE_SIGNAL,FORCE_EXIT,INVALIDATED,NO_EVENT,NONE,[],FORMING,[],2026-07-31T13:00:00+05:30,CHOLAFIN,21,True,0,TRADE_DECISION_NOT_ALLOWED,NOT_ELIGIBLE
DIR:COFORGE:2026-07-31:002:DOWN:101500:DIRECTIONAL_REVERSAL_LEG_ESTABLISHED:102400,CAND:995ee50ff305357125723e26,"{""FILLED"": 21}",0,0,"{""FILLED"": 18, ""NONE"": 3}",1053,HOLD_POSITION,CAUTION,0,3,OPP:995ee50ff305357125723e26,CAND:995ee50ff305357125723e26,OPP:995ee50ff305357125723e26,False,HOLD,NO_CREATION_EVENT,NONE,UNKNOWN,2afed6e7-898c-5a79-8bf5-1d7891f21ccb,NO_CURRENT_CREATION_EVENT,TRANSITION,OPEN,NO_EVENT,NONE,[],LOCKED,"[""CONTINUATION:BLOCK"", ""REACCELERATION:BLOCK"", ""REVERSAL:BLOCK""]",2026-07-31T13:00:00+05:30,COFORGE,21,False,0,,ALREADY_DEPLOYED
DIR:DIVISLAB:2026-07-31:002:DOWN:100600:DIRECTIONAL_REVERSAL_LEG_ESTABLISHED:101800,CAND:6644484c352c701feebfdf31,"{""FILLED"": 21}",0,0,"{""FILLED"": 18, ""NONE"": 3}",1054,FORCE_EXIT,EXIT,0,3,OPP:6644484c352c701feebfdf31,CAND:6644484c352c701feebfdf31,OPP:6644484c352c701feebfdf31,True,NO_ACTION,EVENT_INVALIDATE,COMPLETED,ALIGNED,a73cb6c9-a388-53f1-92b2-41820e34edd3,DIRECTIONAL_REVERSAL_LEG_FAILED_INVALIDATED_OPPOSITE_ACTIVE_SIGNAL,FORCE_EXIT,INVALIDATED,NO_EVENT,REVERSAL_WATCH,[],NONE,[],2026-07-31T13:00:00+05:30,DIVISLAB,21,True,0,TRADE_DECISION_NOT_ALLOWED,NOT_ELIGIBLE
,,"{""FILLED"": 21}",0,0,"{""FILLED"": 18, ""NONE"": 3}",1055,,,0,3,,,,,NO_ACTION,,,,,,,,NO_EVENT,REVERSAL_WATCH,[],NONE,[],2026-07-31T13:00:00+05:30,EXIDEIND,21,False,0,,NO_SIGNAL
DIR:FORCEMOT:2026-07-31:002:UP:105400:DIRECTIONAL_REVERSAL_LEG_ESTABLISHED:110000,CAND:32b3a707960484f98d8399a7,"{""FILLED"": 21}",0,0,"{""FILLED"": 18, ""NONE"": 3}",1056,HOLD_POSITION,CAUTION,0,3,OPP:32b3a707960484f98d8399a7,CAND:32b3a707960484f98d8399a7,OPP:32b3a707960484f98d8399a7,False,HOLD,NO_CREATION_EVENT,NONE,UNKNOWN,76d65cfd-3f5f-5419-81f1-24a924660ce7,NO_CURRENT_CREATION_EVENT,TRANSITION,OPEN,NO_EVENT,NONE,[],FAILED_BACK_INSIDE,"[""CONTINUATION:BLOCK"", ""REACCELERATION:BLOCK"", ""REVERSAL:BLOCK""]",2026-07-31T13:00:00+05:30,FORCEMOT,21,False,0,,ALREADY_DEPLOYED
,,"{""FILLED"": 21}",0,0,"{""FILLED"": 18, ""NONE"": 3}",1057,,,0,3,,,,,NO_ACTION,,,,,,,,NO_EVENT,NONE,[],LOCKED,"[""CONTINUATION:BLOCK"", ""REACCELERATION:BLOCK"", ""REVERSAL:BLOCK""]",2026-07-31T13:00:00+05:30,GLENMARK,21,False,0,,NO_SIGNAL
BAL:INDUSTOWER:2026-07-31:001:NEUTRAL:110900:BALANCE_ESCAPE_FAILED:115400,CAND:296c26607039b07e87c6f497,"{""FILLED"": 21}",0,0,"{""FILLED"": 18, ""NONE"": 3}",1058,HOLD_POSITION,CAUTION,0,3,OPP:296c26607039b07e87c6f497,CAND:296c26607039b07e87c6f497,OPP:296c26607039b07e87c6f497,False,HOLD,NO_CREATION_EVENT,NONE,UNKNOWN,6c1d311c-b1e4-503d-9f2d-3a50df29da5d,NO_CURRENT_CREATION_EVENT,TRANSITION,OPEN,NO_EVENT,NONE,[],FAILED_BACK_INSIDE,"[""CONTINUATION:BLOCK"", ""REACCELERATION:BLOCK"", ""REVERSAL:BLOCK""]",2026-07-31T13:00:00+05:30,INDUSTOWER,21,True,0,TRADE_DECISION_NOT_ALLOWED,NOT_ELIGIBLE
BAL:KALYANKJIL:2026-07-31:002:NEUTRAL:105100:BALANCE_ESCAPE_STARTED:112700,CAND:4a3872010c190995b2d63ff8,"{""FILLED"": 21}",0,0,"{""FILLED"": 18, ""NONE"": 3}",1059,HOLD_POSITION,CAUTION,0,3,OPP:4a3872010c190995b2d63ff8,CAND:4a3872010c190995b2d63ff8,OPP:4a3872010c190995b2d63ff8,False,HOLD,NO_CREATION_EVENT,NONE,UNKNOWN,fe205a27-ef8f-5bf7-9192-94593d799d94,NO_CURRENT_CREATION_EVENT,TRANSITION,OPEN,BALANCE_FORMING_STARTED,NONE,"[""BAL:KALYANKJIL:2026-07-31:003:NEUTRAL:130000:BALANCE_FORMING_STARTED:130000""]",FORMING,[],2026-07-31T13:00:00+05:30,KALYANKJIL,21,False,0,,ALREADY_DEPLOYED
DIR:MANAPPURAM:2026-07-31:006:UP:111200:DIRECTIONAL_REVERSAL_LEG_ESTABLISHED:112100,CAND:7316c4a2330c742a8803fe6c,"{""FILLED"": 21}",0,0,"{""FILLED"": 18, ""NONE"": 3}",1060,HOLD_POSITION,CAUTION,0,3,OPP:7316c4a2330c742a8803fe6c,CAND:7316c4a2330c742a8803fe6c,OPP:7316c4a2330c742a8803fe6c,False,HOLD,NO_CREATION_EVENT,NONE,UNKNOWN,50c51811-b112-5f0f-9fcc-a1422ceea97c,NO_CURRENT_CREATION_EVENT,TRANSITION,OPEN,NO_EVENT,NONE,[],NONE,[],2026-07-31T13:00:00+05:30,MANAPPURAM,21,False,0,,ALREADY_DEPLOYED
BAL:PERSISTENT:2026-07-31:002:NEUTRAL:103600:BALANCE_ESCAPE_STARTED:110600,CAND:6e00ceac84968df1df4d7495,"{""FILLED"": 21}",0,0,"{""FILLED"": 18, ""NONE"": 3}",1061,HOLD_POSITION,CAUTION,0,3,OPP:6e00ceac84968df1df4d7495,CAND:6e00ceac84968df1df4d7495,OPP:6e00ceac84968df1df4d7495,False,HOLD,NO_CREATION_EVENT,REVERSAL_WATCH,ALIGNED,cad8805e-c102-57a4-96c7-d70c9c07f5cc,AUTHORITATIVE_REVERSAL_WATCH,PROTECT,OPEN,NO_EVENT,REVERSAL_WATCH,[],NONE,[],2026-07-31T13:00:00+05:30,PERSISTENT,21,False,0,,ALREADY_DEPLOYED
BAL:POWERINDIA:2026-07-31:001:NEUTRAL:095100:BALANCE_ESCAPE_FAILED:113000,CAND:dc1ab160fa1ee75a10189da6,"{""FILLED"": 21}",0,0,"{""FILLED"": 18, ""NONE"": 3}",1062,HOLD_POSITION,CAUTION,0,3,OPP:dc1ab160fa1ee75a10189da6,CAND:dc1ab160fa1ee75a10189da6,OPP:dc1ab160fa1ee75a10189da6,False,HOLD,NO_CREATION_EVENT,REVERSAL_WATCH,ALIGNED,57fbc3b0-0822-51b7-8515-450ea6586841,AUTHORITATIVE_REVERSAL_WATCH,PROTECT,OPEN,NO_EVENT,REVERSAL_WATCH,[],FORMING,[],2026-07-31T13:00:00+05:30,POWERINDIA,21,True,0,TRADE_DECISION_NOT_ALLOWED,NOT_ELIGIBLE
BAL:TCS:2026-07-31:001:NEUTRAL:100600:BALANCE_ESCAPE_STARTED:103600,CAND:02506b9e9c36e94d0d5e2f0e,"{""FILLED"": 21}",0,0,"{""FILLED"": 18, ""NONE"": 3}",1063,FORCE_EXIT,EXIT,0,3,OPP:02506b9e9c36e94d0d5e2f0e,CAND:02506b9e9c36e94d0d5e2f0e,OPP:02506b9e9c36e94d0d5e2f0e,True,NO_ACTION,EVENT_INVALIDATE,NONE,UNKNOWN,8ea01a85-4efa-5849-ac33-c03e0b01cda8,BALANCE_ESCAPE_FAILED_INVALIDATED_SETUP,FORCE_EXIT,INVALIDATED,NO_EVENT,NONE,[],FAILED_BACK_INSIDE,"[""CONTINUATION:BLOCK"", ""REACCELERATION:BLOCK"", ""REVERSAL:BLOCK""]",2026-07-31T13:00:00+05:30,TCS,21,True,0,TRADE_DECISION_NOT_ALLOWED,NOT_ELIGIBLE
DIR:TORNTPHARM:2026-07-31:002:UP:105700:DIRECTIONAL_REVERSAL_LEG_ESTABLISHED:110300,CAND:dcb490f7068f3aeab3ab074f,"{""FILLED"": 21}",0,0,"{""FILLED"": 18, ""NONE"": 3}",1064,FORCE_EXIT,EXIT,0,3,OPP:dcb490f7068f3aeab3ab074f,CAND:dcb490f7068f3aeab3ab074f,OPP:dcb490f7068f3aeab3ab074f,True,NO_ACTION,EVENT_INVALIDATE,DIRECTIONAL,ALIGNED,099dd7de-7081-52f9-9bd2-655c56b6256c,DIRECTIONAL_TREND_RESTORED_INVALIDATED_SETUP,FORCE_EXIT,INVALIDATED,NO_EVENT,NONE,[],NONE,[],2026-07-31T13:00:00+05:30,TORNTPHARM,21,False,0,,ALREADY_DEPLOYED
,,"{""FILLED"": 21}",0,0,"{""FILLED"": 18, ""NONE"": 3}",1065,,,0,3,,,,,NO_ACTION,,,,,,,,NO_EVENT,NONE,[],NONE,[],2026-07-31T13:03:00+05:30,BHEL,21,False,0,,NO_SIGNAL
DIR:CHOLAFIN:2026-07-31:002:DOWN:102400:DIRECTIONAL_REVERSAL_LEG_ESTABLISHED:103300,CAND:c91e30e559c61ae9e4a8e30d,"{""FILLED"": 21}",0,0,"{""FILLED"": 18, ""NONE"": 3}",1066,FORCE_EXIT,EXIT,0,3,OPP:c91e30e559c61ae9e4a8e30d,CAND:c91e30e559c61ae9e4a8e30d,OPP:c91e30e559c61ae9e4a8e30d,True,NO_ACTION,EVENT_INVALIDATE,DIRECTIONAL,OPPOSED,aee40fe8-7759-5cec-902a-0db152fe528d,DIRECTIONAL_TREND_RESTORED_INVALIDATED_OPPOSITE_ACTIVE_SIGNAL,FORCE_EXIT,INVALIDATED,DIRECTIONAL_STARTED,DIRECTIONAL,"[""DIR:CHOLAFIN:2026-07-31:005:UP:130300:DIRECTIONAL_STARTED:130300""]",FORMING,[],2026-07-31T13:03:00+05:30,CHOLAFIN,21,True,0,TRADE_DECISION_NOT_ALLOWED,NOT_ELIGIBLE
DIR:COFORGE:2026-07-31:002:DOWN:101500:DIRECTIONAL_REVERSAL_LEG_ESTABLISHED:102400,CAND:995ee50ff305357125723e26,"{""FILLED"": 21}",0,0,"{""FILLED"": 18, ""NONE"": 3}",1067,HOLD_POSITION,CAUTION,0,3,OPP:995ee50ff305357125723e26,CAND:995ee50ff305357125723e26,OPP:995ee50ff305357125723e26,False,HOLD,NO_CREATION_EVENT,NONE,UNKNOWN,2afed6e7-898c-5a79-8bf5-1d7891f21ccb,NO_CURRENT_CREATION_EVENT,TRANSITION,OPEN,NO_EVENT,NONE,[],LOCKED,"[""CONTINUATION:BLOCK"", ""REACCELERATION:BLOCK"", ""REVERSAL:BLOCK""]",2026-07-31T13:03:00+05:30,COFORGE,21,False,0,,ALREADY_DEPLOYED
DIR:DIVISLAB:2026-07-31:002:DOWN:100600:DIRECTIONAL_REVERSAL_LEG_ESTABLISHED:101800,CAND:6644484c352c701feebfdf31,"{""FILLED"": 21}",0,0,"{""FILLED"": 18, ""NONE"": 3}",1068,FORCE_EXIT,EXIT,0,3,OPP:6644484c352c701feebfdf31,CAND:6644484c352c701feebfdf31,OPP:6644484c352c701feebfdf31,True,NO_ACTION,EVENT_INVALIDATE,COMPLETED,ALIGNED,a73cb6c9-a388-53f1-92b2-41820e34edd3,DIRECTIONAL_REVERSAL_LEG_FAILED_INVALIDATED_OPPOSITE_ACTIVE_SIGNAL,FORCE_EXIT,INVALIDATED,NO_EVENT,REVERSAL_WATCH,[],NONE,[],2026-07-31T13:03:00+05:30,DIVISLAB,21,True,0,TRADE_DECISION_NOT_ALLOWED,NOT_ELIGIBLE
,,"{""FILLED"": 21}",0,0,"{""FILLED"": 18, ""NONE"": 3}",1069,,,0,3,,,,,NO_ACTION,,,,,,,,BALANCE_FORMING_STARTED,REVERSAL_WATCH,"[""BAL:EXIDEIND:2026-07-31:003:NEUTRAL:130300:BALANCE_FORMING_STARTED:130300""]",FORMING,[],2026-07-31T13:03:00+05:30,EXIDEIND,21,False,0,,NO_SIGNAL
DIR:FORCEMOT:2026-07-31:002:UP:105400:DIRECTIONAL_REVERSAL_LEG_ESTABLISHED:110000,CAND:32b3a707960484f98d8399a7,"{""FILLED"": 21}",0,0,"{""FILLED"": 18, ""NONE"": 3}",1070,HOLD_POSITION,CAUTION,0,3,OPP:32b3a707960484f98d8399a7,CAND:32b3a707960484f98d8399a7,OPP:32b3a707960484f98d8399a7,False,HOLD,NO_CREATION_EVENT,NONE,UNKNOWN,76d65cfd-3f5f-5419-81f1-24a924660ce7,NO_CURRENT_CREATION_EVENT,TRANSITION,OPEN,NO_EVENT,NONE,[],FAILED_BACK_INSIDE,"[""CONTINUATION:BLOCK"", ""REACCELERATION:BLOCK"", ""REVERSAL:BLOCK""]",2026-07-31T13:03:00+05:30,FORCEMOT,21,False,0,,ALREADY_DEPLOYED
,,"{""FILLED"": 21}",0,0,"{""FILLED"": 18, ""NONE"": 3}",1071,,,0,3,,,,,NO_ACTION,,,,,,,,NO_EVENT,NONE,[],LOCKED,"[""CONTINUATION:BLOCK"", ""REACCELERATION:BLOCK"", ""REVERSAL:BLOCK""]",2026-07-31T13:03:00+05:30,GLENMARK,21,False,0,,NO_SIGNAL
BAL:INDUSTOWER:2026-07-31:001:NEUTRAL:110900:BALANCE_ESCAPE_FAILED:115400,CAND:296c26607039b07e87c6f497,"{""FILLED"": 21}",0,0,"{""FILLED"": 18, ""NONE"": 3}",1072,HOLD_POSITION,CAUTION,0,3,OPP:296c26607039b07e87c6f497,CAND:296c26607039b07e87c6f497,OPP:296c26607039b07e87c6f497,False,HOLD,NO_CREATION_EVENT,NONE,UNKNOWN,6c1d311c-b1e4-503d-9f2d-3a50df29da5d,NO_CURRENT_CREATION_EVENT,TRANSITION,OPEN,NO_EVENT,NONE,[],FAILED_BACK_INSIDE,"[""CONTINUATION:BLOCK"", ""REACCELERATION:BLOCK"", ""REVERSAL:BLOCK""]",2026-07-31T13:03:00+05:30,INDUSTOWER,21,True,0,TRADE_DECISION_NOT_ALLOWED,NOT_ELIGIBLE
BAL:KALYANKJIL:2026-07-31:002:NEUTRAL:105100:BALANCE_ESCAPE_STARTED:112700,CAND:4a3872010c190995b2d63ff8,"{""FILLED"": 21}",0,0,"{""FILLED"": 18, ""NONE"": 3}",1073,HOLD_POSITION,CAUTION,0,3,OPP:4a3872010c190995b2d63ff8,CAND:4a3872010c190995b2d63ff8,OPP:4a3872010c190995b2d63ff8,False,HOLD,NO_CREATION_EVENT,DIRECTIONAL,OPPOSED,fe205a27-ef8f-5bf7-9192-94593d799d94,AUTHORITATIVE_DIRECTION_OPPOSED,WEAKENING,OPEN,DIRECTIONAL_STARTED,DIRECTIONAL,"[""DIR:KALYANKJIL:2026-07-31:010:DOWN:130300:DIRECTIONAL_STARTED:130300""]",FORMING,[],2026-07-31T13:03:00+05:30,KALYANKJIL,21,False,0,,ALREADY_DEPLOYED
DIR:MANAPPURAM:2026-07-31:006:UP:111200:DIRECTIONAL_REVERSAL_LEG_ESTABLISHED:112100,CAND:7316c4a2330c742a8803fe6c,"{""FILLED"": 21}",0,0,"{""FILLED"": 18, ""NONE"": 3}",1074,HOLD_POSITION,CAUTION,0,3,OPP:7316c4a2330c742a8803fe6c,CAND:7316c4a2330c742a8803fe6c,OPP:7316c4a2330c742a8803fe6c,False,HOLD,NO_CREATION_EVENT,NONE,UNKNOWN,50c51811-b112-5f0f-9fcc-a1422ceea97c,NO_CURRENT_CREATION_EVENT,TRANSITION,OPEN,NO_EVENT,NONE,[],NONE,[],2026-07-31T13:03:00+05:30,MANAPPURAM,21,False,0,,ALREADY_DEPLOYED
BAL:PERSISTENT:2026-07-31:002:NEUTRAL:103600:BALANCE_ESCAPE_STARTED:110600,CAND:6e00ceac84968df1df4d7495,"{""FILLED"": 21}",0,0,"{""FILLED"": 18, ""NONE"": 3}",1075,HOLD_POSITION,CAUTION,0,3,OPP:6e00ceac84968df1df4d7495,CAND:6e00ceac84968df1df4d7495,OPP:6e00ceac84968df1df4d7495,False,HOLD,NO_CREATION_EVENT,REVERSAL_WATCH,ALIGNED,cad8805e-c102-57a4-96c7-d70c9c07f5cc,AUTHORITATIVE_REVERSAL_WATCH,PROTECT,OPEN,NO_EVENT,REVERSAL_WATCH,[],NONE,[],2026-07-31T13:03:00+05:30,PERSISTENT,21,False,0,,ALREADY_DEPLOYED
BAL:POWERINDIA:2026-07-31:001:NEUTRAL:095100:BALANCE_ESCAPE_FAILED:113000,CAND:dc1ab160fa1ee75a10189da6,"{""FILLED"": 21}",0,0,"{""FILLED"": 18, ""NONE"": 3}",1076,HOLD_POSITION,CAUTION,0,3,OPP:dc1ab160fa1ee75a10189da6,CAND:dc1ab160fa1ee75a10189da6,OPP:dc1ab160fa1ee75a10189da6,False,HOLD,NO_CREATION_EVENT,REVERSAL_WATCH,ALIGNED,57fbc3b0-0822-51b7-8515-450ea6586841,AUTHORITATIVE_REVERSAL_WATCH,PROTECT,OPEN,NO_EVENT,REVERSAL_WATCH,[],FORMING,[],2026-07-31T13:03:00+05:30,POWERINDIA,21,True,0,TRADE_DECISION_NOT_ALLOWED,NOT_ELIGIBLE
BAL:TCS:2026-07-31:001:NEUTRAL:100600:BALANCE_ESCAPE_STARTED:103600,CAND:02506b9e9c36e94d0d5e2f0e,"{""FILLED"": 21}",0,0,"{""FILLED"": 18, ""NONE"": 3}",1077,FORCE_EXIT,EXIT,0,3,OPP:02506b9e9c36e94d0d5e2f0e,CAND:02506b9e9c36e94d0d5e2f0e,OPP:02506b9e9c36e94d0d5e2f0e,True,NO_ACTION,EVENT_INVALIDATE,NONE,UNKNOWN,8ea01a85-4efa-5849-ac33-c03e0b01cda8,BALANCE_ESCAPE_FAILED_INVALIDATED_SETUP,FORCE_EXIT,INVALIDATED,NO_EVENT,NONE,[],FAILED_BACK_INSIDE,"[""CONTINUATION:BLOCK"", ""REACCELERATION:BLOCK"", ""REVERSAL:BLOCK""]",2026-07-31T13:03:00+05:30,TCS,21,True,0,TRADE_DECISION_NOT_ALLOWED,NOT_ELIGIBLE
DIR:TORNTPHARM:2026-07-31:002:UP:105700:DIRECTIONAL_REVERSAL_LEG_ESTABLISHED:110300,CAND:dcb490f7068f3aeab3ab074f,"{""FILLED"": 21}",0,0,"{""FILLED"": 18, ""NONE"": 3}",1078,FORCE_EXIT,EXIT,0,3,OPP:dcb490f7068f3aeab3ab074f,CAND:dcb490f7068f3aeab3ab074f,OPP:dcb490f7068f3aeab3ab074f,True,NO_ACTION,EVENT_INVALIDATE,DIRECTIONAL,ALIGNED,099dd7de-7081-52f9-9bd2-655c56b6256c,DIRECTIONAL_TREND_RESTORED_INVALIDATED_SETUP,FORCE_EXIT,INVALIDATED,DIRECTIONAL_STARTED,DIRECTIONAL,"[""DIR:TORNTPHARM:2026-07-31:006:DOWN:130300:DIRECTIONAL_STARTED:130300""]",NONE,[],2026-07-31T13:03:00+05:30,TORNTPHARM,21,False,0,,ALREADY_DEPLOYED
,,"{""FILLED"": 21}",0,0,"{""FILLED"": 18, ""NONE"": 3}",1079,,,0,3,,,,,NO_ACTION,,,,,,,,DIRECTIONAL_STARTED,DIRECTIONAL,"[""DIR:BHEL:2026-07-31:008:UP:130600:DIRECTIONAL_STARTED:130600""]",NONE,[],2026-07-31T13:06:00+05:30,BHEL,21,False,0,,NO_SIGNAL
DIR:CHOLAFIN:2026-07-31:002:DOWN:102400:DIRECTIONAL_REVERSAL_LEG_ESTABLISHED:103300,CAND:c91e30e559c61ae9e4a8e30d,"{""FILLED"": 21}",0,0,"{""FILLED"": 18, ""NONE"": 3}",1080,FORCE_EXIT,EXIT,0,3,OPP:c91e30e559c61ae9e4a8e30d,CAND:c91e30e559c61ae9e4a8e30d,OPP:c91e30e559c61ae9e4a8e30d,True,NO_ACTION,EVENT_INVALIDATE,DIRECTIONAL,OPPOSED,aee40fe8-7759-5cec-902a-0db152fe528d,DIRECTIONAL_TREND_RESTORED_INVALIDATED_OPPOSITE_ACTIVE_SIGNAL,FORCE_EXIT,INVALIDATED,DIRECTIONAL_MATURED,MATURE,"[""DIR:CHOLAFIN:2026-07-31:005:UP:130300:DIRECTIONAL_MATURED:130600""]",FORMING,[],2026-07-31T13:06:00+05:30,CHOLAFIN,21,True,0,TRADE_DECISION_NOT_ALLOWED,NOT_ELIGIBLE
DIR:COFORGE:2026-07-31:002:DOWN:101500:DIRECTIONAL_REVERSAL_LEG_ESTABLISHED:102400,CAND:995ee50ff305357125723e26,"{""FILLED"": 21}",0,0,"{""FILLED"": 18, ""NONE"": 3}",1081,HOLD_POSITION,CAUTION,0,3,OPP:995ee50ff305357125723e26,CAND:995ee50ff305357125723e26,OPP:995ee50ff305357125723e26,False,HOLD,NO_CREATION_EVENT,NONE,UNKNOWN,2afed6e7-898c-5a79-8bf5-1d7891f21ccb,NO_CURRENT_CREATION_EVENT,TRANSITION,OPEN,NO_EVENT,NONE,[],LOCKED,"[""CONTINUATION:BLOCK"", ""REACCELERATION:BLOCK"", ""REVERSAL:BLOCK""]",2026-07-31T13:06:00+05:30,COFORGE,21,False,0,,ALREADY_DEPLOYED
DIR:DIVISLAB:2026-07-31:002:DOWN:100600:DIRECTIONAL_REVERSAL_LEG_ESTABLISHED:101800,CAND:6644484c352c701feebfdf31,"{""FILLED"": 21}",0,0,"{""FILLED"": 18, ""NONE"": 3}",1082,FORCE_EXIT,EXIT,0,3,OPP:6644484c352c701feebfdf31,CAND:6644484c352c701feebfdf31,OPP:6644484c352c701feebfdf31,True,NO_ACTION,EVENT_INVALIDATE,COMPLETED,ALIGNED,a73cb6c9-a388-53f1-92b2-41820e34edd3,DIRECTIONAL_REVERSAL_LEG_FAILED_INVALIDATED_OPPOSITE_ACTIVE_SIGNAL,FORCE_EXIT,INVALIDATED,NO_EVENT,REVERSAL_WATCH,[],NONE,[],2026-07-31T13:06:00+05:30,DIVISLAB,21,True,0,TRADE_DECISION_NOT_ALLOWED,NOT_ELIGIBLE
,,"{""FILLED"": 21}",0,0,"{""FILLED"": 18, ""NONE"": 3}",1083,,,0,3,,,,,NO_ACTION,,,,,,,,NO_EVENT,REVERSAL_WATCH,[],FORMING,[],2026-07-31T13:06:00+05:30,EXIDEIND,21,False,0,,NO_SIGNAL
DIR:FORCEMOT:2026-07-31:002:UP:105400:DIRECTIONAL_REVERSAL_LEG_ESTABLISHED:110000,CAND:32b3a707960484f98d8399a7,"{""FILLED"": 21}",0,0,"{""FILLED"": 18, ""NONE"": 3}",1084,HOLD_POSITION,CAUTION,0,3,OPP:32b3a707960484f98d8399a7,CAND:32b3a707960484f98d8399a7,OPP:32b3a707960484f98d8399a7,False,HOLD,NO_CREATION_EVENT,NONE,UNKNOWN,76d65cfd-3f5f-5419-81f1-24a924660ce7,NO_CURRENT_CREATION_EVENT,TRANSITION,OPEN,NO_EVENT,NONE,[],FAILED_BACK_INSIDE,"[""CONTINUATION:BLOCK"", ""REACCELERATION:BLOCK"", ""REVERSAL:BLOCK""]",2026-07-31T13:06:00+05:30,FORCEMOT,21,False,0,,ALREADY_DEPLOYED
,,"{""FILLED"": 21}",0,0,"{""FILLED"": 18, ""NONE"": 3}",1085,,,0,3,,,,,NO_ACTION,,,,,,,,NO_EVENT,NONE,[],LOCKED,"[""CONTINUATION:BLOCK"", ""REACCELERATION:BLOCK"", ""REVERSAL:BLOCK""]",2026-07-31T13:06:00+05:30,GLENMARK,21,False,0,,NO_SIGNAL
BAL:INDUSTOWER:2026-07-31:001:NEUTRAL:110900:BALANCE_ESCAPE_FAILED:115400,CAND:296c26607039b07e87c6f497,"{""FILLED"": 21}",0,0,"{""FILLED"": 18, ""NONE"": 3}",1086,HOLD_POSITION,CAUTION,0,3,OPP:296c26607039b07e87c6f497,CAND:296c26607039b07e87c6f497,OPP:296c26607039b07e87c6f497,False,HOLD,NO_CREATION_EVENT,NONE,UNKNOWN,6c1d311c-b1e4-503d-9f2d-3a50df29da5d,NO_CURRENT_CREATION_EVENT,TRANSITION,OPEN,NO_EVENT,NONE,[],FAILED_BACK_INSIDE,"[""CONTINUATION:BLOCK"", ""REACCELERATION:BLOCK"", ""REVERSAL:BLOCK""]",2026-07-31T13:06:00+05:30,INDUSTOWER,21,True,0,TRADE_DECISION_NOT_ALLOWED,NOT_ELIGIBLE
BAL:KALYANKJIL:2026-07-31:002:NEUTRAL:105100:BALANCE_ESCAPE_STARTED:112700,CAND:4a3872010c190995b2d63ff8,"{""FILLED"": 21}",0,0,"{""FILLED"": 18, ""NONE"": 3}",1087,HOLD_POSITION,CAUTION,0,3,OPP:4a3872010c190995b2d63ff8,CAND:4a3872010c190995b2d63ff8,OPP:4a3872010c190995b2d63ff8,False,HOLD,NO_CREATION_EVENT,DIRECTIONAL,OPPOSED,fe205a27-ef8f-5bf7-9192-94593d799d94,AUTHORITATIVE_DIRECTION_OPPOSED,WEAKENING,OPEN,NO_EVENT,DIRECTIONAL,[],FORMING,[],2026-07-31T13:06:00+05:30,KALYANKJIL,21,False,0,,ALREADY_DEPLOYED
DIR:MANAPPURAM:2026-07-31:006:UP:111200:DIRECTIONAL_REVERSAL_LEG_ESTABLISHED:112100,CAND:7316c4a2330c742a8803fe6c,"{""FILLED"": 21}",0,0,"{""FILLED"": 18, ""NONE"": 3}",1088,HOLD_POSITION,CAUTION,0,3,OPP:7316c4a2330c742a8803fe6c,CAND:7316c4a2330c742a8803fe6c,OPP:7316c4a2330c742a8803fe6c,False,HOLD,NO_CREATION_EVENT,NONE,UNKNOWN,50c51811-b112-5f0f-9fcc-a1422ceea97c,NO_CURRENT_CREATION_EVENT,TRANSITION,OPEN,NO_EVENT,NONE,[],NONE,[],2026-07-31T13:06:00+05:30,MANAPPURAM,21,False,0,,ALREADY_DEPLOYED
BAL:PERSISTENT:2026-07-31:002:NEUTRAL:103600:BALANCE_ESCAPE_STARTED:110600,CAND:6e00ceac84968df1df4d7495,"{""FILLED"": 21}",0,0,"{""FILLED"": 18, ""NONE"": 3}",1089,HOLD_POSITION,CAUTION,0,3,OPP:6e00ceac84968df1df4d7495,CAND:6e00ceac84968df1df4d7495,OPP:6e00ceac84968df1df4d7495,False,HOLD,NO_CREATION_EVENT,REVERSAL_WATCH,ALIGNED,cad8805e-c102-57a4-96c7-d70c9c07f5cc,AUTHORITATIVE_REVERSAL_WATCH,PROTECT,OPEN,NO_EVENT,REVERSAL_WATCH,[],NONE,[],2026-07-31T13:06:00+05:30,PERSISTENT,21,False,0,,ALREADY_DEPLOYED
BAL:POWERINDIA:2026-07-31:001:NEUTRAL:095100:BALANCE_ESCAPE_FAILED:113000,CAND:dc1ab160fa1ee75a10189da6,"{""FILLED"": 21}",0,0,"{""FILLED"": 18, ""NONE"": 3}",1090,HOLD_POSITION,CAUTION,0,3,OPP:dc1ab160fa1ee75a10189da6,CAND:dc1ab160fa1ee75a10189da6,OPP:dc1ab160fa1ee75a10189da6,False,HOLD,NO_CREATION_EVENT,REVERSAL_WATCH,ALIGNED,57fbc3b0-0822-51b7-8515-450ea6586841,AUTHORITATIVE_REVERSAL_WATCH,PROTECT,OPEN,NO_EVENT,REVERSAL_WATCH,[],FORMING,[],2026-07-31T13:06:00+05:30,POWERINDIA,21,True,0,TRADE_DECISION_NOT_ALLOWED,NOT_ELIGIBLE
BAL:TCS:2026-07-31:001:NEUTRAL:100600:BALANCE_ESCAPE_STARTED:103600,CAND:02506b9e9c36e94d0d5e2f0e,"{""FILLED"": 21}",0,0,"{""FILLED"": 18, ""NONE"": 3}",1091,FORCE_EXIT,EXIT,0,3,OPP:02506b9e9c36e94d0d5e2f0e,CAND:02506b9e9c36e94d0d5e2f0e,OPP:02506b9e9c36e94d0d5e2f0e,True,NO_ACTION,EVENT_INVALIDATE,NONE,UNKNOWN,8ea01a85-4efa-5849-ac33-c03e0b01cda8,BALANCE_ESCAPE_FAILED_INVALIDATED_SETUP,FORCE_EXIT,INVALIDATED,NO_EVENT,NONE,[],FAILED_BACK_INSIDE,"[""CONTINUATION:BLOCK"", ""REACCELERATION:BLOCK"", ""REVERSAL:BLOCK""]",2026-07-31T13:06:00+05:30,TCS,21,True,0,TRADE_DECISION_NOT_ALLOWED,NOT_ELIGIBLE
DIR:TORNTPHARM:2026-07-31:002:UP:105700:DIRECTIONAL_REVERSAL_LEG_ESTABLISHED:110300,CAND:dcb490f7068f3aeab3ab074f,"{""FILLED"": 21}",0,0,"{""FILLED"": 18, ""NONE"": 3}",1092,FORCE_EXIT,EXIT,0,3,OPP:dcb490f7068f3aeab3ab074f,CAND:dcb490f7068f3aeab3ab074f,OPP:dcb490f7068f3aeab3ab074f,True,NO_ACTION,EVENT_INVALIDATE,DIRECTIONAL,ALIGNED,099dd7de-7081-52f9-9bd2-655c56b6256c,DIRECTIONAL_TREND_RESTORED_INVALIDATED_SETUP,FORCE_EXIT,INVALIDATED,NO_EVENT,DIRECTIONAL,[],NONE,[],2026-07-31T13:06:00+05:30,TORNTPHARM,21,False,0,,ALREADY_DEPLOYED
,,"{""FILLED"": 21}",0,0,"{""FILLED"": 18, ""NONE"": 3}",1093,,,0,3,,,,,NO_ACTION,,,,,,,,NO_EVENT,DIRECTIONAL,[],NONE,[],2026-07-31T13:09:00+05:30,BHEL,21,False,0,,NO_SIGNAL
DIR:CHOLAFIN:2026-07-31:002:DOWN:102400:DIRECTIONAL_REVERSAL_LEG_ESTABLISHED:103300,CAND:c91e30e559c61ae9e4a8e30d,"{""FILLED"": 21}",0,0,"{""FILLED"": 18, ""NONE"": 3}",1094,FORCE_EXIT,EXIT,0,3,OPP:c91e30e559c61ae9e4a8e30d,CAND:c91e30e559c61ae9e4a8e30d,OPP:c91e30e559c61ae9e4a8e30d,True,NO_ACTION,EVENT_INVALIDATE,DIRECTIONAL,OPPOSED,aee40fe8-7759-5cec-902a-0db152fe528d,DIRECTIONAL_TREND_RESTORED_INVALIDATED_OPPOSITE_ACTIVE_SIGNAL,FORCE_EXIT,INVALIDATED,"BALANCE_PROBABLE,REVERSAL_WATCH_STARTED",REVERSAL_WATCH,"[""BAL:CHOLAFIN:2026-07-31:001:NEUTRAL:125700:BALANCE_PROBABLE:130900"", ""DIR:CHOLAFIN:2026-07-31:005:UP:130300:REVERSAL_WATCH_STARTED:130900""]",PROBABLE,[],2026-07-31T13:09:00+05:30,CHOLAFIN,21,True,0,TRADE_DECISION_NOT_ALLOWED,NOT_ELIGIBLE
DIR:COFORGE:2026-07-31:002:DOWN:101500:DIRECTIONAL_REVERSAL_LEG_ESTABLISHED:102400,CAND:995ee50ff305357125723e26,"{""FILLED"": 21}",0,0,"{""FILLED"": 18, ""NONE"": 3}",1095,HOLD_POSITION,CAUTION,0,3,OPP:995ee50ff305357125723e26,CAND:995ee50ff305357125723e26,OPP:995ee50ff305357125723e26,False,HOLD,NO_CREATION_EVENT,NONE,UNKNOWN,2afed6e7-898c-5a79-8bf5-1d7891f21ccb,NO_CURRENT_CREATION_EVENT,TRANSITION,OPEN,NO_EVENT,NONE,[],LOCKED,"[""CONTINUATION:BLOCK"", ""REACCELERATION:BLOCK"", ""REVERSAL:BLOCK""]",2026-07-31T13:09:00+05:30,COFORGE,21,False,0,,ALREADY_DEPLOYED
DIR:DIVISLAB:2026-07-31:002:DOWN:100600:DIRECTIONAL_REVERSAL_LEG_ESTABLISHED:101800,CAND:6644484c352c701feebfdf31,"{""FILLED"": 21}",0,0,"{""FILLED"": 18, ""NONE"": 3}",1096,FORCE_EXIT,EXIT,0,3,OPP:6644484c352c701feebfdf31,CAND:6644484c352c701feebfdf31,OPP:6644484c352c701feebfdf31,True,NO_ACTION,EVENT_INVALIDATE,COMPLETED,ALIGNED,a73cb6c9-a388-53f1-92b2-41820e34edd3,DIRECTIONAL_REVERSAL_LEG_FAILED_INVALIDATED_OPPOSITE_ACTIVE_SIGNAL,FORCE_EXIT,INVALIDATED,NO_EVENT,REVERSAL_WATCH,[],NONE,[],2026-07-31T13:09:00+05:30,DIVISLAB,21,True,0,TRADE_DECISION_NOT_ALLOWED,NOT_ELIGIBLE
,,"{""FILLED"": 21}",0,0,"{""FILLED"": 18, ""NONE"": 3}",1097,,,0,3,,,,,NO_ACTION,,,,,,,,NO_EVENT,REVERSAL_WATCH,[],FORMING,[],2026-07-31T13:09:00+05:30,EXIDEIND,21,False,0,,NO_SIGNAL
DIR:FORCEMOT:2026-07-31:002:UP:105400:DIRECTIONAL_REVERSAL_LEG_ESTABLISHED:110000,CAND:32b3a707960484f98d8399a7,"{""FILLED"": 21}",0,0,"{""FILLED"": 18, ""NONE"": 3}",1098,HOLD_POSITION,CAUTION,0,3,OPP:32b3a707960484f98d8399a7,CAND:32b3a707960484f98d8399a7,OPP:32b3a707960484f98d8399a7,False,HOLD,NO_CREATION_EVENT,NONE,UNKNOWN,76d65cfd-3f5f-5419-81f1-24a924660ce7,NO_CURRENT_CREATION_EVENT,TRANSITION,OPEN,NO_EVENT,NONE,[],FAILED_BACK_INSIDE,"[""CONTINUATION:BLOCK"", ""REACCELERATION:BLOCK"", ""REVERSAL:BLOCK""]",2026-07-31T13:09:00+05:30,FORCEMOT,21,False,0,,ALREADY_DEPLOYED
,,"{""FILLED"": 21}",0,0,"{""FILLED"": 18, ""NONE"": 3}",1099,,,0,3,,,,,NO_ACTION,,,,,,,,NO_EVENT,NONE,[],LOCKED,"[""CONTINUATION:BLOCK"", ""REACCELERATION:BLOCK"", ""REVERSAL:BLOCK""]",2026-07-31T13:09:00+05:30,GLENMARK,21,False,0,,NO_SIGNAL
BAL:INDUSTOWER:2026-07-31:001:NEUTRAL:110900:BALANCE_ESCAPE_FAILED:115400,CAND:296c26607039b07e87c6f497,"{""FILLED"": 21}",0,0,"{""FILLED"": 18, ""NONE"": 3}",1100,HOLD_POSITION,CAUTION,0,3,OPP:296c26607039b07e87c6f497,CAND:296c26607039b07e87c6f497,OPP:296c26607039b07e87c6f497,False,HOLD,NO_CREATION_EVENT,NONE,UNKNOWN,6c1d311c-b1e4-503d-9f2d-3a50df29da5d,NO_CURRENT_CREATION_EVENT,TRANSITION,OPEN,NO_EVENT,NONE,[],FAILED_BACK_INSIDE,"[""CONTINUATION:BLOCK"", ""REACCELERATION:BLOCK"", ""REVERSAL:BLOCK""]",2026-07-31T13:09:00+05:30,INDUSTOWER,21,True,0,TRADE_DECISION_NOT_ALLOWED,NOT_ELIGIBLE
BAL:KALYANKJIL:2026-07-31:002:NEUTRAL:105100:BALANCE_ESCAPE_STARTED:112700,CAND:4a3872010c190995b2d63ff8,"{""FILLED"": 21}",0,0,"{""FILLED"": 18, ""NONE"": 3}",1101,HOLD_POSITION,CAUTION,0,3,OPP:4a3872010c190995b2d63ff8,CAND:4a3872010c190995b2d63ff8,OPP:4a3872010c190995b2d63ff8,False,HOLD,NO_CREATION_EVENT,DIRECTIONAL,OPPOSED,fe205a27-ef8f-5bf7-9192-94593d799d94,AUTHORITATIVE_DIRECTION_OPPOSED,WEAKENING,OPEN,NO_EVENT,DIRECTIONAL,[],FORMING,[],2026-07-31T13:09:00+05:30,KALYANKJIL,21,False,0,,ALREADY_DEPLOYED
DIR:MANAPPURAM:2026-07-31:006:UP:111200:DIRECTIONAL_REVERSAL_LEG_ESTABLISHED:112100,CAND:7316c4a2330c742a8803fe6c,"{""FILLED"": 21}",0,0,"{""FILLED"": 18, ""NONE"": 3}",1102,HOLD_POSITION,STRENGTHEN,0,3,OPP:7316c4a2330c742a8803fe6c,CAND:7316c4a2330c742a8803fe6c,OPP:7316c4a2330c742a8803fe6c,False,HOLD,NO_CREATION_EVENT,DIRECTIONAL,ALIGNED,50c51811-b112-5f0f-9fcc-a1422ceea97c,AUTHORITATIVE_DIRECTIONAL_ALIGNED,ACTIVE,OPEN,DIRECTIONAL_STARTED,DIRECTIONAL,"[""DIR:MANAPPURAM:2026-07-31:007:UP:130900:DIRECTIONAL_STARTED:130900""]",NONE,[],2026-07-31T13:09:00+05:30,MANAPPURAM,21,False,0,,ALREADY_DEPLOYED
BAL:PERSISTENT:2026-07-31:002:NEUTRAL:103600:BALANCE_ESCAPE_STARTED:110600,CAND:6e00ceac84968df1df4d7495,"{""FILLED"": 21}",0,0,"{""FILLED"": 18, ""NONE"": 3}",1103,HOLD_POSITION,CAUTION,0,3,OPP:6e00ceac84968df1df4d7495,CAND:6e00ceac84968df1df4d7495,OPP:6e00ceac84968df1df4d7495,False,HOLD,NO_CREATION_EVENT,REVERSAL_WATCH,ALIGNED,cad8805e-c102-57a4-96c7-d70c9c07f5cc,AUTHORITATIVE_REVERSAL_WATCH,PROTECT,OPEN,NO_EVENT,REVERSAL_WATCH,[],NONE,[],2026-07-31T13:09:00+05:30,PERSISTENT,21,False,0,,ALREADY_DEPLOYED
BAL:POWERINDIA:2026-07-31:001:NEUTRAL:095100:BALANCE_ESCAPE_FAILED:113000,CAND:dc1ab160fa1ee75a10189da6,"{""FILLED"": 21}",0,0,"{""FILLED"": 18, ""NONE"": 3}",1104,HOLD_POSITION,CAUTION,0,3,OPP:dc1ab160fa1ee75a10189da6,CAND:dc1ab160fa1ee75a10189da6,OPP:dc1ab160fa1ee75a10189da6,False,HOLD,NO_CREATION_EVENT,REVERSAL_WATCH,ALIGNED,57fbc3b0-0822-51b7-8515-450ea6586841,AUTHORITATIVE_REVERSAL_WATCH,PROTECT,OPEN,NO_EVENT,REVERSAL_WATCH,[],FORMING,[],2026-07-31T13:09:00+05:30,POWERINDIA,21,True,0,TRADE_DECISION_NOT_ALLOWED,NOT_ELIGIBLE
BAL:TCS:2026-07-31:001:NEUTRAL:100600:BALANCE_ESCAPE_STARTED:103600,CAND:02506b9e9c36e94d0d5e2f0e,"{""FILLED"": 21}",0,0,"{""FILLED"": 18, ""NONE"": 3}",1105,FORCE_EXIT,EXIT,0,3,OPP:02506b9e9c36e94d0d5e2f0e,CAND:02506b9e9c36e94d0d5e2f0e,OPP:02506b9e9c36e94d0d5e2f0e,True,NO_ACTION,EVENT_INVALIDATE,NONE,UNKNOWN,8ea01a85-4efa-5849-ac33-c03e0b01cda8,BALANCE_ESCAPE_FAILED_INVALIDATED_SETUP,FORCE_EXIT,INVALIDATED,NO_EVENT,NONE,[],FAILED_BACK_INSIDE,"[""CONTINUATION:BLOCK"", ""REACCELERATION:BLOCK"", ""REVERSAL:BLOCK""]",2026-07-31T13:09:00+05:30,TCS,21,True,0,TRADE_DECISION_NOT_ALLOWED,NOT_ELIGIBLE
DIR:TORNTPHARM:2026-07-31:002:UP:105700:DIRECTIONAL_REVERSAL_LEG_ESTABLISHED:110300,CAND:dcb490f7068f3aeab3ab074f,"{""FILLED"": 21}",0,0,"{""FILLED"": 18, ""NONE"": 3}",1106,FORCE_EXIT,EXIT,0,3,OPP:dcb490f7068f3aeab3ab074f,CAND:dcb490f7068f3aeab3ab074f,OPP:dcb490f7068f3aeab3ab074f,True,NO_ACTION,EVENT_INVALIDATE,DIRECTIONAL,ALIGNED,099dd7de-7081-52f9-9bd2-655c56b6256c,DIRECTIONAL_TREND_RESTORED_INVALIDATED_SETUP,FORCE_EXIT,INVALIDATED,NO_EVENT,DIRECTIONAL,[],NONE,[],2026-07-31T13:09:00+05:30,TORNTPHARM,21,False,0,,ALREADY_DEPLOYED
,,"{""FILLED"": 21}",0,0,"{""FILLED"": 18, ""NONE"": 3}",1107,,,0,3,,,,,NO_ACTION,,,,,,,,NO_EVENT,DIRECTIONAL,[],NONE,[],2026-07-31T13:12:00+05:30,BHEL,21,False,0,,NO_SIGNAL
DIR:CHOLAFIN:2026-07-31:002:DOWN:102400:DIRECTIONAL_REVERSAL_LEG_ESTABLISHED:103300,CAND:c91e30e559c61ae9e4a8e30d,"{""FILLED"": 21}",0,0,"{""FILLED"": 18, ""NONE"": 3}",1108,FORCE_EXIT,EXIT,0,3,OPP:c91e30e559c61ae9e4a8e30d,CAND:c91e30e559c61ae9e4a8e30d,OPP:c91e30e559c61ae9e4a8e30d,True,NO_ACTION,EVENT_INVALIDATE,DIRECTIONAL,OPPOSED,aee40fe8-7759-5cec-902a-0db152fe528d,DIRECTIONAL_TREND_RESTORED_INVALIDATED_OPPOSITE_ACTIVE_SIGNAL,FORCE_EXIT,INVALIDATED,NO_EVENT,REVERSAL_WATCH,[],PROBABLE,[],2026-07-31T13:12:00+05:30,CHOLAFIN,21,True,0,TRADE_DECISION_NOT_ALLOWED,NOT_ELIGIBLE
DIR:COFORGE:2026-07-31:002:DOWN:101500:DIRECTIONAL_REVERSAL_LEG_ESTABLISHED:102400,CAND:995ee50ff305357125723e26,"{""FILLED"": 21}",0,0,"{""FILLED"": 18, ""NONE"": 3}",1109,HOLD_POSITION,CAUTION,0,3,OPP:995ee50ff305357125723e26,CAND:995ee50ff305357125723e26,OPP:995ee50ff305357125723e26,False,HOLD,NO_CREATION_EVENT,NONE,UNKNOWN,2afed6e7-898c-5a79-8bf5-1d7891f21ccb,NO_CURRENT_CREATION_EVENT,TRANSITION,OPEN,NO_EVENT,NONE,[],LOCKED,"[""CONTINUATION:BLOCK"", ""REACCELERATION:BLOCK"", ""REVERSAL:BLOCK""]",2026-07-31T13:12:00+05:30,COFORGE,21,False,0,,ALREADY_DEPLOYED
DIR:DIVISLAB:2026-07-31:002:DOWN:100600:DIRECTIONAL_REVERSAL_LEG_ESTABLISHED:101800,CAND:6644484c352c701feebfdf31,"{""FILLED"": 21}",0,0,"{""FILLED"": 18, ""NONE"": 3}",1110,FORCE_EXIT,EXIT,0,3,OPP:6644484c352c701feebfdf31,CAND:6644484c352c701feebfdf31,OPP:6644484c352c701feebfdf31,True,NO_ACTION,EVENT_INVALIDATE,COMPLETED,ALIGNED,a73cb6c9-a388-53f1-92b2-41820e34edd3,DIRECTIONAL_REVERSAL_LEG_FAILED_INVALIDATED_OPPOSITE_ACTIVE_SIGNAL,FORCE_EXIT,INVALIDATED,NO_EVENT,REVERSAL_WATCH,[],NONE,[],2026-07-31T13:12:00+05:30,DIVISLAB,21,True,0,TRADE_DECISION_NOT_ALLOWED,NOT_ELIGIBLE
,,"{""FILLED"": 21}",0,0,"{""FILLED"": 18, ""NONE"": 3}",1111,,,0,3,,,,,NO_ACTION,,,,,,,,NO_EVENT,REVERSAL_WATCH,[],FORMING,[],2026-07-31T13:12:00+05:30,EXIDEIND,21,False,0,,NO_SIGNAL
DIR:FORCEMOT:2026-07-31:002:UP:105400:DIRECTIONAL_REVERSAL_LEG_ESTABLISHED:110000,CAND:32b3a707960484f98d8399a7,"{""FILLED"": 21}",0,0,"{""FILLED"": 18, ""NONE"": 3}",1112,HOLD_POSITION,CAUTION,0,3,OPP:32b3a707960484f98d8399a7,CAND:32b3a707960484f98d8399a7,OPP:32b3a707960484f98d8399a7,False,HOLD,NO_CREATION_EVENT,NONE,UNKNOWN,76d65cfd-3f5f-5419-81f1-24a924660ce7,NO_CURRENT_CREATION_EVENT,TRANSITION,OPEN,NO_EVENT,NONE,[],FAILED_BACK_INSIDE,"[""CONTINUATION:BLOCK"", ""REACCELERATION:BLOCK"", ""REVERSAL:BLOCK""]",2026-07-31T13:12:00+05:30,FORCEMOT,21,False,0,,ALREADY_DEPLOYED
,,"{""FILLED"": 21}",0,0,"{""FILLED"": 18, ""NONE"": 3}",1113,,,0,3,,,,,NO_ACTION,,,,,,,,BALANCE_ESCAPE_STARTED,NONE,"[""BAL:GLENMARK:2026-07-31:001:NEUTRAL:101200:BALANCE_ESCAPE_STARTED:131200""]",ESCAPE_WATCH,"[""ACCEPTED_BREAKOUT:WAIT"", ""BREAKOUT_INITIATION:PERMIT"", ""CONTINUATION:BLOCK"", ""FAILED_BREAKOUT:WAIT"", ""REACCELERATION:BLOCK"", ""REVERSAL:BLOCK""]",2026-07-31T13:12:00+05:30,GLENMARK,21,False,0,,NO_SIGNAL
BAL:INDUSTOWER:2026-07-31:001:NEUTRAL:110900:BALANCE_ESCAPE_FAILED:115400,CAND:296c26607039b07e87c6f497,"{""FILLED"": 21}",0,0,"{""FILLED"": 18, ""NONE"": 3}",1114,HOLD_POSITION,CAUTION,0,3,OPP:296c26607039b07e87c6f497,CAND:296c26607039b07e87c6f497,OPP:296c26607039b07e87c6f497,False,HOLD,NO_CREATION_EVENT,NONE,UNKNOWN,6c1d311c-b1e4-503d-9f2d-3a50df29da5d,NO_CURRENT_CREATION_EVENT,TRANSITION,OPEN,NO_EVENT,NONE,[],FAILED_BACK_INSIDE,"[""CONTINUATION:BLOCK"", ""REACCELERATION:BLOCK"", ""REVERSAL:BLOCK""]",2026-07-31T13:12:00+05:30,INDUSTOWER,21,True,0,TRADE_DECISION_NOT_ALLOWED,NOT_ELIGIBLE
BAL:KALYANKJIL:2026-07-31:002:NEUTRAL:105100:BALANCE_ESCAPE_STARTED:112700,CAND:4a3872010c190995b2d63ff8,"{""FILLED"": 21}",0,0,"{""FILLED"": 18, ""NONE"": 3}",1115,HOLD_POSITION,CAUTION,0,3,OPP:4a3872010c190995b2d63ff8,CAND:4a3872010c190995b2d63ff8,OPP:4a3872010c190995b2d63ff8,False,HOLD,NO_CREATION_EVENT,DIRECTIONAL,OPPOSED,fe205a27-ef8f-5bf7-9192-94593d799d94,AUTHORITATIVE_DIRECTION_OPPOSED,WEAKENING,OPEN,BALANCE_PROBABLE,DIRECTIONAL,"[""BAL:KALYANKJIL:2026-07-31:003:NEUTRAL:130000:BALANCE_PROBABLE:131200""]",PROBABLE,[],2026-07-31T13:12:00+05:30,KALYANKJIL,21,False,0,,ALREADY_DEPLOYED
DIR:MANAPPURAM:2026-07-31:006:UP:111200:DIRECTIONAL_REVERSAL_LEG_ESTABLISHED:112100,CAND:7316c4a2330c742a8803fe6c,"{""FILLED"": 21}",0,0,"{""FILLED"": 18, ""NONE"": 3}",1116,HOLD_POSITION,STRENGTHEN,0,3,OPP:7316c4a2330c742a8803fe6c,CAND:7316c4a2330c742a8803fe6c,OPP:7316c4a2330c742a8803fe6c,False,HOLD,NO_CREATION_EVENT,MATURE,ALIGNED,50c51811-b112-5f0f-9fcc-a1422ceea97c,AUTHORITATIVE_DIRECTIONAL_MATURE,EXPAND,OPEN,DIRECTIONAL_MATURED,MATURE,"[""DIR:MANAPPURAM:2026-07-31:007:UP:130900:DIRECTIONAL_MATURED:131200""]",NONE,[],2026-07-31T13:12:00+05:30,MANAPPURAM,21,False,0,,ALREADY_DEPLOYED
BAL:PERSISTENT:2026-07-31:002:NEUTRAL:103600:BALANCE_ESCAPE_STARTED:110600,CAND:6e00ceac84968df1df4d7495,"{""FILLED"": 21}",0,0,"{""FILLED"": 18, ""NONE"": 3}",1117,HOLD_POSITION,CAUTION,0,3,OPP:6e00ceac84968df1df4d7495,CAND:6e00ceac84968df1df4d7495,OPP:6e00ceac84968df1df4d7495,False,HOLD,NO_CREATION_EVENT,REVERSAL_WATCH,ALIGNED,cad8805e-c102-57a4-96c7-d70c9c07f5cc,AUTHORITATIVE_REVERSAL_WATCH,PROTECT,OPEN,BALANCE_FORMING_STARTED,REVERSAL_WATCH,"[""BAL:PERSISTENT:2026-07-31:005:NEUTRAL:131200:BALANCE_FORMING_STARTED:131200""]",FORMING,[],2026-07-31T13:12:00+05:30,PERSISTENT,21,False,0,,ALREADY_DEPLOYED
BAL:POWERINDIA:2026-07-31:001:NEUTRAL:095100:BALANCE_ESCAPE_FAILED:113000,CAND:dc1ab160fa1ee75a10189da6,"{""FILLED"": 21}",0,0,"{""FILLED"": 18, ""NONE"": 3}",1118,HOLD_POSITION,CAUTION,0,3,OPP:dc1ab160fa1ee75a10189da6,CAND:dc1ab160fa1ee75a10189da6,OPP:dc1ab160fa1ee75a10189da6,False,HOLD,NO_CREATION_EVENT,REVERSAL_LEG,OPPOSED,57fbc3b0-0822-51b7-8515-450ea6586841,AUTHORITATIVE_DIRECTION_OPPOSED,WEAKENING,OPEN,"DIRECTIONAL_REVERSAL_CONFIRMED,DIRECTIONAL_COMPLETED,DIRECTIONAL_REVERSAL_LEG_STARTED",REVERSAL_LEG,"[""DIR:POWERINDIA:2026-07-31:003:UP:100300:DIRECTIONAL_REVERSAL_CONFIRMED:131200"", ""DIR:POWERINDIA:2026-07-31:003:UP:100300:DIRECTIONAL_COMPLETED:131200"", ""DIR:POWERINDIA:2026-07-31:004:DOWN:131200:DIRECTIONAL_REVERSAL_LEG_STARTED:131200""]",FORMING,"[""REVERSAL:WAIT""]",2026-07-31T13:12:00+05:30,POWERINDIA,21,True,0,TRADE_DECISION_NOT_ALLOWED,NOT_ELIGIBLE
BAL:TCS:2026-07-31:001:NEUTRAL:100600:BALANCE_ESCAPE_STARTED:103600,CAND:02506b9e9c36e94d0d5e2f0e,"{""FILLED"": 21}",0,0,"{""FILLED"": 18, ""NONE"": 3}",1119,FORCE_EXIT,EXIT,0,3,OPP:02506b9e9c36e94d0d5e2f0e,CAND:02506b9e9c36e94d0d5e2f0e,OPP:02506b9e9c36e94d0d5e2f0e,True,NO_ACTION,EVENT_INVALIDATE,NONE,UNKNOWN,8ea01a85-4efa-5849-ac33-c03e0b01cda8,BALANCE_ESCAPE_FAILED_INVALIDATED_SETUP,FORCE_EXIT,INVALIDATED,NO_EVENT,NONE,[],FAILED_BACK_INSIDE,"[""CONTINUATION:BLOCK"", ""REACCELERATION:BLOCK"", ""REVERSAL:BLOCK""]",2026-07-31T13:12:00+05:30,TCS,21,True,0,TRADE_DECISION_NOT_ALLOWED,NOT_ELIGIBLE
DIR:TORNTPHARM:2026-07-31:002:UP:105700:DIRECTIONAL_REVERSAL_LEG_ESTABLISHED:110300,CAND:dcb490f7068f3aeab3ab074f,"{""FILLED"": 21}",0,0,"{""FILLED"": 18, ""NONE"": 3}",1120,FORCE_EXIT,EXIT,0,3,OPP:dcb490f7068f3aeab3ab074f,CAND:dcb490f7068f3aeab3ab074f,OPP:dcb490f7068f3aeab3ab074f,True,NO_ACTION,EVENT_INVALIDATE,DIRECTIONAL,ALIGNED,099dd7de-7081-52f9-9bd2-655c56b6256c,DIRECTIONAL_TREND_RESTORED_INVALIDATED_SETUP,FORCE_EXIT,INVALIDATED,"BALANCE_FORMING_STARTED,DIRECTIONAL_MATURED",MATURE,"[""BAL:TORNTPHARM:2026-07-31:005:NEUTRAL:131200:BALANCE_FORMING_STARTED:131200"", ""DIR:TORNTPHARM:2026-07-31:006:DOWN:130300:DIRECTIONAL_MATURED:131200""]",FORMING,[],2026-07-31T13:12:00+05:30,TORNTPHARM,21,False,0,,ALREADY_DEPLOYED
,,"{""FILLED"": 21}",0,0,"{""FILLED"": 18, ""NONE"": 3}",1121,,,0,3,,,,,NO_ACTION,,,,,,,,BALANCE_FORMING_STARTED,DIRECTIONAL,"[""BAL:BHEL:2026-07-31:003:NEUTRAL:131500:BALANCE_FORMING_STARTED:131500""]",FORMING,[],2026-07-31T13:15:00+05:30,BHEL,21,False,0,,NO_SIGNAL
DIR:CHOLAFIN:2026-07-31:002:DOWN:102400:DIRECTIONAL_REVERSAL_LEG_ESTABLISHED:103300,CAND:c91e30e559c61ae9e4a8e30d,"{""FILLED"": 21}",0,0,"{""FILLED"": 18, ""NONE"": 3}",1122,FORCE_EXIT,EXIT,0,3,OPP:c91e30e559c61ae9e4a8e30d,CAND:c91e30e559c61ae9e4a8e30d,OPP:c91e30e559c61ae9e4a8e30d,True,NO_ACTION,EVENT_INVALIDATE,DIRECTIONAL,OPPOSED,aee40fe8-7759-5cec-902a-0db152fe528d,DIRECTIONAL_TREND_RESTORED_INVALIDATED_OPPOSITE_ACTIVE_SIGNAL,FORCE_EXIT,INVALIDATED,NO_EVENT,REVERSAL_WATCH,[],PROBABLE,[],2026-07-31T13:15:00+05:30,CHOLAFIN,21,True,0,TRADE_DECISION_NOT_ALLOWED,NOT_ELIGIBLE
DIR:COFORGE:2026-07-31:002:DOWN:101500:DIRECTIONAL_REVERSAL_LEG_ESTABLISHED:102400,CAND:995ee50ff305357125723e26,"{""FILLED"": 21}",0,0,"{""FILLED"": 18, ""NONE"": 3}",1123,HOLD_POSITION,CAUTION,0,3,OPP:995ee50ff305357125723e26,CAND:995ee50ff305357125723e26,OPP:995ee50ff305357125723e26,False,HOLD,NO_CREATION_EVENT,NONE,UNKNOWN,2afed6e7-898c-5a79-8bf5-1d7891f21ccb,NO_CURRENT_CREATION_EVENT,TRANSITION,OPEN,NO_EVENT,NONE,[],LOCKED,"[""CONTINUATION:BLOCK"", ""REACCELERATION:BLOCK"", ""REVERSAL:BLOCK""]",2026-07-31T13:15:00+05:30,COFORGE,21,False,0,,ALREADY_DEPLOYED
DIR:DIVISLAB:2026-07-31:002:DOWN:100600:DIRECTIONAL_REVERSAL_LEG_ESTABLISHED:101800,CAND:6644484c352c701feebfdf31,"{""FILLED"": 21}",0,0,"{""FILLED"": 18, ""NONE"": 3}",1124,FORCE_EXIT,EXIT,0,3,OPP:6644484c352c701feebfdf31,CAND:6644484c352c701feebfdf31,OPP:6644484c352c701feebfdf31,True,NO_ACTION,EVENT_INVALIDATE,COMPLETED,ALIGNED,a73cb6c9-a388-53f1-92b2-41820e34edd3,DIRECTIONAL_REVERSAL_LEG_FAILED_INVALIDATED_OPPOSITE_ACTIVE_SIGNAL,FORCE_EXIT,INVALIDATED,NO_EVENT,REVERSAL_WATCH,[],NONE,[],2026-07-31T13:15:00+05:30,DIVISLAB,21,True,0,TRADE_DECISION_NOT_ALLOWED,NOT_ELIGIBLE
,,"{""FILLED"": 21}",0,0,"{""FILLED"": 18, ""NONE"": 3}",1125,,,0,3,,,,,NO_ACTION,,,,,,,,"DIRECTIONAL_REVERSAL_CONFIRMED,DIRECTIONAL_COMPLETED,DIRECTIONAL_REVERSAL_LEG_STARTED",REVERSAL_LEG,"[""DIR:EXIDEIND:2026-07-31:004:UP:124500:DIRECTIONAL_REVERSAL_CONFIRMED:131500"", ""DIR:EXIDEIND:2026-07-31:004:UP:124500:DIRECTIONAL_COMPLETED:131500"", ""DIR:EXIDEIND:2026-07-31:005:DOWN:131500:DIRECTIONAL_REVERSAL_LEG_STARTED:131500""]",FORMING,"[""REVERSAL:WAIT""]",2026-07-31T13:15:00+05:30,EXIDEIND,21,False,0,,NO_SIGNAL
DIR:FORCEMOT:2026-07-31:002:UP:105400:DIRECTIONAL_REVERSAL_LEG_ESTABLISHED:110000,CAND:32b3a707960484f98d8399a7,"{""FILLED"": 21}",0,0,"{""FILLED"": 18, ""NONE"": 3}",1126,HOLD_POSITION,CAUTION,0,3,OPP:32b3a707960484f98d8399a7,CAND:32b3a707960484f98d8399a7,OPP:32b3a707960484f98d8399a7,False,HOLD,NO_CREATION_EVENT,NONE,UNKNOWN,76d65cfd-3f5f-5419-81f1-24a924660ce7,NO_CURRENT_CREATION_EVENT,TRANSITION,OPEN,NO_EVENT,NONE,[],FAILED_BACK_INSIDE,"[""CONTINUATION:BLOCK"", ""REACCELERATION:BLOCK"", ""REVERSAL:BLOCK""]",2026-07-31T13:15:00+05:30,FORCEMOT,21,False,0,,ALREADY_DEPLOYED
BAL:GLENMARK:2026-07-31:001:NEUTRAL:101200:BALANCE_ESCAPE_FAILED:131500,CAND:ccb8d7c9ac57fbb14f47bb87,"{""FILLED"": 21}",0,0,"{""FILLED"": 18, ""NONE"": 3}",1127,CREATE_TRADE,STRENGTHEN,0,3,OPP:ccb8d7c9ac57fbb14f47bb87,CAND:ccb8d7c9ac57fbb14f47bb87,OPP:ccb8d7c9ac57fbb14f47bb87,False,CREATE,LOCAL_CONFIRMED,NONE,UNKNOWN,a4859555-9e57-5772-9c79-4a6b83478351,EVENT_DRIVEN_SETUP_CREATED,ACTIVE,OPEN,BALANCE_ESCAPE_FAILED,NONE,"[""BAL:GLENMARK:2026-07-31:001:NEUTRAL:101200:BALANCE_ESCAPE_FAILED:131500""]",FAILED_BACK_INSIDE,"[""CONTINUATION:BLOCK"", ""FAILED_BREAKOUT:PERMIT"", ""REACCELERATION:BLOCK"", ""REVERSAL:BLOCK""]",2026-07-31T13:15:00+05:30,GLENMARK,21,True,0,TRADE_DECISION_NOT_ALLOWED,NOT_ELIGIBLE
BAL:INDUSTOWER:2026-07-31:001:NEUTRAL:110900:BALANCE_ESCAPE_FAILED:115400,CAND:296c26607039b07e87c6f497,"{""FILLED"": 21}",0,0,"{""FILLED"": 18, ""NONE"": 3}",1128,HOLD_POSITION,CAUTION,0,3,OPP:296c26607039b07e87c6f497,CAND:296c26607039b07e87c6f497,OPP:296c26607039b07e87c6f497,False,HOLD,NO_CREATION_EVENT,NONE,UNKNOWN,6c1d311c-b1e4-503d-9f2d-3a50df29da5d,NO_CURRENT_CREATION_EVENT,TRANSITION,OPEN,NO_EVENT,NONE,[],FAILED_BACK_INSIDE,"[""CONTINUATION:BLOCK"", ""REACCELERATION:BLOCK"", ""REVERSAL:BLOCK""]",2026-07-31T13:15:00+05:30,INDUSTOWER,21,True,0,TRADE_DECISION_NOT_ALLOWED,NOT_ELIGIBLE
BAL:KALYANKJIL:2026-07-31:002:NEUTRAL:105100:BALANCE_ESCAPE_STARTED:112700,CAND:4a3872010c190995b2d63ff8,"{""FILLED"": 21}",0,0,"{""FILLED"": 18, ""NONE"": 3}",1129,HOLD_POSITION,CAUTION,0,3,OPP:4a3872010c190995b2d63ff8,CAND:4a3872010c190995b2d63ff8,OPP:4a3872010c190995b2d63ff8,False,HOLD,NO_CREATION_EVENT,MATURE,OPPOSED,fe205a27-ef8f-5bf7-9192-94593d799d94,AUTHORITATIVE_DIRECTION_OPPOSED,WEAKENING,OPEN,DIRECTIONAL_MATURED,MATURE,"[""DIR:KALYANKJIL:2026-07-31:010:DOWN:130300:DIRECTIONAL_MATURED:131500""]",PROBABLE,[],2026-07-31T13:15:00+05:30,KALYANKJIL,21,False,0,,ALREADY_DEPLOYED
DIR:MANAPPURAM:2026-07-31:006:UP:111200:DIRECTIONAL_REVERSAL_LEG_ESTABLISHED:112100,CAND:7316c4a2330c742a8803fe6c,"{""FILLED"": 21}",0,0,"{""FILLED"": 18, ""NONE"": 3}",1130,HOLD_POSITION,CAUTION,0,3,OPP:7316c4a2330c742a8803fe6c,CAND:7316c4a2330c742a8803fe6c,OPP:7316c4a2330c742a8803fe6c,False,HOLD,NO_CREATION_EVENT,REVERSAL_WATCH,ALIGNED,50c51811-b112-5f0f-9fcc-a1422ceea97c,AUTHORITATIVE_REVERSAL_WATCH,PROTECT,OPEN,REVERSAL_WATCH_STARTED,REVERSAL_WATCH,"[""DIR:MANAPPURAM:2026-07-31:007:UP:130900:REVERSAL_WATCH_STARTED:131500""]",NONE,[],2026-07-31T13:15:00+05:30,MANAPPURAM,21,False,0,,ALREADY_DEPLOYED
BAL:PERSISTENT:2026-07-31:002:NEUTRAL:103600:BALANCE_ESCAPE_STARTED:110600,CAND:6e00ceac84968df1df4d7495,"{""FILLED"": 21}",0,0,"{""FILLED"": 18, ""NONE"": 3}",1131,HOLD_POSITION,CAUTION,0,3,OPP:6e00ceac84968df1df4d7495,CAND:6e00ceac84968df1df4d7495,OPP:6e00ceac84968df1df4d7495,False,HOLD,NO_CREATION_EVENT,REVERSAL_WATCH,ALIGNED,cad8805e-c102-57a4-96c7-d70c9c07f5cc,AUTHORITATIVE_REVERSAL_WATCH,PROTECT,OPEN,NO_EVENT,REVERSAL_WATCH,[],FORMING,[],2026-07-31T13:15:00+05:30,PERSISTENT,21,False,0,,ALREADY_DEPLOYED
BAL:POWERINDIA:2026-07-31:001:NEUTRAL:095100:BALANCE_ESCAPE_FAILED:113000,CAND:dc1ab160fa1ee75a10189da6,"{""FILLED"": 21}",0,0,"{""FILLED"": 18, ""NONE"": 3}",1132,HOLD_POSITION,CAUTION,0,3,OPP:dc1ab160fa1ee75a10189da6,CAND:dc1ab160fa1ee75a10189da6,OPP:dc1ab160fa1ee75a10189da6,False,HOLD,NO_CREATION_EVENT,REVERSAL_LEG,OPPOSED,57fbc3b0-0822-51b7-8515-450ea6586841,AUTHORITATIVE_DIRECTION_OPPOSED,WEAKENING,OPEN,NO_EVENT,REVERSAL_LEG,[],FORMING,[],2026-07-31T13:15:00+05:30,POWERINDIA,21,True,0,TRADE_DECISION_NOT_ALLOWED,NOT_ELIGIBLE
BAL:TCS:2026-07-31:001:NEUTRAL:100600:BALANCE_ESCAPE_STARTED:103600,CAND:02506b9e9c36e94d0d5e2f0e,"{""FILLED"": 21}",0,0,"{""FILLED"": 18, ""NONE"": 3}",1133,FORCE_EXIT,EXIT,0,3,OPP:02506b9e9c36e94d0d5e2f0e,CAND:02506b9e9c36e94d0d5e2f0e,OPP:02506b9e9c36e94d0d5e2f0e,True,NO_ACTION,EVENT_INVALIDATE,NONE,UNKNOWN,8ea01a85-4efa-5849-ac33-c03e0b01cda8,BALANCE_ESCAPE_FAILED_INVALIDATED_SETUP,FORCE_EXIT,INVALIDATED,NO_EVENT,NONE,[],FAILED_BACK_INSIDE,"[""CONTINUATION:BLOCK"", ""REACCELERATION:BLOCK"", ""REVERSAL:BLOCK""]",2026-07-31T13:15:00+05:30,TCS,21,True,0,TRADE_DECISION_NOT_ALLOWED,NOT_ELIGIBLE
DIR:TORNTPHARM:2026-07-31:002:UP:105700:DIRECTIONAL_REVERSAL_LEG_ESTABLISHED:110300,CAND:dcb490f7068f3aeab3ab074f,"{""FILLED"": 21}",0,0,"{""FILLED"": 18, ""NONE"": 3}",1134,FORCE_EXIT,EXIT,0,3,OPP:dcb490f7068f3aeab3ab074f,CAND:dcb490f7068f3aeab3ab074f,OPP:dcb490f7068f3aeab3ab074f,True,NO_ACTION,EVENT_INVALIDATE,DIRECTIONAL,ALIGNED,099dd7de-7081-52f9-9bd2-655c56b6256c,DIRECTIONAL_TREND_RESTORED_INVALIDATED_SETUP,FORCE_EXIT,INVALIDATED,REVERSAL_WATCH_STARTED,REVERSAL_WATCH,"[""DIR:TORNTPHARM:2026-07-31:006:DOWN:130300:REVERSAL_WATCH_STARTED:131500""]",FORMING,[],2026-07-31T13:15:00+05:30,TORNTPHARM,21,False,0,,ALREADY_DEPLOYED
,,"{""FILLED"": 21}",0,0,"{""FILLED"": 18, ""NONE"": 3}",1135,,,0,3,,,,,NO_ACTION,,,,,,,,NO_EVENT,DIRECTIONAL,[],FORMING,[],2026-07-31T13:18:00+05:30,BHEL,21,False,0,,NO_SIGNAL
DIR:CHOLAFIN:2026-07-31:002:DOWN:102400:DIRECTIONAL_REVERSAL_LEG_ESTABLISHED:103300,CAND:c91e30e559c61ae9e4a8e30d,"{""FILLED"": 21}",0,0,"{""FILLED"": 18, ""NONE"": 3}",1136,FORCE_EXIT,EXIT,0,3,OPP:c91e30e559c61ae9e4a8e30d,CAND:c91e30e559c61ae9e4a8e30d,OPP:c91e30e559c61ae9e4a8e30d,True,NO_ACTION,EVENT_INVALIDATE,DIRECTIONAL,OPPOSED,aee40fe8-7759-5cec-902a-0db152fe528d,DIRECTIONAL_TREND_RESTORED_INVALIDATED_OPPOSITE_ACTIVE_SIGNAL,FORCE_EXIT,INVALIDATED,NO_EVENT,REVERSAL_WATCH,[],PROBABLE,[],2026-07-31T13:18:00+05:30,CHOLAFIN,21,True,0,TRADE_DECISION_NOT_ALLOWED,NOT_ELIGIBLE
DIR:COFORGE:2026-07-31:002:DOWN:101500:DIRECTIONAL_REVERSAL_LEG_ESTABLISHED:102400,CAND:995ee50ff305357125723e26,"{""FILLED"": 21}",0,0,"{""FILLED"": 18, ""NONE"": 3}",1137,HOLD_POSITION,CAUTION,0,3,OPP:995ee50ff305357125723e26,CAND:995ee50ff305357125723e26,OPP:995ee50ff305357125723e26,False,HOLD,NO_CREATION_EVENT,NONE,UNKNOWN,2afed6e7-898c-5a79-8bf5-1d7891f21ccb,NO_CURRENT_CREATION_EVENT,TRANSITION,OPEN,NO_EVENT,NONE,[],LOCKED,"[""CONTINUATION:BLOCK"", ""REACCELERATION:BLOCK"", ""REVERSAL:BLOCK""]",2026-07-31T13:18:00+05:30,COFORGE,21,False,0,,ALREADY_DEPLOYED
DIR:DIVISLAB:2026-07-31:002:DOWN:100600:DIRECTIONAL_REVERSAL_LEG_ESTABLISHED:101800,CAND:6644484c352c701feebfdf31,"{""FILLED"": 21}",0,0,"{""FILLED"": 18, ""NONE"": 3}",1138,FORCE_EXIT,EXIT,0,3,OPP:6644484c352c701feebfdf31,CAND:6644484c352c701feebfdf31,OPP:6644484c352c701feebfdf31,True,NO_ACTION,EVENT_INVALIDATE,COMPLETED,ALIGNED,a73cb6c9-a388-53f1-92b2-41820e34edd3,DIRECTIONAL_REVERSAL_LEG_FAILED_INVALIDATED_OPPOSITE_ACTIVE_SIGNAL,FORCE_EXIT,INVALIDATED,NO_EVENT,REVERSAL_WATCH,[],NONE,[],2026-07-31T13:18:00+05:30,DIVISLAB,21,True,0,TRADE_DECISION_NOT_ALLOWED,NOT_ELIGIBLE
,,"{""FILLED"": 21}",0,0,"{""FILLED"": 18, ""NONE"": 3}",1139,,,0,3,,,,,NO_ACTION,,,,,,,,BALANCE_COMPLETED,REVERSAL_LEG,"[""BAL:EXIDEIND:2026-07-31:003:NEUTRAL:130300:BALANCE_COMPLETED:131800""]",COMPLETED,[],2026-07-31T13:18:00+05:30,EXIDEIND,21,False,0,,NO_SIGNAL
DIR:FORCEMOT:2026-07-31:002:UP:105400:DIRECTIONAL_REVERSAL_LEG_ESTABLISHED:110000,CAND:32b3a707960484f98d8399a7,"{""FILLED"": 21}",0,0,"{""FILLED"": 18, ""NONE"": 3}",1140,HOLD_POSITION,CAUTION,0,3,OPP:32b3a707960484f98d8399a7,CAND:32b3a707960484f98d8399a7,OPP:32b3a707960484f98d8399a7,False,HOLD,NO_CREATION_EVENT,NONE,UNKNOWN,76d65cfd-3f5f-5419-81f1-24a924660ce7,NO_CURRENT_CREATION_EVENT,TRANSITION,OPEN,NO_EVENT,NONE,[],FAILED_BACK_INSIDE,"[""CONTINUATION:BLOCK"", ""REACCELERATION:BLOCK"", ""REVERSAL:BLOCK""]",2026-07-31T13:18:00+05:30,FORCEMOT,21,False,0,,ALREADY_DEPLOYED
BAL:GLENMARK:2026-07-31:001:NEUTRAL:101200:BALANCE_ESCAPE_FAILED:131500,CAND:ccb8d7c9ac57fbb14f47bb87,"{""FILLED"": 21}",0,0,"{""FILLED"": 18, ""NONE"": 3}",1141,HOLD_POSITION,CAUTION,0,3,OPP:ccb8d7c9ac57fbb14f47bb87,CAND:ccb8d7c9ac57fbb14f47bb87,OPP:ccb8d7c9ac57fbb14f47bb87,False,HOLD,NO_CREATION_EVENT,NONE,UNKNOWN,a4859555-9e57-5772-9c79-4a6b83478351,NO_CURRENT_CREATION_EVENT,TRANSITION,OPEN,NO_EVENT,NONE,[],FAILED_BACK_INSIDE,"[""CONTINUATION:BLOCK"", ""REACCELERATION:BLOCK"", ""REVERSAL:BLOCK""]",2026-07-31T13:18:00+05:30,GLENMARK,21,True,0,TRADE_DECISION_NOT_ALLOWED,NOT_ELIGIBLE
BAL:INDUSTOWER:2026-07-31:001:NEUTRAL:110900:BALANCE_ESCAPE_FAILED:115400,CAND:296c26607039b07e87c6f497,"{""FILLED"": 21}",0,0,"{""FILLED"": 18, ""NONE"": 3}",1142,HOLD_POSITION,CAUTION,0,3,OPP:296c26607039b07e87c6f497,CAND:296c26607039b07e87c6f497,OPP:296c26607039b07e87c6f497,False,HOLD,NO_CREATION_EVENT,NONE,UNKNOWN,6c1d311c-b1e4-503d-9f2d-3a50df29da5d,NO_CURRENT_CREATION_EVENT,TRANSITION,OPEN,NO_EVENT,NONE,[],FAILED_BACK_INSIDE,"[""CONTINUATION:BLOCK"", ""REACCELERATION:BLOCK"", ""REVERSAL:BLOCK""]",2026-07-31T13:18:00+05:30,INDUSTOWER,21,True,0,TRADE_DECISION_NOT_ALLOWED,NOT_ELIGIBLE
BAL:KALYANKJIL:2026-07-31:002:NEUTRAL:105100:BALANCE_ESCAPE_STARTED:112700,CAND:4a3872010c190995b2d63ff8,"{""FILLED"": 21}",0,0,"{""FILLED"": 18, ""NONE"": 3}",1143,HOLD_POSITION,CAUTION,0,3,OPP:4a3872010c190995b2d63ff8,CAND:4a3872010c190995b2d63ff8,OPP:4a3872010c190995b2d63ff8,False,HOLD,NO_CREATION_EVENT,REVERSAL_WATCH,OPPOSED,fe205a27-ef8f-5bf7-9192-94593d799d94,AUTHORITATIVE_REVERSAL_WATCH,PROTECT,OPEN,REVERSAL_WATCH_STARTED,REVERSAL_WATCH,"[""DIR:KALYANKJIL:2026-07-31:010:DOWN:130300:REVERSAL_WATCH_STARTED:131800""]",PROBABLE,[],2026-07-31T13:18:00+05:30,KALYANKJIL,21,False,0,,ALREADY_DEPLOYED
DIR:MANAPPURAM:2026-07-31:006:UP:111200:DIRECTIONAL_REVERSAL_LEG_ESTABLISHED:112100,CAND:7316c4a2330c742a8803fe6c,"{""FILLED"": 21}",0,0,"{""FILLED"": 18, ""NONE"": 3}",1144,HOLD_POSITION,CAUTION,0,3,OPP:7316c4a2330c742a8803fe6c,CAND:7316c4a2330c742a8803fe6c,OPP:7316c4a2330c742a8803fe6c,False,HOLD,NO_CREATION_EVENT,REVERSAL_WATCH,ALIGNED,50c51811-b112-5f0f-9fcc-a1422ceea97c,AUTHORITATIVE_REVERSAL_WATCH,PROTECT,OPEN,NO_EVENT,REVERSAL_WATCH,[],NONE,[],2026-07-31T13:18:00+05:30,MANAPPURAM,21,False,0,,ALREADY_DEPLOYED
BAL:PERSISTENT:2026-07-31:002:NEUTRAL:103600:BALANCE_ESCAPE_STARTED:110600,CAND:6e00ceac84968df1df4d7495,"{""FILLED"": 21}",0,0,"{""FILLED"": 18, ""NONE"": 3}",1145,HOLD_POSITION,CAUTION,0,3,OPP:6e00ceac84968df1df4d7495,CAND:6e00ceac84968df1df4d7495,OPP:6e00ceac84968df1df4d7495,False,HOLD,NO_CREATION_EVENT,REVERSAL_WATCH,ALIGNED,cad8805e-c102-57a4-96c7-d70c9c07f5cc,AUTHORITATIVE_REVERSAL_WATCH,PROTECT,OPEN,NO_EVENT,REVERSAL_WATCH,[],FORMING,[],2026-07-31T13:18:00+05:30,PERSISTENT,21,False,0,,ALREADY_DEPLOYED
BAL:POWERINDIA:2026-07-31:001:NEUTRAL:095100:BALANCE_ESCAPE_FAILED:113000,CAND:dc1ab160fa1ee75a10189da6,"{""FILLED"": 21}",0,0,"{""FILLED"": 18, ""NONE"": 3}",1146,HOLD_POSITION,CAUTION,0,3,OPP:dc1ab160fa1ee75a10189da6,CAND:dc1ab160fa1ee75a10189da6,OPP:dc1ab160fa1ee75a10189da6,False,HOLD,NO_CREATION_EVENT,COMPLETED,OPPOSED,57fbc3b0-0822-51b7-8515-450ea6586841,AUTHORITATIVE_DIRECTION_OPPOSED,WEAKENING,OPEN,"DIRECTIONAL_REVERSAL_LEG_FAILED,DIRECTIONAL_COMPLETED",COMPLETED,"[""DIR:POWERINDIA:2026-07-31:004:DOWN:131200:DIRECTIONAL_REVERSAL_LEG_FAILED:131800"", ""DIR:POWERINDIA:2026-07-31:004:DOWN:131200:DIRECTIONAL_COMPLETED:131800""]",FORMING,[],2026-07-31T13:18:00+05:30,POWERINDIA,21,True,0,TRADE_DECISION_NOT_ALLOWED,NOT_ELIGIBLE
BAL:TCS:2026-07-31:001:NEUTRAL:100600:BALANCE_ESCAPE_STARTED:103600,CAND:02506b9e9c36e94d0d5e2f0e,"{""FILLED"": 21}",0,0,"{""FILLED"": 18, ""NONE"": 3}",1147,FORCE_EXIT,EXIT,0,3,OPP:02506b9e9c36e94d0d5e2f0e,CAND:02506b9e9c36e94d0d5e2f0e,OPP:02506b9e9c36e94d0d5e2f0e,True,NO_ACTION,EVENT_INVALIDATE,NONE,UNKNOWN,8ea01a85-4efa-5849-ac33-c03e0b01cda8,BALANCE_ESCAPE_FAILED_INVALIDATED_SETUP,FORCE_EXIT,INVALIDATED,NO_EVENT,NONE,[],FAILED_BACK_INSIDE,"[""CONTINUATION:BLOCK"", ""REACCELERATION:BLOCK"", ""REVERSAL:BLOCK""]",2026-07-31T13:18:00+05:30,TCS,21,True,0,TRADE_DECISION_NOT_ALLOWED,NOT_ELIGIBLE
DIR:TORNTPHARM:2026-07-31:002:UP:105700:DIRECTIONAL_REVERSAL_LEG_ESTABLISHED:110300,CAND:dcb490f7068f3aeab3ab074f,"{""FILLED"": 21}",0,0,"{""FILLED"": 18, ""NONE"": 3}",1148,FORCE_EXIT,EXIT,0,3,OPP:dcb490f7068f3aeab3ab074f,CAND:dcb490f7068f3aeab3ab074f,OPP:dcb490f7068f3aeab3ab074f,True,NO_ACTION,EVENT_INVALIDATE,DIRECTIONAL,ALIGNED,099dd7de-7081-52f9-9bd2-655c56b6256c,DIRECTIONAL_TREND_RESTORED_INVALIDATED_SETUP,FORCE_EXIT,INVALIDATED,BALANCE_COMPLETED,REVERSAL_WATCH,"[""BAL:TORNTPHARM:2026-07-31:005:NEUTRAL:131200:BALANCE_COMPLETED:131800""]",COMPLETED,[],2026-07-31T13:18:00+05:30,TORNTPHARM,21,False,0,,ALREADY_DEPLOYED
,,"{""FILLED"": 21}",0,0,"{""FILLED"": 18, ""NONE"": 3}",1149,,,0,3,,,,,NO_ACTION,,,,,,,,DIRECTIONAL_MATURED,MATURE,"[""DIR:BHEL:2026-07-31:008:UP:130600:DIRECTIONAL_MATURED:132100""]",FORMING,[],2026-07-31T13:21:00+05:30,BHEL,21,False,0,,NO_SIGNAL
DIR:CHOLAFIN:2026-07-31:002:DOWN:102400:DIRECTIONAL_REVERSAL_LEG_ESTABLISHED:103300,CAND:c91e30e559c61ae9e4a8e30d,"{""FILLED"": 21}",0,0,"{""FILLED"": 18, ""NONE"": 3}",1150,FORCE_EXIT,EXIT,0,3,OPP:c91e30e559c61ae9e4a8e30d,CAND:c91e30e559c61ae9e4a8e30d,OPP:c91e30e559c61ae9e4a8e30d,True,NO_ACTION,EVENT_INVALIDATE,DIRECTIONAL,OPPOSED,aee40fe8-7759-5cec-902a-0db152fe528d,DIRECTIONAL_TREND_RESTORED_INVALIDATED_OPPOSITE_ACTIVE_SIGNAL,FORCE_EXIT,INVALIDATED,NO_EVENT,REVERSAL_WATCH,[],PROBABLE,[],2026-07-31T13:21:00+05:30,CHOLAFIN,21,True,0,TRADE_DECISION_NOT_ALLOWED,NOT_ELIGIBLE
BAL:COFORGE:2026-07-31:003:NEUTRAL:105700:BALANCE_ESCAPE_STARTED:132100,CAND:0d32e3ad08ef9cc69fd0369f,"{""FILLED"": 21}",0,3,"{""FILLED"": 21}",1151,CREATE_TRADE,STRENGTHEN,0,3,OPP:0d32e3ad08ef9cc69fd0369f,CAND:0d32e3ad08ef9cc69fd0369f,OPP:0d32e3ad08ef9cc69fd0369f,False,CREATE,LOCAL_CONFIRMED,NONE,UNKNOWN,b811de42-fbb9-5d26-a364-a9f98c91de7c,EVENT_DRIVEN_SETUP_CREATED,ACTIVE,OPEN,BALANCE_ESCAPE_STARTED,NONE,"[""BAL:COFORGE:2026-07-31:003:NEUTRAL:105700:BALANCE_ESCAPE_STARTED:132100""]",ESCAPE_WATCH,"[""ACCEPTED_BREAKOUT:WAIT"", ""BREAKOUT_INITIATION:PERMIT"", ""CONTINUATION:BLOCK"", ""FAILED_BREAKOUT:WAIT"", ""REACCELERATION:BLOCK"", ""REVERSAL:BLOCK""]",2026-07-31T13:21:00+05:30,COFORGE,21,True,0,TRADE_DECISION_NOT_ALLOWED,NOT_ELIGIBLE
DIR:DIVISLAB:2026-07-31:002:DOWN:100600:DIRECTIONAL_REVERSAL_LEG_ESTABLISHED:101800,CAND:6644484c352c701feebfdf31,"{""FILLED"": 21}",0,0,"{""FILLED"": 21}",1152,FORCE_EXIT,EXIT,0,0,OPP:6644484c352c701feebfdf31,CAND:6644484c352c701feebfdf31,OPP:6644484c352c701feebfdf31,True,NO_ACTION,EVENT_INVALIDATE,COMPLETED,ALIGNED,a73cb6c9-a388-53f1-92b2-41820e34edd3,DIRECTIONAL_REVERSAL_LEG_FAILED_INVALIDATED_OPPOSITE_ACTIVE_SIGNAL,FORCE_EXIT,INVALIDATED,"DIRECTIONAL_REVERSAL_CONFIRMED,DIRECTIONAL_COMPLETED,DIRECTIONAL_REVERSAL_LEG_STARTED",REVERSAL_LEG,"[""DIR:DIVISLAB:2026-07-31:005:UP:124500:DIRECTIONAL_REVERSAL_CONFIRMED:132100"", ""DIR:DIVISLAB:2026-07-31:005:UP:124500:DIRECTIONAL_COMPLETED:132100"", ""DIR:DIVISLAB:2026-07-31:006:DOWN:132100:DIRECTIONAL_REVERSAL_LEG_STARTED:132100""]",NONE,"[""REVERSAL:WAIT""]",2026-07-31T13:21:00+05:30,DIVISLAB,21,True,0,TRADE_DECISION_NOT_ALLOWED,NOT_ELIGIBLE
,,"{""FILLED"": 21}",0,0,"{""FILLED"": 21}",1153,,,0,0,,,,,NO_ACTION,,,,,,,,NO_EVENT,REVERSAL_LEG,[],NONE,[],2026-07-31T13:21:00+05:30,EXIDEIND,21,False,0,,NO_SIGNAL
DIR:FORCEMOT:2026-07-31:002:UP:105400:DIRECTIONAL_REVERSAL_LEG_ESTABLISHED:110000,CAND:32b3a707960484f98d8399a7,"{""FILLED"": 21}",0,0,"{""FILLED"": 21}",1154,HOLD_POSITION,CAUTION,0,0,OPP:32b3a707960484f98d8399a7,CAND:32b3a707960484f98d8399a7,OPP:32b3a707960484f98d8399a7,False,HOLD,NO_CREATION_EVENT,NONE,UNKNOWN,76d65cfd-3f5f-5419-81f1-24a924660ce7,NO_CURRENT_CREATION_EVENT,TRANSITION,OPEN,NO_EVENT,NONE,[],FAILED_BACK_INSIDE,"[""CONTINUATION:BLOCK"", ""REACCELERATION:BLOCK"", ""REVERSAL:BLOCK""]",2026-07-31T13:21:00+05:30,FORCEMOT,21,False,0,,ALREADY_DEPLOYED
BAL:GLENMARK:2026-07-31:001:NEUTRAL:101200:BALANCE_ESCAPE_FAILED:131500,CAND:ccb8d7c9ac57fbb14f47bb87,"{""FILLED"": 21}",0,0,"{""FILLED"": 21}",1155,HOLD_POSITION,CAUTION,0,0,OPP:ccb8d7c9ac57fbb14f47bb87,CAND:ccb8d7c9ac57fbb14f47bb87,OPP:ccb8d7c9ac57fbb14f47bb87,False,HOLD,NO_CREATION_EVENT,NONE,UNKNOWN,a4859555-9e57-5772-9c79-4a6b83478351,NO_CURRENT_CREATION_EVENT,TRANSITION,OPEN,BALANCE_REARMED,NONE,"[""BAL:GLENMARK:2026-07-31:001:NEUTRAL:101200:BALANCE_REARMED:132100""]",LOCKED,"[""CONTINUATION:BLOCK"", ""REACCELERATION:BLOCK"", ""REVERSAL:BLOCK""]",2026-07-31T13:21:00+05:30,GLENMARK,21,True,0,TRADE_DECISION_NOT_ALLOWED,NOT_ELIGIBLE
BAL:INDUSTOWER:2026-07-31:001:NEUTRAL:110900:BALANCE_ESCAPE_FAILED:115400,CAND:296c26607039b07e87c6f497,"{""FILLED"": 21}",0,0,"{""FILLED"": 21}",1156,HOLD_POSITION,CAUTION,0,0,OPP:296c26607039b07e87c6f497,CAND:296c26607039b07e87c6f497,OPP:296c26607039b07e87c6f497,False,HOLD,NO_CREATION_EVENT,NONE,UNKNOWN,6c1d311c-b1e4-503d-9f2d-3a50df29da5d,NO_CURRENT_CREATION_EVENT,TRANSITION,OPEN,NO_EVENT,NONE,[],FAILED_BACK_INSIDE,"[""CONTINUATION:BLOCK"", ""REACCELERATION:BLOCK"", ""REVERSAL:BLOCK""]",2026-07-31T13:21:00+05:30,INDUSTOWER,21,True,0,TRADE_DECISION_NOT_ALLOWED,NOT_ELIGIBLE
BAL:KALYANKJIL:2026-07-31:002:NEUTRAL:105100:BALANCE_ESCAPE_STARTED:112700,CAND:4a3872010c190995b2d63ff8,"{""FILLED"": 21}",0,0,"{""FILLED"": 21}",1157,HOLD_POSITION,CAUTION,0,0,OPP:4a3872010c190995b2d63ff8,CAND:4a3872010c190995b2d63ff8,OPP:4a3872010c190995b2d63ff8,False,HOLD,NO_CREATION_EVENT,REVERSAL_WATCH,OPPOSED,fe205a27-ef8f-5bf7-9192-94593d799d94,AUTHORITATIVE_REVERSAL_WATCH,PROTECT,OPEN,BALANCE_COMPLETED,REVERSAL_WATCH,"[""BAL:KALYANKJIL:2026-07-31:003:NEUTRAL:130000:BALANCE_COMPLETED:132100""]",COMPLETED,[],2026-07-31T13:21:00+05:30,KALYANKJIL,21,False,0,,ALREADY_DEPLOYED
DIR:MANAPPURAM:2026-07-31:006:UP:111200:DIRECTIONAL_REVERSAL_LEG_ESTABLISHED:112100,CAND:7316c4a2330c742a8803fe6c,"{""FILLED"": 21}",0,0,"{""FILLED"": 21}",1158,HOLD_POSITION,CAUTION,0,0,OPP:7316c4a2330c742a8803fe6c,CAND:7316c4a2330c742a8803fe6c,OPP:7316c4a2330c742a8803fe6c,False,HOLD,NO_CREATION_EVENT,REVERSAL_WATCH,ALIGNED,50c51811-b112-5f0f-9fcc-a1422ceea97c,AUTHORITATIVE_REVERSAL_WATCH,PROTECT,OPEN,NO_EVENT,REVERSAL_WATCH,[],NONE,[],2026-07-31T13:21:00+05:30,MANAPPURAM,21,False,0,,ALREADY_DEPLOYED
BAL:PERSISTENT:2026-07-31:002:NEUTRAL:103600:BALANCE_ESCAPE_STARTED:110600,CAND:6e00ceac84968df1df4d7495,"{""FILLED"": 21}",0,0,"{""FILLED"": 21}",1159,HOLD_POSITION,CAUTION,0,0,OPP:6e00ceac84968df1df4d7495,CAND:6e00ceac84968df1df4d7495,OPP:6e00ceac84968df1df4d7495,False,HOLD,NO_CREATION_EVENT,REVERSAL_WATCH,ALIGNED,cad8805e-c102-57a4-96c7-d70c9c07f5cc,AUTHORITATIVE_REVERSAL_WATCH,PROTECT,OPEN,NO_EVENT,REVERSAL_WATCH,[],FORMING,[],2026-07-31T13:21:00+05:30,PERSISTENT,21,False,0,,ALREADY_DEPLOYED
BAL:POWERINDIA:2026-07-31:001:NEUTRAL:095100:BALANCE_ESCAPE_FAILED:113000,CAND:dc1ab160fa1ee75a10189da6,"{""FILLED"": 21}",0,0,"{""FILLED"": 21}",1160,HOLD_POSITION,CAUTION,0,0,OPP:dc1ab160fa1ee75a10189da6,CAND:dc1ab160fa1ee75a10189da6,OPP:dc1ab160fa1ee75a10189da6,False,HOLD,NO_CREATION_EVENT,NONE,UNKNOWN,57fbc3b0-0822-51b7-8515-450ea6586841,NO_CURRENT_CREATION_EVENT,TRANSITION,OPEN,NO_EVENT,NONE,[],FORMING,[],2026-07-31T13:21:00+05:30,POWERINDIA,21,True,0,TRADE_DECISION_NOT_ALLOWED,NOT_ELIGIBLE
BAL:TCS:2026-07-31:001:NEUTRAL:100600:BALANCE_ESCAPE_STARTED:103600,CAND:02506b9e9c36e94d0d5e2f0e,"{""FILLED"": 21}",0,0,"{""FILLED"": 21}",1161,FORCE_EXIT,EXIT,0,0,OPP:02506b9e9c36e94d0d5e2f0e,CAND:02506b9e9c36e94d0d5e2f0e,OPP:02506b9e9c36e94d0d5e2f0e,True,NO_ACTION,EVENT_INVALIDATE,NONE,UNKNOWN,8ea01a85-4efa-5849-ac33-c03e0b01cda8,BALANCE_ESCAPE_FAILED_INVALIDATED_SETUP,FORCE_EXIT,INVALIDATED,NO_EVENT,NONE,[],FAILED_BACK_INSIDE,"[""CONTINUATION:BLOCK"", ""REACCELERATION:BLOCK"", ""REVERSAL:BLOCK""]",2026-07-31T13:21:00+05:30,TCS,21,True,0,TRADE_DECISION_NOT_ALLOWED,NOT_ELIGIBLE
DIR:TORNTPHARM:2026-07-31:002:UP:105700:DIRECTIONAL_REVERSAL_LEG_ESTABLISHED:110300,CAND:dcb490f7068f3aeab3ab074f,"{""FILLED"": 21}",0,0,"{""FILLED"": 21}",1162,FORCE_EXIT,EXIT,0,0,OPP:dcb490f7068f3aeab3ab074f,CAND:dcb490f7068f3aeab3ab074f,OPP:dcb490f7068f3aeab3ab074f,True,NO_ACTION,EVENT_INVALIDATE,DIRECTIONAL,ALIGNED,099dd7de-7081-52f9-9bd2-655c56b6256c,DIRECTIONAL_TREND_RESTORED_INVALIDATED_SETUP,FORCE_EXIT,INVALIDATED,NO_EVENT,REVERSAL_WATCH,[],NONE,[],2026-07-31T13:21:00+05:30,TORNTPHARM,21,False,0,,ALREADY_DEPLOYED
,,"{""FILLED"": 21}",0,0,"{""FILLED"": 21}",1163,,,0,0,,,,,NO_ACTION,,,,,,,,REVERSAL_WATCH_STARTED,REVERSAL_WATCH,"[""DIR:BHEL:2026-07-31:008:UP:130600:REVERSAL_WATCH_STARTED:132400""]",FORMING,[],2026-07-31T13:24:00+05:30,BHEL,21,False,0,,NO_SIGNAL
DIR:CHOLAFIN:2026-07-31:002:DOWN:102400:DIRECTIONAL_REVERSAL_LEG_ESTABLISHED:103300,CAND:c91e30e559c61ae9e4a8e30d,"{""FILLED"": 21}",0,0,"{""FILLED"": 21}",1164,FORCE_EXIT,EXIT,0,0,OPP:c91e30e559c61ae9e4a8e30d,CAND:c91e30e559c61ae9e4a8e30d,OPP:c91e30e559c61ae9e4a8e30d,True,NO_ACTION,EVENT_INVALIDATE,DIRECTIONAL,OPPOSED,aee40fe8-7759-5cec-902a-0db152fe528d,DIRECTIONAL_TREND_RESTORED_INVALIDATED_OPPOSITE_ACTIVE_SIGNAL,FORCE_EXIT,INVALIDATED,NO_EVENT,REVERSAL_WATCH,[],PROBABLE,[],2026-07-31T13:24:00+05:30,CHOLAFIN,21,True,0,TRADE_DECISION_NOT_ALLOWED,NOT_ELIGIBLE
BAL:COFORGE:2026-07-31:003:NEUTRAL:105700:BALANCE_ESCAPE_STARTED:132100,CAND:0d32e3ad08ef9cc69fd0369f,"{""FILLED"": 21}",0,0,"{""FILLED"": 21}",1165,HOLD_POSITION,CAUTION,0,0,OPP:0d32e3ad08ef9cc69fd0369f,CAND:0d32e3ad08ef9cc69fd0369f,OPP:0d32e3ad08ef9cc69fd0369f,False,HOLD,NO_CREATION_EVENT,NONE,UNKNOWN,b811de42-fbb9-5d26-a364-a9f98c91de7c,NO_CURRENT_CREATION_EVENT,TRANSITION,OPEN,BALANCE_ESCAPE_ACCEPTED,NONE,"[""BAL:COFORGE:2026-07-31:003:NEUTRAL:105700:BALANCE_ESCAPE_ACCEPTED:132400""]",ACCEPTED_OUTSIDE,"[""ACCEPTED_BREAKOUT:PERMIT""]",2026-07-31T13:24:00+05:30,COFORGE,21,True,0,TRADE_DECISION_NOT_ALLOWED,NOT_ELIGIBLE
DIR:DIVISLAB:2026-07-31:002:DOWN:100600:DIRECTIONAL_REVERSAL_LEG_ESTABLISHED:101800,CAND:6644484c352c701feebfdf31,"{""FILLED"": 21}",0,0,"{""FILLED"": 21}",1166,FORCE_EXIT,EXIT,0,0,OPP:6644484c352c701feebfdf31,CAND:6644484c352c701feebfdf31,OPP:6644484c352c701feebfdf31,True,NO_ACTION,EVENT_INVALIDATE,COMPLETED,ALIGNED,a73cb6c9-a388-53f1-92b2-41820e34edd3,DIRECTIONAL_REVERSAL_LEG_FAILED_INVALIDATED_OPPOSITE_ACTIVE_SIGNAL,FORCE_EXIT,INVALIDATED,NO_EVENT,REVERSAL_LEG,[],NONE,[],2026-07-31T13:24:00+05:30,DIVISLAB,21,True,0,TRADE_DECISION_NOT_ALLOWED,NOT_ELIGIBLE
,,"{""FILLED"": 21}",0,0,"{""FILLED"": 21}",1167,,,0,0,,,,,NO_ACTION,,,,,,,,NO_EVENT,REVERSAL_LEG,[],NONE,[],2026-07-31T13:24:00+05:30,EXIDEIND,21,False,0,,NO_SIGNAL
DIR:FORCEMOT:2026-07-31:002:UP:105400:DIRECTIONAL_REVERSAL_LEG_ESTABLISHED:110000,CAND:32b3a707960484f98d8399a7,"{""FILLED"": 21}",0,0,"{""FILLED"": 21}",1168,HOLD_POSITION,CAUTION,0,0,OPP:32b3a707960484f98d8399a7,CAND:32b3a707960484f98d8399a7,OPP:32b3a707960484f98d8399a7,False,HOLD,NO_CREATION_EVENT,NONE,UNKNOWN,76d65cfd-3f5f-5419-81f1-24a924660ce7,NO_CURRENT_CREATION_EVENT,TRANSITION,OPEN,NO_EVENT,NONE,[],FAILED_BACK_INSIDE,"[""CONTINUATION:BLOCK"", ""REACCELERATION:BLOCK"", ""REVERSAL:BLOCK""]",2026-07-31T13:24:00+05:30,FORCEMOT,21,False,0,,ALREADY_DEPLOYED
BAL:GLENMARK:2026-07-31:001:NEUTRAL:101200:BALANCE_ESCAPE_FAILED:131500,CAND:ccb8d7c9ac57fbb14f47bb87,"{""FILLED"": 21}",0,0,"{""FILLED"": 21}",1169,HOLD_POSITION,CAUTION,0,0,OPP:ccb8d7c9ac57fbb14f47bb87,CAND:ccb8d7c9ac57fbb14f47bb87,OPP:ccb8d7c9ac57fbb14f47bb87,False,HOLD,NO_CREATION_EVENT,NONE,UNKNOWN,a4859555-9e57-5772-9c79-4a6b83478351,NO_CURRENT_CREATION_EVENT,TRANSITION,OPEN,NO_EVENT,NONE,[],LOCKED,"[""CONTINUATION:BLOCK"", ""REACCELERATION:BLOCK"", ""REVERSAL:BLOCK""]",2026-07-31T13:24:00+05:30,GLENMARK,21,True,0,TRADE_DECISION_NOT_ALLOWED,NOT_ELIGIBLE
BAL:INDUSTOWER:2026-07-31:001:NEUTRAL:110900:BALANCE_ESCAPE_FAILED:115400,CAND:296c26607039b07e87c6f497,"{""FILLED"": 21}",0,0,"{""FILLED"": 21}",1170,HOLD_POSITION,CAUTION,0,0,OPP:296c26607039b07e87c6f497,CAND:296c26607039b07e87c6f497,OPP:296c26607039b07e87c6f497,False,HOLD,NO_CREATION_EVENT,NONE,UNKNOWN,6c1d311c-b1e4-503d-9f2d-3a50df29da5d,NO_CURRENT_CREATION_EVENT,TRANSITION,OPEN,NO_EVENT,NONE,[],FAILED_BACK_INSIDE,"[""CONTINUATION:BLOCK"", ""REACCELERATION:BLOCK"", ""REVERSAL:BLOCK""]",2026-07-31T13:24:00+05:30,INDUSTOWER,21,True,0,TRADE_DECISION_NOT_ALLOWED,NOT_ELIGIBLE
BAL:KALYANKJIL:2026-07-31:002:NEUTRAL:105100:BALANCE_ESCAPE_STARTED:112700,CAND:4a3872010c190995b2d63ff8,"{""FILLED"": 21}",0,0,"{""FILLED"": 21}",1171,HOLD_POSITION,CAUTION,0,0,OPP:4a3872010c190995b2d63ff8,CAND:4a3872010c190995b2d63ff8,OPP:4a3872010c190995b2d63ff8,False,HOLD,NO_CREATION_EVENT,REVERSAL_WATCH,OPPOSED,fe205a27-ef8f-5bf7-9192-94593d799d94,AUTHORITATIVE_REVERSAL_WATCH,PROTECT,OPEN,NO_EVENT,REVERSAL_WATCH,[],NONE,[],2026-07-31T13:24:00+05:30,KALYANKJIL,21,False,0,,ALREADY_DEPLOYED
DIR:MANAPPURAM:2026-07-31:006:UP:111200:DIRECTIONAL_REVERSAL_LEG_ESTABLISHED:112100,CAND:7316c4a2330c742a8803fe6c,"{""FILLED"": 21}",0,0,"{""FILLED"": 21}",1172,HOLD_POSITION,CAUTION,0,0,OPP:7316c4a2330c742a8803fe6c,CAND:7316c4a2330c742a8803fe6c,OPP:7316c4a2330c742a8803fe6c,False,HOLD,NO_CREATION_EVENT,REVERSAL_WATCH,ALIGNED,50c51811-b112-5f0f-9fcc-a1422ceea97c,AUTHORITATIVE_REVERSAL_WATCH,PROTECT,OPEN,NO_EVENT,REVERSAL_WATCH,[],NONE,[],2026-07-31T13:24:00+05:30,MANAPPURAM,21,False,0,,ALREADY_DEPLOYED
BAL:PERSISTENT:2026-07-31:002:NEUTRAL:103600:BALANCE_ESCAPE_STARTED:110600,CAND:6e00ceac84968df1df4d7495,"{""FILLED"": 21}",0,0,"{""FILLED"": 21}",1173,HOLD_POSITION,CAUTION,0,0,OPP:6e00ceac84968df1df4d7495,CAND:6e00ceac84968df1df4d7495,OPP:6e00ceac84968df1df4d7495,False,HOLD,NO_CREATION_EVENT,REVERSAL_LEG,OPPOSED,cad8805e-c102-57a4-96c7-d70c9c07f5cc,AUTHORITATIVE_DIRECTION_OPPOSED,WEAKENING,OPEN,"DIRECTIONAL_REVERSAL_CONFIRMED,DIRECTIONAL_COMPLETED,DIRECTIONAL_REVERSAL_LEG_STARTED",REVERSAL_LEG,"[""DIR:PERSISTENT:2026-07-31:003:UP:112100:DIRECTIONAL_REVERSAL_CONFIRMED:132400"", ""DIR:PERSISTENT:2026-07-31:003:UP:112100:DIRECTIONAL_COMPLETED:132400"", ""DIR:PERSISTENT:2026-07-31:004:DOWN:132400:DIRECTIONAL_REVERSAL_LEG_STARTED:132400""]",FORMING,"[""REVERSAL:WAIT""]",2026-07-31T13:24:00+05:30,PERSISTENT,21,False,0,,ALREADY_DEPLOYED
BAL:POWERINDIA:2026-07-31:001:NEUTRAL:095100:BALANCE_ESCAPE_FAILED:113000,CAND:dc1ab160fa1ee75a10189da6,"{""FILLED"": 21}",0,0,"{""FILLED"": 21}",1174,HOLD_POSITION,CAUTION,0,0,OPP:dc1ab160fa1ee75a10189da6,CAND:dc1ab160fa1ee75a10189da6,OPP:dc1ab160fa1ee75a10189da6,False,HOLD,NO_CREATION_EVENT,NONE,UNKNOWN,57fbc3b0-0822-51b7-8515-450ea6586841,NO_CURRENT_CREATION_EVENT,TRANSITION,OPEN,NO_EVENT,NONE,[],FORMING,[],2026-07-31T13:24:00+05:30,POWERINDIA,21,True,0,TRADE_DECISION_NOT_ALLOWED,NOT_ELIGIBLE
BAL:TCS:2026-07-31:001:NEUTRAL:100600:BALANCE_ESCAPE_STARTED:103600,CAND:02506b9e9c36e94d0d5e2f0e,"{""FILLED"": 21}",0,0,"{""FILLED"": 21}",1175,FORCE_EXIT,EXIT,0,0,OPP:02506b9e9c36e94d0d5e2f0e,CAND:02506b9e9c36e94d0d5e2f0e,OPP:02506b9e9c36e94d0d5e2f0e,True,NO_ACTION,EVENT_INVALIDATE,NONE,UNKNOWN,8ea01a85-4efa-5849-ac33-c03e0b01cda8,BALANCE_ESCAPE_FAILED_INVALIDATED_SETUP,FORCE_EXIT,INVALIDATED,NO_EVENT,NONE,[],FAILED_BACK_INSIDE,"[""CONTINUATION:BLOCK"", ""REACCELERATION:BLOCK"", ""REVERSAL:BLOCK""]",2026-07-31T13:24:00+05:30,TCS,21,True,0,TRADE_DECISION_NOT_ALLOWED,NOT_ELIGIBLE
DIR:TORNTPHARM:2026-07-31:002:UP:105700:DIRECTIONAL_REVERSAL_LEG_ESTABLISHED:110300,CAND:dcb490f7068f3aeab3ab074f,"{""FILLED"": 21}",0,0,"{""FILLED"": 21}",1176,FORCE_EXIT,EXIT,0,0,OPP:dcb490f7068f3aeab3ab074f,CAND:dcb490f7068f3aeab3ab074f,OPP:dcb490f7068f3aeab3ab074f,True,NO_ACTION,EVENT_INVALIDATE,DIRECTIONAL,ALIGNED,099dd7de-7081-52f9-9bd2-655c56b6256c,DIRECTIONAL_TREND_RESTORED_INVALIDATED_SETUP,FORCE_EXIT,INVALIDATED,NO_EVENT,REVERSAL_WATCH,[],NONE,[],2026-07-31T13:24:00+05:30,TORNTPHARM,21,False,0,,ALREADY_DEPLOYED
,,"{""FILLED"": 21}",0,0,"{""FILLED"": 21}",1177,,,0,0,,,,,NO_ACTION,,,,,,,,NO_EVENT,REVERSAL_WATCH,[],FORMING,[],2026-07-31T13:27:00+05:30,BHEL,21,False,0,,NO_SIGNAL
DIR:CHOLAFIN:2026-07-31:002:DOWN:102400:DIRECTIONAL_REVERSAL_LEG_ESTABLISHED:103300,CAND:c91e30e559c61ae9e4a8e30d,"{""FILLED"": 21}",0,0,"{""FILLED"": 21}",1178,FORCE_EXIT,EXIT,0,0,OPP:c91e30e559c61ae9e4a8e30d,CAND:c91e30e559c61ae9e4a8e30d,OPP:c91e30e559c61ae9e4a8e30d,True,NO_ACTION,EVENT_INVALIDATE,DIRECTIONAL,OPPOSED,aee40fe8-7759-5cec-902a-0db152fe528d,DIRECTIONAL_TREND_RESTORED_INVALIDATED_OPPOSITE_ACTIVE_SIGNAL,FORCE_EXIT,INVALIDATED,"DIRECTIONAL_REVERSAL_CONFIRMED,DIRECTIONAL_COMPLETED,DIRECTIONAL_REVERSAL_LEG_STARTED",REVERSAL_LEG,"[""DIR:CHOLAFIN:2026-07-31:005:UP:130300:DIRECTIONAL_REVERSAL_CONFIRMED:132700"", ""DIR:CHOLAFIN:2026-07-31:005:UP:130300:DIRECTIONAL_COMPLETED:132700"", ""DIR:CHOLAFIN:2026-07-31:006:DOWN:132700:DIRECTIONAL_REVERSAL_LEG_STARTED:132700""]",PROBABLE,"[""REVERSAL:WAIT""]",2026-07-31T13:27:00+05:30,CHOLAFIN,21,True,0,TRADE_DECISION_NOT_ALLOWED,NOT_ELIGIBLE
BAL:COFORGE:2026-07-31:003:NEUTRAL:105700:BALANCE_ESCAPE_STARTED:132100,CAND:0d32e3ad08ef9cc69fd0369f,"{""FILLED"": 21}",0,0,"{""FILLED"": 21}",1179,HOLD_POSITION,CAUTION,0,0,OPP:0d32e3ad08ef9cc69fd0369f,CAND:0d32e3ad08ef9cc69fd0369f,OPP:0d32e3ad08ef9cc69fd0369f,False,HOLD,NO_CREATION_EVENT,NONE,UNKNOWN,b811de42-fbb9-5d26-a364-a9f98c91de7c,NO_CURRENT_CREATION_EVENT,TRANSITION,OPEN,BALANCE_COMPLETED,NONE,"[""BAL:COFORGE:2026-07-31:003:NEUTRAL:105700:BALANCE_COMPLETED:132700""]",COMPLETED,[],2026-07-31T13:27:00+05:30,COFORGE,21,True,0,TRADE_DECISION_NOT_ALLOWED,NOT_ELIGIBLE
DIR:DIVISLAB:2026-07-31:002:DOWN:100600:DIRECTIONAL_REVERSAL_LEG_ESTABLISHED:101800,CAND:6644484c352c701feebfdf31,"{""FILLED"": 21}",0,0,"{""FILLED"": 21}",1180,FORCE_EXIT,EXIT,0,0,OPP:6644484c352c701feebfdf31,CAND:6644484c352c701feebfdf31,OPP:6644484c352c701feebfdf31,True,NO_ACTION,EVENT_INVALIDATE,COMPLETED,ALIGNED,a73cb6c9-a388-53f1-92b2-41820e34edd3,DIRECTIONAL_REVERSAL_LEG_FAILED_INVALIDATED_OPPOSITE_ACTIVE_SIGNAL,FORCE_EXIT,INVALIDATED,NO_EVENT,REVERSAL_LEG,[],NONE,[],2026-07-31T13:27:00+05:30,DIVISLAB,21,True,0,TRADE_DECISION_NOT_ALLOWED,NOT_ELIGIBLE
,,"{""FILLED"": 21}",0,0,"{""FILLED"": 21}",1181,,,0,0,,,,,NO_ACTION,,,,,,,,NO_EVENT,REVERSAL_LEG,[],NONE,[],2026-07-31T13:27:00+05:30,EXIDEIND,21,False,0,,NO_SIGNAL
DIR:FORCEMOT:2026-07-31:002:UP:105400:DIRECTIONAL_REVERSAL_LEG_ESTABLISHED:110000,CAND:32b3a707960484f98d8399a7,"{""FILLED"": 21}",0,0,"{""FILLED"": 21}",1182,HOLD_POSITION,CAUTION,0,0,OPP:32b3a707960484f98d8399a7,CAND:32b3a707960484f98d8399a7,OPP:32b3a707960484f98d8399a7,False,HOLD,NO_CREATION_EVENT,NONE,UNKNOWN,76d65cfd-3f5f-5419-81f1-24a924660ce7,NO_CURRENT_CREATION_EVENT,TRANSITION,OPEN,NO_EVENT,NONE,[],FAILED_BACK_INSIDE,"[""CONTINUATION:BLOCK"", ""REACCELERATION:BLOCK"", ""REVERSAL:BLOCK""]",2026-07-31T13:27:00+05:30,FORCEMOT,21,False,0,,ALREADY_DEPLOYED
BAL:GLENMARK:2026-07-31:001:NEUTRAL:101200:BALANCE_ESCAPE_FAILED:131500,CAND:ccb8d7c9ac57fbb14f47bb87,"{""FILLED"": 21}",0,0,"{""FILLED"": 21}",1183,HOLD_POSITION,CAUTION,0,0,OPP:ccb8d7c9ac57fbb14f47bb87,CAND:ccb8d7c9ac57fbb14f47bb87,OPP:ccb8d7c9ac57fbb14f47bb87,False,HOLD,NO_CREATION_EVENT,NONE,UNKNOWN,a4859555-9e57-5772-9c79-4a6b83478351,NO_CURRENT_CREATION_EVENT,TRANSITION,OPEN,NO_EVENT,NONE,[],LOCKED,"[""CONTINUATION:BLOCK"", ""REACCELERATION:BLOCK"", ""REVERSAL:BLOCK""]",2026-07-31T13:27:00+05:30,GLENMARK,21,True,0,TRADE_DECISION_NOT_ALLOWED,NOT_ELIGIBLE
BAL:INDUSTOWER:2026-07-31:001:NEUTRAL:110900:BALANCE_ESCAPE_FAILED:115400,CAND:296c26607039b07e87c6f497,"{""FILLED"": 21}",0,0,"{""FILLED"": 21}",1184,HOLD_POSITION,CAUTION,0,0,OPP:296c26607039b07e87c6f497,CAND:296c26607039b07e87c6f497,OPP:296c26607039b07e87c6f497,False,HOLD,NO_CREATION_EVENT,NONE,UNKNOWN,6c1d311c-b1e4-503d-9f2d-3a50df29da5d,NO_CURRENT_CREATION_EVENT,TRANSITION,OPEN,NO_EVENT,NONE,[],FAILED_BACK_INSIDE,"[""CONTINUATION:BLOCK"", ""REACCELERATION:BLOCK"", ""REVERSAL:BLOCK""]",2026-07-31T13:27:00+05:30,INDUSTOWER,21,True,0,TRADE_DECISION_NOT_ALLOWED,NOT_ELIGIBLE
BAL:KALYANKJIL:2026-07-31:002:NEUTRAL:105100:BALANCE_ESCAPE_STARTED:112700,CAND:4a3872010c190995b2d63ff8,"{""FILLED"": 21}",0,0,"{""FILLED"": 21}",1185,HOLD_POSITION,CAUTION,0,0,OPP:4a3872010c190995b2d63ff8,CAND:4a3872010c190995b2d63ff8,OPP:4a3872010c190995b2d63ff8,False,HOLD,NO_CREATION_EVENT,REVERSAL_WATCH,OPPOSED,fe205a27-ef8f-5bf7-9192-94593d799d94,AUTHORITATIVE_REVERSAL_WATCH,PROTECT,OPEN,NO_EVENT,REVERSAL_WATCH,[],NONE,[],2026-07-31T13:27:00+05:30,KALYANKJIL,21,False,0,,ALREADY_DEPLOYED
DIR:MANAPPURAM:2026-07-31:006:UP:111200:DIRECTIONAL_REVERSAL_LEG_ESTABLISHED:112100,CAND:7316c4a2330c742a8803fe6c,"{""FILLED"": 21}",0,0,"{""FILLED"": 21}",1186,HOLD_POSITION,CAUTION,0,0,OPP:7316c4a2330c742a8803fe6c,CAND:7316c4a2330c742a8803fe6c,OPP:7316c4a2330c742a8803fe6c,False,HOLD,NO_CREATION_EVENT,REVERSAL_WATCH,ALIGNED,50c51811-b112-5f0f-9fcc-a1422ceea97c,AUTHORITATIVE_REVERSAL_WATCH,PROTECT,OPEN,NO_EVENT,REVERSAL_WATCH,[],NONE,[],2026-07-31T13:27:00+05:30,MANAPPURAM,21,False,0,,ALREADY_DEPLOYED
BAL:PERSISTENT:2026-07-31:002:NEUTRAL:103600:BALANCE_ESCAPE_STARTED:110600,CAND:6e00ceac84968df1df4d7495,"{""FILLED"": 21}",0,0,"{""FILLED"": 21}",1187,HOLD_POSITION,CAUTION,0,0,OPP:6e00ceac84968df1df4d7495,CAND:6e00ceac84968df1df4d7495,OPP:6e00ceac84968df1df4d7495,False,HOLD,NO_CREATION_EVENT,REVERSAL_LEG,OPPOSED,cad8805e-c102-57a4-96c7-d70c9c07f5cc,AUTHORITATIVE_DIRECTION_OPPOSED,WEAKENING,OPEN,BALANCE_COMPLETED,REVERSAL_LEG,"[""BAL:PERSISTENT:2026-07-31:005:NEUTRAL:131200:BALANCE_COMPLETED:132700""]",COMPLETED,[],2026-07-31T13:27:00+05:30,PERSISTENT,21,False,0,,ALREADY_DEPLOYED
BAL:POWERINDIA:2026-07-31:001:NEUTRAL:095100:BALANCE_ESCAPE_FAILED:113000,CAND:dc1ab160fa1ee75a10189da6,"{""FILLED"": 21}",0,0,"{""FILLED"": 21}",1188,HOLD_POSITION,CAUTION,0,0,OPP:dc1ab160fa1ee75a10189da6,CAND:dc1ab160fa1ee75a10189da6,OPP:dc1ab160fa1ee75a10189da6,False,HOLD,NO_CREATION_EVENT,NONE,UNKNOWN,57fbc3b0-0822-51b7-8515-450ea6586841,NO_CURRENT_CREATION_EVENT,TRANSITION,OPEN,NO_EVENT,NONE,[],FORMING,[],2026-07-31T13:27:00+05:30,POWERINDIA,21,True,0,TRADE_DECISION_NOT_ALLOWED,NOT_ELIGIBLE
BAL:TCS:2026-07-31:001:NEUTRAL:100600:BALANCE_ESCAPE_STARTED:103600,CAND:02506b9e9c36e94d0d5e2f0e,"{""FILLED"": 21}",0,0,"{""FILLED"": 21}",1189,FORCE_EXIT,EXIT,0,0,OPP:02506b9e9c36e94d0d5e2f0e,CAND:02506b9e9c36e94d0d5e2f0e,OPP:02506b9e9c36e94d0d5e2f0e,True,NO_ACTION,EVENT_INVALIDATE,NONE,UNKNOWN,8ea01a85-4efa-5849-ac33-c03e0b01cda8,BALANCE_ESCAPE_FAILED_INVALIDATED_SETUP,FORCE_EXIT,INVALIDATED,BALANCE_REARMED,NONE,"[""BAL:TCS:2026-07-31:001:NEUTRAL:100600:BALANCE_REARMED:132700""]",LOCKED,"[""CONTINUATION:BLOCK"", ""REACCELERATION:BLOCK"", ""REVERSAL:BLOCK""]",2026-07-31T13:27:00+05:30,TCS,21,True,0,TRADE_DECISION_NOT_ALLOWED,NOT_ELIGIBLE
DIR:TORNTPHARM:2026-07-31:002:UP:105700:DIRECTIONAL_REVERSAL_LEG_ESTABLISHED:110300,CAND:dcb490f7068f3aeab3ab074f,"{""FILLED"": 21}",0,0,"{""FILLED"": 21}",1190,FORCE_EXIT,EXIT,0,0,OPP:dcb490f7068f3aeab3ab074f,CAND:dcb490f7068f3aeab3ab074f,OPP:dcb490f7068f3aeab3ab074f,True,NO_ACTION,EVENT_INVALIDATE,DIRECTIONAL,ALIGNED,099dd7de-7081-52f9-9bd2-655c56b6256c,DIRECTIONAL_TREND_RESTORED_INVALIDATED_SETUP,FORCE_EXIT,INVALIDATED,NO_EVENT,REVERSAL_WATCH,[],NONE,[],2026-07-31T13:27:00+05:30,TORNTPHARM,21,False,0,,ALREADY_DEPLOYED
,,"{""FILLED"": 21}",0,0,"{""FILLED"": 21}",1191,,,0,0,,,,,NO_ACTION,,,,,,,,"DIRECTIONAL_REVERSAL_CONFIRMED,DIRECTIONAL_COMPLETED,DIRECTIONAL_REVERSAL_LEG_STARTED",REVERSAL_LEG,"[""DIR:BHEL:2026-07-31:008:UP:130600:DIRECTIONAL_REVERSAL_CONFIRMED:133000"", ""DIR:BHEL:2026-07-31:008:UP:130600:DIRECTIONAL_COMPLETED:133000"", ""DIR:BHEL:2026-07-31:009:DOWN:133000:DIRECTIONAL_REVERSAL_LEG_STARTED:133000""]",FORMING,"[""REVERSAL:WAIT""]",2026-07-31T13:30:00+05:30,BHEL,21,False,0,,NO_SIGNAL
DIR:CHOLAFIN:2026-07-31:002:DOWN:102400:DIRECTIONAL_REVERSAL_LEG_ESTABLISHED:103300,CAND:c91e30e559c61ae9e4a8e30d,"{""FILLED"": 21}",0,0,"{""FILLED"": 21}",1192,FORCE_EXIT,EXIT,0,0,OPP:c91e30e559c61ae9e4a8e30d,CAND:c91e30e559c61ae9e4a8e30d,OPP:c91e30e559c61ae9e4a8e30d,True,NO_ACTION,EVENT_INVALIDATE,DIRECTIONAL,OPPOSED,aee40fe8-7759-5cec-902a-0db152fe528d,DIRECTIONAL_TREND_RESTORED_INVALIDATED_OPPOSITE_ACTIVE_SIGNAL,FORCE_EXIT,INVALIDATED,BALANCE_COMPLETED,REVERSAL_LEG,"[""BAL:CHOLAFIN:2026-07-31:001:NEUTRAL:125700:BALANCE_COMPLETED:133000""]",COMPLETED,[],2026-07-31T13:30:00+05:30,CHOLAFIN,21,True,0,TRADE_DECISION_NOT_ALLOWED,NOT_ELIGIBLE
BAL:COFORGE:2026-07-31:003:NEUTRAL:105700:BALANCE_ESCAPE_STARTED:132100,CAND:0d32e3ad08ef9cc69fd0369f,"{""FILLED"": 21}",0,0,"{""FILLED"": 21}",1193,HOLD_POSITION,CAUTION,0,0,OPP:0d32e3ad08ef9cc69fd0369f,CAND:0d32e3ad08ef9cc69fd0369f,OPP:0d32e3ad08ef9cc69fd0369f,False,HOLD,NO_CREATION_EVENT,NONE,UNKNOWN,b811de42-fbb9-5d26-a364-a9f98c91de7c,NO_CURRENT_CREATION_EVENT,TRANSITION,OPEN,NO_EVENT,NONE,[],NONE,[],2026-07-31T13:30:00+05:30,COFORGE,21,True,0,TRADE_DECISION_NOT_ALLOWED,NOT_ELIGIBLE
DIR:DIVISLAB:2026-07-31:002:DOWN:100600:DIRECTIONAL_REVERSAL_LEG_ESTABLISHED:101800,CAND:6644484c352c701feebfdf31,"{""FILLED"": 21}",0,0,"{""FILLED"": 21}",1194,FORCE_EXIT,EXIT,0,0,OPP:6644484c352c701feebfdf31,CAND:6644484c352c701feebfdf31,OPP:6644484c352c701feebfdf31,True,NO_ACTION,EVENT_INVALIDATE,COMPLETED,ALIGNED,a73cb6c9-a388-53f1-92b2-41820e34edd3,DIRECTIONAL_REVERSAL_LEG_FAILED_INVALIDATED_OPPOSITE_ACTIVE_SIGNAL,FORCE_EXIT,INVALIDATED,NO_EVENT,REVERSAL_LEG,[],NONE,[],2026-07-31T13:30:00+05:30,DIVISLAB,21,True,0,TRADE_DECISION_NOT_ALLOWED,NOT_ELIGIBLE
,,"{""FILLED"": 21}",0,0,"{""FILLED"": 21}",1195,,,0,0,,,,,NO_ACTION,,,,,,,,NO_EVENT,REVERSAL_LEG,[],NONE,[],2026-07-31T13:30:00+05:30,EXIDEIND,21,False,0,,NO_SIGNAL
DIR:FORCEMOT:2026-07-31:002:UP:105400:DIRECTIONAL_REVERSAL_LEG_ESTABLISHED:110000,CAND:32b3a707960484f98d8399a7,"{""FILLED"": 21}",0,0,"{""FILLED"": 21}",1196,HOLD_POSITION,CAUTION,0,0,OPP:32b3a707960484f98d8399a7,CAND:32b3a707960484f98d8399a7,OPP:32b3a707960484f98d8399a7,False,HOLD,NO_CREATION_EVENT,NONE,UNKNOWN,76d65cfd-3f5f-5419-81f1-24a924660ce7,NO_CURRENT_CREATION_EVENT,TRANSITION,OPEN,NO_EVENT,NONE,[],FAILED_BACK_INSIDE,"[""CONTINUATION:BLOCK"", ""REACCELERATION:BLOCK"", ""REVERSAL:BLOCK""]",2026-07-31T13:30:00+05:30,FORCEMOT,21,False,0,,ALREADY_DEPLOYED
BAL:GLENMARK:2026-07-31:001:NEUTRAL:101200:BALANCE_ESCAPE_FAILED:131500,CAND:ccb8d7c9ac57fbb14f47bb87,"{""FILLED"": 21}",0,0,"{""FILLED"": 21}",1197,HOLD_POSITION,CAUTION,0,0,OPP:ccb8d7c9ac57fbb14f47bb87,CAND:ccb8d7c9ac57fbb14f47bb87,OPP:ccb8d7c9ac57fbb14f47bb87,False,HOLD,NO_CREATION_EVENT,NONE,UNKNOWN,a4859555-9e57-5772-9c79-4a6b83478351,NO_CURRENT_CREATION_EVENT,TRANSITION,OPEN,NO_EVENT,NONE,[],LOCKED,"[""CONTINUATION:BLOCK"", ""REACCELERATION:BLOCK"", ""REVERSAL:BLOCK""]",2026-07-31T13:30:00+05:30,GLENMARK,21,True,0,TRADE_DECISION_NOT_ALLOWED,NOT_ELIGIBLE
BAL:INDUSTOWER:2026-07-31:001:NEUTRAL:110900:BALANCE_ESCAPE_FAILED:115400,CAND:296c26607039b07e87c6f497,"{""FILLED"": 21}",0,0,"{""FILLED"": 21}",1198,HOLD_POSITION,CAUTION,0,0,OPP:296c26607039b07e87c6f497,CAND:296c26607039b07e87c6f497,OPP:296c26607039b07e87c6f497,False,HOLD,NO_CREATION_EVENT,NONE,UNKNOWN,6c1d311c-b1e4-503d-9f2d-3a50df29da5d,NO_CURRENT_CREATION_EVENT,TRANSITION,OPEN,NO_EVENT,NONE,[],FAILED_BACK_INSIDE,"[""CONTINUATION:BLOCK"", ""REACCELERATION:BLOCK"", ""REVERSAL:BLOCK""]",2026-07-31T13:30:00+05:30,INDUSTOWER,21,True,0,TRADE_DECISION_NOT_ALLOWED,NOT_ELIGIBLE
BAL:KALYANKJIL:2026-07-31:002:NEUTRAL:105100:BALANCE_ESCAPE_STARTED:112700,CAND:4a3872010c190995b2d63ff8,"{""FILLED"": 21}",0,0,"{""FILLED"": 21}",1199,HOLD_POSITION,CAUTION,0,0,OPP:4a3872010c190995b2d63ff8,CAND:4a3872010c190995b2d63ff8,OPP:4a3872010c190995b2d63ff8,False,HOLD,NO_CREATION_EVENT,REVERSAL_WATCH,OPPOSED,fe205a27-ef8f-5bf7-9192-94593d799d94,AUTHORITATIVE_REVERSAL_WATCH,PROTECT,OPEN,NO_EVENT,REVERSAL_WATCH,[],NONE,[],2026-07-31T13:30:00+05:30,KALYANKJIL,21,False,0,,ALREADY_DEPLOYED
DIR:MANAPPURAM:2026-07-31:006:UP:111200:DIRECTIONAL_REVERSAL_LEG_ESTABLISHED:112100,CAND:7316c4a2330c742a8803fe6c,"{""FILLED"": 21}",0,0,"{""FILLED"": 21}",1200,HOLD_POSITION,CAUTION,0,0,OPP:7316c4a2330c742a8803fe6c,CAND:7316c4a2330c742a8803fe6c,OPP:7316c4a2330c742a8803fe6c,False,HOLD,NO_CREATION_EVENT,REVERSAL_WATCH,ALIGNED,50c51811-b112-5f0f-9fcc-a1422ceea97c,AUTHORITATIVE_REVERSAL_WATCH,PROTECT,OPEN,NO_EVENT,REVERSAL_WATCH,[],NONE,[],2026-07-31T13:30:00+05:30,MANAPPURAM,21,False,0,,ALREADY_DEPLOYED
BAL:PERSISTENT:2026-07-31:002:NEUTRAL:103600:BALANCE_ESCAPE_STARTED:110600,CAND:6e00ceac84968df1df4d7495,"{""FILLED"": 21}",0,0,"{""FILLED"": 21}",1201,HOLD_POSITION,CAUTION,0,0,OPP:6e00ceac84968df1df4d7495,CAND:6e00ceac84968df1df4d7495,OPP:6e00ceac84968df1df4d7495,False,HOLD,NO_CREATION_EVENT,REVERSAL_LEG,OPPOSED,cad8805e-c102-57a4-96c7-d70c9c07f5cc,AUTHORITATIVE_DIRECTION_OPPOSED,WEAKENING,OPEN,NO_EVENT,REVERSAL_LEG,[],NONE,[],2026-07-31T13:30:00+05:30,PERSISTENT,21,False,0,,ALREADY_DEPLOYED
BAL:POWERINDIA:2026-07-31:001:NEUTRAL:095100:BALANCE_ESCAPE_FAILED:113000,CAND:dc1ab160fa1ee75a10189da6,"{""FILLED"": 21}",0,0,"{""FILLED"": 21}",1202,HOLD_POSITION,CAUTION,0,0,OPP:dc1ab160fa1ee75a10189da6,CAND:dc1ab160fa1ee75a10189da6,OPP:dc1ab160fa1ee75a10189da6,False,HOLD,NO_CREATION_EVENT,NONE,UNKNOWN,57fbc3b0-0822-51b7-8515-450ea6586841,NO_CURRENT_CREATION_EVENT,TRANSITION,OPEN,BALANCE_PROBABLE,NONE,"[""BAL:POWERINDIA:2026-07-31:002:NEUTRAL:124800:BALANCE_PROBABLE:133000""]",PROBABLE,[],2026-07-31T13:30:00+05:30,POWERINDIA,21,True,0,TRADE_DECISION_NOT_ALLOWED,NOT_ELIGIBLE
BAL:TCS:2026-07-31:001:NEUTRAL:100600:BALANCE_ESCAPE_STARTED:103600,CAND:02506b9e9c36e94d0d5e2f0e,"{""FILLED"": 21}",0,0,"{""FILLED"": 21}",1203,FORCE_EXIT,EXIT,0,0,OPP:02506b9e9c36e94d0d5e2f0e,CAND:02506b9e9c36e94d0d5e2f0e,OPP:02506b9e9c36e94d0d5e2f0e,True,NO_ACTION,EVENT_INVALIDATE,NONE,UNKNOWN,8ea01a85-4efa-5849-ac33-c03e0b01cda8,BALANCE_ESCAPE_FAILED_INVALIDATED_SETUP,FORCE_EXIT,INVALIDATED,NO_EVENT,NONE,[],LOCKED,"[""CONTINUATION:BLOCK"", ""REACCELERATION:BLOCK"", ""REVERSAL:BLOCK""]",2026-07-31T13:30:00+05:30,TCS,21,True,0,TRADE_DECISION_NOT_ALLOWED,NOT_ELIGIBLE
DIR:TORNTPHARM:2026-07-31:002:UP:105700:DIRECTIONAL_REVERSAL_LEG_ESTABLISHED:110300,CAND:dcb490f7068f3aeab3ab074f,"{""FILLED"": 21}",0,0,"{""FILLED"": 21}",1204,FORCE_EXIT,EXIT,0,0,OPP:dcb490f7068f3aeab3ab074f,CAND:dcb490f7068f3aeab3ab074f,OPP:dcb490f7068f3aeab3ab074f,True,NO_ACTION,EVENT_INVALIDATE,DIRECTIONAL,ALIGNED,099dd7de-7081-52f9-9bd2-655c56b6256c,DIRECTIONAL_TREND_RESTORED_INVALIDATED_SETUP,FORCE_EXIT,INVALIDATED,NO_EVENT,REVERSAL_WATCH,[],NONE,[],2026-07-31T13:30:00+05:30,TORNTPHARM,21,False,0,,ALREADY_DEPLOYED
,,"{""FILLED"": 21}",0,0,"{""FILLED"": 21}",1205,,,0,0,,,,,NO_ACTION,,,,,,,,NO_EVENT,REVERSAL_LEG,[],FORMING,[],2026-07-31T13:33:00+05:30,BHEL,21,False,0,,NO_SIGNAL
DIR:CHOLAFIN:2026-07-31:002:DOWN:102400:DIRECTIONAL_REVERSAL_LEG_ESTABLISHED:103300,CAND:c91e30e559c61ae9e4a8e30d,"{""FILLED"": 21}",0,0,"{""FILLED"": 21}",1206,FORCE_EXIT,EXIT,0,0,OPP:c91e30e559c61ae9e4a8e30d,CAND:c91e30e559c61ae9e4a8e30d,OPP:c91e30e559c61ae9e4a8e30d,True,NO_ACTION,EVENT_INVALIDATE,DIRECTIONAL,OPPOSED,aee40fe8-7759-5cec-902a-0db152fe528d,DIRECTIONAL_TREND_RESTORED_INVALIDATED_OPPOSITE_ACTIVE_SIGNAL,FORCE_EXIT,INVALIDATED,NO_EVENT,REVERSAL_LEG,[],NONE,[],2026-07-31T13:33:00+05:30,CHOLAFIN,21,True,0,TRADE_DECISION_NOT_ALLOWED,NOT_ELIGIBLE
BAL:COFORGE:2026-07-31:003:NEUTRAL:105700:BALANCE_ESCAPE_STARTED:132100,CAND:0d32e3ad08ef9cc69fd0369f,"{""FILLED"": 21}",0,0,"{""FILLED"": 21}",1207,HOLD_POSITION,CAUTION,0,0,OPP:0d32e3ad08ef9cc69fd0369f,CAND:0d32e3ad08ef9cc69fd0369f,OPP:0d32e3ad08ef9cc69fd0369f,False,HOLD,NO_CREATION_EVENT,NONE,UNKNOWN,b811de42-fbb9-5d26-a364-a9f98c91de7c,NO_CURRENT_CREATION_EVENT,TRANSITION,OPEN,NO_EVENT,NONE,[],NONE,[],2026-07-31T13:33:00+05:30,COFORGE,21,True,0,TRADE_DECISION_NOT_ALLOWED,NOT_ELIGIBLE
DIR:DIVISLAB:2026-07-31:002:DOWN:100600:DIRECTIONAL_REVERSAL_LEG_ESTABLISHED:101800,CAND:6644484c352c701feebfdf31,"{""FILLED"": 21}",0,0,"{""FILLED"": 21}",1208,FORCE_EXIT,EXIT,0,0,OPP:6644484c352c701feebfdf31,CAND:6644484c352c701feebfdf31,OPP:6644484c352c701feebfdf31,True,NO_ACTION,EVENT_INVALIDATE,COMPLETED,ALIGNED,a73cb6c9-a388-53f1-92b2-41820e34edd3,DIRECTIONAL_REVERSAL_LEG_FAILED_INVALIDATED_OPPOSITE_ACTIVE_SIGNAL,FORCE_EXIT,INVALIDATED,NO_EVENT,REVERSAL_LEG,[],NONE,[],2026-07-31T13:33:00+05:30,DIVISLAB,21,True,0,TRADE_DECISION_NOT_ALLOWED,NOT_ELIGIBLE
,,"{""FILLED"": 21}",0,0,"{""FILLED"": 21}",1209,,,0,0,,,,,NO_ACTION,,,,,,,,DIRECTIONAL_REVERSAL_LEG_ESTABLISHED,DIRECTIONAL,"[""DIR:EXIDEIND:2026-07-31:005:DOWN:131500:DIRECTIONAL_REVERSAL_LEG_ESTABLISHED:133300""]",NONE,"[""REVERSAL:PERMIT""]",2026-07-31T13:33:00+05:30,EXIDEIND,21,False,0,,NO_SIGNAL
DIR:FORCEMOT:2026-07-31:002:UP:105400:DIRECTIONAL_REVERSAL_LEG_ESTABLISHED:110000,CAND:32b3a707960484f98d8399a7,"{""FILLED"": 21}",0,0,"{""FILLED"": 21}",1210,HOLD_POSITION,CAUTION,0,0,OPP:32b3a707960484f98d8399a7,CAND:32b3a707960484f98d8399a7,OPP:32b3a707960484f98d8399a7,False,HOLD,NO_CREATION_EVENT,NONE,UNKNOWN,76d65cfd-3f5f-5419-81f1-24a924660ce7,NO_CURRENT_CREATION_EVENT,TRANSITION,OPEN,BALANCE_REARMED,NONE,"[""BAL:FORCEMOT:2026-07-31:002:NEUTRAL:114500:BALANCE_REARMED:133300""]",LOCKED,"[""CONTINUATION:BLOCK"", ""REACCELERATION:BLOCK"", ""REVERSAL:BLOCK""]",2026-07-31T13:33:00+05:30,FORCEMOT,21,False,0,,ALREADY_DEPLOYED
BAL:GLENMARK:2026-07-31:001:NEUTRAL:101200:BALANCE_ESCAPE_FAILED:131500,CAND:ccb8d7c9ac57fbb14f47bb87,"{""FILLED"": 21}",0,0,"{""FILLED"": 21}",1211,HOLD_POSITION,CAUTION,0,0,OPP:ccb8d7c9ac57fbb14f47bb87,CAND:ccb8d7c9ac57fbb14f47bb87,OPP:ccb8d7c9ac57fbb14f47bb87,False,HOLD,NO_CREATION_EVENT,NONE,UNKNOWN,a4859555-9e57-5772-9c79-4a6b83478351,NO_CURRENT_CREATION_EVENT,TRANSITION,OPEN,NO_EVENT,NONE,[],LOCKED,"[""CONTINUATION:BLOCK"", ""REACCELERATION:BLOCK"", ""REVERSAL:BLOCK""]",2026-07-31T13:33:00+05:30,GLENMARK,21,True,0,TRADE_DECISION_NOT_ALLOWED,NOT_ELIGIBLE
BAL:INDUSTOWER:2026-07-31:001:NEUTRAL:110900:BALANCE_ESCAPE_FAILED:115400,CAND:296c26607039b07e87c6f497,"{""FILLED"": 21}",0,0,"{""FILLED"": 21}",1212,HOLD_POSITION,CAUTION,0,0,OPP:296c26607039b07e87c6f497,CAND:296c26607039b07e87c6f497,OPP:296c26607039b07e87c6f497,False,HOLD,NO_CREATION_EVENT,NONE,UNKNOWN,6c1d311c-b1e4-503d-9f2d-3a50df29da5d,NO_CURRENT_CREATION_EVENT,TRANSITION,OPEN,NO_EVENT,NONE,[],FAILED_BACK_INSIDE,"[""CONTINUATION:BLOCK"", ""REACCELERATION:BLOCK"", ""REVERSAL:BLOCK""]",2026-07-31T13:33:00+05:30,INDUSTOWER,21,True,0,TRADE_DECISION_NOT_ALLOWED,NOT_ELIGIBLE
BAL:KALYANKJIL:2026-07-31:002:NEUTRAL:105100:BALANCE_ESCAPE_STARTED:112700,CAND:4a3872010c190995b2d63ff8,"{""FILLED"": 21}",0,0,"{""FILLED"": 21}",1213,HOLD_POSITION,CAUTION,0,0,OPP:4a3872010c190995b2d63ff8,CAND:4a3872010c190995b2d63ff8,OPP:4a3872010c190995b2d63ff8,False,HOLD,NO_CREATION_EVENT,REVERSAL_WATCH,OPPOSED,fe205a27-ef8f-5bf7-9192-94593d799d94,AUTHORITATIVE_REVERSAL_WATCH,PROTECT,OPEN,NO_EVENT,REVERSAL_WATCH,[],NONE,[],2026-07-31T13:33:00+05:30,KALYANKJIL,21,False,0,,ALREADY_DEPLOYED
DIR:MANAPPURAM:2026-07-31:006:UP:111200:DIRECTIONAL_REVERSAL_LEG_ESTABLISHED:112100,CAND:7316c4a2330c742a8803fe6c,"{""FILLED"": 21}",0,0,"{""FILLED"": 21}",1214,HOLD_POSITION,CAUTION,0,0,OPP:7316c4a2330c742a8803fe6c,CAND:7316c4a2330c742a8803fe6c,OPP:7316c4a2330c742a8803fe6c,False,HOLD,NO_CREATION_EVENT,REVERSAL_WATCH,ALIGNED,50c51811-b112-5f0f-9fcc-a1422ceea97c,AUTHORITATIVE_REVERSAL_WATCH,PROTECT,OPEN,NO_EVENT,REVERSAL_WATCH,[],NONE,[],2026-07-31T13:33:00+05:30,MANAPPURAM,21,False,0,,ALREADY_DEPLOYED
BAL:PERSISTENT:2026-07-31:002:NEUTRAL:103600:BALANCE_ESCAPE_STARTED:110600,CAND:6e00ceac84968df1df4d7495,"{""FILLED"": 21}",0,0,"{""FILLED"": 21}",1215,HOLD_POSITION,CAUTION,0,0,OPP:6e00ceac84968df1df4d7495,CAND:6e00ceac84968df1df4d7495,OPP:6e00ceac84968df1df4d7495,False,HOLD,NO_CREATION_EVENT,REVERSAL_LEG,OPPOSED,cad8805e-c102-57a4-96c7-d70c9c07f5cc,AUTHORITATIVE_DIRECTION_OPPOSED,WEAKENING,OPEN,NO_EVENT,REVERSAL_LEG,[],NONE,[],2026-07-31T13:33:00+05:30,PERSISTENT,21,False,0,,ALREADY_DEPLOYED
BAL:POWERINDIA:2026-07-31:001:NEUTRAL:095100:BALANCE_ESCAPE_FAILED:113000,CAND:dc1ab160fa1ee75a10189da6,"{""FILLED"": 21}",0,0,"{""FILLED"": 21}",1216,HOLD_POSITION,CAUTION,0,0,OPP:dc1ab160fa1ee75a10189da6,CAND:dc1ab160fa1ee75a10189da6,OPP:dc1ab160fa1ee75a10189da6,False,HOLD,NO_CREATION_EVENT,NONE,UNKNOWN,57fbc3b0-0822-51b7-8515-450ea6586841,NO_CURRENT_CREATION_EVENT,TRANSITION,OPEN,BALANCE_LOCKED,NONE,"[""BAL:POWERINDIA:2026-07-31:002:NEUTRAL:124800:BALANCE_LOCKED:133300""]",LOCKED,"[""CONTINUATION:BLOCK"", ""REACCELERATION:BLOCK"", ""REVERSAL:BLOCK""]",2026-07-31T13:33:00+05:30,POWERINDIA,21,True,0,TRADE_DECISION_NOT_ALLOWED,NOT_ELIGIBLE
BAL:TCS:2026-07-31:001:NEUTRAL:100600:BALANCE_ESCAPE_STARTED:103600,CAND:02506b9e9c36e94d0d5e2f0e,"{""FILLED"": 21}",0,0,"{""FILLED"": 21}",1217,FORCE_EXIT,EXIT,0,0,OPP:02506b9e9c36e94d0d5e2f0e,CAND:02506b9e9c36e94d0d5e2f0e,OPP:02506b9e9c36e94d0d5e2f0e,True,NO_ACTION,EVENT_INVALIDATE,NONE,UNKNOWN,8ea01a85-4efa-5849-ac33-c03e0b01cda8,BALANCE_ESCAPE_FAILED_INVALIDATED_SETUP,FORCE_EXIT,INVALIDATED,NO_EVENT,NONE,[],LOCKED,"[""CONTINUATION:BLOCK"", ""REACCELERATION:BLOCK"", ""REVERSAL:BLOCK""]",2026-07-31T13:33:00+05:30,TCS,21,True,0,TRADE_DECISION_NOT_ALLOWED,NOT_ELIGIBLE
DIR:TORNTPHARM:2026-07-31:002:UP:105700:DIRECTIONAL_REVERSAL_LEG_ESTABLISHED:110300,CAND:dcb490f7068f3aeab3ab074f,"{""FILLED"": 21}",0,0,"{""FILLED"": 21}",1218,FORCE_EXIT,EXIT,0,0,OPP:dcb490f7068f3aeab3ab074f,CAND:dcb490f7068f3aeab3ab074f,OPP:dcb490f7068f3aeab3ab074f,True,NO_ACTION,EVENT_INVALIDATE,DIRECTIONAL,ALIGNED,099dd7de-7081-52f9-9bd2-655c56b6256c,DIRECTIONAL_TREND_RESTORED_INVALIDATED_SETUP,FORCE_EXIT,INVALIDATED,NO_EVENT,REVERSAL_WATCH,[],NONE,[],2026-07-31T13:33:00+05:30,TORNTPHARM,21,False,0,,ALREADY_DEPLOYED
,,"{""FILLED"": 21}",0,0,"{""FILLED"": 21}",1219,,,0,0,,,,,NO_ACTION,,,,,,,,NO_EVENT,REVERSAL_LEG,[],FORMING,[],2026-07-31T13:36:00+05:30,BHEL,21,False,0,,NO_SIGNAL
DIR:CHOLAFIN:2026-07-31:002:DOWN:102400:DIRECTIONAL_REVERSAL_LEG_ESTABLISHED:103300,CAND:c91e30e559c61ae9e4a8e30d,"{""FILLED"": 21}",0,0,"{""FILLED"": 21}",1220,FORCE_EXIT,EXIT,0,0,OPP:c91e30e559c61ae9e4a8e30d,CAND:c91e30e559c61ae9e4a8e30d,OPP:c91e30e559c61ae9e4a8e30d,True,NO_ACTION,EVENT_INVALIDATE,DIRECTIONAL,OPPOSED,aee40fe8-7759-5cec-902a-0db152fe528d,DIRECTIONAL_TREND_RESTORED_INVALIDATED_OPPOSITE_ACTIVE_SIGNAL,FORCE_EXIT,INVALIDATED,NO_EVENT,REVERSAL_LEG,[],NONE,[],2026-07-31T13:36:00+05:30,CHOLAFIN,21,True,0,TRADE_DECISION_NOT_ALLOWED,NOT_ELIGIBLE
BAL:COFORGE:2026-07-31:003:NEUTRAL:105700:BALANCE_ESCAPE_STARTED:132100,CAND:0d32e3ad08ef9cc69fd0369f,"{""FILLED"": 21}",0,0,"{""FILLED"": 21}",1221,HOLD_POSITION,CAUTION,0,0,OPP:0d32e3ad08ef9cc69fd0369f,CAND:0d32e3ad08ef9cc69fd0369f,OPP:0d32e3ad08ef9cc69fd0369f,False,HOLD,NO_CREATION_EVENT,NONE,UNKNOWN,b811de42-fbb9-5d26-a364-a9f98c91de7c,NO_CURRENT_CREATION_EVENT,TRANSITION,OPEN,NO_EVENT,NONE,[],NONE,[],2026-07-31T13:36:00+05:30,COFORGE,21,True,0,TRADE_DECISION_NOT_ALLOWED,NOT_ELIGIBLE
DIR:DIVISLAB:2026-07-31:002:DOWN:100600:DIRECTIONAL_REVERSAL_LEG_ESTABLISHED:101800,CAND:6644484c352c701feebfdf31,"{""FILLED"": 21}",0,0,"{""FILLED"": 21}",1222,FORCE_EXIT,EXIT,0,0,OPP:6644484c352c701feebfdf31,CAND:6644484c352c701feebfdf31,OPP:6644484c352c701feebfdf31,True,NO_ACTION,EVENT_INVALIDATE,COMPLETED,ALIGNED,a73cb6c9-a388-53f1-92b2-41820e34edd3,DIRECTIONAL_REVERSAL_LEG_FAILED_INVALIDATED_OPPOSITE_ACTIVE_SIGNAL,FORCE_EXIT,INVALIDATED,NO_EVENT,REVERSAL_LEG,[],NONE,[],2026-07-31T13:36:00+05:30,DIVISLAB,21,True,0,TRADE_DECISION_NOT_ALLOWED,NOT_ELIGIBLE
,,"{""FILLED"": 21}",0,0,"{""FILLED"": 21}",1223,,,0,0,,,,,NO_ACTION,,,,,,,,NO_EVENT,DIRECTIONAL,[],NONE,[],2026-07-31T13:36:00+05:30,EXIDEIND,21,False,0,,NO_SIGNAL
DIR:FORCEMOT:2026-07-31:002:UP:105400:DIRECTIONAL_REVERSAL_LEG_ESTABLISHED:110000,CAND:32b3a707960484f98d8399a7,"{""FILLED"": 21}",0,0,"{""FILLED"": 21}",1224,HOLD_POSITION,CAUTION,0,0,OPP:32b3a707960484f98d8399a7,CAND:32b3a707960484f98d8399a7,OPP:32b3a707960484f98d8399a7,False,HOLD,NO_CREATION_EVENT,NONE,UNKNOWN,76d65cfd-3f5f-5419-81f1-24a924660ce7,NO_CURRENT_CREATION_EVENT,TRANSITION,OPEN,NO_EVENT,NONE,[],LOCKED,"[""CONTINUATION:BLOCK"", ""REACCELERATION:BLOCK"", ""REVERSAL:BLOCK""]",2026-07-31T13:36:00+05:30,FORCEMOT,21,False,0,,ALREADY_DEPLOYED
BAL:GLENMARK:2026-07-31:001:NEUTRAL:101200:BALANCE_ESCAPE_FAILED:131500,CAND:ccb8d7c9ac57fbb14f47bb87,"{""FILLED"": 21}",0,0,"{""FILLED"": 21}",1225,HOLD_POSITION,CAUTION,0,0,OPP:ccb8d7c9ac57fbb14f47bb87,CAND:ccb8d7c9ac57fbb14f47bb87,OPP:ccb8d7c9ac57fbb14f47bb87,False,HOLD,NO_CREATION_EVENT,NONE,UNKNOWN,a4859555-9e57-5772-9c79-4a6b83478351,NO_CURRENT_CREATION_EVENT,TRANSITION,OPEN,NO_EVENT,NONE,[],LOCKED,"[""CONTINUATION:BLOCK"", ""REACCELERATION:BLOCK"", ""REVERSAL:BLOCK""]",2026-07-31T13:36:00+05:30,GLENMARK,21,True,0,TRADE_DECISION_NOT_ALLOWED,NOT_ELIGIBLE
BAL:INDUSTOWER:2026-07-31:001:NEUTRAL:110900:BALANCE_ESCAPE_FAILED:115400,CAND:296c26607039b07e87c6f497,"{""FILLED"": 21}",0,0,"{""FILLED"": 21}",1226,HOLD_POSITION,CAUTION,0,0,OPP:296c26607039b07e87c6f497,CAND:296c26607039b07e87c6f497,OPP:296c26607039b07e87c6f497,False,HOLD,NO_CREATION_EVENT,NONE,UNKNOWN,6c1d311c-b1e4-503d-9f2d-3a50df29da5d,NO_CURRENT_CREATION_EVENT,TRANSITION,OPEN,NO_EVENT,NONE,[],FAILED_BACK_INSIDE,"[""CONTINUATION:BLOCK"", ""REACCELERATION:BLOCK"", ""REVERSAL:BLOCK""]",2026-07-31T13:36:00+05:30,INDUSTOWER,21,True,0,TRADE_DECISION_NOT_ALLOWED,NOT_ELIGIBLE
BAL:KALYANKJIL:2026-07-31:002:NEUTRAL:105100:BALANCE_ESCAPE_STARTED:112700,CAND:4a3872010c190995b2d63ff8,"{""FILLED"": 21}",0,0,"{""FILLED"": 21}",1227,HOLD_POSITION,STRENGTHEN,0,0,OPP:4a3872010c190995b2d63ff8,CAND:4a3872010c190995b2d63ff8,OPP:4a3872010c190995b2d63ff8,False,HOLD,NO_CREATION_EVENT,REVERSAL_LEG,ALIGNED,fe205a27-ef8f-5bf7-9192-94593d799d94,AUTHORITATIVE_DIRECTIONAL_ALIGNED,ACTIVE,OPEN,"BALANCE_FORMING_STARTED,DIRECTIONAL_REVERSAL_CONFIRMED,DIRECTIONAL_COMPLETED,DIRECTIONAL_REVERSAL_LEG_STARTED",REVERSAL_LEG,"[""BAL:KALYANKJIL:2026-07-31:004:NEUTRAL:133600:BALANCE_FORMING_STARTED:133600"", ""DIR:KALYANKJIL:2026-07-31:010:DOWN:130300:DIRECTIONAL_REVERSAL_CONFIRMED:133600"", ""DIR:KALYANKJIL:2026-07-31:010:DOWN:130300:DIRECTIONAL_COMPLETED:133600"", ""DIR:KALYANKJIL:2026-07-31:011:UP:133600:DIRECTIONAL_REVERSAL_LEG_STARTED:133600""]",FORMING,"[""REVERSAL:WAIT""]",2026-07-31T13:36:00+05:30,KALYANKJIL,21,False,0,,ALREADY_DEPLOYED
DIR:MANAPPURAM:2026-07-31:006:UP:111200:DIRECTIONAL_REVERSAL_LEG_ESTABLISHED:112100,CAND:7316c4a2330c742a8803fe6c,"{""FILLED"": 21}",0,0,"{""FILLED"": 21}",1228,HOLD_POSITION,CAUTION,0,0,OPP:7316c4a2330c742a8803fe6c,CAND:7316c4a2330c742a8803fe6c,OPP:7316c4a2330c742a8803fe6c,False,HOLD,NO_CREATION_EVENT,REVERSAL_WATCH,ALIGNED,50c51811-b112-5f0f-9fcc-a1422ceea97c,AUTHORITATIVE_REVERSAL_WATCH,PROTECT,OPEN,NO_EVENT,REVERSAL_WATCH,[],NONE,[],2026-07-31T13:36:00+05:30,MANAPPURAM,21,False,0,,ALREADY_DEPLOYED
BAL:PERSISTENT:2026-07-31:002:NEUTRAL:103600:BALANCE_ESCAPE_STARTED:110600,CAND:6e00ceac84968df1df4d7495,"{""FILLED"": 21}",0,0,"{""FILLED"": 21}",1229,HOLD_POSITION,CAUTION,0,0,OPP:6e00ceac84968df1df4d7495,CAND:6e00ceac84968df1df4d7495,OPP:6e00ceac84968df1df4d7495,False,HOLD,NO_CREATION_EVENT,DIRECTIONAL,OPPOSED,cad8805e-c102-57a4-96c7-d70c9c07f5cc,AUTHORITATIVE_DIRECTION_OPPOSED,WEAKENING,OPEN,DIRECTIONAL_REVERSAL_LEG_ESTABLISHED,DIRECTIONAL,"[""DIR:PERSISTENT:2026-07-31:004:DOWN:132400:DIRECTIONAL_REVERSAL_LEG_ESTABLISHED:133600""]",NONE,"[""REVERSAL:PERMIT""]",2026-07-31T13:36:00+05:30,PERSISTENT,21,False,0,,ALREADY_DEPLOYED
BAL:POWERINDIA:2026-07-31:001:NEUTRAL:095100:BALANCE_ESCAPE_FAILED:113000,CAND:dc1ab160fa1ee75a10189da6,"{""FILLED"": 21}",0,0,"{""FILLED"": 21}",1230,HOLD_POSITION,CAUTION,0,0,OPP:dc1ab160fa1ee75a10189da6,CAND:dc1ab160fa1ee75a10189da6,OPP:dc1ab160fa1ee75a10189da6,False,HOLD,NO_CREATION_EVENT,NONE,UNKNOWN,57fbc3b0-0822-51b7-8515-450ea6586841,NO_CURRENT_CREATION_EVENT,TRANSITION,OPEN,BALANCE_ESCAPE_STARTED,NONE,"[""BAL:POWERINDIA:2026-07-31:002:NEUTRAL:124800:BALANCE_ESCAPE_STARTED:133600""]",ESCAPE_WATCH,"[""ACCEPTED_BREAKOUT:WAIT"", ""BREAKOUT_INITIATION:PERMIT"", ""CONTINUATION:BLOCK"", ""FAILED_BREAKOUT:WAIT"", ""REACCELERATION:BLOCK"", ""REVERSAL:BLOCK""]",2026-07-31T13:36:00+05:30,POWERINDIA,21,True,0,TRADE_DECISION_NOT_ALLOWED,NOT_ELIGIBLE
BAL:TCS:2026-07-31:001:NEUTRAL:100600:BALANCE_ESCAPE_STARTED:103600,CAND:02506b9e9c36e94d0d5e2f0e,"{""FILLED"": 21}",0,0,"{""FILLED"": 21}",1231,FORCE_EXIT,EXIT,0,0,OPP:02506b9e9c36e94d0d5e2f0e,CAND:02506b9e9c36e94d0d5e2f0e,OPP:02506b9e9c36e94d0d5e2f0e,True,NO_ACTION,EVENT_INVALIDATE,NONE,UNKNOWN,8ea01a85-4efa-5849-ac33-c03e0b01cda8,BALANCE_ESCAPE_FAILED_INVALIDATED_SETUP,FORCE_EXIT,INVALIDATED,NO_EVENT,NONE,[],LOCKED,"[""CONTINUATION:BLOCK"", ""REACCELERATION:BLOCK"", ""REVERSAL:BLOCK""]",2026-07-31T13:36:00+05:30,TCS,21,True,0,TRADE_DECISION_NOT_ALLOWED,NOT_ELIGIBLE
DIR:TORNTPHARM:2026-07-31:002:UP:105700:DIRECTIONAL_REVERSAL_LEG_ESTABLISHED:110300,CAND:dcb490f7068f3aeab3ab074f,"{""FILLED"": 21}",0,0,"{""FILLED"": 21}",1232,FORCE_EXIT,EXIT,0,0,OPP:dcb490f7068f3aeab3ab074f,CAND:dcb490f7068f3aeab3ab074f,OPP:dcb490f7068f3aeab3ab074f,True,NO_ACTION,EVENT_INVALIDATE,DIRECTIONAL,ALIGNED,099dd7de-7081-52f9-9bd2-655c56b6256c,DIRECTIONAL_TREND_RESTORED_INVALIDATED_SETUP,FORCE_EXIT,INVALIDATED,NO_EVENT,REVERSAL_WATCH,[],NONE,[],2026-07-31T13:36:00+05:30,TORNTPHARM,21,False,0,,ALREADY_DEPLOYED
,,"{""FILLED"": 21}",0,0,"{""FILLED"": 21}",1233,,,0,0,,,,,NO_ACTION,,,,,,,,NO_EVENT,REVERSAL_LEG,[],FORMING,[],2026-07-31T13:39:00+05:30,BHEL,21,False,0,,NO_SIGNAL
DIR:CHOLAFIN:2026-07-31:002:DOWN:102400:DIRECTIONAL_REVERSAL_LEG_ESTABLISHED:103300,CAND:c91e30e559c61ae9e4a8e30d,"{""FILLED"": 21}",0,0,"{""FILLED"": 21}",1234,FORCE_EXIT,EXIT,0,0,OPP:c91e30e559c61ae9e4a8e30d,CAND:c91e30e559c61ae9e4a8e30d,OPP:c91e30e559c61ae9e4a8e30d,True,NO_ACTION,EVENT_INVALIDATE,DIRECTIONAL,OPPOSED,aee40fe8-7759-5cec-902a-0db152fe528d,DIRECTIONAL_TREND_RESTORED_INVALIDATED_OPPOSITE_ACTIVE_SIGNAL,FORCE_EXIT,INVALIDATED,NO_EVENT,REVERSAL_LEG,[],NONE,[],2026-07-31T13:39:00+05:30,CHOLAFIN,21,True,0,TRADE_DECISION_NOT_ALLOWED,NOT_ELIGIBLE
BAL:COFORGE:2026-07-31:003:NEUTRAL:105700:BALANCE_ESCAPE_STARTED:132100,CAND:0d32e3ad08ef9cc69fd0369f,"{""FILLED"": 21}",0,0,"{""FILLED"": 21}",1235,HOLD_POSITION,CAUTION,0,0,OPP:0d32e3ad08ef9cc69fd0369f,CAND:0d32e3ad08ef9cc69fd0369f,OPP:0d32e3ad08ef9cc69fd0369f,False,HOLD,NO_CREATION_EVENT,NONE,UNKNOWN,b811de42-fbb9-5d26-a364-a9f98c91de7c,NO_CURRENT_CREATION_EVENT,TRANSITION,OPEN,NO_EVENT,NONE,[],NONE,[],2026-07-31T13:39:00+05:30,COFORGE,21,True,0,TRADE_DECISION_NOT_ALLOWED,NOT_ELIGIBLE
DIR:DIVISLAB:2026-07-31:002:DOWN:100600:DIRECTIONAL_REVERSAL_LEG_ESTABLISHED:101800,CAND:6644484c352c701feebfdf31,"{""FILLED"": 21}",0,0,"{""FILLED"": 21}",1236,FORCE_EXIT,EXIT,0,0,OPP:6644484c352c701feebfdf31,CAND:6644484c352c701feebfdf31,OPP:6644484c352c701feebfdf31,True,NO_ACTION,EVENT_INVALIDATE,COMPLETED,ALIGNED,a73cb6c9-a388-53f1-92b2-41820e34edd3,DIRECTIONAL_REVERSAL_LEG_FAILED_INVALIDATED_OPPOSITE_ACTIVE_SIGNAL,FORCE_EXIT,INVALIDATED,NO_EVENT,REVERSAL_LEG,[],NONE,[],2026-07-31T13:39:00+05:30,DIVISLAB,21,True,0,TRADE_DECISION_NOT_ALLOWED,NOT_ELIGIBLE
,,"{""FILLED"": 21}",0,0,"{""FILLED"": 21}",1237,,,0,0,,,,,NO_ACTION,,,,,,,,DIRECTIONAL_COMPLETED,COMPLETED,"[""DIR:EXIDEIND:2026-07-31:005:DOWN:131500:DIRECTIONAL_COMPLETED:133900""]",NONE,[],2026-07-31T13:39:00+05:30,EXIDEIND,21,False,0,,NO_SIGNAL
DIR:FORCEMOT:2026-07-31:002:UP:105400:DIRECTIONAL_REVERSAL_LEG_ESTABLISHED:110000,CAND:32b3a707960484f98d8399a7,"{""FILLED"": 21}",0,0,"{""FILLED"": 21}",1238,HOLD_POSITION,CAUTION,0,0,OPP:32b3a707960484f98d8399a7,CAND:32b3a707960484f98d8399a7,OPP:32b3a707960484f98d8399a7,False,HOLD,NO_CREATION_EVENT,NONE,UNKNOWN,76d65cfd-3f5f-5419-81f1-24a924660ce7,NO_CURRENT_CREATION_EVENT,TRANSITION,OPEN,NO_EVENT,NONE,[],LOCKED,"[""CONTINUATION:BLOCK"", ""REACCELERATION:BLOCK"", ""REVERSAL:BLOCK""]",2026-07-31T13:39:00+05:30,FORCEMOT,21,False,0,,ALREADY_DEPLOYED
BAL:GLENMARK:2026-07-31:001:NEUTRAL:101200:BALANCE_ESCAPE_FAILED:131500,CAND:ccb8d7c9ac57fbb14f47bb87,"{""FILLED"": 21}",0,0,"{""FILLED"": 21}",1239,HOLD_POSITION,CAUTION,0,0,OPP:ccb8d7c9ac57fbb14f47bb87,CAND:ccb8d7c9ac57fbb14f47bb87,OPP:ccb8d7c9ac57fbb14f47bb87,False,HOLD,NO_CREATION_EVENT,NONE,UNKNOWN,a4859555-9e57-5772-9c79-4a6b83478351,NO_CURRENT_CREATION_EVENT,TRANSITION,OPEN,NO_EVENT,NONE,[],LOCKED,"[""CONTINUATION:BLOCK"", ""REACCELERATION:BLOCK"", ""REVERSAL:BLOCK""]",2026-07-31T13:39:00+05:30,GLENMARK,21,True,0,TRADE_DECISION_NOT_ALLOWED,NOT_ELIGIBLE
BAL:INDUSTOWER:2026-07-31:001:NEUTRAL:110900:BALANCE_ESCAPE_FAILED:115400,CAND:296c26607039b07e87c6f497,"{""FILLED"": 21}",0,0,"{""FILLED"": 21}",1240,HOLD_POSITION,CAUTION,0,0,OPP:296c26607039b07e87c6f497,CAND:296c26607039b07e87c6f497,OPP:296c26607039b07e87c6f497,False,HOLD,NO_CREATION_EVENT,NONE,UNKNOWN,6c1d311c-b1e4-503d-9f2d-3a50df29da5d,NO_CURRENT_CREATION_EVENT,TRANSITION,OPEN,NO_EVENT,NONE,[],FAILED_BACK_INSIDE,"[""CONTINUATION:BLOCK"", ""REACCELERATION:BLOCK"", ""REVERSAL:BLOCK""]",2026-07-31T13:39:00+05:30,INDUSTOWER,21,True,0,TRADE_DECISION_NOT_ALLOWED,NOT_ELIGIBLE
BAL:KALYANKJIL:2026-07-31:002:NEUTRAL:105100:BALANCE_ESCAPE_STARTED:112700,CAND:4a3872010c190995b2d63ff8,"{""FILLED"": 21}",0,0,"{""FILLED"": 21}",1241,HOLD_POSITION,STRENGTHEN,0,0,OPP:4a3872010c190995b2d63ff8,CAND:4a3872010c190995b2d63ff8,OPP:4a3872010c190995b2d63ff8,False,HOLD,NO_CREATION_EVENT,REVERSAL_LEG,ALIGNED,fe205a27-ef8f-5bf7-9192-94593d799d94,AUTHORITATIVE_DIRECTIONAL_ALIGNED,ACTIVE,OPEN,NO_EVENT,REVERSAL_LEG,[],FORMING,[],2026-07-31T13:39:00+05:30,KALYANKJIL,21,False,0,,ALREADY_DEPLOYED
DIR:MANAPPURAM:2026-07-31:006:UP:111200:DIRECTIONAL_REVERSAL_LEG_ESTABLISHED:112100,CAND:7316c4a2330c742a8803fe6c,"{""FILLED"": 21}",0,0,"{""FILLED"": 21}",1242,HOLD_POSITION,CAUTION,0,0,OPP:7316c4a2330c742a8803fe6c,CAND:7316c4a2330c742a8803fe6c,OPP:7316c4a2330c742a8803fe6c,False,HOLD,NO_CREATION_EVENT,REVERSAL_LEG,OPPOSED,50c51811-b112-5f0f-9fcc-a1422ceea97c,AUTHORITATIVE_DIRECTION_OPPOSED,WEAKENING,OPEN,"DIRECTIONAL_REVERSAL_CONFIRMED,DIRECTIONAL_COMPLETED,DIRECTIONAL_REVERSAL_LEG_STARTED",REVERSAL_LEG,"[""DIR:MANAPPURAM:2026-07-31:007:UP:130900:DIRECTIONAL_REVERSAL_CONFIRMED:133900"", ""DIR:MANAPPURAM:2026-07-31:007:UP:130900:DIRECTIONAL_COMPLETED:133900"", ""DIR:MANAPPURAM:2026-07-31:008:DOWN:133900:DIRECTIONAL_REVERSAL_LEG_STARTED:133900""]",NONE,"[""REVERSAL:WAIT""]",2026-07-31T13:39:00+05:30,MANAPPURAM,21,False,0,,ALREADY_DEPLOYED
BAL:PERSISTENT:2026-07-31:002:NEUTRAL:103600:BALANCE_ESCAPE_STARTED:110600,CAND:6e00ceac84968df1df4d7495,"{""FILLED"": 21}",0,0,"{""FILLED"": 21}",1243,HOLD_POSITION,CAUTION,0,0,OPP:6e00ceac84968df1df4d7495,CAND:6e00ceac84968df1df4d7495,OPP:6e00ceac84968df1df4d7495,False,HOLD,NO_CREATION_EVENT,DIRECTIONAL,OPPOSED,cad8805e-c102-57a4-96c7-d70c9c07f5cc,AUTHORITATIVE_DIRECTION_OPPOSED,WEAKENING,OPEN,NO_EVENT,DIRECTIONAL,[],NONE,[],2026-07-31T13:39:00+05:30,PERSISTENT,21,False,0,,ALREADY_DEPLOYED
BAL:POWERINDIA:2026-07-31:001:NEUTRAL:095100:BALANCE_ESCAPE_FAILED:113000,CAND:dc1ab160fa1ee75a10189da6,"{""FILLED"": 21}",0,0,"{""FILLED"": 21}",1244,HOLD_POSITION,CAUTION,0,0,OPP:dc1ab160fa1ee75a10189da6,CAND:dc1ab160fa1ee75a10189da6,OPP:dc1ab160fa1ee75a10189da6,False,HOLD,NO_CREATION_EVENT,NONE,UNKNOWN,57fbc3b0-0822-51b7-8515-450ea6586841,NO_CURRENT_CREATION_EVENT,TRANSITION,OPEN,NO_EVENT,NONE,[],ESCAPE_WATCH,"[""ACCEPTED_BREAKOUT:WAIT"", ""CONTINUATION:BLOCK"", ""FAILED_BREAKOUT:WAIT"", ""REACCELERATION:BLOCK"", ""REVERSAL:BLOCK""]",2026-07-31T13:39:00+05:30,POWERINDIA,21,True,0,TRADE_DECISION_NOT_ALLOWED,NOT_ELIGIBLE
BAL:TCS:2026-07-31:001:NEUTRAL:100600:BALANCE_ESCAPE_STARTED:103600,CAND:02506b9e9c36e94d0d5e2f0e,"{""FILLED"": 21}",0,0,"{""FILLED"": 21}",1245,FORCE_EXIT,EXIT,0,0,OPP:02506b9e9c36e94d0d5e2f0e,CAND:02506b9e9c36e94d0d5e2f0e,OPP:02506b9e9c36e94d0d5e2f0e,True,NO_ACTION,EVENT_INVALIDATE,NONE,UNKNOWN,8ea01a85-4efa-5849-ac33-c03e0b01cda8,BALANCE_ESCAPE_FAILED_INVALIDATED_SETUP,FORCE_EXIT,INVALIDATED,NO_EVENT,NONE,[],LOCKED,"[""CONTINUATION:BLOCK"", ""REACCELERATION:BLOCK"", ""REVERSAL:BLOCK""]",2026-07-31T13:39:00+05:30,TCS,21,True,0,TRADE_DECISION_NOT_ALLOWED,NOT_ELIGIBLE
DIR:TORNTPHARM:2026-07-31:002:UP:105700:DIRECTIONAL_REVERSAL_LEG_ESTABLISHED:110300,CAND:dcb490f7068f3aeab3ab074f,"{""FILLED"": 21}",0,0,"{""FILLED"": 21}",1246,FORCE_EXIT,EXIT,0,0,OPP:dcb490f7068f3aeab3ab074f,CAND:dcb490f7068f3aeab3ab074f,OPP:dcb490f7068f3aeab3ab074f,True,NO_ACTION,EVENT_INVALIDATE,DIRECTIONAL,ALIGNED,099dd7de-7081-52f9-9bd2-655c56b6256c,DIRECTIONAL_TREND_RESTORED_INVALIDATED_SETUP,FORCE_EXIT,INVALIDATED,NO_EVENT,REVERSAL_WATCH,[],NONE,[],2026-07-31T13:39:00+05:30,TORNTPHARM,21,False,0,,ALREADY_DEPLOYED
,,"{""FILLED"": 21}",0,0,"{""FILLED"": 21}",1247,,,0,0,,,,,NO_ACTION,,,,,,,,DIRECTIONAL_REVERSAL_LEG_ESTABLISHED,DIRECTIONAL,"[""DIR:BHEL:2026-07-31:009:DOWN:133000:DIRECTIONAL_REVERSAL_LEG_ESTABLISHED:134200""]",FORMING,"[""REVERSAL:PERMIT""]",2026-07-31T13:42:00+05:30,BHEL,21,False,0,,NO_SIGNAL
DIR:CHOLAFIN:2026-07-31:002:DOWN:102400:DIRECTIONAL_REVERSAL_LEG_ESTABLISHED:103300,CAND:c91e30e559c61ae9e4a8e30d,"{""FILLED"": 21}",0,0,"{""FILLED"": 21}",1248,FORCE_EXIT,EXIT,0,0,OPP:c91e30e559c61ae9e4a8e30d,CAND:c91e30e559c61ae9e4a8e30d,OPP:c91e30e559c61ae9e4a8e30d,True,NO_ACTION,EVENT_INVALIDATE,DIRECTIONAL,OPPOSED,aee40fe8-7759-5cec-902a-0db152fe528d,DIRECTIONAL_TREND_RESTORED_INVALIDATED_OPPOSITE_ACTIVE_SIGNAL,FORCE_EXIT,INVALIDATED,DIRECTIONAL_REVERSAL_LEG_ESTABLISHED,DIRECTIONAL,"[""DIR:CHOLAFIN:2026-07-31:006:DOWN:132700:DIRECTIONAL_REVERSAL_LEG_ESTABLISHED:134200""]",NONE,"[""REVERSAL:PERMIT""]",2026-07-31T13:42:00+05:30,CHOLAFIN,21,True,0,TRADE_DECISION_NOT_ALLOWED,NOT_ELIGIBLE
BAL:COFORGE:2026-07-31:003:NEUTRAL:105700:BALANCE_ESCAPE_STARTED:132100,CAND:0d32e3ad08ef9cc69fd0369f,"{""FILLED"": 21}",0,0,"{""FILLED"": 21}",1249,HOLD_POSITION,CAUTION,0,0,OPP:0d32e3ad08ef9cc69fd0369f,CAND:0d32e3ad08ef9cc69fd0369f,OPP:0d32e3ad08ef9cc69fd0369f,False,HOLD,NO_CREATION_EVENT,NONE,UNKNOWN,b811de42-fbb9-5d26-a364-a9f98c91de7c,NO_CURRENT_CREATION_EVENT,TRANSITION,OPEN,NO_EVENT,NONE,[],NONE,[],2026-07-31T13:42:00+05:30,COFORGE,21,True,0,TRADE_DECISION_NOT_ALLOWED,NOT_ELIGIBLE
DIR:DIVISLAB:2026-07-31:002:DOWN:100600:DIRECTIONAL_REVERSAL_LEG_ESTABLISHED:101800,CAND:6644484c352c701feebfdf31,"{""FILLED"": 21}",0,0,"{""FILLED"": 21}",1250,FORCE_EXIT,EXIT,0,0,OPP:6644484c352c701feebfdf31,CAND:6644484c352c701feebfdf31,OPP:6644484c352c701feebfdf31,True,NO_ACTION,EVENT_INVALIDATE,COMPLETED,ALIGNED,a73cb6c9-a388-53f1-92b2-41820e34edd3,DIRECTIONAL_REVERSAL_LEG_FAILED_INVALIDATED_OPPOSITE_ACTIVE_SIGNAL,FORCE_EXIT,INVALIDATED,NO_EVENT,REVERSAL_LEG,[],NONE,[],2026-07-31T13:42:00+05:30,DIVISLAB,21,True,0,TRADE_DECISION_NOT_ALLOWED,NOT_ELIGIBLE
,,"{""FILLED"": 21}",0,0,"{""FILLED"": 21}",1251,,,0,0,,,,,NO_ACTION,,,,,,,,NO_EVENT,NONE,[],NONE,[],2026-07-31T13:42:00+05:30,EXIDEIND,21,False,0,,NO_SIGNAL
DIR:FORCEMOT:2026-07-31:002:UP:105400:DIRECTIONAL_REVERSAL_LEG_ESTABLISHED:110000,CAND:32b3a707960484f98d8399a7,"{""FILLED"": 21}",0,0,"{""FILLED"": 21}",1252,HOLD_POSITION,CAUTION,0,0,OPP:32b3a707960484f98d8399a7,CAND:32b3a707960484f98d8399a7,OPP:32b3a707960484f98d8399a7,False,HOLD,NO_CREATION_EVENT,NONE,UNKNOWN,76d65cfd-3f5f-5419-81f1-24a924660ce7,NO_CURRENT_CREATION_EVENT,TRANSITION,OPEN,NO_EVENT,NONE,[],LOCKED,"[""CONTINUATION:BLOCK"", ""REACCELERATION:BLOCK"", ""REVERSAL:BLOCK""]",2026-07-31T13:42:00+05:30,FORCEMOT,21,False,0,,ALREADY_DEPLOYED
BAL:GLENMARK:2026-07-31:001:NEUTRAL:101200:BALANCE_ESCAPE_FAILED:131500,CAND:ccb8d7c9ac57fbb14f47bb87,"{""FILLED"": 21}",0,0,"{""FILLED"": 21}",1253,HOLD_POSITION,CAUTION,0,0,OPP:ccb8d7c9ac57fbb14f47bb87,CAND:ccb8d7c9ac57fbb14f47bb87,OPP:ccb8d7c9ac57fbb14f47bb87,False,HOLD,NO_CREATION_EVENT,NONE,UNKNOWN,a4859555-9e57-5772-9c79-4a6b83478351,NO_CURRENT_CREATION_EVENT,TRANSITION,OPEN,NO_EVENT,NONE,[],LOCKED,"[""CONTINUATION:BLOCK"", ""REACCELERATION:BLOCK"", ""REVERSAL:BLOCK""]",2026-07-31T13:42:00+05:30,GLENMARK,21,True,0,TRADE_DECISION_NOT_ALLOWED,NOT_ELIGIBLE
BAL:INDUSTOWER:2026-07-31:001:NEUTRAL:110900:BALANCE_ESCAPE_FAILED:115400,CAND:296c26607039b07e87c6f497,"{""FILLED"": 21}",0,0,"{""FILLED"": 21}",1254,HOLD_POSITION,CAUTION,0,0,OPP:296c26607039b07e87c6f497,CAND:296c26607039b07e87c6f497,OPP:296c26607039b07e87c6f497,False,HOLD,NO_CREATION_EVENT,NONE,UNKNOWN,6c1d311c-b1e4-503d-9f2d-3a50df29da5d,NO_CURRENT_CREATION_EVENT,TRANSITION,OPEN,NO_EVENT,NONE,[],FAILED_BACK_INSIDE,"[""CONTINUATION:BLOCK"", ""REACCELERATION:BLOCK"", ""REVERSAL:BLOCK""]",2026-07-31T13:42:00+05:30,INDUSTOWER,21,True,0,TRADE_DECISION_NOT_ALLOWED,NOT_ELIGIBLE
BAL:KALYANKJIL:2026-07-31:002:NEUTRAL:105100:BALANCE_ESCAPE_STARTED:112700,CAND:4a3872010c190995b2d63ff8,"{""FILLED"": 21}",0,0,"{""FILLED"": 21}",1255,HOLD_POSITION,STRENGTHEN,0,0,OPP:4a3872010c190995b2d63ff8,CAND:4a3872010c190995b2d63ff8,OPP:4a3872010c190995b2d63ff8,False,HOLD,NO_CREATION_EVENT,REVERSAL_LEG,ALIGNED,fe205a27-ef8f-5bf7-9192-94593d799d94,AUTHORITATIVE_DIRECTIONAL_ALIGNED,ACTIVE,OPEN,NO_EVENT,REVERSAL_LEG,[],FORMING,[],2026-07-31T13:42:00+05:30,KALYANKJIL,21,False,0,,ALREADY_DEPLOYED
DIR:MANAPPURAM:2026-07-31:006:UP:111200:DIRECTIONAL_REVERSAL_LEG_ESTABLISHED:112100,CAND:7316c4a2330c742a8803fe6c,"{""FILLED"": 21}",0,0,"{""FILLED"": 21}",1256,HOLD_POSITION,CAUTION,0,0,OPP:7316c4a2330c742a8803fe6c,CAND:7316c4a2330c742a8803fe6c,OPP:7316c4a2330c742a8803fe6c,False,HOLD,NO_CREATION_EVENT,REVERSAL_LEG,OPPOSED,50c51811-b112-5f0f-9fcc-a1422ceea97c,AUTHORITATIVE_DIRECTION_OPPOSED,WEAKENING,OPEN,NO_EVENT,REVERSAL_LEG,[],NONE,[],2026-07-31T13:42:00+05:30,MANAPPURAM,21,False,0,,ALREADY_DEPLOYED
BAL:PERSISTENT:2026-07-31:002:NEUTRAL:103600:BALANCE_ESCAPE_STARTED:110600,CAND:6e00ceac84968df1df4d7495,"{""FILLED"": 21}",0,0,"{""FILLED"": 21}",1257,HOLD_POSITION,CAUTION,0,0,OPP:6e00ceac84968df1df4d7495,CAND:6e00ceac84968df1df4d7495,OPP:6e00ceac84968df1df4d7495,False,HOLD,NO_CREATION_EVENT,COMPLETED,OPPOSED,cad8805e-c102-57a4-96c7-d70c9c07f5cc,AUTHORITATIVE_DIRECTION_OPPOSED,WEAKENING,OPEN,DIRECTIONAL_COMPLETED,COMPLETED,"[""DIR:PERSISTENT:2026-07-31:004:DOWN:132400:DIRECTIONAL_COMPLETED:134200""]",NONE,[],2026-07-31T13:42:00+05:30,PERSISTENT,21,False,0,,ALREADY_DEPLOYED
BAL:POWERINDIA:2026-07-31:001:NEUTRAL:095100:BALANCE_ESCAPE_FAILED:113000,CAND:dc1ab160fa1ee75a10189da6,"{""FILLED"": 21}",0,0,"{""FILLED"": 21}",1258,HOLD_POSITION,CAUTION,0,0,OPP:dc1ab160fa1ee75a10189da6,CAND:dc1ab160fa1ee75a10189da6,OPP:dc1ab160fa1ee75a10189da6,False,HOLD,NO_CREATION_EVENT,NONE,UNKNOWN,57fbc3b0-0822-51b7-8515-450ea6586841,NO_CURRENT_CREATION_EVENT,TRANSITION,OPEN,BALANCE_ESCAPE_FAILED,NONE,"[""BAL:POWERINDIA:2026-07-31:002:NEUTRAL:124800:BALANCE_ESCAPE_FAILED:134200""]",FAILED_BACK_INSIDE,"[""CONTINUATION:BLOCK"", ""FAILED_BREAKOUT:PERMIT"", ""REACCELERATION:BLOCK"", ""REVERSAL:BLOCK""]",2026-07-31T13:42:00+05:30,POWERINDIA,21,True,0,TRADE_DECISION_NOT_ALLOWED,NOT_ELIGIBLE
BAL:TCS:2026-07-31:001:NEUTRAL:100600:BALANCE_ESCAPE_STARTED:103600,CAND:02506b9e9c36e94d0d5e2f0e,"{""FILLED"": 21}",0,0,"{""FILLED"": 21}",1259,FORCE_EXIT,EXIT,0,0,OPP:02506b9e9c36e94d0d5e2f0e,CAND:02506b9e9c36e94d0d5e2f0e,OPP:02506b9e9c36e94d0d5e2f0e,True,NO_ACTION,EVENT_INVALIDATE,NONE,UNKNOWN,8ea01a85-4efa-5849-ac33-c03e0b01cda8,BALANCE_ESCAPE_FAILED_INVALIDATED_SETUP,FORCE_EXIT,INVALIDATED,NO_EVENT,NONE,[],LOCKED,"[""CONTINUATION:BLOCK"", ""REACCELERATION:BLOCK"", ""REVERSAL:BLOCK""]",2026-07-31T13:42:00+05:30,TCS,21,True,0,TRADE_DECISION_NOT_ALLOWED,NOT_ELIGIBLE
DIR:TORNTPHARM:2026-07-31:002:UP:105700:DIRECTIONAL_REVERSAL_LEG_ESTABLISHED:110300,CAND:dcb490f7068f3aeab3ab074f,"{""FILLED"": 21}",0,0,"{""FILLED"": 21}",1260,FORCE_EXIT,EXIT,0,0,OPP:dcb490f7068f3aeab3ab074f,CAND:dcb490f7068f3aeab3ab074f,OPP:dcb490f7068f3aeab3ab074f,True,NO_ACTION,EVENT_INVALIDATE,DIRECTIONAL,ALIGNED,099dd7de-7081-52f9-9bd2-655c56b6256c,DIRECTIONAL_TREND_RESTORED_INVALIDATED_SETUP,FORCE_EXIT,INVALIDATED,NO_EVENT,REVERSAL_WATCH,[],NONE,[],2026-07-31T13:42:00+05:30,TORNTPHARM,21,False,0,,ALREADY_DEPLOYED
,,"{""FILLED"": 21}",0,0,"{""FILLED"": 21}",1261,,,0,0,,,,,NO_ACTION,,,,,,,,DIRECTIONAL_MATURED,MATURE,"[""DIR:BHEL:2026-07-31:009:DOWN:133000:DIRECTIONAL_MATURED:134500""]",FORMING,[],2026-07-31T13:45:00+05:30,BHEL,21,False,0,,NO_SIGNAL
DIR:CHOLAFIN:2026-07-31:002:DOWN:102400:DIRECTIONAL_REVERSAL_LEG_ESTABLISHED:103300,CAND:c91e30e559c61ae9e4a8e30d,"{""FILLED"": 21}",0,0,"{""FILLED"": 21}",1262,FORCE_EXIT,EXIT,0,0,OPP:c91e30e559c61ae9e4a8e30d,CAND:c91e30e559c61ae9e4a8e30d,OPP:c91e30e559c61ae9e4a8e30d,True,NO_ACTION,EVENT_INVALIDATE,DIRECTIONAL,OPPOSED,aee40fe8-7759-5cec-902a-0db152fe528d,DIRECTIONAL_TREND_RESTORED_INVALIDATED_OPPOSITE_ACTIVE_SIGNAL,FORCE_EXIT,INVALIDATED,DIRECTIONAL_MATURED,MATURE,"[""DIR:CHOLAFIN:2026-07-31:006:DOWN:132700:DIRECTIONAL_MATURED:134500""]",NONE,[],2026-07-31T13:45:00+05:30,CHOLAFIN,21,True,0,TRADE_DECISION_NOT_ALLOWED,NOT_ELIGIBLE
BAL:COFORGE:2026-07-31:003:NEUTRAL:105700:BALANCE_ESCAPE_STARTED:132100,CAND:0d32e3ad08ef9cc69fd0369f,"{""FILLED"": 21}",0,0,"{""FILLED"": 21}",1263,HOLD_POSITION,CAUTION,0,0,OPP:0d32e3ad08ef9cc69fd0369f,CAND:0d32e3ad08ef9cc69fd0369f,OPP:0d32e3ad08ef9cc69fd0369f,False,HOLD,NO_CREATION_EVENT,NONE,UNKNOWN,b811de42-fbb9-5d26-a364-a9f98c91de7c,NO_CURRENT_CREATION_EVENT,TRANSITION,OPEN,NO_EVENT,NONE,[],NONE,[],2026-07-31T13:45:00+05:30,COFORGE,21,True,0,TRADE_DECISION_NOT_ALLOWED,NOT_ELIGIBLE
DIR:DIVISLAB:2026-07-31:002:DOWN:100600:DIRECTIONAL_REVERSAL_LEG_ESTABLISHED:101800,CAND:6644484c352c701feebfdf31,"{""FILLED"": 21}",0,0,"{""FILLED"": 21}",1264,FORCE_EXIT,EXIT,0,0,OPP:6644484c352c701feebfdf31,CAND:6644484c352c701feebfdf31,OPP:6644484c352c701feebfdf31,True,NO_ACTION,EVENT_INVALIDATE,COMPLETED,ALIGNED,a73cb6c9-a388-53f1-92b2-41820e34edd3,DIRECTIONAL_REVERSAL_LEG_FAILED_INVALIDATED_OPPOSITE_ACTIVE_SIGNAL,FORCE_EXIT,INVALIDATED,NO_EVENT,REVERSAL_LEG,[],NONE,[],2026-07-31T13:45:00+05:30,DIVISLAB,21,True,0,TRADE_DECISION_NOT_ALLOWED,NOT_ELIGIBLE
,,"{""FILLED"": 21}",0,0,"{""FILLED"": 21}",1265,,,0,0,,,,,NO_ACTION,,,,,,,,"BALANCE_FORMING_STARTED,DIRECTIONAL_STARTED",DIRECTIONAL,"[""BAL:EXIDEIND:2026-07-31:004:NEUTRAL:134500:BALANCE_FORMING_STARTED:134500"", ""DIR:EXIDEIND:2026-07-31:006:UP:134500:DIRECTIONAL_STARTED:134500""]",FORMING,[],2026-07-31T13:45:00+05:30,EXIDEIND,21,False,0,,NO_SIGNAL
DIR:FORCEMOT:2026-07-31:002:UP:105400:DIRECTIONAL_REVERSAL_LEG_ESTABLISHED:110000,CAND:32b3a707960484f98d8399a7,"{""FILLED"": 21}",0,0,"{""FILLED"": 21}",1266,HOLD_POSITION,CAUTION,0,0,OPP:32b3a707960484f98d8399a7,CAND:32b3a707960484f98d8399a7,OPP:32b3a707960484f98d8399a7,False,HOLD,NO_CREATION_EVENT,NONE,UNKNOWN,76d65cfd-3f5f-5419-81f1-24a924660ce7,NO_CURRENT_CREATION_EVENT,TRANSITION,OPEN,NO_EVENT,NONE,[],LOCKED,"[""CONTINUATION:BLOCK"", ""REACCELERATION:BLOCK"", ""REVERSAL:BLOCK""]",2026-07-31T13:45:00+05:30,FORCEMOT,21,False,0,,ALREADY_DEPLOYED
BAL:GLENMARK:2026-07-31:001:NEUTRAL:101200:BALANCE_ESCAPE_FAILED:131500,CAND:ccb8d7c9ac57fbb14f47bb87,"{""FILLED"": 21}",0,0,"{""FILLED"": 21}",1267,HOLD_POSITION,CAUTION,0,0,OPP:ccb8d7c9ac57fbb14f47bb87,CAND:ccb8d7c9ac57fbb14f47bb87,OPP:ccb8d7c9ac57fbb14f47bb87,False,HOLD,NO_CREATION_EVENT,NONE,UNKNOWN,a4859555-9e57-5772-9c79-4a6b83478351,NO_CURRENT_CREATION_EVENT,TRANSITION,OPEN,NO_EVENT,NONE,[],LOCKED,"[""CONTINUATION:BLOCK"", ""REACCELERATION:BLOCK"", ""REVERSAL:BLOCK""]",2026-07-31T13:45:00+05:30,GLENMARK,21,True,0,TRADE_DECISION_NOT_ALLOWED,NOT_ELIGIBLE
BAL:INDUSTOWER:2026-07-31:001:NEUTRAL:110900:BALANCE_ESCAPE_FAILED:115400,CAND:296c26607039b07e87c6f497,"{""FILLED"": 21}",0,0,"{""FILLED"": 21}",1268,HOLD_POSITION,CAUTION,0,0,OPP:296c26607039b07e87c6f497,CAND:296c26607039b07e87c6f497,OPP:296c26607039b07e87c6f497,False,HOLD,NO_CREATION_EVENT,NONE,UNKNOWN,6c1d311c-b1e4-503d-9f2d-3a50df29da5d,NO_CURRENT_CREATION_EVENT,TRANSITION,OPEN,NO_EVENT,NONE,[],FAILED_BACK_INSIDE,"[""CONTINUATION:BLOCK"", ""REACCELERATION:BLOCK"", ""REVERSAL:BLOCK""]",2026-07-31T13:45:00+05:30,INDUSTOWER,21,True,0,TRADE_DECISION_NOT_ALLOWED,NOT_ELIGIBLE
BAL:KALYANKJIL:2026-07-31:002:NEUTRAL:105100:BALANCE_ESCAPE_STARTED:112700,CAND:4a3872010c190995b2d63ff8,"{""FILLED"": 21}",0,0,"{""FILLED"": 21}",1269,HOLD_POSITION,CAUTION,0,0,OPP:4a3872010c190995b2d63ff8,CAND:4a3872010c190995b2d63ff8,OPP:4a3872010c190995b2d63ff8,False,HOLD,NO_CREATION_EVENT,COMPLETED,ALIGNED,fe205a27-ef8f-5bf7-9192-94593d799d94,NO_CURRENT_CREATION_EVENT,TRANSITION,OPEN,"BALANCE_COMPLETED,DIRECTIONAL_REVERSAL_LEG_FAILED,DIRECTIONAL_COMPLETED",COMPLETED,"[""BAL:KALYANKJIL:2026-07-31:004:NEUTRAL:133600:BALANCE_COMPLETED:134500"", ""DIR:KALYANKJIL:2026-07-31:011:UP:133600:DIRECTIONAL_REVERSAL_LEG_FAILED:134500"", ""DIR:KALYANKJIL:2026-07-31:011:UP:133600:DIRECTIONAL_COMPLETED:134500""]",COMPLETED,[],2026-07-31T13:45:00+05:30,KALYANKJIL,21,False,0,,ALREADY_DEPLOYED
DIR:MANAPPURAM:2026-07-31:006:UP:111200:DIRECTIONAL_REVERSAL_LEG_ESTABLISHED:112100,CAND:7316c4a2330c742a8803fe6c,"{""FILLED"": 21}",0,0,"{""FILLED"": 21}",1270,HOLD_POSITION,CAUTION,0,0,OPP:7316c4a2330c742a8803fe6c,CAND:7316c4a2330c742a8803fe6c,OPP:7316c4a2330c742a8803fe6c,False,HOLD,NO_CREATION_EVENT,COMPLETED,OPPOSED,50c51811-b112-5f0f-9fcc-a1422ceea97c,AUTHORITATIVE_DIRECTION_OPPOSED,WEAKENING,OPEN,"DIRECTIONAL_REVERSAL_LEG_FAILED,DIRECTIONAL_COMPLETED",COMPLETED,"[""DIR:MANAPPURAM:2026-07-31:008:DOWN:133900:DIRECTIONAL_REVERSAL_LEG_FAILED:134500"", ""DIR:MANAPPURAM:2026-07-31:008:DOWN:133900:DIRECTIONAL_COMPLETED:134500""]",NONE,[],2026-07-31T13:45:00+05:30,MANAPPURAM,21,False,0,,ALREADY_DEPLOYED
BAL:PERSISTENT:2026-07-31:002:NEUTRAL:103600:BALANCE_ESCAPE_STARTED:110600,CAND:6e00ceac84968df1df4d7495,"{""FILLED"": 21}",0,0,"{""FILLED"": 21}",1271,HOLD_POSITION,CAUTION,0,0,OPP:6e00ceac84968df1df4d7495,CAND:6e00ceac84968df1df4d7495,OPP:6e00ceac84968df1df4d7495,False,HOLD,NO_CREATION_EVENT,NONE,UNKNOWN,cad8805e-c102-57a4-96c7-d70c9c07f5cc,NO_CURRENT_CREATION_EVENT,TRANSITION,OPEN,NO_EVENT,NONE,[],NONE,[],2026-07-31T13:45:00+05:30,PERSISTENT,21,False,0,,ALREADY_DEPLOYED
BAL:POWERINDIA:2026-07-31:001:NEUTRAL:095100:BALANCE_ESCAPE_FAILED:113000,CAND:dc1ab160fa1ee75a10189da6,"{""FILLED"": 21}",0,0,"{""FILLED"": 21}",1272,HOLD_POSITION,CAUTION,0,0,OPP:dc1ab160fa1ee75a10189da6,CAND:dc1ab160fa1ee75a10189da6,OPP:dc1ab160fa1ee75a10189da6,False,HOLD,NO_CREATION_EVENT,NONE,UNKNOWN,57fbc3b0-0822-51b7-8515-450ea6586841,NO_CURRENT_CREATION_EVENT,TRANSITION,OPEN,NO_EVENT,NONE,[],FAILED_BACK_INSIDE,"[""CONTINUATION:BLOCK"", ""REACCELERATION:BLOCK"", ""REVERSAL:BLOCK""]",2026-07-31T13:45:00+05:30,POWERINDIA,21,True,0,TRADE_DECISION_NOT_ALLOWED,NOT_ELIGIBLE
BAL:TCS:2026-07-31:001:NEUTRAL:100600:BALANCE_ESCAPE_STARTED:103600,CAND:02506b9e9c36e94d0d5e2f0e,"{""FILLED"": 21}",0,0,"{""FILLED"": 21}",1273,FORCE_EXIT,EXIT,0,0,OPP:02506b9e9c36e94d0d5e2f0e,CAND:02506b9e9c36e94d0d5e2f0e,OPP:02506b9e9c36e94d0d5e2f0e,True,NO_ACTION,EVENT_INVALIDATE,NONE,UNKNOWN,8ea01a85-4efa-5849-ac33-c03e0b01cda8,BALANCE_ESCAPE_FAILED_INVALIDATED_SETUP,FORCE_EXIT,INVALIDATED,NO_EVENT,NONE,[],LOCKED,"[""CONTINUATION:BLOCK"", ""REACCELERATION:BLOCK"", ""REVERSAL:BLOCK""]",2026-07-31T13:45:00+05:30,TCS,21,True,0,TRADE_DECISION_NOT_ALLOWED,NOT_ELIGIBLE
DIR:TORNTPHARM:2026-07-31:002:UP:105700:DIRECTIONAL_REVERSAL_LEG_ESTABLISHED:110300,CAND:dcb490f7068f3aeab3ab074f,"{""FILLED"": 21}",0,0,"{""FILLED"": 21}",1274,FORCE_EXIT,EXIT,0,0,OPP:dcb490f7068f3aeab3ab074f,CAND:dcb490f7068f3aeab3ab074f,OPP:dcb490f7068f3aeab3ab074f,True,NO_ACTION,EVENT_INVALIDATE,DIRECTIONAL,ALIGNED,099dd7de-7081-52f9-9bd2-655c56b6256c,DIRECTIONAL_TREND_RESTORED_INVALIDATED_SETUP,FORCE_EXIT,INVALIDATED,NO_EVENT,REVERSAL_WATCH,[],NONE,[],2026-07-31T13:45:00+05:30,TORNTPHARM,21,False,0,,ALREADY_DEPLOYED
,,"{""FILLED"": 21}",0,0,"{""FILLED"": 21}",1275,,,0,0,,,,,NO_ACTION,,,,,,,,REVERSAL_WATCH_STARTED,REVERSAL_WATCH,"[""DIR:BHEL:2026-07-31:009:DOWN:133000:REVERSAL_WATCH_STARTED:134800""]",FORMING,[],2026-07-31T13:48:00+05:30,BHEL,21,False,0,,NO_SIGNAL
DIR:CHOLAFIN:2026-07-31:002:DOWN:102400:DIRECTIONAL_REVERSAL_LEG_ESTABLISHED:103300,CAND:c91e30e559c61ae9e4a8e30d,"{""FILLED"": 21}",0,0,"{""FILLED"": 21}",1276,FORCE_EXIT,EXIT,0,0,OPP:c91e30e559c61ae9e4a8e30d,CAND:c91e30e559c61ae9e4a8e30d,OPP:c91e30e559c61ae9e4a8e30d,True,NO_ACTION,EVENT_INVALIDATE,DIRECTIONAL,OPPOSED,aee40fe8-7759-5cec-902a-0db152fe528d,DIRECTIONAL_TREND_RESTORED_INVALIDATED_OPPOSITE_ACTIVE_SIGNAL,FORCE_EXIT,INVALIDATED,REVERSAL_WATCH_STARTED,REVERSAL_WATCH,"[""DIR:CHOLAFIN:2026-07-31:006:DOWN:132700:REVERSAL_WATCH_STARTED:134800""]",NONE,[],2026-07-31T13:48:00+05:30,CHOLAFIN,21,True,0,TRADE_DECISION_NOT_ALLOWED,NOT_ELIGIBLE
BAL:COFORGE:2026-07-31:003:NEUTRAL:105700:BALANCE_ESCAPE_STARTED:132100,CAND:0d32e3ad08ef9cc69fd0369f,"{""FILLED"": 21}",0,0,"{""FILLED"": 21}",1277,HOLD_POSITION,CAUTION,0,0,OPP:0d32e3ad08ef9cc69fd0369f,CAND:0d32e3ad08ef9cc69fd0369f,OPP:0d32e3ad08ef9cc69fd0369f,False,HOLD,NO_CREATION_EVENT,NONE,UNKNOWN,b811de42-fbb9-5d26-a364-a9f98c91de7c,NO_CURRENT_CREATION_EVENT,TRANSITION,OPEN,NO_EVENT,NONE,[],NONE,[],2026-07-31T13:48:00+05:30,COFORGE,21,True,0,TRADE_DECISION_NOT_ALLOWED,NOT_ELIGIBLE
DIR:DIVISLAB:2026-07-31:002:DOWN:100600:DIRECTIONAL_REVERSAL_LEG_ESTABLISHED:101800,CAND:6644484c352c701feebfdf31,"{""FILLED"": 21}",0,0,"{""FILLED"": 21}",1278,FORCE_EXIT,EXIT,0,0,OPP:6644484c352c701feebfdf31,CAND:6644484c352c701feebfdf31,OPP:6644484c352c701feebfdf31,True,NO_ACTION,EVENT_INVALIDATE,COMPLETED,ALIGNED,a73cb6c9-a388-53f1-92b2-41820e34edd3,DIRECTIONAL_REVERSAL_LEG_FAILED_INVALIDATED_OPPOSITE_ACTIVE_SIGNAL,FORCE_EXIT,INVALIDATED,NO_EVENT,REVERSAL_LEG,[],NONE,[],2026-07-31T13:48:00+05:30,DIVISLAB,21,True,0,TRADE_DECISION_NOT_ALLOWED,NOT_ELIGIBLE
,,"{""FILLED"": 21}",0,0,"{""FILLED"": 21}",1279,,,0,0,,,,,NO_ACTION,,,,,,,,NO_EVENT,DIRECTIONAL,[],FORMING,[],2026-07-31T13:48:00+05:30,EXIDEIND,21,False,0,,NO_SIGNAL
DIR:FORCEMOT:2026-07-31:002:UP:105400:DIRECTIONAL_REVERSAL_LEG_ESTABLISHED:110000,CAND:32b3a707960484f98d8399a7,"{""FILLED"": 21}",0,0,"{""FILLED"": 21}",1280,HOLD_POSITION,CAUTION,0,0,OPP:32b3a707960484f98d8399a7,CAND:32b3a707960484f98d8399a7,OPP:32b3a707960484f98d8399a7,False,HOLD,NO_CREATION_EVENT,NONE,UNKNOWN,76d65cfd-3f5f-5419-81f1-24a924660ce7,NO_CURRENT_CREATION_EVENT,TRANSITION,OPEN,NO_EVENT,NONE,[],LOCKED,"[""CONTINUATION:BLOCK"", ""REACCELERATION:BLOCK"", ""REVERSAL:BLOCK""]",2026-07-31T13:48:00+05:30,FORCEMOT,21,False,0,,ALREADY_DEPLOYED
BAL:GLENMARK:2026-07-31:001:NEUTRAL:101200:BALANCE_ESCAPE_FAILED:131500,CAND:ccb8d7c9ac57fbb14f47bb87,"{""FILLED"": 21}",0,0,"{""FILLED"": 21}",1281,HOLD_POSITION,CAUTION,0,0,OPP:ccb8d7c9ac57fbb14f47bb87,CAND:ccb8d7c9ac57fbb14f47bb87,OPP:ccb8d7c9ac57fbb14f47bb87,False,HOLD,NO_CREATION_EVENT,NONE,UNKNOWN,a4859555-9e57-5772-9c79-4a6b83478351,NO_CURRENT_CREATION_EVENT,TRANSITION,OPEN,BALANCE_ESCAPE_STARTED,NONE,"[""BAL:GLENMARK:2026-07-31:001:NEUTRAL:101200:BALANCE_ESCAPE_STARTED:134800""]",ESCAPE_WATCH,"[""ACCEPTED_BREAKOUT:WAIT"", ""BREAKOUT_INITIATION:PERMIT"", ""CONTINUATION:BLOCK"", ""FAILED_BREAKOUT:WAIT"", ""REACCELERATION:BLOCK"", ""REVERSAL:BLOCK""]",2026-07-31T13:48:00+05:30,GLENMARK,21,True,0,TRADE_DECISION_NOT_ALLOWED,NOT_ELIGIBLE
BAL:INDUSTOWER:2026-07-31:001:NEUTRAL:110900:BALANCE_ESCAPE_FAILED:115400,CAND:296c26607039b07e87c6f497,"{""FILLED"": 21}",0,0,"{""FILLED"": 21}",1282,HOLD_POSITION,CAUTION,0,0,OPP:296c26607039b07e87c6f497,CAND:296c26607039b07e87c6f497,OPP:296c26607039b07e87c6f497,False,HOLD,NO_CREATION_EVENT,NONE,UNKNOWN,6c1d311c-b1e4-503d-9f2d-3a50df29da5d,NO_CURRENT_CREATION_EVENT,TRANSITION,OPEN,NO_EVENT,NONE,[],FAILED_BACK_INSIDE,"[""CONTINUATION:BLOCK"", ""REACCELERATION:BLOCK"", ""REVERSAL:BLOCK""]",2026-07-31T13:48:00+05:30,INDUSTOWER,21,True,0,TRADE_DECISION_NOT_ALLOWED,NOT_ELIGIBLE
BAL:KALYANKJIL:2026-07-31:002:NEUTRAL:105100:BALANCE_ESCAPE_STARTED:112700,CAND:4a3872010c190995b2d63ff8,"{""FILLED"": 21}",0,0,"{""FILLED"": 21}",1283,HOLD_POSITION,CAUTION,0,0,OPP:4a3872010c190995b2d63ff8,CAND:4a3872010c190995b2d63ff8,OPP:4a3872010c190995b2d63ff8,False,HOLD,NO_CREATION_EVENT,NONE,UNKNOWN,fe205a27-ef8f-5bf7-9192-94593d799d94,NO_CURRENT_CREATION_EVENT,TRANSITION,OPEN,NO_EVENT,NONE,[],NONE,[],2026-07-31T13:48:00+05:30,KALYANKJIL,21,False,0,,ALREADY_DEPLOYED
DIR:MANAPPURAM:2026-07-31:006:UP:111200:DIRECTIONAL_REVERSAL_LEG_ESTABLISHED:112100,CAND:7316c4a2330c742a8803fe6c,"{""FILLED"": 21}",0,0,"{""FILLED"": 21}",1284,HOLD_POSITION,CAUTION,0,0,OPP:7316c4a2330c742a8803fe6c,CAND:7316c4a2330c742a8803fe6c,OPP:7316c4a2330c742a8803fe6c,False,HOLD,NO_CREATION_EVENT,NONE,UNKNOWN,50c51811-b112-5f0f-9fcc-a1422ceea97c,NO_CURRENT_CREATION_EVENT,TRANSITION,OPEN,NO_EVENT,NONE,[],NONE,[],2026-07-31T13:48:00+05:30,MANAPPURAM,21,False,0,,ALREADY_DEPLOYED
BAL:PERSISTENT:2026-07-31:002:NEUTRAL:103600:BALANCE_ESCAPE_STARTED:110600,CAND:6e00ceac84968df1df4d7495,"{""FILLED"": 21}",0,0,"{""FILLED"": 21}",1285,HOLD_POSITION,CAUTION,0,0,OPP:6e00ceac84968df1df4d7495,CAND:6e00ceac84968df1df4d7495,OPP:6e00ceac84968df1df4d7495,False,HOLD,NO_CREATION_EVENT,NONE,UNKNOWN,cad8805e-c102-57a4-96c7-d70c9c07f5cc,NO_CURRENT_CREATION_EVENT,TRANSITION,OPEN,NO_EVENT,NONE,[],NONE,[],2026-07-31T13:48:00+05:30,PERSISTENT,21,False,0,,ALREADY_DEPLOYED
BAL:POWERINDIA:2026-07-31:001:NEUTRAL:095100:BALANCE_ESCAPE_FAILED:113000,CAND:dc1ab160fa1ee75a10189da6,"{""FILLED"": 21}",0,0,"{""FILLED"": 21}",1286,HOLD_POSITION,CAUTION,0,0,OPP:dc1ab160fa1ee75a10189da6,CAND:dc1ab160fa1ee75a10189da6,OPP:dc1ab160fa1ee75a10189da6,False,HOLD,NO_CREATION_EVENT,NONE,UNKNOWN,57fbc3b0-0822-51b7-8515-450ea6586841,NO_CURRENT_CREATION_EVENT,TRANSITION,OPEN,BALANCE_REARMED,NONE,"[""BAL:POWERINDIA:2026-07-31:002:NEUTRAL:124800:BALANCE_REARMED:134800""]",LOCKED,"[""CONTINUATION:BLOCK"", ""REACCELERATION:BLOCK"", ""REVERSAL:BLOCK""]",2026-07-31T13:48:00+05:30,POWERINDIA,21,True,0,TRADE_DECISION_NOT_ALLOWED,NOT_ELIGIBLE
BAL:TCS:2026-07-31:001:NEUTRAL:100600:BALANCE_ESCAPE_STARTED:103600,CAND:02506b9e9c36e94d0d5e2f0e,"{""FILLED"": 21}",0,0,"{""FILLED"": 21}",1287,FORCE_EXIT,EXIT,0,0,OPP:02506b9e9c36e94d0d5e2f0e,CAND:02506b9e9c36e94d0d5e2f0e,OPP:02506b9e9c36e94d0d5e2f0e,True,NO_ACTION,EVENT_INVALIDATE,NONE,UNKNOWN,8ea01a85-4efa-5849-ac33-c03e0b01cda8,BALANCE_ESCAPE_FAILED_INVALIDATED_SETUP,FORCE_EXIT,INVALIDATED,NO_EVENT,NONE,[],LOCKED,"[""CONTINUATION:BLOCK"", ""REACCELERATION:BLOCK"", ""REVERSAL:BLOCK""]",2026-07-31T13:48:00+05:30,TCS,21,True,0,TRADE_DECISION_NOT_ALLOWED,NOT_ELIGIBLE
DIR:TORNTPHARM:2026-07-31:002:UP:105700:DIRECTIONAL_REVERSAL_LEG_ESTABLISHED:110300,CAND:dcb490f7068f3aeab3ab074f,"{""FILLED"": 21}",0,0,"{""FILLED"": 21}",1288,FORCE_EXIT,EXIT,0,0,OPP:dcb490f7068f3aeab3ab074f,CAND:dcb490f7068f3aeab3ab074f,OPP:dcb490f7068f3aeab3ab074f,True,NO_ACTION,EVENT_INVALIDATE,DIRECTIONAL,ALIGNED,099dd7de-7081-52f9-9bd2-655c56b6256c,DIRECTIONAL_TREND_RESTORED_INVALIDATED_SETUP,FORCE_EXIT,INVALIDATED,BALANCE_FORMING_STARTED,REVERSAL_WATCH,"[""BAL:TORNTPHARM:2026-07-31:006:NEUTRAL:134800:BALANCE_FORMING_STARTED:134800""]",FORMING,[],2026-07-31T13:48:00+05:30,TORNTPHARM,21,False,0,,ALREADY_DEPLOYED
,,"{""FILLED"": 21}",0,0,"{""FILLED"": 21}",1289,,,0,0,,,,,NO_ACTION,,,,,,,,"DIRECTIONAL_REVERSAL_CONFIRMED,DIRECTIONAL_COMPLETED,DIRECTIONAL_REVERSAL_LEG_STARTED",REVERSAL_LEG,"[""DIR:BHEL:2026-07-31:009:DOWN:133000:DIRECTIONAL_REVERSAL_CONFIRMED:135100"", ""DIR:BHEL:2026-07-31:009:DOWN:133000:DIRECTIONAL_COMPLETED:135100"", ""DIR:BHEL:2026-07-31:010:UP:135100:DIRECTIONAL_REVERSAL_LEG_STARTED:135100""]",FORMING,"[""REVERSAL:WAIT""]",2026-07-31T13:51:00+05:30,BHEL,21,False,0,,NO_SIGNAL
DIR:CHOLAFIN:2026-07-31:002:DOWN:102400:DIRECTIONAL_REVERSAL_LEG_ESTABLISHED:103300,CAND:c91e30e559c61ae9e4a8e30d,"{""FILLED"": 21}",0,0,"{""FILLED"": 21}",1290,FORCE_EXIT,EXIT,0,0,OPP:c91e30e559c61ae9e4a8e30d,CAND:c91e30e559c61ae9e4a8e30d,OPP:c91e30e559c61ae9e4a8e30d,True,NO_ACTION,EVENT_INVALIDATE,DIRECTIONAL,OPPOSED,aee40fe8-7759-5cec-902a-0db152fe528d,DIRECTIONAL_TREND_RESTORED_INVALIDATED_OPPOSITE_ACTIVE_SIGNAL,FORCE_EXIT,INVALIDATED,NO_EVENT,REVERSAL_WATCH,[],NONE,[],2026-07-31T13:51:00+05:30,CHOLAFIN,21,True,0,TRADE_DECISION_NOT_ALLOWED,NOT_ELIGIBLE
BAL:COFORGE:2026-07-31:003:NEUTRAL:105700:BALANCE_ESCAPE_STARTED:132100,CAND:0d32e3ad08ef9cc69fd0369f,"{""FILLED"": 21}",0,0,"{""FILLED"": 21}",1291,HOLD_POSITION,CAUTION,0,0,OPP:0d32e3ad08ef9cc69fd0369f,CAND:0d32e3ad08ef9cc69fd0369f,OPP:0d32e3ad08ef9cc69fd0369f,False,HOLD,NO_CREATION_EVENT,NONE,UNKNOWN,b811de42-fbb9-5d26-a364-a9f98c91de7c,NO_CURRENT_CREATION_EVENT,TRANSITION,OPEN,NO_EVENT,NONE,[],NONE,[],2026-07-31T13:51:00+05:30,COFORGE,21,True,0,TRADE_DECISION_NOT_ALLOWED,NOT_ELIGIBLE
DIR:DIVISLAB:2026-07-31:002:DOWN:100600:DIRECTIONAL_REVERSAL_LEG_ESTABLISHED:101800,CAND:6644484c352c701feebfdf31,"{""FILLED"": 21}",0,0,"{""FILLED"": 21}",1292,FORCE_EXIT,EXIT,0,0,OPP:6644484c352c701feebfdf31,CAND:6644484c352c701feebfdf31,OPP:6644484c352c701feebfdf31,True,NO_ACTION,EVENT_INVALIDATE,COMPLETED,ALIGNED,a73cb6c9-a388-53f1-92b2-41820e34edd3,DIRECTIONAL_REVERSAL_LEG_FAILED_INVALIDATED_OPPOSITE_ACTIVE_SIGNAL,FORCE_EXIT,INVALIDATED,NO_EVENT,REVERSAL_LEG,[],NONE,[],2026-07-31T13:51:00+05:30,DIVISLAB,21,True,0,TRADE_DECISION_NOT_ALLOWED,NOT_ELIGIBLE
,,"{""FILLED"": 21}",0,0,"{""FILLED"": 21}",1293,,,0,0,,,,,NO_ACTION,,,,,,,,"BALANCE_COMPLETED,DIRECTIONAL_MATURED",MATURE,"[""BAL:EXIDEIND:2026-07-31:004:NEUTRAL:134500:BALANCE_COMPLETED:135100"", ""DIR:EXIDEIND:2026-07-31:006:UP:134500:DIRECTIONAL_MATURED:135100""]",COMPLETED,[],2026-07-31T13:51:00+05:30,EXIDEIND,21,False,0,,NO_SIGNAL
DIR:FORCEMOT:2026-07-31:002:UP:105400:DIRECTIONAL_REVERSAL_LEG_ESTABLISHED:110000,CAND:32b3a707960484f98d8399a7,"{""FILLED"": 21}",0,0,"{""FILLED"": 21}",1294,HOLD_POSITION,CAUTION,0,0,OPP:32b3a707960484f98d8399a7,CAND:32b3a707960484f98d8399a7,OPP:32b3a707960484f98d8399a7,False,HOLD,NO_CREATION_EVENT,NONE,UNKNOWN,76d65cfd-3f5f-5419-81f1-24a924660ce7,NO_CURRENT_CREATION_EVENT,TRANSITION,OPEN,NO_EVENT,NONE,[],LOCKED,"[""CONTINUATION:BLOCK"", ""REACCELERATION:BLOCK"", ""REVERSAL:BLOCK""]",2026-07-31T13:51:00+05:30,FORCEMOT,21,False,0,,ALREADY_DEPLOYED
BAL:GLENMARK:2026-07-31:001:NEUTRAL:101200:BALANCE_ESCAPE_FAILED:131500,CAND:ccb8d7c9ac57fbb14f47bb87,"{""FILLED"": 21}",0,0,"{""FILLED"": 21}",1295,HOLD_POSITION,CAUTION,0,0,OPP:ccb8d7c9ac57fbb14f47bb87,CAND:ccb8d7c9ac57fbb14f47bb87,OPP:ccb8d7c9ac57fbb14f47bb87,False,HOLD,NO_CREATION_EVENT,NONE,UNKNOWN,a4859555-9e57-5772-9c79-4a6b83478351,NO_CURRENT_CREATION_EVENT,TRANSITION,OPEN,BALANCE_ESCAPE_ACCEPTED,NONE,"[""BAL:GLENMARK:2026-07-31:001:NEUTRAL:101200:BALANCE_ESCAPE_ACCEPTED:135100""]",ACCEPTED_OUTSIDE,"[""ACCEPTED_BREAKOUT:PERMIT""]",2026-07-31T13:51:00+05:30,GLENMARK,21,True,0,TRADE_DECISION_NOT_ALLOWED,NOT_ELIGIBLE
BAL:INDUSTOWER:2026-07-31:001:NEUTRAL:110900:BALANCE_ESCAPE_FAILED:115400,CAND:296c26607039b07e87c6f497,"{""FILLED"": 21}",0,0,"{""FILLED"": 21}",1296,HOLD_POSITION,CAUTION,0,0,OPP:296c26607039b07e87c6f497,CAND:296c26607039b07e87c6f497,OPP:296c26607039b07e87c6f497,False,HOLD,NO_CREATION_EVENT,NONE,UNKNOWN,6c1d311c-b1e4-503d-9f2d-3a50df29da5d,NO_CURRENT_CREATION_EVENT,TRANSITION,OPEN,NO_EVENT,NONE,[],FAILED_BACK_INSIDE,"[""CONTINUATION:BLOCK"", ""REACCELERATION:BLOCK"", ""REVERSAL:BLOCK""]",2026-07-31T13:51:00+05:30,INDUSTOWER,21,True,0,TRADE_DECISION_NOT_ALLOWED,NOT_ELIGIBLE
BAL:KALYANKJIL:2026-07-31:002:NEUTRAL:105100:BALANCE_ESCAPE_STARTED:112700,CAND:4a3872010c190995b2d63ff8,"{""FILLED"": 21}",0,0,"{""FILLED"": 21}",1297,HOLD_POSITION,CAUTION,0,0,OPP:4a3872010c190995b2d63ff8,CAND:4a3872010c190995b2d63ff8,OPP:4a3872010c190995b2d63ff8,False,HOLD,NO_CREATION_EVENT,DIRECTIONAL,OPPOSED,fe205a27-ef8f-5bf7-9192-94593d799d94,AUTHORITATIVE_DIRECTION_OPPOSED,WEAKENING,OPEN,DIRECTIONAL_STARTED,DIRECTIONAL,"[""DIR:KALYANKJIL:2026-07-31:012:DOWN:135100:DIRECTIONAL_STARTED:135100""]",NONE,[],2026-07-31T13:51:00+05:30,KALYANKJIL,21,False,0,,ALREADY_DEPLOYED
DIR:MANAPPURAM:2026-07-31:006:UP:111200:DIRECTIONAL_REVERSAL_LEG_ESTABLISHED:112100,CAND:7316c4a2330c742a8803fe6c,"{""FILLED"": 21}",0,0,"{""FILLED"": 21}",1298,HOLD_POSITION,STRENGTHEN,0,0,OPP:7316c4a2330c742a8803fe6c,CAND:7316c4a2330c742a8803fe6c,OPP:7316c4a2330c742a8803fe6c,False,HOLD,NO_CREATION_EVENT,DIRECTIONAL,ALIGNED,50c51811-b112-5f0f-9fcc-a1422ceea97c,AUTHORITATIVE_DIRECTIONAL_ALIGNED,ACTIVE,OPEN,DIRECTIONAL_STARTED,DIRECTIONAL,"[""DIR:MANAPPURAM:2026-07-31:009:UP:135100:DIRECTIONAL_STARTED:135100""]",NONE,[],2026-07-31T13:51:00+05:30,MANAPPURAM,21,False,0,,ALREADY_DEPLOYED
BAL:PERSISTENT:2026-07-31:002:NEUTRAL:103600:BALANCE_ESCAPE_STARTED:110600,CAND:6e00ceac84968df1df4d7495,"{""FILLED"": 21}",0,0,"{""FILLED"": 21}",1299,HOLD_POSITION,CAUTION,0,0,OPP:6e00ceac84968df1df4d7495,CAND:6e00ceac84968df1df4d7495,OPP:6e00ceac84968df1df4d7495,False,HOLD,NO_CREATION_EVENT,NONE,UNKNOWN,cad8805e-c102-57a4-96c7-d70c9c07f5cc,NO_CURRENT_CREATION_EVENT,TRANSITION,OPEN,NO_EVENT,NONE,[],NONE,[],2026-07-31T13:51:00+05:30,PERSISTENT,21,False,0,,ALREADY_DEPLOYED
BAL:POWERINDIA:2026-07-31:001:NEUTRAL:095100:BALANCE_ESCAPE_FAILED:113000,CAND:dc1ab160fa1ee75a10189da6,"{""FILLED"": 21}",0,0,"{""FILLED"": 21}",1300,HOLD_POSITION,CAUTION,0,0,OPP:dc1ab160fa1ee75a10189da6,CAND:dc1ab160fa1ee75a10189da6,OPP:dc1ab160fa1ee75a10189da6,False,HOLD,NO_CREATION_EVENT,NONE,UNKNOWN,57fbc3b0-0822-51b7-8515-450ea6586841,NO_CURRENT_CREATION_EVENT,TRANSITION,OPEN,NO_EVENT,NONE,[],LOCKED,"[""CONTINUATION:BLOCK"", ""REACCELERATION:BLOCK"", ""REVERSAL:BLOCK""]",2026-07-31T13:51:00+05:30,POWERINDIA,21,True,0,TRADE_DECISION_NOT_ALLOWED,NOT_ELIGIBLE
BAL:TCS:2026-07-31:001:NEUTRAL:100600:BALANCE_ESCAPE_STARTED:103600,CAND:02506b9e9c36e94d0d5e2f0e,"{""FILLED"": 21}",0,0,"{""FILLED"": 21}",1301,FORCE_EXIT,EXIT,0,0,OPP:02506b9e9c36e94d0d5e2f0e,CAND:02506b9e9c36e94d0d5e2f0e,OPP:02506b9e9c36e94d0d5e2f0e,True,NO_ACTION,EVENT_INVALIDATE,NONE,UNKNOWN,8ea01a85-4efa-5849-ac33-c03e0b01cda8,BALANCE_ESCAPE_FAILED_INVALIDATED_SETUP,FORCE_EXIT,INVALIDATED,NO_EVENT,NONE,[],LOCKED,"[""CONTINUATION:BLOCK"", ""REACCELERATION:BLOCK"", ""REVERSAL:BLOCK""]",2026-07-31T13:51:00+05:30,TCS,21,True,0,TRADE_DECISION_NOT_ALLOWED,NOT_ELIGIBLE
DIR:TORNTPHARM:2026-07-31:002:UP:105700:DIRECTIONAL_REVERSAL_LEG_ESTABLISHED:110300,CAND:dcb490f7068f3aeab3ab074f,"{""FILLED"": 21}",0,0,"{""FILLED"": 21}",1302,FORCE_EXIT,EXIT,0,0,OPP:dcb490f7068f3aeab3ab074f,CAND:dcb490f7068f3aeab3ab074f,OPP:dcb490f7068f3aeab3ab074f,True,NO_ACTION,EVENT_INVALIDATE,DIRECTIONAL,ALIGNED,099dd7de-7081-52f9-9bd2-655c56b6256c,DIRECTIONAL_TREND_RESTORED_INVALIDATED_SETUP,FORCE_EXIT,INVALIDATED,NO_EVENT,REVERSAL_WATCH,[],FORMING,[],2026-07-31T13:51:00+05:30,TORNTPHARM,21,False,0,,ALREADY_DEPLOYED
,,"{""FILLED"": 21}",0,0,"{""FILLED"": 21}",1303,,,0,0,,,,,NO_ACTION,,,,,,,,NO_EVENT,REVERSAL_LEG,[],FORMING,[],2026-07-31T13:54:00+05:30,BHEL,21,False,0,,NO_SIGNAL
DIR:CHOLAFIN:2026-07-31:002:DOWN:102400:DIRECTIONAL_REVERSAL_LEG_ESTABLISHED:103300,CAND:c91e30e559c61ae9e4a8e30d,"{""FILLED"": 21}",0,0,"{""FILLED"": 21}",1304,FORCE_EXIT,EXIT,0,0,OPP:c91e30e559c61ae9e4a8e30d,CAND:c91e30e559c61ae9e4a8e30d,OPP:c91e30e559c61ae9e4a8e30d,True,NO_ACTION,EVENT_INVALIDATE,DIRECTIONAL,OPPOSED,aee40fe8-7759-5cec-902a-0db152fe528d,DIRECTIONAL_TREND_RESTORED_INVALIDATED_OPPOSITE_ACTIVE_SIGNAL,FORCE_EXIT,INVALIDATED,NO_EVENT,REVERSAL_WATCH,[],NONE,[],2026-07-31T13:54:00+05:30,CHOLAFIN,21,True,0,TRADE_DECISION_NOT_ALLOWED,NOT_ELIGIBLE
BAL:COFORGE:2026-07-31:003:NEUTRAL:105700:BALANCE_ESCAPE_STARTED:132100,CAND:0d32e3ad08ef9cc69fd0369f,"{""FILLED"": 21}",0,0,"{""FILLED"": 21}",1305,HOLD_POSITION,CAUTION,0,0,OPP:0d32e3ad08ef9cc69fd0369f,CAND:0d32e3ad08ef9cc69fd0369f,OPP:0d32e3ad08ef9cc69fd0369f,False,HOLD,NO_CREATION_EVENT,NONE,UNKNOWN,b811de42-fbb9-5d26-a364-a9f98c91de7c,NO_CURRENT_CREATION_EVENT,TRANSITION,OPEN,BALANCE_FORMING_STARTED,NONE,"[""BAL:COFORGE:2026-07-31:004:NEUTRAL:135400:BALANCE_FORMING_STARTED:135400""]",FORMING,[],2026-07-31T13:54:00+05:30,COFORGE,21,True,0,TRADE_DECISION_NOT_ALLOWED,NOT_ELIGIBLE
DIR:DIVISLAB:2026-07-31:002:DOWN:100600:DIRECTIONAL_REVERSAL_LEG_ESTABLISHED:101800,CAND:6644484c352c701feebfdf31,"{""FILLED"": 21}",0,0,"{""FILLED"": 21}",1306,FORCE_EXIT,EXIT,0,0,OPP:6644484c352c701feebfdf31,CAND:6644484c352c701feebfdf31,OPP:6644484c352c701feebfdf31,True,NO_ACTION,EVENT_INVALIDATE,COMPLETED,ALIGNED,a73cb6c9-a388-53f1-92b2-41820e34edd3,DIRECTIONAL_REVERSAL_LEG_FAILED_INVALIDATED_OPPOSITE_ACTIVE_SIGNAL,FORCE_EXIT,INVALIDATED,"DIRECTIONAL_REVERSAL_LEG_FAILED,DIRECTIONAL_COMPLETED",COMPLETED,"[""DIR:DIVISLAB:2026-07-31:006:DOWN:132100:DIRECTIONAL_REVERSAL_LEG_FAILED:135400"", ""DIR:DIVISLAB:2026-07-31:006:DOWN:132100:DIRECTIONAL_COMPLETED:135400""]",NONE,[],2026-07-31T13:54:00+05:30,DIVISLAB,21,True,0,TRADE_DECISION_NOT_ALLOWED,NOT_ELIGIBLE
,,"{""FILLED"": 21}",0,0,"{""FILLED"": 21}",1307,,,0,0,,,,,NO_ACTION,,,,,,,,REVERSAL_WATCH_STARTED,REVERSAL_WATCH,"[""DIR:EXIDEIND:2026-07-31:006:UP:134500:REVERSAL_WATCH_STARTED:135400""]",NONE,[],2026-07-31T13:54:00+05:30,EXIDEIND,21,False,0,,NO_SIGNAL
DIR:FORCEMOT:2026-07-31:002:UP:105400:DIRECTIONAL_REVERSAL_LEG_ESTABLISHED:110000,CAND:32b3a707960484f98d8399a7,"{""FILLED"": 21}",0,0,"{""FILLED"": 21}",1308,HOLD_POSITION,CAUTION,0,0,OPP:32b3a707960484f98d8399a7,CAND:32b3a707960484f98d8399a7,OPP:32b3a707960484f98d8399a7,False,HOLD,NO_CREATION_EVENT,NONE,UNKNOWN,76d65cfd-3f5f-5419-81f1-24a924660ce7,NO_CURRENT_CREATION_EVENT,TRANSITION,OPEN,NO_EVENT,NONE,[],LOCKED,"[""CONTINUATION:BLOCK"", ""REACCELERATION:BLOCK"", ""REVERSAL:BLOCK""]",2026-07-31T13:54:00+05:30,FORCEMOT,21,False,0,,ALREADY_DEPLOYED
BAL:GLENMARK:2026-07-31:001:NEUTRAL:101200:BALANCE_ESCAPE_FAILED:131500,CAND:ccb8d7c9ac57fbb14f47bb87,"{""FILLED"": 21}",0,0,"{""FILLED"": 21}",1309,HOLD_POSITION,CAUTION,0,0,OPP:ccb8d7c9ac57fbb14f47bb87,CAND:ccb8d7c9ac57fbb14f47bb87,OPP:ccb8d7c9ac57fbb14f47bb87,False,HOLD,NO_CREATION_EVENT,NONE,UNKNOWN,a4859555-9e57-5772-9c79-4a6b83478351,NO_CURRENT_CREATION_EVENT,TRANSITION,OPEN,BALANCE_COMPLETED,NONE,"[""BAL:GLENMARK:2026-07-31:001:NEUTRAL:101200:BALANCE_COMPLETED:135400""]",COMPLETED,[],2026-07-31T13:54:00+05:30,GLENMARK,21,True,0,TRADE_DECISION_NOT_ALLOWED,NOT_ELIGIBLE
BAL:INDUSTOWER:2026-07-31:001:NEUTRAL:110900:BALANCE_ESCAPE_FAILED:115400,CAND:296c26607039b07e87c6f497,"{""FILLED"": 21}",0,0,"{""FILLED"": 21}",1310,HOLD_POSITION,CAUTION,0,0,OPP:296c26607039b07e87c6f497,CAND:296c26607039b07e87c6f497,OPP:296c26607039b07e87c6f497,False,HOLD,NO_CREATION_EVENT,NONE,UNKNOWN,6c1d311c-b1e4-503d-9f2d-3a50df29da5d,NO_CURRENT_CREATION_EVENT,TRANSITION,OPEN,NO_EVENT,NONE,[],FAILED_BACK_INSIDE,"[""CONTINUATION:BLOCK"", ""REACCELERATION:BLOCK"", ""REVERSAL:BLOCK""]",2026-07-31T13:54:00+05:30,INDUSTOWER,21,True,0,TRADE_DECISION_NOT_ALLOWED,NOT_ELIGIBLE
BAL:KALYANKJIL:2026-07-31:002:NEUTRAL:105100:BALANCE_ESCAPE_STARTED:112700,CAND:4a3872010c190995b2d63ff8,"{""FILLED"": 21}",0,0,"{""FILLED"": 21}",1311,HOLD_POSITION,CAUTION,0,0,OPP:4a3872010c190995b2d63ff8,CAND:4a3872010c190995b2d63ff8,OPP:4a3872010c190995b2d63ff8,False,HOLD,NO_CREATION_EVENT,DIRECTIONAL,OPPOSED,fe205a27-ef8f-5bf7-9192-94593d799d94,AUTHORITATIVE_DIRECTION_OPPOSED,WEAKENING,OPEN,NO_EVENT,DIRECTIONAL,[],NONE,[],2026-07-31T13:54:00+05:30,KALYANKJIL,21,False,0,,ALREADY_DEPLOYED
DIR:MANAPPURAM:2026-07-31:006:UP:111200:DIRECTIONAL_REVERSAL_LEG_ESTABLISHED:112100,CAND:7316c4a2330c742a8803fe6c,"{""FILLED"": 21}",0,0,"{""FILLED"": 21}",1312,HOLD_POSITION,STRENGTHEN,0,0,OPP:7316c4a2330c742a8803fe6c,CAND:7316c4a2330c742a8803fe6c,OPP:7316c4a2330c742a8803fe6c,False,HOLD,NO_CREATION_EVENT,DIRECTIONAL,ALIGNED,50c51811-b112-5f0f-9fcc-a1422ceea97c,AUTHORITATIVE_DIRECTIONAL_ALIGNED,ACTIVE,OPEN,NO_EVENT,DIRECTIONAL,[],NONE,[],2026-07-31T13:54:00+05:30,MANAPPURAM,21,False,0,,ALREADY_DEPLOYED
BAL:PERSISTENT:2026-07-31:002:NEUTRAL:103600:BALANCE_ESCAPE_STARTED:110600,CAND:6e00ceac84968df1df4d7495,"{""FILLED"": 21}",0,0,"{""FILLED"": 21}",1313,HOLD_POSITION,CAUTION,0,0,OPP:6e00ceac84968df1df4d7495,CAND:6e00ceac84968df1df4d7495,OPP:6e00ceac84968df1df4d7495,False,HOLD,NO_CREATION_EVENT,NONE,UNKNOWN,cad8805e-c102-57a4-96c7-d70c9c07f5cc,NO_CURRENT_CREATION_EVENT,TRANSITION,OPEN,NO_EVENT,NONE,[],NONE,[],2026-07-31T13:54:00+05:30,PERSISTENT,21,False,0,,ALREADY_DEPLOYED
BAL:POWERINDIA:2026-07-31:001:NEUTRAL:095100:BALANCE_ESCAPE_FAILED:113000,CAND:dc1ab160fa1ee75a10189da6,"{""FILLED"": 21}",0,0,"{""FILLED"": 21}",1314,HOLD_POSITION,CAUTION,0,0,OPP:dc1ab160fa1ee75a10189da6,CAND:dc1ab160fa1ee75a10189da6,OPP:dc1ab160fa1ee75a10189da6,False,HOLD,NO_CREATION_EVENT,NONE,UNKNOWN,57fbc3b0-0822-51b7-8515-450ea6586841,NO_CURRENT_CREATION_EVENT,TRANSITION,OPEN,NO_EVENT,NONE,[],LOCKED,"[""CONTINUATION:BLOCK"", ""REACCELERATION:BLOCK"", ""REVERSAL:BLOCK""]",2026-07-31T13:54:00+05:30,POWERINDIA,21,True,0,TRADE_DECISION_NOT_ALLOWED,NOT_ELIGIBLE
BAL:TCS:2026-07-31:001:NEUTRAL:100600:BALANCE_ESCAPE_STARTED:103600,CAND:02506b9e9c36e94d0d5e2f0e,"{""FILLED"": 21}",0,0,"{""FILLED"": 21}",1315,FORCE_EXIT,EXIT,0,0,OPP:02506b9e9c36e94d0d5e2f0e,CAND:02506b9e9c36e94d0d5e2f0e,OPP:02506b9e9c36e94d0d5e2f0e,True,NO_ACTION,EVENT_INVALIDATE,NONE,UNKNOWN,8ea01a85-4efa-5849-ac33-c03e0b01cda8,BALANCE_ESCAPE_FAILED_INVALIDATED_SETUP,FORCE_EXIT,INVALIDATED,NO_EVENT,NONE,[],LOCKED,"[""CONTINUATION:BLOCK"", ""REACCELERATION:BLOCK"", ""REVERSAL:BLOCK""]",2026-07-31T13:54:00+05:30,TCS,21,True,0,TRADE_DECISION_NOT_ALLOWED,NOT_ELIGIBLE
DIR:TORNTPHARM:2026-07-31:002:UP:105700:DIRECTIONAL_REVERSAL_LEG_ESTABLISHED:110300,CAND:dcb490f7068f3aeab3ab074f,"{""FILLED"": 21}",0,0,"{""FILLED"": 21}",1316,FORCE_EXIT,EXIT,0,0,OPP:dcb490f7068f3aeab3ab074f,CAND:dcb490f7068f3aeab3ab074f,OPP:dcb490f7068f3aeab3ab074f,True,NO_ACTION,EVENT_INVALIDATE,DIRECTIONAL,ALIGNED,099dd7de-7081-52f9-9bd2-655c56b6256c,DIRECTIONAL_TREND_RESTORED_INVALIDATED_SETUP,FORCE_EXIT,INVALIDATED,NO_EVENT,REVERSAL_WATCH,[],FORMING,[],2026-07-31T13:54:00+05:30,TORNTPHARM,21,False,0,,ALREADY_DEPLOYED
,,"{""FILLED"": 21}",0,0,"{""FILLED"": 21}",1317,,,0,0,,,,,NO_ACTION,,,,,,,,NO_EVENT,REVERSAL_LEG,[],FORMING,[],2026-07-31T13:57:00+05:30,BHEL,21,False,0,,NO_SIGNAL
DIR:CHOLAFIN:2026-07-31:002:DOWN:102400:DIRECTIONAL_REVERSAL_LEG_ESTABLISHED:103300,CAND:c91e30e559c61ae9e4a8e30d,"{""FILLED"": 21}",0,0,"{""FILLED"": 21}",1318,FORCE_EXIT,EXIT,0,0,OPP:c91e30e559c61ae9e4a8e30d,CAND:c91e30e559c61ae9e4a8e30d,OPP:c91e30e559c61ae9e4a8e30d,True,NO_ACTION,EVENT_INVALIDATE,DIRECTIONAL,OPPOSED,aee40fe8-7759-5cec-902a-0db152fe528d,DIRECTIONAL_TREND_RESTORED_INVALIDATED_OPPOSITE_ACTIVE_SIGNAL,FORCE_EXIT,INVALIDATED,NO_EVENT,REVERSAL_WATCH,[],NONE,[],2026-07-31T13:57:00+05:30,CHOLAFIN,21,True,0,TRADE_DECISION_NOT_ALLOWED,NOT_ELIGIBLE
BAL:COFORGE:2026-07-31:003:NEUTRAL:105700:BALANCE_ESCAPE_STARTED:132100,CAND:0d32e3ad08ef9cc69fd0369f,"{""FILLED"": 21}",0,0,"{""FILLED"": 21}",1319,HOLD_POSITION,CAUTION,0,0,OPP:0d32e3ad08ef9cc69fd0369f,CAND:0d32e3ad08ef9cc69fd0369f,OPP:0d32e3ad08ef9cc69fd0369f,False,HOLD,NO_CREATION_EVENT,NONE,UNKNOWN,b811de42-fbb9-5d26-a364-a9f98c91de7c,NO_CURRENT_CREATION_EVENT,TRANSITION,OPEN,NO_EVENT,NONE,[],FORMING,[],2026-07-31T13:57:00+05:30,COFORGE,21,True,0,TRADE_DECISION_NOT_ALLOWED,NOT_ELIGIBLE
DIR:DIVISLAB:2026-07-31:002:DOWN:100600:DIRECTIONAL_REVERSAL_LEG_ESTABLISHED:101800,CAND:6644484c352c701feebfdf31,"{""FILLED"": 21}",0,0,"{""FILLED"": 21}",1320,FORCE_EXIT,EXIT,0,0,OPP:6644484c352c701feebfdf31,CAND:6644484c352c701feebfdf31,OPP:6644484c352c701feebfdf31,True,NO_ACTION,EVENT_INVALIDATE,COMPLETED,ALIGNED,a73cb6c9-a388-53f1-92b2-41820e34edd3,DIRECTIONAL_REVERSAL_LEG_FAILED_INVALIDATED_OPPOSITE_ACTIVE_SIGNAL,FORCE_EXIT,INVALIDATED,NO_EVENT,NONE,[],NONE,[],2026-07-31T13:57:00+05:30,DIVISLAB,21,True,0,TRADE_DECISION_NOT_ALLOWED,NOT_ELIGIBLE
,,"{""FILLED"": 21}",0,0,"{""FILLED"": 21}",1321,,,0,0,,,,,NO_ACTION,,,,,,,,NO_EVENT,REVERSAL_WATCH,[],NONE,[],2026-07-31T13:57:00+05:30,EXIDEIND,21,False,0,,NO_SIGNAL
DIR:FORCEMOT:2026-07-31:002:UP:105400:DIRECTIONAL_REVERSAL_LEG_ESTABLISHED:110000,CAND:32b3a707960484f98d8399a7,"{""FILLED"": 21}",0,0,"{""FILLED"": 21}",1322,HOLD_POSITION,CAUTION,0,0,OPP:32b3a707960484f98d8399a7,CAND:32b3a707960484f98d8399a7,OPP:32b3a707960484f98d8399a7,False,HOLD,NO_CREATION_EVENT,NONE,UNKNOWN,76d65cfd-3f5f-5419-81f1-24a924660ce7,NO_CURRENT_CREATION_EVENT,TRANSITION,OPEN,NO_EVENT,NONE,[],LOCKED,"[""CONTINUATION:BLOCK"", ""REACCELERATION:BLOCK"", ""REVERSAL:BLOCK""]",2026-07-31T13:57:00+05:30,FORCEMOT,21,False,0,,ALREADY_DEPLOYED
BAL:GLENMARK:2026-07-31:001:NEUTRAL:101200:BALANCE_ESCAPE_FAILED:131500,CAND:ccb8d7c9ac57fbb14f47bb87,"{""FILLED"": 21}",0,0,"{""FILLED"": 21}",1323,HOLD_POSITION,CAUTION,0,0,OPP:ccb8d7c9ac57fbb14f47bb87,CAND:ccb8d7c9ac57fbb14f47bb87,OPP:ccb8d7c9ac57fbb14f47bb87,False,HOLD,NO_CREATION_EVENT,NONE,UNKNOWN,a4859555-9e57-5772-9c79-4a6b83478351,NO_CURRENT_CREATION_EVENT,TRANSITION,OPEN,NO_EVENT,NONE,[],NONE,[],2026-07-31T13:57:00+05:30,GLENMARK,21,True,0,TRADE_DECISION_NOT_ALLOWED,NOT_ELIGIBLE
BAL:INDUSTOWER:2026-07-31:001:NEUTRAL:110900:BALANCE_ESCAPE_FAILED:115400,CAND:296c26607039b07e87c6f497,"{""FILLED"": 21}",0,0,"{""FILLED"": 21}",1324,HOLD_POSITION,CAUTION,0,0,OPP:296c26607039b07e87c6f497,CAND:296c26607039b07e87c6f497,OPP:296c26607039b07e87c6f497,False,HOLD,NO_CREATION_EVENT,NONE,UNKNOWN,6c1d311c-b1e4-503d-9f2d-3a50df29da5d,NO_CURRENT_CREATION_EVENT,TRANSITION,OPEN,NO_EVENT,NONE,[],FAILED_BACK_INSIDE,"[""CONTINUATION:BLOCK"", ""REACCELERATION:BLOCK"", ""REVERSAL:BLOCK""]",2026-07-31T13:57:00+05:30,INDUSTOWER,21,True,0,TRADE_DECISION_NOT_ALLOWED,NOT_ELIGIBLE
BAL:KALYANKJIL:2026-07-31:002:NEUTRAL:105100:BALANCE_ESCAPE_STARTED:112700,CAND:4a3872010c190995b2d63ff8,"{""FILLED"": 21}",0,0,"{""FILLED"": 21}",1325,HOLD_POSITION,CAUTION,0,0,OPP:4a3872010c190995b2d63ff8,CAND:4a3872010c190995b2d63ff8,OPP:4a3872010c190995b2d63ff8,False,HOLD,NO_CREATION_EVENT,MATURE,OPPOSED,fe205a27-ef8f-5bf7-9192-94593d799d94,AUTHORITATIVE_DIRECTION_OPPOSED,WEAKENING,OPEN,DIRECTIONAL_MATURED,MATURE,"[""DIR:KALYANKJIL:2026-07-31:012:DOWN:135100:DIRECTIONAL_MATURED:135700""]",NONE,[],2026-07-31T13:57:00+05:30,KALYANKJIL,21,False,0,,ALREADY_DEPLOYED
DIR:MANAPPURAM:2026-07-31:006:UP:111200:DIRECTIONAL_REVERSAL_LEG_ESTABLISHED:112100,CAND:7316c4a2330c742a8803fe6c,"{""FILLED"": 21}",0,0,"{""FILLED"": 21}",1326,HOLD_POSITION,STRENGTHEN,0,0,OPP:7316c4a2330c742a8803fe6c,CAND:7316c4a2330c742a8803fe6c,OPP:7316c4a2330c742a8803fe6c,False,HOLD,NO_CREATION_EVENT,DIRECTIONAL,ALIGNED,50c51811-b112-5f0f-9fcc-a1422ceea97c,AUTHORITATIVE_DIRECTIONAL_ALIGNED,ACTIVE,OPEN,NO_EVENT,DIRECTIONAL,[],NONE,[],2026-07-31T13:57:00+05:30,MANAPPURAM,21,False,0,,ALREADY_DEPLOYED
BAL:PERSISTENT:2026-07-31:002:NEUTRAL:103600:BALANCE_ESCAPE_STARTED:110600,CAND:6e00ceac84968df1df4d7495,"{""FILLED"": 21}",0,0,"{""FILLED"": 21}",1327,HOLD_POSITION,CAUTION,0,0,OPP:6e00ceac84968df1df4d7495,CAND:6e00ceac84968df1df4d7495,OPP:6e00ceac84968df1df4d7495,False,HOLD,NO_CREATION_EVENT,NONE,UNKNOWN,cad8805e-c102-57a4-96c7-d70c9c07f5cc,NO_CURRENT_CREATION_EVENT,TRANSITION,OPEN,NO_EVENT,NONE,[],NONE,[],2026-07-31T13:57:00+05:30,PERSISTENT,21,False,0,,ALREADY_DEPLOYED
BAL:POWERINDIA:2026-07-31:001:NEUTRAL:095100:BALANCE_ESCAPE_FAILED:113000,CAND:dc1ab160fa1ee75a10189da6,"{""FILLED"": 21}",0,0,"{""FILLED"": 21}",1328,HOLD_POSITION,CAUTION,0,0,OPP:dc1ab160fa1ee75a10189da6,CAND:dc1ab160fa1ee75a10189da6,OPP:dc1ab160fa1ee75a10189da6,False,HOLD,NO_CREATION_EVENT,NONE,UNKNOWN,57fbc3b0-0822-51b7-8515-450ea6586841,NO_CURRENT_CREATION_EVENT,TRANSITION,OPEN,NO_EVENT,NONE,[],LOCKED,"[""CONTINUATION:BLOCK"", ""REACCELERATION:BLOCK"", ""REVERSAL:BLOCK""]",2026-07-31T13:57:00+05:30,POWERINDIA,21,True,0,TRADE_DECISION_NOT_ALLOWED,NOT_ELIGIBLE
BAL:TCS:2026-07-31:001:NEUTRAL:100600:BALANCE_ESCAPE_STARTED:103600,CAND:02506b9e9c36e94d0d5e2f0e,"{""FILLED"": 21}",0,0,"{""FILLED"": 21}",1329,FORCE_EXIT,EXIT,0,0,OPP:02506b9e9c36e94d0d5e2f0e,CAND:02506b9e9c36e94d0d5e2f0e,OPP:02506b9e9c36e94d0d5e2f0e,True,NO_ACTION,EVENT_INVALIDATE,NONE,UNKNOWN,8ea01a85-4efa-5849-ac33-c03e0b01cda8,BALANCE_ESCAPE_FAILED_INVALIDATED_SETUP,FORCE_EXIT,INVALIDATED,NO_EVENT,NONE,[],LOCKED,"[""CONTINUATION:BLOCK"", ""REACCELERATION:BLOCK"", ""REVERSAL:BLOCK""]",2026-07-31T13:57:00+05:30,TCS,21,True,0,TRADE_DECISION_NOT_ALLOWED,NOT_ELIGIBLE
DIR:TORNTPHARM:2026-07-31:002:UP:105700:DIRECTIONAL_REVERSAL_LEG_ESTABLISHED:110300,CAND:dcb490f7068f3aeab3ab074f,"{""FILLED"": 21}",0,0,"{""FILLED"": 21}",1330,FORCE_EXIT,EXIT,0,0,OPP:dcb490f7068f3aeab3ab074f,CAND:dcb490f7068f3aeab3ab074f,OPP:dcb490f7068f3aeab3ab074f,True,NO_ACTION,EVENT_INVALIDATE,DIRECTIONAL,ALIGNED,099dd7de-7081-52f9-9bd2-655c56b6256c,DIRECTIONAL_TREND_RESTORED_INVALIDATED_SETUP,FORCE_EXIT,INVALIDATED,NO_EVENT,REVERSAL_WATCH,[],FORMING,[],2026-07-31T13:57:00+05:30,TORNTPHARM,21,False,0,,ALREADY_DEPLOYED
,,"{""FILLED"": 21}",0,0,"{""FILLED"": 21}",1331,,,0,0,,,,,NO_ACTION,,,,,,,,NO_EVENT,REVERSAL_LEG,[],FORMING,[],2026-07-31T14:00:00+05:30,BHEL,21,False,0,,NO_SIGNAL
DIR:CHOLAFIN:2026-07-31:002:DOWN:102400:DIRECTIONAL_REVERSAL_LEG_ESTABLISHED:103300,CAND:c91e30e559c61ae9e4a8e30d,"{""FILLED"": 21}",0,0,"{""FILLED"": 21}",1332,FORCE_EXIT,EXIT,0,0,OPP:c91e30e559c61ae9e4a8e30d,CAND:c91e30e559c61ae9e4a8e30d,OPP:c91e30e559c61ae9e4a8e30d,True,NO_ACTION,EVENT_INVALIDATE,DIRECTIONAL,OPPOSED,aee40fe8-7759-5cec-902a-0db152fe528d,DIRECTIONAL_TREND_RESTORED_INVALIDATED_OPPOSITE_ACTIVE_SIGNAL,FORCE_EXIT,INVALIDATED,NO_EVENT,REVERSAL_WATCH,[],NONE,[],2026-07-31T14:00:00+05:30,CHOLAFIN,21,True,0,TRADE_DECISION_NOT_ALLOWED,NOT_ELIGIBLE
BAL:COFORGE:2026-07-31:003:NEUTRAL:105700:BALANCE_ESCAPE_STARTED:132100,CAND:0d32e3ad08ef9cc69fd0369f,"{""FILLED"": 21}",0,0,"{""FILLED"": 21}",1333,HOLD_POSITION,CAUTION,0,0,OPP:0d32e3ad08ef9cc69fd0369f,CAND:0d32e3ad08ef9cc69fd0369f,OPP:0d32e3ad08ef9cc69fd0369f,False,HOLD,NO_CREATION_EVENT,NONE,UNKNOWN,b811de42-fbb9-5d26-a364-a9f98c91de7c,NO_CURRENT_CREATION_EVENT,TRANSITION,OPEN,NO_EVENT,NONE,[],FORMING,[],2026-07-31T14:00:00+05:30,COFORGE,21,True,0,TRADE_DECISION_NOT_ALLOWED,NOT_ELIGIBLE
DIR:DIVISLAB:2026-07-31:002:DOWN:100600:DIRECTIONAL_REVERSAL_LEG_ESTABLISHED:101800,CAND:6644484c352c701feebfdf31,"{""FILLED"": 21}",0,0,"{""FILLED"": 21}",1334,FORCE_EXIT,EXIT,0,0,OPP:6644484c352c701feebfdf31,CAND:6644484c352c701feebfdf31,OPP:6644484c352c701feebfdf31,True,NO_ACTION,EVENT_INVALIDATE,COMPLETED,ALIGNED,a73cb6c9-a388-53f1-92b2-41820e34edd3,DIRECTIONAL_REVERSAL_LEG_FAILED_INVALIDATED_OPPOSITE_ACTIVE_SIGNAL,FORCE_EXIT,INVALIDATED,DIRECTIONAL_STARTED,DIRECTIONAL,"[""DIR:DIVISLAB:2026-07-31:007:UP:140000:DIRECTIONAL_STARTED:140000""]",NONE,[],2026-07-31T14:00:00+05:30,DIVISLAB,21,True,0,TRADE_DECISION_NOT_ALLOWED,NOT_ELIGIBLE
,,"{""FILLED"": 21}",0,0,"{""FILLED"": 21}",1335,,,0,0,,,,,NO_ACTION,,,,,,,,NO_EVENT,REVERSAL_WATCH,[],NONE,[],2026-07-31T14:00:00+05:30,EXIDEIND,21,False,0,,NO_SIGNAL
DIR:FORCEMOT:2026-07-31:002:UP:105400:DIRECTIONAL_REVERSAL_LEG_ESTABLISHED:110000,CAND:32b3a707960484f98d8399a7,"{""FILLED"": 21}",0,0,"{""FILLED"": 21}",1336,HOLD_POSITION,CAUTION,0,0,OPP:32b3a707960484f98d8399a7,CAND:32b3a707960484f98d8399a7,OPP:32b3a707960484f98d8399a7,False,HOLD,NO_CREATION_EVENT,NONE,UNKNOWN,76d65cfd-3f5f-5419-81f1-24a924660ce7,NO_CURRENT_CREATION_EVENT,TRANSITION,OPEN,NO_EVENT,NONE,[],LOCKED,"[""CONTINUATION:BLOCK"", ""REACCELERATION:BLOCK"", ""REVERSAL:BLOCK""]",2026-07-31T14:00:00+05:30,FORCEMOT,21,False,0,,ALREADY_DEPLOYED
BAL:GLENMARK:2026-07-31:001:NEUTRAL:101200:BALANCE_ESCAPE_FAILED:131500,CAND:ccb8d7c9ac57fbb14f47bb87,"{""FILLED"": 21}",0,0,"{""FILLED"": 21}",1337,HOLD_POSITION,CAUTION,0,0,OPP:ccb8d7c9ac57fbb14f47bb87,CAND:ccb8d7c9ac57fbb14f47bb87,OPP:ccb8d7c9ac57fbb14f47bb87,False,HOLD,NO_CREATION_EVENT,NONE,UNKNOWN,a4859555-9e57-5772-9c79-4a6b83478351,NO_CURRENT_CREATION_EVENT,TRANSITION,OPEN,NO_EVENT,NONE,[],NONE,[],2026-07-31T14:00:00+05:30,GLENMARK,21,True,0,TRADE_DECISION_NOT_ALLOWED,NOT_ELIGIBLE
BAL:INDUSTOWER:2026-07-31:001:NEUTRAL:110900:BALANCE_ESCAPE_FAILED:115400,CAND:296c26607039b07e87c6f497,"{""FILLED"": 21}",0,0,"{""FILLED"": 21}",1338,HOLD_POSITION,CAUTION,0,0,OPP:296c26607039b07e87c6f497,CAND:296c26607039b07e87c6f497,OPP:296c26607039b07e87c6f497,False,HOLD,NO_CREATION_EVENT,NONE,UNKNOWN,6c1d311c-b1e4-503d-9f2d-3a50df29da5d,NO_CURRENT_CREATION_EVENT,TRANSITION,OPEN,NO_EVENT,NONE,[],FAILED_BACK_INSIDE,"[""CONTINUATION:BLOCK"", ""REACCELERATION:BLOCK"", ""REVERSAL:BLOCK""]",2026-07-31T14:00:00+05:30,INDUSTOWER,21,True,0,TRADE_DECISION_NOT_ALLOWED,NOT_ELIGIBLE
BAL:KALYANKJIL:2026-07-31:002:NEUTRAL:105100:BALANCE_ESCAPE_STARTED:112700,CAND:4a3872010c190995b2d63ff8,"{""FILLED"": 21}",0,0,"{""FILLED"": 21}",1339,HOLD_POSITION,CAUTION,0,0,OPP:4a3872010c190995b2d63ff8,CAND:4a3872010c190995b2d63ff8,OPP:4a3872010c190995b2d63ff8,False,HOLD,NO_CREATION_EVENT,REVERSAL_WATCH,OPPOSED,fe205a27-ef8f-5bf7-9192-94593d799d94,AUTHORITATIVE_REVERSAL_WATCH,PROTECT,OPEN,REVERSAL_WATCH_STARTED,REVERSAL_WATCH,"[""DIR:KALYANKJIL:2026-07-31:012:DOWN:135100:REVERSAL_WATCH_STARTED:140000""]",NONE,[],2026-07-31T14:00:00+05:30,KALYANKJIL,21,False,0,,ALREADY_DEPLOYED
DIR:MANAPPURAM:2026-07-31:006:UP:111200:DIRECTIONAL_REVERSAL_LEG_ESTABLISHED:112100,CAND:7316c4a2330c742a8803fe6c,"{""FILLED"": 21}",0,0,"{""FILLED"": 21}",1340,HOLD_POSITION,STRENGTHEN,0,0,OPP:7316c4a2330c742a8803fe6c,CAND:7316c4a2330c742a8803fe6c,OPP:7316c4a2330c742a8803fe6c,False,HOLD,NO_CREATION_EVENT,DIRECTIONAL,ALIGNED,50c51811-b112-5f0f-9fcc-a1422ceea97c,AUTHORITATIVE_DIRECTIONAL_ALIGNED,ACTIVE,OPEN,NO_EVENT,DIRECTIONAL,[],NONE,[],2026-07-31T14:00:00+05:30,MANAPPURAM,21,False,0,,ALREADY_DEPLOYED
BAL:PERSISTENT:2026-07-31:002:NEUTRAL:103600:BALANCE_ESCAPE_STARTED:110600,CAND:6e00ceac84968df1df4d7495,"{""FILLED"": 21}",0,0,"{""FILLED"": 21}",1341,HOLD_POSITION,CAUTION,0,0,OPP:6e00ceac84968df1df4d7495,CAND:6e00ceac84968df1df4d7495,OPP:6e00ceac84968df1df4d7495,False,HOLD,NO_CREATION_EVENT,NONE,UNKNOWN,cad8805e-c102-57a4-96c7-d70c9c07f5cc,NO_CURRENT_CREATION_EVENT,TRANSITION,OPEN,NO_EVENT,NONE,[],NONE,[],2026-07-31T14:00:00+05:30,PERSISTENT,21,False,0,,ALREADY_DEPLOYED
BAL:POWERINDIA:2026-07-31:001:NEUTRAL:095100:BALANCE_ESCAPE_FAILED:113000,CAND:dc1ab160fa1ee75a10189da6,"{""FILLED"": 21}",0,0,"{""FILLED"": 21}",1342,HOLD_POSITION,CAUTION,0,0,OPP:dc1ab160fa1ee75a10189da6,CAND:dc1ab160fa1ee75a10189da6,OPP:dc1ab160fa1ee75a10189da6,False,HOLD,NO_CREATION_EVENT,NONE,UNKNOWN,57fbc3b0-0822-51b7-8515-450ea6586841,NO_CURRENT_CREATION_EVENT,TRANSITION,OPEN,NO_EVENT,NONE,[],LOCKED,"[""CONTINUATION:BLOCK"", ""REACCELERATION:BLOCK"", ""REVERSAL:BLOCK""]",2026-07-31T14:00:00+05:30,POWERINDIA,21,True,0,TRADE_DECISION_NOT_ALLOWED,NOT_ELIGIBLE
BAL:TCS:2026-07-31:001:NEUTRAL:100600:BALANCE_ESCAPE_STARTED:103600,CAND:02506b9e9c36e94d0d5e2f0e,"{""FILLED"": 21}",0,0,"{""FILLED"": 21}",1343,FORCE_EXIT,EXIT,0,0,OPP:02506b9e9c36e94d0d5e2f0e,CAND:02506b9e9c36e94d0d5e2f0e,OPP:02506b9e9c36e94d0d5e2f0e,True,NO_ACTION,EVENT_INVALIDATE,NONE,UNKNOWN,8ea01a85-4efa-5849-ac33-c03e0b01cda8,BALANCE_ESCAPE_FAILED_INVALIDATED_SETUP,FORCE_EXIT,INVALIDATED,NO_EVENT,NONE,[],LOCKED,"[""CONTINUATION:BLOCK"", ""REACCELERATION:BLOCK"", ""REVERSAL:BLOCK""]",2026-07-31T14:00:00+05:30,TCS,21,True,0,TRADE_DECISION_NOT_ALLOWED,NOT_ELIGIBLE
DIR:TORNTPHARM:2026-07-31:002:UP:105700:DIRECTIONAL_REVERSAL_LEG_ESTABLISHED:110300,CAND:dcb490f7068f3aeab3ab074f,"{""FILLED"": 21}",0,0,"{""FILLED"": 21}",1344,FORCE_EXIT,EXIT,0,0,OPP:dcb490f7068f3aeab3ab074f,CAND:dcb490f7068f3aeab3ab074f,OPP:dcb490f7068f3aeab3ab074f,True,NO_ACTION,EVENT_INVALIDATE,DIRECTIONAL,ALIGNED,099dd7de-7081-52f9-9bd2-655c56b6256c,DIRECTIONAL_TREND_RESTORED_INVALIDATED_SETUP,FORCE_EXIT,INVALIDATED,BALANCE_PROBABLE,REVERSAL_WATCH,"[""BAL:TORNTPHARM:2026-07-31:006:NEUTRAL:134800:BALANCE_PROBABLE:140000""]",PROBABLE,[],2026-07-31T14:00:00+05:30,TORNTPHARM,21,False,0,,ALREADY_DEPLOYED
,,"{""FILLED"": 21}",0,0,"{""FILLED"": 21}",1345,,,0,0,,,,,NO_ACTION,,,,,,,,NO_EVENT,REVERSAL_LEG,[],FORMING,[],2026-07-31T14:03:00+05:30,BHEL,21,False,0,,NO_SIGNAL
DIR:CHOLAFIN:2026-07-31:002:DOWN:102400:DIRECTIONAL_REVERSAL_LEG_ESTABLISHED:103300,CAND:c91e30e559c61ae9e4a8e30d,"{""FILLED"": 21}",0,0,"{""FILLED"": 21}",1346,FORCE_EXIT,EXIT,0,0,OPP:c91e30e559c61ae9e4a8e30d,CAND:c91e30e559c61ae9e4a8e30d,OPP:c91e30e559c61ae9e4a8e30d,True,NO_ACTION,EVENT_INVALIDATE,DIRECTIONAL,OPPOSED,aee40fe8-7759-5cec-902a-0db152fe528d,DIRECTIONAL_TREND_RESTORED_INVALIDATED_OPPOSITE_ACTIVE_SIGNAL,FORCE_EXIT,INVALIDATED,NO_EVENT,REVERSAL_WATCH,[],NONE,[],2026-07-31T14:03:00+05:30,CHOLAFIN,21,True,0,TRADE_DECISION_NOT_ALLOWED,NOT_ELIGIBLE
BAL:COFORGE:2026-07-31:003:NEUTRAL:105700:BALANCE_ESCAPE_STARTED:132100,CAND:0d32e3ad08ef9cc69fd0369f,"{""FILLED"": 21}",0,0,"{""FILLED"": 21}",1347,HOLD_POSITION,CAUTION,0,0,OPP:0d32e3ad08ef9cc69fd0369f,CAND:0d32e3ad08ef9cc69fd0369f,OPP:0d32e3ad08ef9cc69fd0369f,False,HOLD,NO_CREATION_EVENT,NONE,UNKNOWN,b811de42-fbb9-5d26-a364-a9f98c91de7c,NO_CURRENT_CREATION_EVENT,TRANSITION,OPEN,NO_EVENT,NONE,[],FORMING,[],2026-07-31T14:03:00+05:30,COFORGE,21,True,0,TRADE_DECISION_NOT_ALLOWED,NOT_ELIGIBLE
DIR:DIVISLAB:2026-07-31:002:DOWN:100600:DIRECTIONAL_REVERSAL_LEG_ESTABLISHED:101800,CAND:6644484c352c701feebfdf31,"{""FILLED"": 21}",0,0,"{""FILLED"": 21}",1348,FORCE_EXIT,EXIT,0,0,OPP:6644484c352c701feebfdf31,CAND:6644484c352c701feebfdf31,OPP:6644484c352c701feebfdf31,True,NO_ACTION,EVENT_INVALIDATE,COMPLETED,ALIGNED,a73cb6c9-a388-53f1-92b2-41820e34edd3,DIRECTIONAL_REVERSAL_LEG_FAILED_INVALIDATED_OPPOSITE_ACTIVE_SIGNAL,FORCE_EXIT,INVALIDATED,NO_EVENT,DIRECTIONAL,[],NONE,[],2026-07-31T14:03:00+05:30,DIVISLAB,21,True,0,TRADE_DECISION_NOT_ALLOWED,NOT_ELIGIBLE
,,"{""FILLED"": 21}",0,0,"{""FILLED"": 21}",1349,,,0,0,,,,,NO_ACTION,,,,,,,,"DIRECTIONAL_REVERSAL_CONFIRMED,DIRECTIONAL_COMPLETED,DIRECTIONAL_REVERSAL_LEG_STARTED",REVERSAL_LEG,"[""DIR:EXIDEIND:2026-07-31:006:UP:134500:DIRECTIONAL_REVERSAL_CONFIRMED:140300"", ""DIR:EXIDEIND:2026-07-31:006:UP:134500:DIRECTIONAL_COMPLETED:140300"", ""DIR:EXIDEIND:2026-07-31:007:DOWN:140300:DIRECTIONAL_REVERSAL_LEG_STARTED:140300""]",NONE,"[""REVERSAL:WAIT""]",2026-07-31T14:03:00+05:30,EXIDEIND,21,False,0,,NO_SIGNAL
DIR:FORCEMOT:2026-07-31:002:UP:105400:DIRECTIONAL_REVERSAL_LEG_ESTABLISHED:110000,CAND:32b3a707960484f98d8399a7,"{""FILLED"": 21}",0,0,"{""FILLED"": 21}",1350,HOLD_POSITION,CAUTION,0,0,OPP:32b3a707960484f98d8399a7,CAND:32b3a707960484f98d8399a7,OPP:32b3a707960484f98d8399a7,False,HOLD,NO_CREATION_EVENT,NONE,UNKNOWN,76d65cfd-3f5f-5419-81f1-24a924660ce7,NO_CURRENT_CREATION_EVENT,TRANSITION,OPEN,NO_EVENT,NONE,[],LOCKED,"[""CONTINUATION:BLOCK"", ""REACCELERATION:BLOCK"", ""REVERSAL:BLOCK""]",2026-07-31T14:03:00+05:30,FORCEMOT,21,False,0,,ALREADY_DEPLOYED
BAL:GLENMARK:2026-07-31:001:NEUTRAL:101200:BALANCE_ESCAPE_FAILED:131500,CAND:ccb8d7c9ac57fbb14f47bb87,"{""FILLED"": 21}",0,0,"{""FILLED"": 21}",1351,HOLD_POSITION,CAUTION,0,0,OPP:ccb8d7c9ac57fbb14f47bb87,CAND:ccb8d7c9ac57fbb14f47bb87,OPP:ccb8d7c9ac57fbb14f47bb87,False,HOLD,NO_CREATION_EVENT,NONE,UNKNOWN,a4859555-9e57-5772-9c79-4a6b83478351,NO_CURRENT_CREATION_EVENT,TRANSITION,OPEN,NO_EVENT,NONE,[],NONE,[],2026-07-31T14:03:00+05:30,GLENMARK,21,True,0,TRADE_DECISION_NOT_ALLOWED,NOT_ELIGIBLE
BAL:INDUSTOWER:2026-07-31:001:NEUTRAL:110900:BALANCE_ESCAPE_FAILED:115400,CAND:296c26607039b07e87c6f497,"{""FILLED"": 21}",0,0,"{""FILLED"": 21}",1352,HOLD_POSITION,CAUTION,0,0,OPP:296c26607039b07e87c6f497,CAND:296c26607039b07e87c6f497,OPP:296c26607039b07e87c6f497,False,HOLD,NO_CREATION_EVENT,NONE,UNKNOWN,6c1d311c-b1e4-503d-9f2d-3a50df29da5d,NO_CURRENT_CREATION_EVENT,TRANSITION,OPEN,NO_EVENT,NONE,[],FAILED_BACK_INSIDE,"[""CONTINUATION:BLOCK"", ""REACCELERATION:BLOCK"", ""REVERSAL:BLOCK""]",2026-07-31T14:03:00+05:30,INDUSTOWER,21,True,0,TRADE_DECISION_NOT_ALLOWED,NOT_ELIGIBLE
BAL:KALYANKJIL:2026-07-31:002:NEUTRAL:105100:BALANCE_ESCAPE_STARTED:112700,CAND:4a3872010c190995b2d63ff8,"{""FILLED"": 21}",0,0,"{""FILLED"": 21}",1353,HOLD_POSITION,CAUTION,0,0,OPP:4a3872010c190995b2d63ff8,CAND:4a3872010c190995b2d63ff8,OPP:4a3872010c190995b2d63ff8,False,HOLD,NO_CREATION_EVENT,REVERSAL_WATCH,OPPOSED,fe205a27-ef8f-5bf7-9192-94593d799d94,AUTHORITATIVE_REVERSAL_WATCH,PROTECT,OPEN,NO_EVENT,REVERSAL_WATCH,[],NONE,[],2026-07-31T14:03:00+05:30,KALYANKJIL,21,False,0,,ALREADY_DEPLOYED
DIR:MANAPPURAM:2026-07-31:006:UP:111200:DIRECTIONAL_REVERSAL_LEG_ESTABLISHED:112100,CAND:7316c4a2330c742a8803fe6c,"{""FILLED"": 21}",0,0,"{""FILLED"": 21}",1354,HOLD_POSITION,STRENGTHEN,0,0,OPP:7316c4a2330c742a8803fe6c,CAND:7316c4a2330c742a8803fe6c,OPP:7316c4a2330c742a8803fe6c,False,HOLD,NO_CREATION_EVENT,DIRECTIONAL,ALIGNED,50c51811-b112-5f0f-9fcc-a1422ceea97c,AUTHORITATIVE_DIRECTIONAL_ALIGNED,ACTIVE,OPEN,NO_EVENT,DIRECTIONAL,[],NONE,[],2026-07-31T14:03:00+05:30,MANAPPURAM,21,False,0,,ALREADY_DEPLOYED
BAL:PERSISTENT:2026-07-31:002:NEUTRAL:103600:BALANCE_ESCAPE_STARTED:110600,CAND:6e00ceac84968df1df4d7495,"{""FILLED"": 21}",0,0,"{""FILLED"": 21}",1355,HOLD_POSITION,CAUTION,0,0,OPP:6e00ceac84968df1df4d7495,CAND:6e00ceac84968df1df4d7495,OPP:6e00ceac84968df1df4d7495,False,HOLD,NO_CREATION_EVENT,NONE,UNKNOWN,cad8805e-c102-57a4-96c7-d70c9c07f5cc,NO_CURRENT_CREATION_EVENT,TRANSITION,OPEN,BALANCE_FORMING_STARTED,NONE,"[""BAL:PERSISTENT:2026-07-31:006:NEUTRAL:140300:BALANCE_FORMING_STARTED:140300""]",FORMING,[],2026-07-31T14:03:00+05:30,PERSISTENT,21,False,0,,ALREADY_DEPLOYED
BAL:POWERINDIA:2026-07-31:001:NEUTRAL:095100:BALANCE_ESCAPE_FAILED:113000,CAND:dc1ab160fa1ee75a10189da6,"{""FILLED"": 21}",0,0,"{""FILLED"": 21}",1356,HOLD_POSITION,CAUTION,0,0,OPP:dc1ab160fa1ee75a10189da6,CAND:dc1ab160fa1ee75a10189da6,OPP:dc1ab160fa1ee75a10189da6,False,HOLD,NO_CREATION_EVENT,NONE,UNKNOWN,57fbc3b0-0822-51b7-8515-450ea6586841,NO_CURRENT_CREATION_EVENT,TRANSITION,OPEN,NO_EVENT,NONE,[],LOCKED,"[""CONTINUATION:BLOCK"", ""REACCELERATION:BLOCK"", ""REVERSAL:BLOCK""]",2026-07-31T14:03:00+05:30,POWERINDIA,21,True,0,TRADE_DECISION_NOT_ALLOWED,NOT_ELIGIBLE
BAL:TCS:2026-07-31:001:NEUTRAL:100600:BALANCE_ESCAPE_STARTED:103600,CAND:02506b9e9c36e94d0d5e2f0e,"{""FILLED"": 21}",0,0,"{""FILLED"": 21}",1357,FORCE_EXIT,EXIT,0,0,OPP:02506b9e9c36e94d0d5e2f0e,CAND:02506b9e9c36e94d0d5e2f0e,OPP:02506b9e9c36e94d0d5e2f0e,True,NO_ACTION,EVENT_INVALIDATE,NONE,UNKNOWN,8ea01a85-4efa-5849-ac33-c03e0b01cda8,BALANCE_ESCAPE_FAILED_INVALIDATED_SETUP,FORCE_EXIT,INVALIDATED,NO_EVENT,NONE,[],LOCKED,"[""CONTINUATION:BLOCK"", ""REACCELERATION:BLOCK"", ""REVERSAL:BLOCK""]",2026-07-31T14:03:00+05:30,TCS,21,True,0,TRADE_DECISION_NOT_ALLOWED,NOT_ELIGIBLE
DIR:TORNTPHARM:2026-07-31:002:UP:105700:DIRECTIONAL_REVERSAL_LEG_ESTABLISHED:110300,CAND:dcb490f7068f3aeab3ab074f,"{""FILLED"": 21}",0,0,"{""FILLED"": 21}",1358,FORCE_EXIT,EXIT,0,0,OPP:dcb490f7068f3aeab3ab074f,CAND:dcb490f7068f3aeab3ab074f,OPP:dcb490f7068f3aeab3ab074f,True,NO_ACTION,EVENT_INVALIDATE,DIRECTIONAL,ALIGNED,099dd7de-7081-52f9-9bd2-655c56b6256c,DIRECTIONAL_TREND_RESTORED_INVALIDATED_SETUP,FORCE_EXIT,INVALIDATED,NO_EVENT,REVERSAL_WATCH,[],PROBABLE,[],2026-07-31T14:03:00+05:30,TORNTPHARM,21,False,0,,ALREADY_DEPLOYED
,,"{""FILLED"": 21}",0,0,"{""FILLED"": 21}",1359,,,0,0,,,,,NO_ACTION,,,,,,,,"BALANCE_COMPLETED,DIRECTIONAL_REVERSAL_LEG_FAILED,DIRECTIONAL_COMPLETED",COMPLETED,"[""BAL:BHEL:2026-07-31:003:NEUTRAL:131500:BALANCE_COMPLETED:140600"", ""DIR:BHEL:2026-07-31:010:UP:135100:DIRECTIONAL_REVERSAL_LEG_FAILED:140600"", ""DIR:BHEL:2026-07-31:010:UP:135100:DIRECTIONAL_COMPLETED:140600""]",COMPLETED,[],2026-07-31T14:06:00+05:30,BHEL,21,False,0,,NO_SIGNAL
DIR:CHOLAFIN:2026-07-31:002:DOWN:102400:DIRECTIONAL_REVERSAL_LEG_ESTABLISHED:103300,CAND:c91e30e559c61ae9e4a8e30d,"{""FILLED"": 21}",0,0,"{""FILLED"": 21}",1360,FORCE_EXIT,EXIT,0,0,OPP:c91e30e559c61ae9e4a8e30d,CAND:c91e30e559c61ae9e4a8e30d,OPP:c91e30e559c61ae9e4a8e30d,True,NO_ACTION,EVENT_INVALIDATE,DIRECTIONAL,OPPOSED,aee40fe8-7759-5cec-902a-0db152fe528d,DIRECTIONAL_TREND_RESTORED_INVALIDATED_OPPOSITE_ACTIVE_SIGNAL,FORCE_EXIT,INVALIDATED,NO_EVENT,REVERSAL_WATCH,[],NONE,[],2026-07-31T14:06:00+05:30,CHOLAFIN,21,True,0,TRADE_DECISION_NOT_ALLOWED,NOT_ELIGIBLE
BAL:COFORGE:2026-07-31:003:NEUTRAL:105700:BALANCE_ESCAPE_STARTED:132100,CAND:0d32e3ad08ef9cc69fd0369f,"{""FILLED"": 21}",0,0,"{""FILLED"": 21}",1361,HOLD_POSITION,CAUTION,0,0,OPP:0d32e3ad08ef9cc69fd0369f,CAND:0d32e3ad08ef9cc69fd0369f,OPP:0d32e3ad08ef9cc69fd0369f,False,HOLD,NO_CREATION_EVENT,NONE,UNKNOWN,b811de42-fbb9-5d26-a364-a9f98c91de7c,NO_CURRENT_CREATION_EVENT,TRANSITION,OPEN,BALANCE_PROBABLE,NONE,"[""BAL:COFORGE:2026-07-31:004:NEUTRAL:135400:BALANCE_PROBABLE:140600""]",PROBABLE,[],2026-07-31T14:06:00+05:30,COFORGE,21,True,0,TRADE_DECISION_NOT_ALLOWED,NOT_ELIGIBLE
DIR:DIVISLAB:2026-07-31:002:DOWN:100600:DIRECTIONAL_REVERSAL_LEG_ESTABLISHED:101800,CAND:6644484c352c701feebfdf31,"{""FILLED"": 21}",0,0,"{""FILLED"": 21}",1362,FORCE_EXIT,EXIT,0,0,OPP:6644484c352c701feebfdf31,CAND:6644484c352c701feebfdf31,OPP:6644484c352c701feebfdf31,True,NO_ACTION,EVENT_INVALIDATE,COMPLETED,ALIGNED,a73cb6c9-a388-53f1-92b2-41820e34edd3,DIRECTIONAL_REVERSAL_LEG_FAILED_INVALIDATED_OPPOSITE_ACTIVE_SIGNAL,FORCE_EXIT,INVALIDATED,NO_EVENT,DIRECTIONAL,[],NONE,[],2026-07-31T14:06:00+05:30,DIVISLAB,21,True,0,TRADE_DECISION_NOT_ALLOWED,NOT_ELIGIBLE
,,"{""FILLED"": 21}",0,0,"{""FILLED"": 21}",1363,,,0,0,,,,,NO_ACTION,,,,,,,,BALANCE_FORMING_STARTED,REVERSAL_LEG,"[""BAL:EXIDEIND:2026-07-31:005:NEUTRAL:140600:BALANCE_FORMING_STARTED:140600""]",FORMING,[],2026-07-31T14:06:00+05:30,EXIDEIND,21,False,0,,NO_SIGNAL
DIR:FORCEMOT:2026-07-31:002:UP:105400:DIRECTIONAL_REVERSAL_LEG_ESTABLISHED:110000,CAND:32b3a707960484f98d8399a7,"{""FILLED"": 21}",0,0,"{""FILLED"": 21}",1364,HOLD_POSITION,CAUTION,0,0,OPP:32b3a707960484f98d8399a7,CAND:32b3a707960484f98d8399a7,OPP:32b3a707960484f98d8399a7,False,HOLD,NO_CREATION_EVENT,NONE,UNKNOWN,76d65cfd-3f5f-5419-81f1-24a924660ce7,NO_CURRENT_CREATION_EVENT,TRANSITION,OPEN,NO_EVENT,NONE,[],LOCKED,"[""CONTINUATION:BLOCK"", ""REACCELERATION:BLOCK"", ""REVERSAL:BLOCK""]",2026-07-31T14:06:00+05:30,FORCEMOT,21,False,0,,ALREADY_DEPLOYED
BAL:GLENMARK:2026-07-31:001:NEUTRAL:101200:BALANCE_ESCAPE_FAILED:131500,CAND:ccb8d7c9ac57fbb14f47bb87,"{""FILLED"": 21}",0,0,"{""FILLED"": 21}",1365,HOLD_POSITION,CAUTION,0,0,OPP:ccb8d7c9ac57fbb14f47bb87,CAND:ccb8d7c9ac57fbb14f47bb87,OPP:ccb8d7c9ac57fbb14f47bb87,False,HOLD,NO_CREATION_EVENT,NONE,UNKNOWN,a4859555-9e57-5772-9c79-4a6b83478351,NO_CURRENT_CREATION_EVENT,TRANSITION,OPEN,NO_EVENT,NONE,[],NONE,[],2026-07-31T14:06:00+05:30,GLENMARK,21,True,0,TRADE_DECISION_NOT_ALLOWED,NOT_ELIGIBLE
BAL:INDUSTOWER:2026-07-31:001:NEUTRAL:110900:BALANCE_ESCAPE_FAILED:115400,CAND:296c26607039b07e87c6f497,"{""FILLED"": 21}",0,0,"{""FILLED"": 21}",1366,HOLD_POSITION,CAUTION,0,0,OPP:296c26607039b07e87c6f497,CAND:296c26607039b07e87c6f497,OPP:296c26607039b07e87c6f497,False,HOLD,NO_CREATION_EVENT,NONE,UNKNOWN,6c1d311c-b1e4-503d-9f2d-3a50df29da5d,NO_CURRENT_CREATION_EVENT,TRANSITION,OPEN,NO_EVENT,NONE,[],FAILED_BACK_INSIDE,"[""CONTINUATION:BLOCK"", ""REACCELERATION:BLOCK"", ""REVERSAL:BLOCK""]",2026-07-31T14:06:00+05:30,INDUSTOWER,21,True,0,TRADE_DECISION_NOT_ALLOWED,NOT_ELIGIBLE
BAL:KALYANKJIL:2026-07-31:002:NEUTRAL:105100:BALANCE_ESCAPE_STARTED:112700,CAND:4a3872010c190995b2d63ff8,"{""FILLED"": 21}",0,0,"{""FILLED"": 21}",1367,HOLD_POSITION,CAUTION,0,0,OPP:4a3872010c190995b2d63ff8,CAND:4a3872010c190995b2d63ff8,OPP:4a3872010c190995b2d63ff8,False,HOLD,NO_CREATION_EVENT,REVERSAL_WATCH,OPPOSED,fe205a27-ef8f-5bf7-9192-94593d799d94,AUTHORITATIVE_REVERSAL_WATCH,PROTECT,OPEN,NO_EVENT,REVERSAL_WATCH,[],NONE,[],2026-07-31T14:06:00+05:30,KALYANKJIL,21,False,0,,ALREADY_DEPLOYED
DIR:MANAPPURAM:2026-07-31:006:UP:111200:DIRECTIONAL_REVERSAL_LEG_ESTABLISHED:112100,CAND:7316c4a2330c742a8803fe6c,"{""FILLED"": 21}",0,0,"{""FILLED"": 21}",1368,HOLD_POSITION,STRENGTHEN,0,0,OPP:7316c4a2330c742a8803fe6c,CAND:7316c4a2330c742a8803fe6c,OPP:7316c4a2330c742a8803fe6c,False,HOLD,NO_CREATION_EVENT,DIRECTIONAL,ALIGNED,50c51811-b112-5f0f-9fcc-a1422ceea97c,AUTHORITATIVE_DIRECTIONAL_ALIGNED,ACTIVE,OPEN,NO_EVENT,DIRECTIONAL,[],NONE,[],2026-07-31T14:06:00+05:30,MANAPPURAM,21,False,0,,ALREADY_DEPLOYED
BAL:PERSISTENT:2026-07-31:002:NEUTRAL:103600:BALANCE_ESCAPE_STARTED:110600,CAND:6e00ceac84968df1df4d7495,"{""FILLED"": 21}",0,0,"{""FILLED"": 21}",1369,HOLD_POSITION,CAUTION,0,0,OPP:6e00ceac84968df1df4d7495,CAND:6e00ceac84968df1df4d7495,OPP:6e00ceac84968df1df4d7495,False,HOLD,NO_CREATION_EVENT,NONE,UNKNOWN,cad8805e-c102-57a4-96c7-d70c9c07f5cc,NO_CURRENT_CREATION_EVENT,TRANSITION,OPEN,NO_EVENT,NONE,[],FORMING,[],2026-07-31T14:06:00+05:30,PERSISTENT,21,False,0,,ALREADY_DEPLOYED
BAL:POWERINDIA:2026-07-31:001:NEUTRAL:095100:BALANCE_ESCAPE_FAILED:113000,CAND:dc1ab160fa1ee75a10189da6,"{""FILLED"": 21}",0,0,"{""FILLED"": 21}",1370,HOLD_POSITION,CAUTION,0,0,OPP:dc1ab160fa1ee75a10189da6,CAND:dc1ab160fa1ee75a10189da6,OPP:dc1ab160fa1ee75a10189da6,False,HOLD,NO_CREATION_EVENT,NONE,UNKNOWN,57fbc3b0-0822-51b7-8515-450ea6586841,NO_CURRENT_CREATION_EVENT,TRANSITION,OPEN,NO_EVENT,NONE,[],LOCKED,"[""CONTINUATION:BLOCK"", ""REACCELERATION:BLOCK"", ""REVERSAL:BLOCK""]",2026-07-31T14:06:00+05:30,POWERINDIA,21,True,0,TRADE_DECISION_NOT_ALLOWED,NOT_ELIGIBLE
BAL:TCS:2026-07-31:001:NEUTRAL:100600:BALANCE_ESCAPE_STARTED:103600,CAND:02506b9e9c36e94d0d5e2f0e,"{""FILLED"": 21}",0,0,"{""FILLED"": 21}",1371,FORCE_EXIT,EXIT,0,0,OPP:02506b9e9c36e94d0d5e2f0e,CAND:02506b9e9c36e94d0d5e2f0e,OPP:02506b9e9c36e94d0d5e2f0e,True,NO_ACTION,EVENT_INVALIDATE,NONE,UNKNOWN,8ea01a85-4efa-5849-ac33-c03e0b01cda8,BALANCE_ESCAPE_FAILED_INVALIDATED_SETUP,FORCE_EXIT,INVALIDATED,NO_EVENT,NONE,[],LOCKED,"[""CONTINUATION:BLOCK"", ""REACCELERATION:BLOCK"", ""REVERSAL:BLOCK""]",2026-07-31T14:06:00+05:30,TCS,21,True,0,TRADE_DECISION_NOT_ALLOWED,NOT_ELIGIBLE
DIR:TORNTPHARM:2026-07-31:002:UP:105700:DIRECTIONAL_REVERSAL_LEG_ESTABLISHED:110300,CAND:dcb490f7068f3aeab3ab074f,"{""FILLED"": 21}",0,0,"{""FILLED"": 21}",1372,FORCE_EXIT,EXIT,0,0,OPP:dcb490f7068f3aeab3ab074f,CAND:dcb490f7068f3aeab3ab074f,OPP:dcb490f7068f3aeab3ab074f,True,NO_ACTION,EVENT_INVALIDATE,DIRECTIONAL,ALIGNED,099dd7de-7081-52f9-9bd2-655c56b6256c,DIRECTIONAL_TREND_RESTORED_INVALIDATED_SETUP,FORCE_EXIT,INVALIDATED,NO_EVENT,REVERSAL_WATCH,[],PROBABLE,[],2026-07-31T14:06:00+05:30,TORNTPHARM,21,False,0,,ALREADY_DEPLOYED
,,"{""FILLED"": 21}",0,0,"{""FILLED"": 21}",1373,,,0,0,,,,,NO_ACTION,,,,,,,,NO_EVENT,NONE,[],NONE,[],2026-07-31T14:09:00+05:30,BHEL,21,False,0,,NO_SIGNAL
DIR:CHOLAFIN:2026-07-31:002:DOWN:102400:DIRECTIONAL_REVERSAL_LEG_ESTABLISHED:103300,CAND:c91e30e559c61ae9e4a8e30d,"{""FILLED"": 21}",0,0,"{""FILLED"": 21}",1374,FORCE_EXIT,EXIT,0,0,OPP:c91e30e559c61ae9e4a8e30d,CAND:c91e30e559c61ae9e4a8e30d,OPP:c91e30e559c61ae9e4a8e30d,True,NO_ACTION,EVENT_INVALIDATE,DIRECTIONAL,OPPOSED,aee40fe8-7759-5cec-902a-0db152fe528d,DIRECTIONAL_TREND_RESTORED_INVALIDATED_OPPOSITE_ACTIVE_SIGNAL,FORCE_EXIT,INVALIDATED,NO_EVENT,REVERSAL_WATCH,[],NONE,[],2026-07-31T14:09:00+05:30,CHOLAFIN,21,True,0,TRADE_DECISION_NOT_ALLOWED,NOT_ELIGIBLE
BAL:COFORGE:2026-07-31:003:NEUTRAL:105700:BALANCE_ESCAPE_STARTED:132100,CAND:0d32e3ad08ef9cc69fd0369f,"{""FILLED"": 21}",0,0,"{""FILLED"": 21}",1375,HOLD_POSITION,CAUTION,0,0,OPP:0d32e3ad08ef9cc69fd0369f,CAND:0d32e3ad08ef9cc69fd0369f,OPP:0d32e3ad08ef9cc69fd0369f,False,HOLD,NO_CREATION_EVENT,NONE,UNKNOWN,b811de42-fbb9-5d26-a364-a9f98c91de7c,NO_CURRENT_CREATION_EVENT,TRANSITION,OPEN,NO_EVENT,NONE,[],PROBABLE,[],2026-07-31T14:09:00+05:30,COFORGE,21,True,0,TRADE_DECISION_NOT_ALLOWED,NOT_ELIGIBLE
DIR:DIVISLAB:2026-07-31:002:DOWN:100600:DIRECTIONAL_REVERSAL_LEG_ESTABLISHED:101800,CAND:6644484c352c701feebfdf31,"{""FILLED"": 21}",0,0,"{""FILLED"": 21}",1376,FORCE_EXIT,EXIT,0,0,OPP:6644484c352c701feebfdf31,CAND:6644484c352c701feebfdf31,OPP:6644484c352c701feebfdf31,True,NO_ACTION,EVENT_INVALIDATE,COMPLETED,ALIGNED,a73cb6c9-a388-53f1-92b2-41820e34edd3,DIRECTIONAL_REVERSAL_LEG_FAILED_INVALIDATED_OPPOSITE_ACTIVE_SIGNAL,FORCE_EXIT,INVALIDATED,NO_EVENT,DIRECTIONAL,[],NONE,[],2026-07-31T14:09:00+05:30,DIVISLAB,21,True,0,TRADE_DECISION_NOT_ALLOWED,NOT_ELIGIBLE
,,"{""FILLED"": 21}",0,0,"{""FILLED"": 21}",1377,,,0,0,,,,,NO_ACTION,,,,,,,,NO_EVENT,REVERSAL_LEG,[],FORMING,[],2026-07-31T14:09:00+05:30,EXIDEIND,21,False,0,,NO_SIGNAL
DIR:FORCEMOT:2026-07-31:002:UP:105400:DIRECTIONAL_REVERSAL_LEG_ESTABLISHED:110000,CAND:32b3a707960484f98d8399a7,"{""FILLED"": 21}",0,0,"{""FILLED"": 21}",1378,HOLD_POSITION,CAUTION,0,0,OPP:32b3a707960484f98d8399a7,CAND:32b3a707960484f98d8399a7,OPP:32b3a707960484f98d8399a7,False,HOLD,NO_CREATION_EVENT,NONE,UNKNOWN,76d65cfd-3f5f-5419-81f1-24a924660ce7,NO_CURRENT_CREATION_EVENT,TRANSITION,OPEN,NO_EVENT,NONE,[],LOCKED,"[""CONTINUATION:BLOCK"", ""REACCELERATION:BLOCK"", ""REVERSAL:BLOCK""]",2026-07-31T14:09:00+05:30,FORCEMOT,21,False,0,,ALREADY_DEPLOYED
BAL:GLENMARK:2026-07-31:001:NEUTRAL:101200:BALANCE_ESCAPE_FAILED:131500,CAND:ccb8d7c9ac57fbb14f47bb87,"{""FILLED"": 21}",0,0,"{""FILLED"": 21}",1379,HOLD_POSITION,CAUTION,0,0,OPP:ccb8d7c9ac57fbb14f47bb87,CAND:ccb8d7c9ac57fbb14f47bb87,OPP:ccb8d7c9ac57fbb14f47bb87,False,HOLD,NO_CREATION_EVENT,NONE,UNKNOWN,a4859555-9e57-5772-9c79-4a6b83478351,NO_CURRENT_CREATION_EVENT,TRANSITION,OPEN,NO_EVENT,NONE,[],NONE,[],2026-07-31T14:09:00+05:30,GLENMARK,21,True,0,TRADE_DECISION_NOT_ALLOWED,NOT_ELIGIBLE
BAL:INDUSTOWER:2026-07-31:001:NEUTRAL:110900:BALANCE_ESCAPE_FAILED:115400,CAND:296c26607039b07e87c6f497,"{""FILLED"": 21}",0,0,"{""FILLED"": 21}",1380,HOLD_POSITION,CAUTION,0,0,OPP:296c26607039b07e87c6f497,CAND:296c26607039b07e87c6f497,OPP:296c26607039b07e87c6f497,False,HOLD,NO_CREATION_EVENT,NONE,UNKNOWN,6c1d311c-b1e4-503d-9f2d-3a50df29da5d,NO_CURRENT_CREATION_EVENT,TRANSITION,OPEN,NO_EVENT,NONE,[],FAILED_BACK_INSIDE,"[""CONTINUATION:BLOCK"", ""REACCELERATION:BLOCK"", ""REVERSAL:BLOCK""]",2026-07-31T14:09:00+05:30,INDUSTOWER,21,True,0,TRADE_DECISION_NOT_ALLOWED,NOT_ELIGIBLE
BAL:KALYANKJIL:2026-07-31:002:NEUTRAL:105100:BALANCE_ESCAPE_STARTED:112700,CAND:4a3872010c190995b2d63ff8,"{""FILLED"": 21}",0,0,"{""FILLED"": 21}",1381,HOLD_POSITION,CAUTION,0,0,OPP:4a3872010c190995b2d63ff8,CAND:4a3872010c190995b2d63ff8,OPP:4a3872010c190995b2d63ff8,False,HOLD,NO_CREATION_EVENT,REVERSAL_WATCH,OPPOSED,fe205a27-ef8f-5bf7-9192-94593d799d94,AUTHORITATIVE_REVERSAL_WATCH,PROTECT,OPEN,BALANCE_FORMING_STARTED,REVERSAL_WATCH,"[""BAL:KALYANKJIL:2026-07-31:005:NEUTRAL:140900:BALANCE_FORMING_STARTED:140900""]",FORMING,[],2026-07-31T14:09:00+05:30,KALYANKJIL,21,False,0,,ALREADY_DEPLOYED
DIR:MANAPPURAM:2026-07-31:006:UP:111200:DIRECTIONAL_REVERSAL_LEG_ESTABLISHED:112100,CAND:7316c4a2330c742a8803fe6c,"{""FILLED"": 21}",0,0,"{""FILLED"": 21}",1382,HOLD_POSITION,STRENGTHEN,0,0,OPP:7316c4a2330c742a8803fe6c,CAND:7316c4a2330c742a8803fe6c,OPP:7316c4a2330c742a8803fe6c,False,HOLD,NO_CREATION_EVENT,DIRECTIONAL,ALIGNED,50c51811-b112-5f0f-9fcc-a1422ceea97c,AUTHORITATIVE_DIRECTIONAL_ALIGNED,ACTIVE,OPEN,NO_EVENT,DIRECTIONAL,[],NONE,[],2026-07-31T14:09:00+05:30,MANAPPURAM,21,False,0,,ALREADY_DEPLOYED
BAL:PERSISTENT:2026-07-31:002:NEUTRAL:103600:BALANCE_ESCAPE_STARTED:110600,CAND:6e00ceac84968df1df4d7495,"{""FILLED"": 21}",0,0,"{""FILLED"": 21}",1383,HOLD_POSITION,CAUTION,0,0,OPP:6e00ceac84968df1df4d7495,CAND:6e00ceac84968df1df4d7495,OPP:6e00ceac84968df1df4d7495,False,HOLD,NO_CREATION_EVENT,NONE,UNKNOWN,cad8805e-c102-57a4-96c7-d70c9c07f5cc,NO_CURRENT_CREATION_EVENT,TRANSITION,OPEN,NO_EVENT,NONE,[],FORMING,[],2026-07-31T14:09:00+05:30,PERSISTENT,21,False,0,,ALREADY_DEPLOYED
BAL:POWERINDIA:2026-07-31:001:NEUTRAL:095100:BALANCE_ESCAPE_FAILED:113000,CAND:dc1ab160fa1ee75a10189da6,"{""FILLED"": 21}",0,0,"{""FILLED"": 21}",1384,HOLD_POSITION,CAUTION,0,0,OPP:dc1ab160fa1ee75a10189da6,CAND:dc1ab160fa1ee75a10189da6,OPP:dc1ab160fa1ee75a10189da6,False,HOLD,NO_CREATION_EVENT,NONE,UNKNOWN,57fbc3b0-0822-51b7-8515-450ea6586841,NO_CURRENT_CREATION_EVENT,TRANSITION,OPEN,NO_EVENT,NONE,[],LOCKED,"[""CONTINUATION:BLOCK"", ""REACCELERATION:BLOCK"", ""REVERSAL:BLOCK""]",2026-07-31T14:09:00+05:30,POWERINDIA,21,True,0,TRADE_DECISION_NOT_ALLOWED,NOT_ELIGIBLE
BAL:TCS:2026-07-31:001:NEUTRAL:100600:BALANCE_ESCAPE_STARTED:103600,CAND:02506b9e9c36e94d0d5e2f0e,"{""FILLED"": 21}",0,0,"{""FILLED"": 21}",1385,FORCE_EXIT,EXIT,0,0,OPP:02506b9e9c36e94d0d5e2f0e,CAND:02506b9e9c36e94d0d5e2f0e,OPP:02506b9e9c36e94d0d5e2f0e,True,NO_ACTION,EVENT_INVALIDATE,NONE,UNKNOWN,8ea01a85-4efa-5849-ac33-c03e0b01cda8,BALANCE_ESCAPE_FAILED_INVALIDATED_SETUP,FORCE_EXIT,INVALIDATED,NO_EVENT,NONE,[],LOCKED,"[""CONTINUATION:BLOCK"", ""REACCELERATION:BLOCK"", ""REVERSAL:BLOCK""]",2026-07-31T14:09:00+05:30,TCS,21,True,0,TRADE_DECISION_NOT_ALLOWED,NOT_ELIGIBLE
DIR:TORNTPHARM:2026-07-31:002:UP:105700:DIRECTIONAL_REVERSAL_LEG_ESTABLISHED:110300,CAND:dcb490f7068f3aeab3ab074f,"{""FILLED"": 21}",0,0,"{""FILLED"": 21}",1386,FORCE_EXIT,EXIT,0,0,OPP:dcb490f7068f3aeab3ab074f,CAND:dcb490f7068f3aeab3ab074f,OPP:dcb490f7068f3aeab3ab074f,True,NO_ACTION,EVENT_INVALIDATE,DIRECTIONAL,ALIGNED,099dd7de-7081-52f9-9bd2-655c56b6256c,DIRECTIONAL_TREND_RESTORED_INVALIDATED_SETUP,FORCE_EXIT,INVALIDATED,NO_EVENT,REVERSAL_WATCH,[],PROBABLE,[],2026-07-31T14:09:00+05:30,TORNTPHARM,21,False,0,,ALREADY_DEPLOYED
,,"{""FILLED"": 21}",0,0,"{""FILLED"": 21}",1387,,,0,0,,,,,NO_ACTION,,,,,,,,"BALANCE_FORMING_STARTED,DIRECTIONAL_STARTED",DIRECTIONAL,"[""BAL:BHEL:2026-07-31:004:NEUTRAL:141200:BALANCE_FORMING_STARTED:141200"", ""DIR:BHEL:2026-07-31:011:DOWN:141200:DIRECTIONAL_STARTED:141200""]",FORMING,[],2026-07-31T14:12:00+05:30,BHEL,21,False,0,,NO_SIGNAL
DIR:CHOLAFIN:2026-07-31:002:DOWN:102400:DIRECTIONAL_REVERSAL_LEG_ESTABLISHED:103300,CAND:c91e30e559c61ae9e4a8e30d,"{""FILLED"": 21}",0,0,"{""FILLED"": 21}",1388,FORCE_EXIT,EXIT,0,0,OPP:c91e30e559c61ae9e4a8e30d,CAND:c91e30e559c61ae9e4a8e30d,OPP:c91e30e559c61ae9e4a8e30d,True,NO_ACTION,EVENT_INVALIDATE,DIRECTIONAL,OPPOSED,aee40fe8-7759-5cec-902a-0db152fe528d,DIRECTIONAL_TREND_RESTORED_INVALIDATED_OPPOSITE_ACTIVE_SIGNAL,FORCE_EXIT,INVALIDATED,NO_EVENT,REVERSAL_WATCH,[],NONE,[],2026-07-31T14:12:00+05:30,CHOLAFIN,21,True,0,TRADE_DECISION_NOT_ALLOWED,NOT_ELIGIBLE
BAL:COFORGE:2026-07-31:003:NEUTRAL:105700:BALANCE_ESCAPE_STARTED:132100,CAND:0d32e3ad08ef9cc69fd0369f,"{""FILLED"": 21}",0,0,"{""FILLED"": 21}",1389,HOLD_POSITION,CAUTION,0,0,OPP:0d32e3ad08ef9cc69fd0369f,CAND:0d32e3ad08ef9cc69fd0369f,OPP:0d32e3ad08ef9cc69fd0369f,False,HOLD,NO_CREATION_EVENT,NONE,UNKNOWN,b811de42-fbb9-5d26-a364-a9f98c91de7c,NO_CURRENT_CREATION_EVENT,TRANSITION,OPEN,NO_EVENT,NONE,[],PROBABLE,[],2026-07-31T14:12:00+05:30,COFORGE,21,True,0,TRADE_DECISION_NOT_ALLOWED,NOT_ELIGIBLE
DIR:DIVISLAB:2026-07-31:002:DOWN:100600:DIRECTIONAL_REVERSAL_LEG_ESTABLISHED:101800,CAND:6644484c352c701feebfdf31,"{""FILLED"": 21}",0,0,"{""FILLED"": 21}",1390,FORCE_EXIT,EXIT,0,0,OPP:6644484c352c701feebfdf31,CAND:6644484c352c701feebfdf31,OPP:6644484c352c701feebfdf31,True,NO_ACTION,EVENT_INVALIDATE,COMPLETED,ALIGNED,a73cb6c9-a388-53f1-92b2-41820e34edd3,DIRECTIONAL_REVERSAL_LEG_FAILED_INVALIDATED_OPPOSITE_ACTIVE_SIGNAL,FORCE_EXIT,INVALIDATED,NO_EVENT,DIRECTIONAL,[],NONE,[],2026-07-31T14:12:00+05:30,DIVISLAB,21,True,0,TRADE_DECISION_NOT_ALLOWED,NOT_ELIGIBLE
,,"{""FILLED"": 21}",0,0,"{""FILLED"": 21}",1391,,,0,0,,,,,NO_ACTION,,,,,,,,NO_EVENT,REVERSAL_LEG,[],FORMING,[],2026-07-31T14:12:00+05:30,EXIDEIND,21,False,0,,NO_SIGNAL
DIR:FORCEMOT:2026-07-31:002:UP:105400:DIRECTIONAL_REVERSAL_LEG_ESTABLISHED:110000,CAND:32b3a707960484f98d8399a7,"{""FILLED"": 21}",0,0,"{""FILLED"": 21}",1392,HOLD_POSITION,CAUTION,0,0,OPP:32b3a707960484f98d8399a7,CAND:32b3a707960484f98d8399a7,OPP:32b3a707960484f98d8399a7,False,HOLD,NO_CREATION_EVENT,NONE,UNKNOWN,76d65cfd-3f5f-5419-81f1-24a924660ce7,NO_CURRENT_CREATION_EVENT,TRANSITION,OPEN,NO_EVENT,NONE,[],LOCKED,"[""CONTINUATION:BLOCK"", ""REACCELERATION:BLOCK"", ""REVERSAL:BLOCK""]",2026-07-31T14:12:00+05:30,FORCEMOT,21,False,0,,ALREADY_DEPLOYED
BAL:GLENMARK:2026-07-31:001:NEUTRAL:101200:BALANCE_ESCAPE_FAILED:131500,CAND:ccb8d7c9ac57fbb14f47bb87,"{""FILLED"": 21}",0,0,"{""FILLED"": 21}",1393,HOLD_POSITION,CAUTION,0,0,OPP:ccb8d7c9ac57fbb14f47bb87,CAND:ccb8d7c9ac57fbb14f47bb87,OPP:ccb8d7c9ac57fbb14f47bb87,False,HOLD,NO_CREATION_EVENT,NONE,UNKNOWN,a4859555-9e57-5772-9c79-4a6b83478351,NO_CURRENT_CREATION_EVENT,TRANSITION,OPEN,NO_EVENT,NONE,[],NONE,[],2026-07-31T14:12:00+05:30,GLENMARK,21,True,0,TRADE_DECISION_NOT_ALLOWED,NOT_ELIGIBLE
BAL:INDUSTOWER:2026-07-31:001:NEUTRAL:110900:BALANCE_ESCAPE_FAILED:115400,CAND:296c26607039b07e87c6f497,"{""FILLED"": 21}",0,0,"{""FILLED"": 21}",1394,HOLD_POSITION,CAUTION,0,0,OPP:296c26607039b07e87c6f497,CAND:296c26607039b07e87c6f497,OPP:296c26607039b07e87c6f497,False,HOLD,NO_CREATION_EVENT,NONE,UNKNOWN,6c1d311c-b1e4-503d-9f2d-3a50df29da5d,NO_CURRENT_CREATION_EVENT,TRANSITION,OPEN,NO_EVENT,NONE,[],FAILED_BACK_INSIDE,"[""CONTINUATION:BLOCK"", ""REACCELERATION:BLOCK"", ""REVERSAL:BLOCK""]",2026-07-31T14:12:00+05:30,INDUSTOWER,21,True,0,TRADE_DECISION_NOT_ALLOWED,NOT_ELIGIBLE
BAL:KALYANKJIL:2026-07-31:002:NEUTRAL:105100:BALANCE_ESCAPE_STARTED:112700,CAND:4a3872010c190995b2d63ff8,"{""FILLED"": 21}",0,0,"{""FILLED"": 21}",1395,HOLD_POSITION,CAUTION,0,0,OPP:4a3872010c190995b2d63ff8,CAND:4a3872010c190995b2d63ff8,OPP:4a3872010c190995b2d63ff8,False,HOLD,NO_CREATION_EVENT,REVERSAL_WATCH,OPPOSED,fe205a27-ef8f-5bf7-9192-94593d799d94,AUTHORITATIVE_REVERSAL_WATCH,PROTECT,OPEN,NO_EVENT,REVERSAL_WATCH,[],FORMING,[],2026-07-31T14:12:00+05:30,KALYANKJIL,21,False,0,,ALREADY_DEPLOYED
DIR:MANAPPURAM:2026-07-31:006:UP:111200:DIRECTIONAL_REVERSAL_LEG_ESTABLISHED:112100,CAND:7316c4a2330c742a8803fe6c,"{""FILLED"": 21}",0,0,"{""FILLED"": 21}",1396,HOLD_POSITION,STRENGTHEN,0,0,OPP:7316c4a2330c742a8803fe6c,CAND:7316c4a2330c742a8803fe6c,OPP:7316c4a2330c742a8803fe6c,False,HOLD,NO_CREATION_EVENT,DIRECTIONAL,ALIGNED,50c51811-b112-5f0f-9fcc-a1422ceea97c,AUTHORITATIVE_DIRECTIONAL_ALIGNED,ACTIVE,OPEN,NO_EVENT,DIRECTIONAL,[],NONE,[],2026-07-31T14:12:00+05:30,MANAPPURAM,21,False,0,,ALREADY_DEPLOYED
BAL:PERSISTENT:2026-07-31:002:NEUTRAL:103600:BALANCE_ESCAPE_STARTED:110600,CAND:6e00ceac84968df1df4d7495,"{""FILLED"": 21}",0,0,"{""FILLED"": 21}",1397,HOLD_POSITION,CAUTION,0,0,OPP:6e00ceac84968df1df4d7495,CAND:6e00ceac84968df1df4d7495,OPP:6e00ceac84968df1df4d7495,False,HOLD,NO_CREATION_EVENT,NONE,UNKNOWN,cad8805e-c102-57a4-96c7-d70c9c07f5cc,NO_CURRENT_CREATION_EVENT,TRANSITION,OPEN,NO_EVENT,NONE,[],FORMING,[],2026-07-31T14:12:00+05:30,PERSISTENT,21,False,0,,ALREADY_DEPLOYED
BAL:POWERINDIA:2026-07-31:001:NEUTRAL:095100:BALANCE_ESCAPE_FAILED:113000,CAND:dc1ab160fa1ee75a10189da6,"{""FILLED"": 21}",0,0,"{""FILLED"": 21}",1398,HOLD_POSITION,CAUTION,0,0,OPP:dc1ab160fa1ee75a10189da6,CAND:dc1ab160fa1ee75a10189da6,OPP:dc1ab160fa1ee75a10189da6,False,HOLD,NO_CREATION_EVENT,NONE,UNKNOWN,57fbc3b0-0822-51b7-8515-450ea6586841,NO_CURRENT_CREATION_EVENT,TRANSITION,OPEN,NO_EVENT,NONE,[],LOCKED,"[""CONTINUATION:BLOCK"", ""REACCELERATION:BLOCK"", ""REVERSAL:BLOCK""]",2026-07-31T14:12:00+05:30,POWERINDIA,21,True,0,TRADE_DECISION_NOT_ALLOWED,NOT_ELIGIBLE
BAL:TCS:2026-07-31:001:NEUTRAL:100600:BALANCE_ESCAPE_STARTED:103600,CAND:02506b9e9c36e94d0d5e2f0e,"{""FILLED"": 21}",0,0,"{""FILLED"": 21}",1399,FORCE_EXIT,EXIT,0,0,OPP:02506b9e9c36e94d0d5e2f0e,CAND:02506b9e9c36e94d0d5e2f0e,OPP:02506b9e9c36e94d0d5e2f0e,True,NO_ACTION,EVENT_INVALIDATE,NONE,UNKNOWN,8ea01a85-4efa-5849-ac33-c03e0b01cda8,BALANCE_ESCAPE_FAILED_INVALIDATED_SETUP,FORCE_EXIT,INVALIDATED,NO_EVENT,NONE,[],LOCKED,"[""CONTINUATION:BLOCK"", ""REACCELERATION:BLOCK"", ""REVERSAL:BLOCK""]",2026-07-31T14:12:00+05:30,TCS,21,True,0,TRADE_DECISION_NOT_ALLOWED,NOT_ELIGIBLE
DIR:TORNTPHARM:2026-07-31:002:UP:105700:DIRECTIONAL_REVERSAL_LEG_ESTABLISHED:110300,CAND:dcb490f7068f3aeab3ab074f,"{""FILLED"": 21}",0,0,"{""FILLED"": 21}",1400,FORCE_EXIT,EXIT,0,0,OPP:dcb490f7068f3aeab3ab074f,CAND:dcb490f7068f3aeab3ab074f,OPP:dcb490f7068f3aeab3ab074f,True,NO_ACTION,EVENT_INVALIDATE,DIRECTIONAL,ALIGNED,099dd7de-7081-52f9-9bd2-655c56b6256c,DIRECTIONAL_TREND_RESTORED_INVALIDATED_SETUP,FORCE_EXIT,INVALIDATED,DIRECTIONAL_TREND_RESTORED,DIRECTIONAL,"[""DIR:TORNTPHARM:2026-07-31:006:DOWN:130300:DIRECTIONAL_TREND_RESTORED:141200""]",PROBABLE,"[""CONTINUATION:PERMIT""]",2026-07-31T14:12:00+05:30,TORNTPHARM,21,False,0,,ALREADY_DEPLOYED
,,"{""FILLED"": 21}",0,0,"{""FILLED"": 21}",1401,,,0,0,,,,,NO_ACTION,,,,,,,,NO_EVENT,DIRECTIONAL,[],FORMING,[],2026-07-31T14:15:00+05:30,BHEL,21,False,0,,NO_SIGNAL
DIR:CHOLAFIN:2026-07-31:002:DOWN:102400:DIRECTIONAL_REVERSAL_LEG_ESTABLISHED:103300,CAND:c91e30e559c61ae9e4a8e30d,"{""FILLED"": 21}",0,0,"{""FILLED"": 21}",1402,FORCE_EXIT,EXIT,0,0,OPP:c91e30e559c61ae9e4a8e30d,CAND:c91e30e559c61ae9e4a8e30d,OPP:c91e30e559c61ae9e4a8e30d,True,NO_ACTION,EVENT_INVALIDATE,DIRECTIONAL,OPPOSED,aee40fe8-7759-5cec-902a-0db152fe528d,DIRECTIONAL_TREND_RESTORED_INVALIDATED_OPPOSITE_ACTIVE_SIGNAL,FORCE_EXIT,INVALIDATED,NO_EVENT,REVERSAL_WATCH,[],NONE,[],2026-07-31T14:15:00+05:30,CHOLAFIN,21,True,0,TRADE_DECISION_NOT_ALLOWED,NOT_ELIGIBLE
BAL:COFORGE:2026-07-31:003:NEUTRAL:105700:BALANCE_ESCAPE_STARTED:132100,CAND:0d32e3ad08ef9cc69fd0369f,"{""FILLED"": 21}",0,0,"{""FILLED"": 21}",1403,HOLD_POSITION,CAUTION,0,0,OPP:0d32e3ad08ef9cc69fd0369f,CAND:0d32e3ad08ef9cc69fd0369f,OPP:0d32e3ad08ef9cc69fd0369f,False,HOLD,NO_CREATION_EVENT,NONE,UNKNOWN,b811de42-fbb9-5d26-a364-a9f98c91de7c,NO_CURRENT_CREATION_EVENT,TRANSITION,OPEN,BALANCE_LOCKED,NONE,"[""BAL:COFORGE:2026-07-31:004:NEUTRAL:135400:BALANCE_LOCKED:141500""]",LOCKED,"[""CONTINUATION:BLOCK"", ""REACCELERATION:BLOCK"", ""REVERSAL:BLOCK""]",2026-07-31T14:15:00+05:30,COFORGE,21,True,0,TRADE_DECISION_NOT_ALLOWED,NOT_ELIGIBLE
DIR:DIVISLAB:2026-07-31:002:DOWN:100600:DIRECTIONAL_REVERSAL_LEG_ESTABLISHED:101800,CAND:6644484c352c701feebfdf31,"{""FILLED"": 21}",0,0,"{""FILLED"": 21}",1404,FORCE_EXIT,EXIT,0,0,OPP:6644484c352c701feebfdf31,CAND:6644484c352c701feebfdf31,OPP:6644484c352c701feebfdf31,True,NO_ACTION,EVENT_INVALIDATE,COMPLETED,ALIGNED,a73cb6c9-a388-53f1-92b2-41820e34edd3,DIRECTIONAL_REVERSAL_LEG_FAILED_INVALIDATED_OPPOSITE_ACTIVE_SIGNAL,FORCE_EXIT,INVALIDATED,NO_EVENT,DIRECTIONAL,[],NONE,[],2026-07-31T14:15:00+05:30,DIVISLAB,21,True,0,TRADE_DECISION_NOT_ALLOWED,NOT_ELIGIBLE
,,"{""FILLED"": 21}",0,0,"{""FILLED"": 21}",1405,,,0,0,,,,,NO_ACTION,,,,,,,,NO_EVENT,REVERSAL_LEG,[],FORMING,[],2026-07-31T14:15:00+05:30,EXIDEIND,21,False,0,,NO_SIGNAL
DIR:FORCEMOT:2026-07-31:002:UP:105400:DIRECTIONAL_REVERSAL_LEG_ESTABLISHED:110000,CAND:32b3a707960484f98d8399a7,"{""FILLED"": 21}",0,0,"{""FILLED"": 21}",1406,HOLD_POSITION,CAUTION,0,0,OPP:32b3a707960484f98d8399a7,CAND:32b3a707960484f98d8399a7,OPP:32b3a707960484f98d8399a7,False,HOLD,NO_CREATION_EVENT,NONE,UNKNOWN,76d65cfd-3f5f-5419-81f1-24a924660ce7,NO_CURRENT_CREATION_EVENT,TRANSITION,OPEN,NO_EVENT,NONE,[],LOCKED,"[""CONTINUATION:BLOCK"", ""REACCELERATION:BLOCK"", ""REVERSAL:BLOCK""]",2026-07-31T14:15:00+05:30,FORCEMOT,21,False,0,,ALREADY_DEPLOYED
BAL:GLENMARK:2026-07-31:001:NEUTRAL:101200:BALANCE_ESCAPE_FAILED:131500,CAND:ccb8d7c9ac57fbb14f47bb87,"{""FILLED"": 21}",0,0,"{""FILLED"": 21}",1407,HOLD_POSITION,CAUTION,0,0,OPP:ccb8d7c9ac57fbb14f47bb87,CAND:ccb8d7c9ac57fbb14f47bb87,OPP:ccb8d7c9ac57fbb14f47bb87,False,HOLD,NO_CREATION_EVENT,NONE,UNKNOWN,a4859555-9e57-5772-9c79-4a6b83478351,NO_CURRENT_CREATION_EVENT,TRANSITION,OPEN,NO_EVENT,NONE,[],NONE,[],2026-07-31T14:15:00+05:30,GLENMARK,21,True,0,TRADE_DECISION_NOT_ALLOWED,NOT_ELIGIBLE
BAL:INDUSTOWER:2026-07-31:001:NEUTRAL:110900:BALANCE_ESCAPE_FAILED:115400,CAND:296c26607039b07e87c6f497,"{""FILLED"": 21}",0,0,"{""FILLED"": 21}",1408,HOLD_POSITION,CAUTION,0,0,OPP:296c26607039b07e87c6f497,CAND:296c26607039b07e87c6f497,OPP:296c26607039b07e87c6f497,False,HOLD,NO_CREATION_EVENT,NONE,UNKNOWN,6c1d311c-b1e4-503d-9f2d-3a50df29da5d,NO_CURRENT_CREATION_EVENT,TRANSITION,OPEN,NO_EVENT,NONE,[],FAILED_BACK_INSIDE,"[""CONTINUATION:BLOCK"", ""REACCELERATION:BLOCK"", ""REVERSAL:BLOCK""]",2026-07-31T14:15:00+05:30,INDUSTOWER,21,True,0,TRADE_DECISION_NOT_ALLOWED,NOT_ELIGIBLE
BAL:KALYANKJIL:2026-07-31:002:NEUTRAL:105100:BALANCE_ESCAPE_STARTED:112700,CAND:4a3872010c190995b2d63ff8,"{""FILLED"": 21}",0,0,"{""FILLED"": 21}",1409,HOLD_POSITION,CAUTION,0,0,OPP:4a3872010c190995b2d63ff8,CAND:4a3872010c190995b2d63ff8,OPP:4a3872010c190995b2d63ff8,False,HOLD,NO_CREATION_EVENT,REVERSAL_WATCH,OPPOSED,fe205a27-ef8f-5bf7-9192-94593d799d94,AUTHORITATIVE_REVERSAL_WATCH,PROTECT,OPEN,NO_EVENT,REVERSAL_WATCH,[],FORMING,[],2026-07-31T14:15:00+05:30,KALYANKJIL,21,False,0,,ALREADY_DEPLOYED
DIR:MANAPPURAM:2026-07-31:006:UP:111200:DIRECTIONAL_REVERSAL_LEG_ESTABLISHED:112100,CAND:7316c4a2330c742a8803fe6c,"{""FILLED"": 21}",0,0,"{""FILLED"": 21}",1410,HOLD_POSITION,STRENGTHEN,0,0,OPP:7316c4a2330c742a8803fe6c,CAND:7316c4a2330c742a8803fe6c,OPP:7316c4a2330c742a8803fe6c,False,HOLD,NO_CREATION_EVENT,DIRECTIONAL,ALIGNED,50c51811-b112-5f0f-9fcc-a1422ceea97c,AUTHORITATIVE_DIRECTIONAL_ALIGNED,ACTIVE,OPEN,NO_EVENT,DIRECTIONAL,[],NONE,[],2026-07-31T14:15:00+05:30,MANAPPURAM,21,False,0,,ALREADY_DEPLOYED
BAL:PERSISTENT:2026-07-31:002:NEUTRAL:103600:BALANCE_ESCAPE_STARTED:110600,CAND:6e00ceac84968df1df4d7495,"{""FILLED"": 21}",0,0,"{""FILLED"": 21}",1411,HOLD_POSITION,CAUTION,0,0,OPP:6e00ceac84968df1df4d7495,CAND:6e00ceac84968df1df4d7495,OPP:6e00ceac84968df1df4d7495,False,HOLD,NO_CREATION_EVENT,NONE,UNKNOWN,cad8805e-c102-57a4-96c7-d70c9c07f5cc,NO_CURRENT_CREATION_EVENT,TRANSITION,OPEN,BALANCE_COMPLETED,NONE,"[""BAL:PERSISTENT:2026-07-31:006:NEUTRAL:140300:BALANCE_COMPLETED:141500""]",COMPLETED,[],2026-07-31T14:15:00+05:30,PERSISTENT,21,False,0,,ALREADY_DEPLOYED
BAL:POWERINDIA:2026-07-31:001:NEUTRAL:095100:BALANCE_ESCAPE_FAILED:113000,CAND:dc1ab160fa1ee75a10189da6,"{""FILLED"": 21}",0,0,"{""FILLED"": 21}",1412,HOLD_POSITION,CAUTION,0,0,OPP:dc1ab160fa1ee75a10189da6,CAND:dc1ab160fa1ee75a10189da6,OPP:dc1ab160fa1ee75a10189da6,False,HOLD,NO_CREATION_EVENT,NONE,UNKNOWN,57fbc3b0-0822-51b7-8515-450ea6586841,NO_CURRENT_CREATION_EVENT,TRANSITION,OPEN,NO_EVENT,NONE,[],LOCKED,"[""CONTINUATION:BLOCK"", ""REACCELERATION:BLOCK"", ""REVERSAL:BLOCK""]",2026-07-31T14:15:00+05:30,POWERINDIA,21,True,0,TRADE_DECISION_NOT_ALLOWED,NOT_ELIGIBLE
BAL:TCS:2026-07-31:001:NEUTRAL:100600:BALANCE_ESCAPE_STARTED:103600,CAND:02506b9e9c36e94d0d5e2f0e,"{""FILLED"": 21}",0,0,"{""FILLED"": 21}",1413,FORCE_EXIT,EXIT,0,0,OPP:02506b9e9c36e94d0d5e2f0e,CAND:02506b9e9c36e94d0d5e2f0e,OPP:02506b9e9c36e94d0d5e2f0e,True,NO_ACTION,EVENT_INVALIDATE,NONE,UNKNOWN,8ea01a85-4efa-5849-ac33-c03e0b01cda8,BALANCE_ESCAPE_FAILED_INVALIDATED_SETUP,FORCE_EXIT,INVALIDATED,NO_EVENT,NONE,[],LOCKED,"[""CONTINUATION:BLOCK"", ""REACCELERATION:BLOCK"", ""REVERSAL:BLOCK""]",2026-07-31T14:15:00+05:30,TCS,21,True,0,TRADE_DECISION_NOT_ALLOWED,NOT_ELIGIBLE
DIR:TORNTPHARM:2026-07-31:002:UP:105700:DIRECTIONAL_REVERSAL_LEG_ESTABLISHED:110300,CAND:dcb490f7068f3aeab3ab074f,"{""FILLED"": 21}",0,0,"{""FILLED"": 21}",1414,FORCE_EXIT,EXIT,0,0,OPP:dcb490f7068f3aeab3ab074f,CAND:dcb490f7068f3aeab3ab074f,OPP:dcb490f7068f3aeab3ab074f,True,NO_ACTION,EVENT_INVALIDATE,DIRECTIONAL,ALIGNED,099dd7de-7081-52f9-9bd2-655c56b6256c,DIRECTIONAL_TREND_RESTORED_INVALIDATED_SETUP,FORCE_EXIT,INVALIDATED,DIRECTIONAL_MATURED,MATURE,"[""DIR:TORNTPHARM:2026-07-31:006:DOWN:130300:DIRECTIONAL_MATURED:141500""]",PROBABLE,[],2026-07-31T14:15:00+05:30,TORNTPHARM,21,False,0,,ALREADY_DEPLOYED
,,"{""FILLED"": 21}",0,0,"{""FILLED"": 21}",1415,,,0,0,,,,,NO_ACTION,,,,,,,,"BALANCE_COMPLETED,DIRECTIONAL_MATURED",MATURE,"[""BAL:BHEL:2026-07-31:004:NEUTRAL:141200:BALANCE_COMPLETED:141800"", ""DIR:BHEL:2026-07-31:011:DOWN:141200:DIRECTIONAL_MATURED:141800""]",COMPLETED,[],2026-07-31T14:18:00+05:30,BHEL,21,False,0,,NO_SIGNAL
DIR:CHOLAFIN:2026-07-31:002:DOWN:102400:DIRECTIONAL_REVERSAL_LEG_ESTABLISHED:103300,CAND:c91e30e559c61ae9e4a8e30d,"{""FILLED"": 21}",0,0,"{""FILLED"": 21}",1416,FORCE_EXIT,EXIT,0,0,OPP:c91e30e559c61ae9e4a8e30d,CAND:c91e30e559c61ae9e4a8e30d,OPP:c91e30e559c61ae9e4a8e30d,True,NO_ACTION,EVENT_INVALIDATE,DIRECTIONAL,OPPOSED,aee40fe8-7759-5cec-902a-0db152fe528d,DIRECTIONAL_TREND_RESTORED_INVALIDATED_OPPOSITE_ACTIVE_SIGNAL,FORCE_EXIT,INVALIDATED,"DIRECTIONAL_REVERSAL_CONFIRMED,DIRECTIONAL_COMPLETED,DIRECTIONAL_REVERSAL_LEG_STARTED",REVERSAL_LEG,"[""DIR:CHOLAFIN:2026-07-31:006:DOWN:132700:DIRECTIONAL_REVERSAL_CONFIRMED:141800"", ""DIR:CHOLAFIN:2026-07-31:006:DOWN:132700:DIRECTIONAL_COMPLETED:141800"", ""DIR:CHOLAFIN:2026-07-31:007:UP:141800:DIRECTIONAL_REVERSAL_LEG_STARTED:141800""]",NONE,"[""REVERSAL:WAIT""]",2026-07-31T14:18:00+05:30,CHOLAFIN,21,True,0,TRADE_DECISION_NOT_ALLOWED,NOT_ELIGIBLE
BAL:COFORGE:2026-07-31:003:NEUTRAL:105700:BALANCE_ESCAPE_STARTED:132100,CAND:0d32e3ad08ef9cc69fd0369f,"{""FILLED"": 21}",0,0,"{""FILLED"": 21}",1417,HOLD_POSITION,CAUTION,0,0,OPP:0d32e3ad08ef9cc69fd0369f,CAND:0d32e3ad08ef9cc69fd0369f,OPP:0d32e3ad08ef9cc69fd0369f,False,HOLD,NO_CREATION_EVENT,NONE,UNKNOWN,b811de42-fbb9-5d26-a364-a9f98c91de7c,NO_CURRENT_CREATION_EVENT,TRANSITION,OPEN,NO_EVENT,NONE,[],LOCKED,"[""CONTINUATION:BLOCK"", ""REACCELERATION:BLOCK"", ""REVERSAL:BLOCK""]",2026-07-31T14:18:00+05:30,COFORGE,21,True,0,TRADE_DECISION_NOT_ALLOWED,NOT_ELIGIBLE
DIR:DIVISLAB:2026-07-31:002:DOWN:100600:DIRECTIONAL_REVERSAL_LEG_ESTABLISHED:101800,CAND:6644484c352c701feebfdf31,"{""FILLED"": 21}",0,0,"{""FILLED"": 21}",1418,FORCE_EXIT,EXIT,0,0,OPP:6644484c352c701feebfdf31,CAND:6644484c352c701feebfdf31,OPP:6644484c352c701feebfdf31,True,NO_ACTION,EVENT_INVALIDATE,COMPLETED,ALIGNED,a73cb6c9-a388-53f1-92b2-41820e34edd3,DIRECTIONAL_REVERSAL_LEG_FAILED_INVALIDATED_OPPOSITE_ACTIVE_SIGNAL,FORCE_EXIT,INVALIDATED,NO_EVENT,DIRECTIONAL,[],NONE,[],2026-07-31T14:18:00+05:30,DIVISLAB,21,True,0,TRADE_DECISION_NOT_ALLOWED,NOT_ELIGIBLE
,,"{""FILLED"": 21}",0,0,"{""FILLED"": 21}",1419,,,0,0,,,,,NO_ACTION,,,,,,,,BALANCE_COMPLETED,REVERSAL_LEG,"[""BAL:EXIDEIND:2026-07-31:005:NEUTRAL:140600:BALANCE_COMPLETED:141800""]",COMPLETED,[],2026-07-31T14:18:00+05:30,EXIDEIND,21,False,0,,NO_SIGNAL
DIR:FORCEMOT:2026-07-31:002:UP:105400:DIRECTIONAL_REVERSAL_LEG_ESTABLISHED:110000,CAND:32b3a707960484f98d8399a7,"{""FILLED"": 21}",0,0,"{""FILLED"": 21}",1420,HOLD_POSITION,CAUTION,0,0,OPP:32b3a707960484f98d8399a7,CAND:32b3a707960484f98d8399a7,OPP:32b3a707960484f98d8399a7,False,HOLD,NO_CREATION_EVENT,NONE,UNKNOWN,76d65cfd-3f5f-5419-81f1-24a924660ce7,NO_CURRENT_CREATION_EVENT,TRANSITION,OPEN,NO_EVENT,NONE,[],LOCKED,"[""CONTINUATION:BLOCK"", ""REACCELERATION:BLOCK"", ""REVERSAL:BLOCK""]",2026-07-31T14:18:00+05:30,FORCEMOT,21,False,0,,ALREADY_DEPLOYED
BAL:GLENMARK:2026-07-31:001:NEUTRAL:101200:BALANCE_ESCAPE_FAILED:131500,CAND:ccb8d7c9ac57fbb14f47bb87,"{""FILLED"": 21}",0,0,"{""FILLED"": 21}",1421,HOLD_POSITION,CAUTION,0,0,OPP:ccb8d7c9ac57fbb14f47bb87,CAND:ccb8d7c9ac57fbb14f47bb87,OPP:ccb8d7c9ac57fbb14f47bb87,False,HOLD,NO_CREATION_EVENT,NONE,UNKNOWN,a4859555-9e57-5772-9c79-4a6b83478351,NO_CURRENT_CREATION_EVENT,TRANSITION,OPEN,NO_EVENT,NONE,[],NONE,[],2026-07-31T14:18:00+05:30,GLENMARK,21,True,0,TRADE_DECISION_NOT_ALLOWED,NOT_ELIGIBLE
BAL:INDUSTOWER:2026-07-31:001:NEUTRAL:110900:BALANCE_ESCAPE_FAILED:115400,CAND:296c26607039b07e87c6f497,"{""FILLED"": 21}",0,0,"{""FILLED"": 21}",1422,HOLD_POSITION,CAUTION,0,0,OPP:296c26607039b07e87c6f497,CAND:296c26607039b07e87c6f497,OPP:296c26607039b07e87c6f497,False,HOLD,NO_CREATION_EVENT,NONE,UNKNOWN,6c1d311c-b1e4-503d-9f2d-3a50df29da5d,NO_CURRENT_CREATION_EVENT,TRANSITION,OPEN,NO_EVENT,NONE,[],FAILED_BACK_INSIDE,"[""CONTINUATION:BLOCK"", ""REACCELERATION:BLOCK"", ""REVERSAL:BLOCK""]",2026-07-31T14:18:00+05:30,INDUSTOWER,21,True,0,TRADE_DECISION_NOT_ALLOWED,NOT_ELIGIBLE
BAL:KALYANKJIL:2026-07-31:002:NEUTRAL:105100:BALANCE_ESCAPE_STARTED:112700,CAND:4a3872010c190995b2d63ff8,"{""FILLED"": 21}",0,0,"{""FILLED"": 21}",1423,HOLD_POSITION,CAUTION,0,0,OPP:4a3872010c190995b2d63ff8,CAND:4a3872010c190995b2d63ff8,OPP:4a3872010c190995b2d63ff8,False,HOLD,NO_CREATION_EVENT,REVERSAL_WATCH,OPPOSED,fe205a27-ef8f-5bf7-9192-94593d799d94,AUTHORITATIVE_REVERSAL_WATCH,PROTECT,OPEN,NO_EVENT,REVERSAL_WATCH,[],FORMING,[],2026-07-31T14:18:00+05:30,KALYANKJIL,21,False,0,,ALREADY_DEPLOYED
DIR:MANAPPURAM:2026-07-31:006:UP:111200:DIRECTIONAL_REVERSAL_LEG_ESTABLISHED:112100,CAND:7316c4a2330c742a8803fe6c,"{""FILLED"": 21}",0,0,"{""FILLED"": 21}",1424,HOLD_POSITION,STRENGTHEN,0,0,OPP:7316c4a2330c742a8803fe6c,CAND:7316c4a2330c742a8803fe6c,OPP:7316c4a2330c742a8803fe6c,False,HOLD,NO_CREATION_EVENT,DIRECTIONAL,ALIGNED,50c51811-b112-5f0f-9fcc-a1422ceea97c,AUTHORITATIVE_DIRECTIONAL_ALIGNED,ACTIVE,OPEN,NO_EVENT,DIRECTIONAL,[],NONE,[],2026-07-31T14:18:00+05:30,MANAPPURAM,21,False,0,,ALREADY_DEPLOYED
BAL:PERSISTENT:2026-07-31:002:NEUTRAL:103600:BALANCE_ESCAPE_STARTED:110600,CAND:6e00ceac84968df1df4d7495,"{""FILLED"": 21}",0,0,"{""FILLED"": 21}",1425,HOLD_POSITION,CAUTION,0,0,OPP:6e00ceac84968df1df4d7495,CAND:6e00ceac84968df1df4d7495,OPP:6e00ceac84968df1df4d7495,False,HOLD,NO_CREATION_EVENT,NONE,UNKNOWN,cad8805e-c102-57a4-96c7-d70c9c07f5cc,NO_CURRENT_CREATION_EVENT,TRANSITION,OPEN,NO_EVENT,NONE,[],NONE,[],2026-07-31T14:18:00+05:30,PERSISTENT,21,False,0,,ALREADY_DEPLOYED
BAL:POWERINDIA:2026-07-31:001:NEUTRAL:095100:BALANCE_ESCAPE_FAILED:113000,CAND:dc1ab160fa1ee75a10189da6,"{""FILLED"": 21}",0,0,"{""FILLED"": 21}",1426,HOLD_POSITION,CAUTION,0,0,OPP:dc1ab160fa1ee75a10189da6,CAND:dc1ab160fa1ee75a10189da6,OPP:dc1ab160fa1ee75a10189da6,False,HOLD,NO_CREATION_EVENT,NONE,UNKNOWN,57fbc3b0-0822-51b7-8515-450ea6586841,NO_CURRENT_CREATION_EVENT,TRANSITION,OPEN,NO_EVENT,NONE,[],LOCKED,"[""CONTINUATION:BLOCK"", ""REACCELERATION:BLOCK"", ""REVERSAL:BLOCK""]",2026-07-31T14:18:00+05:30,POWERINDIA,21,True,0,TRADE_DECISION_NOT_ALLOWED,NOT_ELIGIBLE
BAL:TCS:2026-07-31:001:NEUTRAL:100600:BALANCE_ESCAPE_STARTED:103600,CAND:02506b9e9c36e94d0d5e2f0e,"{""FILLED"": 21}",0,0,"{""FILLED"": 21}",1427,FORCE_EXIT,EXIT,0,0,OPP:02506b9e9c36e94d0d5e2f0e,CAND:02506b9e9c36e94d0d5e2f0e,OPP:02506b9e9c36e94d0d5e2f0e,True,NO_ACTION,EVENT_INVALIDATE,NONE,UNKNOWN,8ea01a85-4efa-5849-ac33-c03e0b01cda8,BALANCE_ESCAPE_FAILED_INVALIDATED_SETUP,FORCE_EXIT,INVALIDATED,NO_EVENT,NONE,[],LOCKED,"[""CONTINUATION:BLOCK"", ""REACCELERATION:BLOCK"", ""REVERSAL:BLOCK""]",2026-07-31T14:18:00+05:30,TCS,21,True,0,TRADE_DECISION_NOT_ALLOWED,NOT_ELIGIBLE
DIR:TORNTPHARM:2026-07-31:002:UP:105700:DIRECTIONAL_REVERSAL_LEG_ESTABLISHED:110300,CAND:dcb490f7068f3aeab3ab074f,"{""FILLED"": 21}",0,0,"{""FILLED"": 21}",1428,FORCE_EXIT,EXIT,0,0,OPP:dcb490f7068f3aeab3ab074f,CAND:dcb490f7068f3aeab3ab074f,OPP:dcb490f7068f3aeab3ab074f,True,NO_ACTION,EVENT_INVALIDATE,DIRECTIONAL,ALIGNED,099dd7de-7081-52f9-9bd2-655c56b6256c,DIRECTIONAL_TREND_RESTORED_INVALIDATED_SETUP,FORCE_EXIT,INVALIDATED,"BALANCE_COMPLETED,REVERSAL_WATCH_STARTED",REVERSAL_WATCH,"[""BAL:TORNTPHARM:2026-07-31:006:NEUTRAL:134800:BALANCE_COMPLETED:141800"", ""DIR:TORNTPHARM:2026-07-31:006:DOWN:130300:REVERSAL_WATCH_STARTED:141800""]",COMPLETED,[],2026-07-31T14:18:00+05:30,TORNTPHARM,21,False,0,,ALREADY_DEPLOYED
,,"{""FILLED"": 21}",0,0,"{""FILLED"": 21}",1429,,,0,0,,,,,NO_ACTION,,,,,,,,REVERSAL_WATCH_STARTED,REVERSAL_WATCH,"[""DIR:BHEL:2026-07-31:011:DOWN:141200:REVERSAL_WATCH_STARTED:142100""]",NONE,[],2026-07-31T14:21:00+05:30,BHEL,21,False,0,,NO_SIGNAL
DIR:CHOLAFIN:2026-07-31:002:DOWN:102400:DIRECTIONAL_REVERSAL_LEG_ESTABLISHED:103300,CAND:c91e30e559c61ae9e4a8e30d,"{""FILLED"": 21}",0,0,"{""FILLED"": 21}",1430,FORCE_EXIT,EXIT,0,0,OPP:c91e30e559c61ae9e4a8e30d,CAND:c91e30e559c61ae9e4a8e30d,OPP:c91e30e559c61ae9e4a8e30d,True,NO_ACTION,EVENT_INVALIDATE,DIRECTIONAL,OPPOSED,aee40fe8-7759-5cec-902a-0db152fe528d,DIRECTIONAL_TREND_RESTORED_INVALIDATED_OPPOSITE_ACTIVE_SIGNAL,FORCE_EXIT,INVALIDATED,NO_EVENT,REVERSAL_LEG,[],NONE,[],2026-07-31T14:21:00+05:30,CHOLAFIN,21,True,0,TRADE_DECISION_NOT_ALLOWED,NOT_ELIGIBLE
BAL:COFORGE:2026-07-31:003:NEUTRAL:105700:BALANCE_ESCAPE_STARTED:132100,CAND:0d32e3ad08ef9cc69fd0369f,"{""FILLED"": 21}",0,0,"{""FILLED"": 21}",1431,HOLD_POSITION,CAUTION,0,0,OPP:0d32e3ad08ef9cc69fd0369f,CAND:0d32e3ad08ef9cc69fd0369f,OPP:0d32e3ad08ef9cc69fd0369f,False,HOLD,NO_CREATION_EVENT,NONE,UNKNOWN,b811de42-fbb9-5d26-a364-a9f98c91de7c,NO_CURRENT_CREATION_EVENT,TRANSITION,OPEN,NO_EVENT,NONE,[],LOCKED,"[""CONTINUATION:BLOCK"", ""REACCELERATION:BLOCK"", ""REVERSAL:BLOCK""]",2026-07-31T14:21:00+05:30,COFORGE,21,True,0,TRADE_DECISION_NOT_ALLOWED,NOT_ELIGIBLE
DIR:DIVISLAB:2026-07-31:002:DOWN:100600:DIRECTIONAL_REVERSAL_LEG_ESTABLISHED:101800,CAND:6644484c352c701feebfdf31,"{""FILLED"": 21}",0,0,"{""FILLED"": 21}",1432,FORCE_EXIT,EXIT,0,0,OPP:6644484c352c701feebfdf31,CAND:6644484c352c701feebfdf31,OPP:6644484c352c701feebfdf31,True,NO_ACTION,EVENT_INVALIDATE,COMPLETED,ALIGNED,a73cb6c9-a388-53f1-92b2-41820e34edd3,DIRECTIONAL_REVERSAL_LEG_FAILED_INVALIDATED_OPPOSITE_ACTIVE_SIGNAL,FORCE_EXIT,INVALIDATED,NO_EVENT,DIRECTIONAL,[],NONE,[],2026-07-31T14:21:00+05:30,DIVISLAB,21,True,0,TRADE_DECISION_NOT_ALLOWED,NOT_ELIGIBLE
,,"{""FILLED"": 21}",0,0,"{""FILLED"": 21}",1433,,,0,0,,,,,NO_ACTION,,,,,,,,NO_EVENT,REVERSAL_LEG,[],NONE,[],2026-07-31T14:21:00+05:30,EXIDEIND,21,False,0,,NO_SIGNAL
DIR:FORCEMOT:2026-07-31:002:UP:105400:DIRECTIONAL_REVERSAL_LEG_ESTABLISHED:110000,CAND:32b3a707960484f98d8399a7,"{""FILLED"": 21}",0,0,"{""FILLED"": 21}",1434,HOLD_POSITION,CAUTION,0,0,OPP:32b3a707960484f98d8399a7,CAND:32b3a707960484f98d8399a7,OPP:32b3a707960484f98d8399a7,False,HOLD,NO_CREATION_EVENT,NONE,UNKNOWN,76d65cfd-3f5f-5419-81f1-24a924660ce7,NO_CURRENT_CREATION_EVENT,TRANSITION,OPEN,NO_EVENT,NONE,[],LOCKED,"[""CONTINUATION:BLOCK"", ""REACCELERATION:BLOCK"", ""REVERSAL:BLOCK""]",2026-07-31T14:21:00+05:30,FORCEMOT,21,False,0,,ALREADY_DEPLOYED
BAL:GLENMARK:2026-07-31:001:NEUTRAL:101200:BALANCE_ESCAPE_FAILED:131500,CAND:ccb8d7c9ac57fbb14f47bb87,"{""FILLED"": 21}",0,0,"{""FILLED"": 21}",1435,HOLD_POSITION,CAUTION,0,0,OPP:ccb8d7c9ac57fbb14f47bb87,CAND:ccb8d7c9ac57fbb14f47bb87,OPP:ccb8d7c9ac57fbb14f47bb87,False,HOLD,NO_CREATION_EVENT,NONE,UNKNOWN,a4859555-9e57-5772-9c79-4a6b83478351,NO_CURRENT_CREATION_EVENT,TRANSITION,OPEN,NO_EVENT,NONE,[],NONE,[],2026-07-31T14:21:00+05:30,GLENMARK,21,True,0,TRADE_DECISION_NOT_ALLOWED,NOT_ELIGIBLE
BAL:INDUSTOWER:2026-07-31:001:NEUTRAL:110900:BALANCE_ESCAPE_FAILED:115400,CAND:296c26607039b07e87c6f497,"{""FILLED"": 21}",0,0,"{""FILLED"": 21}",1436,HOLD_POSITION,CAUTION,0,0,OPP:296c26607039b07e87c6f497,CAND:296c26607039b07e87c6f497,OPP:296c26607039b07e87c6f497,False,HOLD,NO_CREATION_EVENT,NONE,UNKNOWN,6c1d311c-b1e4-503d-9f2d-3a50df29da5d,NO_CURRENT_CREATION_EVENT,TRANSITION,OPEN,NO_EVENT,NONE,[],FAILED_BACK_INSIDE,"[""CONTINUATION:BLOCK"", ""REACCELERATION:BLOCK"", ""REVERSAL:BLOCK""]",2026-07-31T14:21:00+05:30,INDUSTOWER,21,True,0,TRADE_DECISION_NOT_ALLOWED,NOT_ELIGIBLE
BAL:KALYANKJIL:2026-07-31:002:NEUTRAL:105100:BALANCE_ESCAPE_STARTED:112700,CAND:4a3872010c190995b2d63ff8,"{""FILLED"": 21}",0,0,"{""FILLED"": 21}",1437,HOLD_POSITION,CAUTION,0,0,OPP:4a3872010c190995b2d63ff8,CAND:4a3872010c190995b2d63ff8,OPP:4a3872010c190995b2d63ff8,False,HOLD,NO_CREATION_EVENT,REVERSAL_WATCH,OPPOSED,fe205a27-ef8f-5bf7-9192-94593d799d94,AUTHORITATIVE_REVERSAL_WATCH,PROTECT,OPEN,NO_EVENT,REVERSAL_WATCH,[],FORMING,[],2026-07-31T14:21:00+05:30,KALYANKJIL,21,False,0,,ALREADY_DEPLOYED
DIR:MANAPPURAM:2026-07-31:006:UP:111200:DIRECTIONAL_REVERSAL_LEG_ESTABLISHED:112100,CAND:7316c4a2330c742a8803fe6c,"{""FILLED"": 21}",0,0,"{""FILLED"": 21}",1438,HOLD_POSITION,STRENGTHEN,0,0,OPP:7316c4a2330c742a8803fe6c,CAND:7316c4a2330c742a8803fe6c,OPP:7316c4a2330c742a8803fe6c,False,HOLD,NO_CREATION_EVENT,DIRECTIONAL,ALIGNED,50c51811-b112-5f0f-9fcc-a1422ceea97c,AUTHORITATIVE_DIRECTIONAL_ALIGNED,ACTIVE,OPEN,NO_EVENT,DIRECTIONAL,[],NONE,[],2026-07-31T14:21:00+05:30,MANAPPURAM,21,False,0,,ALREADY_DEPLOYED
BAL:PERSISTENT:2026-07-31:002:NEUTRAL:103600:BALANCE_ESCAPE_STARTED:110600,CAND:6e00ceac84968df1df4d7495,"{""FILLED"": 21}",0,0,"{""FILLED"": 21}",1439,HOLD_POSITION,CAUTION,0,0,OPP:6e00ceac84968df1df4d7495,CAND:6e00ceac84968df1df4d7495,OPP:6e00ceac84968df1df4d7495,False,HOLD,NO_CREATION_EVENT,NONE,UNKNOWN,cad8805e-c102-57a4-96c7-d70c9c07f5cc,NO_CURRENT_CREATION_EVENT,TRANSITION,OPEN,NO_EVENT,NONE,[],NONE,[],2026-07-31T14:21:00+05:30,PERSISTENT,21,False,0,,ALREADY_DEPLOYED
BAL:POWERINDIA:2026-07-31:001:NEUTRAL:095100:BALANCE_ESCAPE_FAILED:113000,CAND:dc1ab160fa1ee75a10189da6,"{""FILLED"": 21}",0,0,"{""FILLED"": 21}",1440,HOLD_POSITION,CAUTION,0,0,OPP:dc1ab160fa1ee75a10189da6,CAND:dc1ab160fa1ee75a10189da6,OPP:dc1ab160fa1ee75a10189da6,False,HOLD,NO_CREATION_EVENT,NONE,UNKNOWN,57fbc3b0-0822-51b7-8515-450ea6586841,NO_CURRENT_CREATION_EVENT,TRANSITION,OPEN,NO_EVENT,NONE,[],LOCKED,"[""CONTINUATION:BLOCK"", ""REACCELERATION:BLOCK"", ""REVERSAL:BLOCK""]",2026-07-31T14:21:00+05:30,POWERINDIA,21,True,0,TRADE_DECISION_NOT_ALLOWED,NOT_ELIGIBLE
BAL:TCS:2026-07-31:001:NEUTRAL:100600:BALANCE_ESCAPE_STARTED:103600,CAND:02506b9e9c36e94d0d5e2f0e,"{""FILLED"": 21}",0,0,"{""FILLED"": 21}",1441,FORCE_EXIT,EXIT,0,0,OPP:02506b9e9c36e94d0d5e2f0e,CAND:02506b9e9c36e94d0d5e2f0e,OPP:02506b9e9c36e94d0d5e2f0e,True,NO_ACTION,EVENT_INVALIDATE,NONE,UNKNOWN,8ea01a85-4efa-5849-ac33-c03e0b01cda8,BALANCE_ESCAPE_FAILED_INVALIDATED_SETUP,FORCE_EXIT,INVALIDATED,NO_EVENT,NONE,[],LOCKED,"[""CONTINUATION:BLOCK"", ""REACCELERATION:BLOCK"", ""REVERSAL:BLOCK""]",2026-07-31T14:21:00+05:30,TCS,21,True,0,TRADE_DECISION_NOT_ALLOWED,NOT_ELIGIBLE
DIR:TORNTPHARM:2026-07-31:002:UP:105700:DIRECTIONAL_REVERSAL_LEG_ESTABLISHED:110300,CAND:dcb490f7068f3aeab3ab074f,"{""FILLED"": 21}",0,0,"{""FILLED"": 21}",1442,FORCE_EXIT,EXIT,0,0,OPP:dcb490f7068f3aeab3ab074f,CAND:dcb490f7068f3aeab3ab074f,OPP:dcb490f7068f3aeab3ab074f,True,NO_ACTION,EVENT_INVALIDATE,DIRECTIONAL,ALIGNED,099dd7de-7081-52f9-9bd2-655c56b6256c,DIRECTIONAL_TREND_RESTORED_INVALIDATED_SETUP,FORCE_EXIT,INVALIDATED,"BALANCE_FORMING_STARTED,DIRECTIONAL_REVERSAL_CONFIRMED,DIRECTIONAL_COMPLETED,DIRECTIONAL_REVERSAL_LEG_STARTED",REVERSAL_LEG,"[""BAL:TORNTPHARM:2026-07-31:007:NEUTRAL:142100:BALANCE_FORMING_STARTED:142100"", ""DIR:TORNTPHARM:2026-07-31:006:DOWN:130300:DIRECTIONAL_REVERSAL_CONFIRMED:142100"", ""DIR:TORNTPHARM:2026-07-31:006:DOWN:130300:DIRECTIONAL_COMPLETED:142100"", ""DIR:TORNTPHARM:2026-07-31:007:UP:142100:DIRECTIONAL_REVERSAL_LEG_STARTED:142100""]",FORMING,"[""REVERSAL:WAIT""]",2026-07-31T14:21:00+05:30,TORNTPHARM,21,False,0,,ALREADY_DEPLOYED
,,"{""FILLED"": 21}",0,0,"{""FILLED"": 21}",1443,,,0,0,,,,,NO_ACTION,,,,,,,,"DIRECTIONAL_REVERSAL_CONFIRMED,DIRECTIONAL_COMPLETED,DIRECTIONAL_REVERSAL_LEG_STARTED",REVERSAL_LEG,"[""DIR:BHEL:2026-07-31:011:DOWN:141200:DIRECTIONAL_REVERSAL_CONFIRMED:142400"", ""DIR:BHEL:2026-07-31:011:DOWN:141200:DIRECTIONAL_COMPLETED:142400"", ""DIR:BHEL:2026-07-31:012:UP:142400:DIRECTIONAL_REVERSAL_LEG_STARTED:142400""]",NONE,"[""REVERSAL:WAIT""]",2026-07-31T14:24:00+05:30,BHEL,21,False,0,,NO_SIGNAL
DIR:CHOLAFIN:2026-07-31:002:DOWN:102400:DIRECTIONAL_REVERSAL_LEG_ESTABLISHED:103300,CAND:c91e30e559c61ae9e4a8e30d,"{""FILLED"": 21}",0,0,"{""FILLED"": 21}",1444,FORCE_EXIT,EXIT,0,0,OPP:c91e30e559c61ae9e4a8e30d,CAND:c91e30e559c61ae9e4a8e30d,OPP:c91e30e559c61ae9e4a8e30d,True,NO_ACTION,EVENT_INVALIDATE,DIRECTIONAL,OPPOSED,aee40fe8-7759-5cec-902a-0db152fe528d,DIRECTIONAL_TREND_RESTORED_INVALIDATED_OPPOSITE_ACTIVE_SIGNAL,FORCE_EXIT,INVALIDATED,"DIRECTIONAL_REVERSAL_LEG_FAILED,DIRECTIONAL_COMPLETED",COMPLETED,"[""DIR:CHOLAFIN:2026-07-31:007:UP:141800:DIRECTIONAL_REVERSAL_LEG_FAILED:142400"", ""DIR:CHOLAFIN:2026-07-31:007:UP:141800:DIRECTIONAL_COMPLETED:142400""]",NONE,[],2026-07-31T14:24:00+05:30,CHOLAFIN,21,True,0,TRADE_DECISION_NOT_ALLOWED,NOT_ELIGIBLE
BAL:COFORGE:2026-07-31:003:NEUTRAL:105700:BALANCE_ESCAPE_STARTED:132100,CAND:0d32e3ad08ef9cc69fd0369f,"{""FILLED"": 21}",0,0,"{""FILLED"": 21}",1445,HOLD_POSITION,CAUTION,0,0,OPP:0d32e3ad08ef9cc69fd0369f,CAND:0d32e3ad08ef9cc69fd0369f,OPP:0d32e3ad08ef9cc69fd0369f,False,HOLD,NO_CREATION_EVENT,NONE,UNKNOWN,b811de42-fbb9-5d26-a364-a9f98c91de7c,NO_CURRENT_CREATION_EVENT,TRANSITION,OPEN,NO_EVENT,NONE,[],LOCKED,"[""CONTINUATION:BLOCK"", ""REACCELERATION:BLOCK"", ""REVERSAL:BLOCK""]",2026-07-31T14:24:00+05:30,COFORGE,21,True,0,TRADE_DECISION_NOT_ALLOWED,NOT_ELIGIBLE
DIR:DIVISLAB:2026-07-31:002:DOWN:100600:DIRECTIONAL_REVERSAL_LEG_ESTABLISHED:101800,CAND:6644484c352c701feebfdf31,"{""FILLED"": 21}",0,0,"{""FILLED"": 21}",1446,FORCE_EXIT,EXIT,0,0,OPP:6644484c352c701feebfdf31,CAND:6644484c352c701feebfdf31,OPP:6644484c352c701feebfdf31,True,NO_ACTION,EVENT_INVALIDATE,COMPLETED,ALIGNED,a73cb6c9-a388-53f1-92b2-41820e34edd3,DIRECTIONAL_REVERSAL_LEG_FAILED_INVALIDATED_OPPOSITE_ACTIVE_SIGNAL,FORCE_EXIT,INVALIDATED,NO_EVENT,DIRECTIONAL,[],NONE,[],2026-07-31T14:24:00+05:30,DIVISLAB,21,True,0,TRADE_DECISION_NOT_ALLOWED,NOT_ELIGIBLE
,,"{""FILLED"": 21}",0,0,"{""FILLED"": 21}",1447,,,0,0,,,,,NO_ACTION,,,,,,,,NO_EVENT,REVERSAL_LEG,[],NONE,[],2026-07-31T14:24:00+05:30,EXIDEIND,21,False,0,,NO_SIGNAL
DIR:FORCEMOT:2026-07-31:002:UP:105400:DIRECTIONAL_REVERSAL_LEG_ESTABLISHED:110000,CAND:32b3a707960484f98d8399a7,"{""FILLED"": 21}",0,0,"{""FILLED"": 21}",1448,HOLD_POSITION,CAUTION,0,0,OPP:32b3a707960484f98d8399a7,CAND:32b3a707960484f98d8399a7,OPP:32b3a707960484f98d8399a7,False,HOLD,NO_CREATION_EVENT,NONE,UNKNOWN,76d65cfd-3f5f-5419-81f1-24a924660ce7,NO_CURRENT_CREATION_EVENT,TRANSITION,OPEN,NO_EVENT,NONE,[],LOCKED,"[""CONTINUATION:BLOCK"", ""REACCELERATION:BLOCK"", ""REVERSAL:BLOCK""]",2026-07-31T14:24:00+05:30,FORCEMOT,21,False,0,,ALREADY_DEPLOYED
BAL:GLENMARK:2026-07-31:001:NEUTRAL:101200:BALANCE_ESCAPE_FAILED:131500,CAND:ccb8d7c9ac57fbb14f47bb87,"{""FILLED"": 21}",0,0,"{""FILLED"": 21}",1449,HOLD_POSITION,CAUTION,0,0,OPP:ccb8d7c9ac57fbb14f47bb87,CAND:ccb8d7c9ac57fbb14f47bb87,OPP:ccb8d7c9ac57fbb14f47bb87,False,HOLD,NO_CREATION_EVENT,NONE,UNKNOWN,a4859555-9e57-5772-9c79-4a6b83478351,NO_CURRENT_CREATION_EVENT,TRANSITION,OPEN,NO_EVENT,NONE,[],NONE,[],2026-07-31T14:24:00+05:30,GLENMARK,21,True,0,TRADE_DECISION_NOT_ALLOWED,NOT_ELIGIBLE
BAL:INDUSTOWER:2026-07-31:001:NEUTRAL:110900:BALANCE_ESCAPE_FAILED:115400,CAND:296c26607039b07e87c6f497,"{""FILLED"": 21}",0,0,"{""FILLED"": 21}",1450,HOLD_POSITION,CAUTION,0,0,OPP:296c26607039b07e87c6f497,CAND:296c26607039b07e87c6f497,OPP:296c26607039b07e87c6f497,False,HOLD,NO_CREATION_EVENT,NONE,UNKNOWN,6c1d311c-b1e4-503d-9f2d-3a50df29da5d,NO_CURRENT_CREATION_EVENT,TRANSITION,OPEN,NO_EVENT,NONE,[],FAILED_BACK_INSIDE,"[""CONTINUATION:BLOCK"", ""REACCELERATION:BLOCK"", ""REVERSAL:BLOCK""]",2026-07-31T14:24:00+05:30,INDUSTOWER,21,True,0,TRADE_DECISION_NOT_ALLOWED,NOT_ELIGIBLE
BAL:KALYANKJIL:2026-07-31:002:NEUTRAL:105100:BALANCE_ESCAPE_STARTED:112700,CAND:4a3872010c190995b2d63ff8,"{""FILLED"": 21}",0,0,"{""FILLED"": 21}",1451,HOLD_POSITION,STRENGTHEN,0,0,OPP:4a3872010c190995b2d63ff8,CAND:4a3872010c190995b2d63ff8,OPP:4a3872010c190995b2d63ff8,False,HOLD,NO_CREATION_EVENT,REVERSAL_LEG,ALIGNED,fe205a27-ef8f-5bf7-9192-94593d799d94,AUTHORITATIVE_DIRECTIONAL_ALIGNED,ACTIVE,OPEN,"DIRECTIONAL_REVERSAL_CONFIRMED,DIRECTIONAL_COMPLETED,DIRECTIONAL_REVERSAL_LEG_STARTED",REVERSAL_LEG,"[""DIR:KALYANKJIL:2026-07-31:012:DOWN:135100:DIRECTIONAL_REVERSAL_CONFIRMED:142400"", ""DIR:KALYANKJIL:2026-07-31:012:DOWN:135100:DIRECTIONAL_COMPLETED:142400"", ""DIR:KALYANKJIL:2026-07-31:013:UP:142400:DIRECTIONAL_REVERSAL_LEG_STARTED:142400""]",FORMING,"[""REVERSAL:WAIT""]",2026-07-31T14:24:00+05:30,KALYANKJIL,21,False,0,,ALREADY_DEPLOYED
DIR:MANAPPURAM:2026-07-31:006:UP:111200:DIRECTIONAL_REVERSAL_LEG_ESTABLISHED:112100,CAND:7316c4a2330c742a8803fe6c,"{""FILLED"": 21}",0,0,"{""FILLED"": 21}",1452,HOLD_POSITION,STRENGTHEN,0,0,OPP:7316c4a2330c742a8803fe6c,CAND:7316c4a2330c742a8803fe6c,OPP:7316c4a2330c742a8803fe6c,False,HOLD,NO_CREATION_EVENT,DIRECTIONAL,ALIGNED,50c51811-b112-5f0f-9fcc-a1422ceea97c,AUTHORITATIVE_DIRECTIONAL_ALIGNED,ACTIVE,OPEN,NO_EVENT,DIRECTIONAL,[],NONE,[],2026-07-31T14:24:00+05:30,MANAPPURAM,21,False,0,,ALREADY_DEPLOYED
BAL:PERSISTENT:2026-07-31:002:NEUTRAL:103600:BALANCE_ESCAPE_STARTED:110600,CAND:6e00ceac84968df1df4d7495,"{""FILLED"": 21}",0,0,"{""FILLED"": 21}",1453,HOLD_POSITION,CAUTION,0,0,OPP:6e00ceac84968df1df4d7495,CAND:6e00ceac84968df1df4d7495,OPP:6e00ceac84968df1df4d7495,False,HOLD,NO_CREATION_EVENT,NONE,UNKNOWN,cad8805e-c102-57a4-96c7-d70c9c07f5cc,NO_CURRENT_CREATION_EVENT,TRANSITION,OPEN,NO_EVENT,NONE,[],NONE,[],2026-07-31T14:24:00+05:30,PERSISTENT,21,False,0,,ALREADY_DEPLOYED
BAL:POWERINDIA:2026-07-31:001:NEUTRAL:095100:BALANCE_ESCAPE_FAILED:113000,CAND:dc1ab160fa1ee75a10189da6,"{""FILLED"": 21}",0,0,"{""FILLED"": 21}",1454,HOLD_POSITION,CAUTION,0,0,OPP:dc1ab160fa1ee75a10189da6,CAND:dc1ab160fa1ee75a10189da6,OPP:dc1ab160fa1ee75a10189da6,False,HOLD,NO_CREATION_EVENT,NONE,UNKNOWN,57fbc3b0-0822-51b7-8515-450ea6586841,NO_CURRENT_CREATION_EVENT,TRANSITION,OPEN,NO_EVENT,NONE,[],LOCKED,"[""CONTINUATION:BLOCK"", ""REACCELERATION:BLOCK"", ""REVERSAL:BLOCK""]",2026-07-31T14:24:00+05:30,POWERINDIA,21,True,0,TRADE_DECISION_NOT_ALLOWED,NOT_ELIGIBLE
BAL:TCS:2026-07-31:001:NEUTRAL:100600:BALANCE_ESCAPE_STARTED:103600,CAND:02506b9e9c36e94d0d5e2f0e,"{""FILLED"": 21}",0,0,"{""FILLED"": 21}",1455,FORCE_EXIT,EXIT,0,0,OPP:02506b9e9c36e94d0d5e2f0e,CAND:02506b9e9c36e94d0d5e2f0e,OPP:02506b9e9c36e94d0d5e2f0e,True,NO_ACTION,EVENT_INVALIDATE,NONE,UNKNOWN,8ea01a85-4efa-5849-ac33-c03e0b01cda8,BALANCE_ESCAPE_FAILED_INVALIDATED_SETUP,FORCE_EXIT,INVALIDATED,NO_EVENT,NONE,[],LOCKED,"[""CONTINUATION:BLOCK"", ""REACCELERATION:BLOCK"", ""REVERSAL:BLOCK""]",2026-07-31T14:24:00+05:30,TCS,21,True,0,TRADE_DECISION_NOT_ALLOWED,NOT_ELIGIBLE
DIR:TORNTPHARM:2026-07-31:002:UP:105700:DIRECTIONAL_REVERSAL_LEG_ESTABLISHED:110300,CAND:dcb490f7068f3aeab3ab074f,"{""FILLED"": 21}",0,0,"{""FILLED"": 21}",1456,FORCE_EXIT,EXIT,0,0,OPP:dcb490f7068f3aeab3ab074f,CAND:dcb490f7068f3aeab3ab074f,OPP:dcb490f7068f3aeab3ab074f,True,NO_ACTION,EVENT_INVALIDATE,DIRECTIONAL,ALIGNED,099dd7de-7081-52f9-9bd2-655c56b6256c,DIRECTIONAL_TREND_RESTORED_INVALIDATED_SETUP,FORCE_EXIT,INVALIDATED,NO_EVENT,REVERSAL_LEG,[],FORMING,[],2026-07-31T14:24:00+05:30,TORNTPHARM,21,False,0,,ALREADY_DEPLOYED
,,"{""FILLED"": 21}",0,0,"{""FILLED"": 21}",1457,,,0,0,,,,,NO_ACTION,,,,,,,,NO_EVENT,REVERSAL_LEG,[],NONE,[],2026-07-31T14:27:00+05:30,BHEL,21,False,0,,NO_SIGNAL
DIR:CHOLAFIN:2026-07-31:002:DOWN:102400:DIRECTIONAL_REVERSAL_LEG_ESTABLISHED:103300,CAND:c91e30e559c61ae9e4a8e30d,"{""FILLED"": 21}",0,0,"{""FILLED"": 21}",1458,FORCE_EXIT,EXIT,0,0,OPP:c91e30e559c61ae9e4a8e30d,CAND:c91e30e559c61ae9e4a8e30d,OPP:c91e30e559c61ae9e4a8e30d,True,NO_ACTION,EVENT_INVALIDATE,DIRECTIONAL,OPPOSED,aee40fe8-7759-5cec-902a-0db152fe528d,DIRECTIONAL_TREND_RESTORED_INVALIDATED_OPPOSITE_ACTIVE_SIGNAL,FORCE_EXIT,INVALIDATED,NO_EVENT,NONE,[],NONE,[],2026-07-31T14:27:00+05:30,CHOLAFIN,21,True,0,TRADE_DECISION_NOT_ALLOWED,NOT_ELIGIBLE
BAL:COFORGE:2026-07-31:003:NEUTRAL:105700:BALANCE_ESCAPE_STARTED:132100,CAND:0d32e3ad08ef9cc69fd0369f,"{""FILLED"": 21}",0,0,"{""FILLED"": 21}",1459,HOLD_POSITION,CAUTION,0,0,OPP:0d32e3ad08ef9cc69fd0369f,CAND:0d32e3ad08ef9cc69fd0369f,OPP:0d32e3ad08ef9cc69fd0369f,False,HOLD,NO_CREATION_EVENT,NONE,UNKNOWN,b811de42-fbb9-5d26-a364-a9f98c91de7c,NO_CURRENT_CREATION_EVENT,TRANSITION,OPEN,BALANCE_ESCAPE_STARTED,NONE,"[""BAL:COFORGE:2026-07-31:004:NEUTRAL:135400:BALANCE_ESCAPE_STARTED:142700""]",ESCAPE_WATCH,"[""ACCEPTED_BREAKOUT:WAIT"", ""BREAKOUT_INITIATION:PERMIT"", ""CONTINUATION:BLOCK"", ""FAILED_BREAKOUT:WAIT"", ""REACCELERATION:BLOCK"", ""REVERSAL:BLOCK""]",2026-07-31T14:27:00+05:30,COFORGE,21,True,0,TRADE_DECISION_NOT_ALLOWED,NOT_ELIGIBLE
DIR:DIVISLAB:2026-07-31:002:DOWN:100600:DIRECTIONAL_REVERSAL_LEG_ESTABLISHED:101800,CAND:6644484c352c701feebfdf31,"{""FILLED"": 21}",0,0,"{""FILLED"": 21}",1460,FORCE_EXIT,EXIT,0,0,OPP:6644484c352c701feebfdf31,CAND:6644484c352c701feebfdf31,OPP:6644484c352c701feebfdf31,True,NO_ACTION,EVENT_INVALIDATE,COMPLETED,ALIGNED,a73cb6c9-a388-53f1-92b2-41820e34edd3,DIRECTIONAL_REVERSAL_LEG_FAILED_INVALIDATED_OPPOSITE_ACTIVE_SIGNAL,FORCE_EXIT,INVALIDATED,DIRECTIONAL_MATURED,MATURE,"[""DIR:DIVISLAB:2026-07-31:007:UP:140000:DIRECTIONAL_MATURED:142700""]",NONE,[],2026-07-31T14:27:00+05:30,DIVISLAB,21,True,0,TRADE_DECISION_NOT_ALLOWED,NOT_ELIGIBLE
,,"{""FILLED"": 21}",0,0,"{""FILLED"": 21}",1461,,,0,0,,,,,NO_ACTION,,,,,,,,DIRECTIONAL_REVERSAL_LEG_ESTABLISHED,DIRECTIONAL,"[""DIR:EXIDEIND:2026-07-31:007:DOWN:140300:DIRECTIONAL_REVERSAL_LEG_ESTABLISHED:142700""]",NONE,"[""REVERSAL:PERMIT""]",2026-07-31T14:27:00+05:30,EXIDEIND,21,False,0,,NO_SIGNAL
DIR:FORCEMOT:2026-07-31:002:UP:105400:DIRECTIONAL_REVERSAL_LEG_ESTABLISHED:110000,CAND:32b3a707960484f98d8399a7,"{""FILLED"": 21}",0,0,"{""FILLED"": 21}",1462,HOLD_POSITION,CAUTION,0,0,OPP:32b3a707960484f98d8399a7,CAND:32b3a707960484f98d8399a7,OPP:32b3a707960484f98d8399a7,False,HOLD,NO_CREATION_EVENT,NONE,UNKNOWN,76d65cfd-3f5f-5419-81f1-24a924660ce7,NO_CURRENT_CREATION_EVENT,TRANSITION,OPEN,NO_EVENT,NONE,[],LOCKED,"[""CONTINUATION:BLOCK"", ""REACCELERATION:BLOCK"", ""REVERSAL:BLOCK""]",2026-07-31T14:27:00+05:30,FORCEMOT,21,False,0,,ALREADY_DEPLOYED
BAL:GLENMARK:2026-07-31:001:NEUTRAL:101200:BALANCE_ESCAPE_FAILED:131500,CAND:ccb8d7c9ac57fbb14f47bb87,"{""FILLED"": 21}",0,0,"{""FILLED"": 21}",1463,HOLD_POSITION,CAUTION,0,0,OPP:ccb8d7c9ac57fbb14f47bb87,CAND:ccb8d7c9ac57fbb14f47bb87,OPP:ccb8d7c9ac57fbb14f47bb87,False,HOLD,NO_CREATION_EVENT,NONE,UNKNOWN,a4859555-9e57-5772-9c79-4a6b83478351,NO_CURRENT_CREATION_EVENT,TRANSITION,OPEN,NO_EVENT,NONE,[],NONE,[],2026-07-31T14:27:00+05:30,GLENMARK,21,True,0,TRADE_DECISION_NOT_ALLOWED,NOT_ELIGIBLE
BAL:INDUSTOWER:2026-07-31:001:NEUTRAL:110900:BALANCE_ESCAPE_FAILED:115400,CAND:296c26607039b07e87c6f497,"{""FILLED"": 21}",0,0,"{""FILLED"": 21}",1464,HOLD_POSITION,CAUTION,0,0,OPP:296c26607039b07e87c6f497,CAND:296c26607039b07e87c6f497,OPP:296c26607039b07e87c6f497,False,HOLD,NO_CREATION_EVENT,NONE,UNKNOWN,6c1d311c-b1e4-503d-9f2d-3a50df29da5d,NO_CURRENT_CREATION_EVENT,TRANSITION,OPEN,NO_EVENT,NONE,[],FAILED_BACK_INSIDE,"[""CONTINUATION:BLOCK"", ""REACCELERATION:BLOCK"", ""REVERSAL:BLOCK""]",2026-07-31T14:27:00+05:30,INDUSTOWER,21,True,0,TRADE_DECISION_NOT_ALLOWED,NOT_ELIGIBLE
BAL:KALYANKJIL:2026-07-31:002:NEUTRAL:105100:BALANCE_ESCAPE_STARTED:112700,CAND:4a3872010c190995b2d63ff8,"{""FILLED"": 21}",0,0,"{""FILLED"": 21}",1465,HOLD_POSITION,STRENGTHEN,0,0,OPP:4a3872010c190995b2d63ff8,CAND:4a3872010c190995b2d63ff8,OPP:4a3872010c190995b2d63ff8,False,HOLD,NO_CREATION_EVENT,REVERSAL_LEG,ALIGNED,fe205a27-ef8f-5bf7-9192-94593d799d94,AUTHORITATIVE_DIRECTIONAL_ALIGNED,ACTIVE,OPEN,BALANCE_COMPLETED,REVERSAL_LEG,"[""BAL:KALYANKJIL:2026-07-31:005:NEUTRAL:140900:BALANCE_COMPLETED:142700""]",COMPLETED,[],2026-07-31T14:27:00+05:30,KALYANKJIL,21,False,0,,ALREADY_DEPLOYED
DIR:MANAPPURAM:2026-07-31:006:UP:111200:DIRECTIONAL_REVERSAL_LEG_ESTABLISHED:112100,CAND:7316c4a2330c742a8803fe6c,"{""FILLED"": 21}",0,0,"{""FILLED"": 21}",1466,HOLD_POSITION,STRENGTHEN,0,0,OPP:7316c4a2330c742a8803fe6c,CAND:7316c4a2330c742a8803fe6c,OPP:7316c4a2330c742a8803fe6c,False,HOLD,NO_CREATION_EVENT,DIRECTIONAL,ALIGNED,50c51811-b112-5f0f-9fcc-a1422ceea97c,AUTHORITATIVE_DIRECTIONAL_ALIGNED,ACTIVE,OPEN,NO_EVENT,DIRECTIONAL,[],NONE,[],2026-07-31T14:27:00+05:30,MANAPPURAM,21,False,0,,ALREADY_DEPLOYED
BAL:PERSISTENT:2026-07-31:002:NEUTRAL:103600:BALANCE_ESCAPE_STARTED:110600,CAND:6e00ceac84968df1df4d7495,"{""FILLED"": 21}",0,0,"{""FILLED"": 21}",1467,HOLD_POSITION,CAUTION,0,0,OPP:6e00ceac84968df1df4d7495,CAND:6e00ceac84968df1df4d7495,OPP:6e00ceac84968df1df4d7495,False,HOLD,NO_CREATION_EVENT,NONE,UNKNOWN,cad8805e-c102-57a4-96c7-d70c9c07f5cc,NO_CURRENT_CREATION_EVENT,TRANSITION,OPEN,NO_EVENT,NONE,[],NONE,[],2026-07-31T14:27:00+05:30,PERSISTENT,21,False,0,,ALREADY_DEPLOYED
BAL:POWERINDIA:2026-07-31:001:NEUTRAL:095100:BALANCE_ESCAPE_FAILED:113000,CAND:dc1ab160fa1ee75a10189da6,"{""FILLED"": 21}",0,0,"{""FILLED"": 21}",1468,HOLD_POSITION,CAUTION,0,0,OPP:dc1ab160fa1ee75a10189da6,CAND:dc1ab160fa1ee75a10189da6,OPP:dc1ab160fa1ee75a10189da6,False,HOLD,NO_CREATION_EVENT,NONE,UNKNOWN,57fbc3b0-0822-51b7-8515-450ea6586841,NO_CURRENT_CREATION_EVENT,TRANSITION,OPEN,NO_EVENT,NONE,[],LOCKED,"[""CONTINUATION:BLOCK"", ""REACCELERATION:BLOCK"", ""REVERSAL:BLOCK""]",2026-07-31T14:27:00+05:30,POWERINDIA,21,True,0,TRADE_DECISION_NOT_ALLOWED,NOT_ELIGIBLE
BAL:TCS:2026-07-31:001:NEUTRAL:100600:BALANCE_ESCAPE_STARTED:103600,CAND:02506b9e9c36e94d0d5e2f0e,"{""FILLED"": 21}",0,0,"{""FILLED"": 21}",1469,FORCE_EXIT,EXIT,0,0,OPP:02506b9e9c36e94d0d5e2f0e,CAND:02506b9e9c36e94d0d5e2f0e,OPP:02506b9e9c36e94d0d5e2f0e,True,NO_ACTION,EVENT_INVALIDATE,NONE,UNKNOWN,8ea01a85-4efa-5849-ac33-c03e0b01cda8,BALANCE_ESCAPE_FAILED_INVALIDATED_SETUP,FORCE_EXIT,INVALIDATED,NO_EVENT,NONE,[],LOCKED,"[""CONTINUATION:BLOCK"", ""REACCELERATION:BLOCK"", ""REVERSAL:BLOCK""]",2026-07-31T14:27:00+05:30,TCS,21,True,0,TRADE_DECISION_NOT_ALLOWED,NOT_ELIGIBLE
DIR:TORNTPHARM:2026-07-31:002:UP:105700:DIRECTIONAL_REVERSAL_LEG_ESTABLISHED:110300,CAND:dcb490f7068f3aeab3ab074f,"{""FILLED"": 21}",0,0,"{""FILLED"": 21}",1470,FORCE_EXIT,EXIT,0,0,OPP:dcb490f7068f3aeab3ab074f,CAND:dcb490f7068f3aeab3ab074f,OPP:dcb490f7068f3aeab3ab074f,True,NO_ACTION,EVENT_INVALIDATE,DIRECTIONAL,ALIGNED,099dd7de-7081-52f9-9bd2-655c56b6256c,DIRECTIONAL_TREND_RESTORED_INVALIDATED_SETUP,FORCE_EXIT,INVALIDATED,DIRECTIONAL_REVERSAL_LEG_ESTABLISHED,DIRECTIONAL,"[""DIR:TORNTPHARM:2026-07-31:007:UP:142100:DIRECTIONAL_REVERSAL_LEG_ESTABLISHED:142700""]",FORMING,"[""REVERSAL:PERMIT""]",2026-07-31T14:27:00+05:30,TORNTPHARM,21,False,0,,ALREADY_DEPLOYED
,,"{""FILLED"": 21}",0,0,"{""FILLED"": 21}",1471,,,0,0,,,,,NO_ACTION,,,,,,,,NO_EVENT,REVERSAL_LEG,[],NONE,[],2026-07-31T14:30:00+05:30,BHEL,21,False,0,,NO_SIGNAL
DIR:CHOLAFIN:2026-07-31:002:DOWN:102400:DIRECTIONAL_REVERSAL_LEG_ESTABLISHED:103300,CAND:c91e30e559c61ae9e4a8e30d,"{""FILLED"": 21}",0,0,"{""FILLED"": 21}",1472,FORCE_EXIT,EXIT,0,0,OPP:c91e30e559c61ae9e4a8e30d,CAND:c91e30e559c61ae9e4a8e30d,OPP:c91e30e559c61ae9e4a8e30d,True,NO_ACTION,EVENT_INVALIDATE,DIRECTIONAL,OPPOSED,aee40fe8-7759-5cec-902a-0db152fe528d,DIRECTIONAL_TREND_RESTORED_INVALIDATED_OPPOSITE_ACTIVE_SIGNAL,FORCE_EXIT,INVALIDATED,NO_EVENT,NONE,[],NONE,[],2026-07-31T14:30:00+05:30,CHOLAFIN,21,True,0,TRADE_DECISION_NOT_ALLOWED,NOT_ELIGIBLE
BAL:COFORGE:2026-07-31:003:NEUTRAL:105700:BALANCE_ESCAPE_STARTED:132100,CAND:0d32e3ad08ef9cc69fd0369f,"{""FILLED"": 21}",0,0,"{""FILLED"": 21}",1473,HOLD_POSITION,CAUTION,0,0,OPP:0d32e3ad08ef9cc69fd0369f,CAND:0d32e3ad08ef9cc69fd0369f,OPP:0d32e3ad08ef9cc69fd0369f,False,HOLD,NO_CREATION_EVENT,NONE,UNKNOWN,b811de42-fbb9-5d26-a364-a9f98c91de7c,NO_CURRENT_CREATION_EVENT,TRANSITION,OPEN,BALANCE_ESCAPE_ACCEPTED,NONE,"[""BAL:COFORGE:2026-07-31:004:NEUTRAL:135400:BALANCE_ESCAPE_ACCEPTED:143000""]",ACCEPTED_OUTSIDE,"[""ACCEPTED_BREAKOUT:PERMIT""]",2026-07-31T14:30:00+05:30,COFORGE,21,True,0,TRADE_DECISION_NOT_ALLOWED,NOT_ELIGIBLE
DIR:DIVISLAB:2026-07-31:002:DOWN:100600:DIRECTIONAL_REVERSAL_LEG_ESTABLISHED:101800,CAND:6644484c352c701feebfdf31,"{""FILLED"": 21}",0,0,"{""FILLED"": 21}",1474,FORCE_EXIT,EXIT,0,0,OPP:6644484c352c701feebfdf31,CAND:6644484c352c701feebfdf31,OPP:6644484c352c701feebfdf31,True,NO_ACTION,EVENT_INVALIDATE,COMPLETED,ALIGNED,a73cb6c9-a388-53f1-92b2-41820e34edd3,DIRECTIONAL_REVERSAL_LEG_FAILED_INVALIDATED_OPPOSITE_ACTIVE_SIGNAL,FORCE_EXIT,INVALIDATED,REVERSAL_WATCH_STARTED,REVERSAL_WATCH,"[""DIR:DIVISLAB:2026-07-31:007:UP:140000:REVERSAL_WATCH_STARTED:143000""]",NONE,[],2026-07-31T14:30:00+05:30,DIVISLAB,21,True,0,TRADE_DECISION_NOT_ALLOWED,NOT_ELIGIBLE
,,"{""FILLED"": 21}",0,0,"{""FILLED"": 21}",1475,,,0,0,,,,,NO_ACTION,,,,,,,,BALANCE_FORMING_STARTED,DIRECTIONAL,"[""BAL:EXIDEIND:2026-07-31:006:NEUTRAL:143000:BALANCE_FORMING_STARTED:143000""]",FORMING,[],2026-07-31T14:30:00+05:30,EXIDEIND,21,False,0,,NO_SIGNAL
DIR:FORCEMOT:2026-07-31:002:UP:105400:DIRECTIONAL_REVERSAL_LEG_ESTABLISHED:110000,CAND:32b3a707960484f98d8399a7,"{""FILLED"": 21}",0,0,"{""FILLED"": 21}",1476,HOLD_POSITION,CAUTION,0,0,OPP:32b3a707960484f98d8399a7,CAND:32b3a707960484f98d8399a7,OPP:32b3a707960484f98d8399a7,False,HOLD,NO_CREATION_EVENT,NONE,UNKNOWN,76d65cfd-3f5f-5419-81f1-24a924660ce7,NO_CURRENT_CREATION_EVENT,TRANSITION,OPEN,NO_EVENT,NONE,[],LOCKED,"[""CONTINUATION:BLOCK"", ""REACCELERATION:BLOCK"", ""REVERSAL:BLOCK""]",2026-07-31T14:30:00+05:30,FORCEMOT,21,False,0,,ALREADY_DEPLOYED
BAL:GLENMARK:2026-07-31:001:NEUTRAL:101200:BALANCE_ESCAPE_FAILED:131500,CAND:ccb8d7c9ac57fbb14f47bb87,"{""FILLED"": 21}",0,0,"{""FILLED"": 21}",1477,HOLD_POSITION,CAUTION,0,0,OPP:ccb8d7c9ac57fbb14f47bb87,CAND:ccb8d7c9ac57fbb14f47bb87,OPP:ccb8d7c9ac57fbb14f47bb87,False,HOLD,NO_CREATION_EVENT,NONE,UNKNOWN,a4859555-9e57-5772-9c79-4a6b83478351,NO_CURRENT_CREATION_EVENT,TRANSITION,OPEN,NO_EVENT,NONE,[],NONE,[],2026-07-31T14:30:00+05:30,GLENMARK,21,True,0,TRADE_DECISION_NOT_ALLOWED,NOT_ELIGIBLE
BAL:INDUSTOWER:2026-07-31:001:NEUTRAL:110900:BALANCE_ESCAPE_FAILED:115400,CAND:296c26607039b07e87c6f497,"{""FILLED"": 21}",0,0,"{""FILLED"": 21}",1478,HOLD_POSITION,CAUTION,0,0,OPP:296c26607039b07e87c6f497,CAND:296c26607039b07e87c6f497,OPP:296c26607039b07e87c6f497,False,HOLD,NO_CREATION_EVENT,NONE,UNKNOWN,6c1d311c-b1e4-503d-9f2d-3a50df29da5d,NO_CURRENT_CREATION_EVENT,TRANSITION,OPEN,NO_EVENT,NONE,[],FAILED_BACK_INSIDE,"[""CONTINUATION:BLOCK"", ""REACCELERATION:BLOCK"", ""REVERSAL:BLOCK""]",2026-07-31T14:30:00+05:30,INDUSTOWER,21,True,0,TRADE_DECISION_NOT_ALLOWED,NOT_ELIGIBLE
BAL:KALYANKJIL:2026-07-31:002:NEUTRAL:105100:BALANCE_ESCAPE_STARTED:112700,CAND:4a3872010c190995b2d63ff8,"{""FILLED"": 21}",0,0,"{""FILLED"": 21}",1479,HOLD_POSITION,STRENGTHEN,0,0,OPP:4a3872010c190995b2d63ff8,CAND:4a3872010c190995b2d63ff8,OPP:4a3872010c190995b2d63ff8,False,HOLD,NO_CREATION_EVENT,DIRECTIONAL,ALIGNED,fe205a27-ef8f-5bf7-9192-94593d799d94,AUTHORITATIVE_DIRECTIONAL_ALIGNED,ACTIVE,OPEN,DIRECTIONAL_REVERSAL_LEG_ESTABLISHED,DIRECTIONAL,"[""DIR:KALYANKJIL:2026-07-31:013:UP:142400:DIRECTIONAL_REVERSAL_LEG_ESTABLISHED:143000""]",NONE,"[""REVERSAL:PERMIT""]",2026-07-31T14:30:00+05:30,KALYANKJIL,21,False,0,,ALREADY_DEPLOYED
DIR:MANAPPURAM:2026-07-31:006:UP:111200:DIRECTIONAL_REVERSAL_LEG_ESTABLISHED:112100,CAND:7316c4a2330c742a8803fe6c,"{""FILLED"": 21}",0,0,"{""FILLED"": 21}",1480,HOLD_POSITION,STRENGTHEN,0,0,OPP:7316c4a2330c742a8803fe6c,CAND:7316c4a2330c742a8803fe6c,OPP:7316c4a2330c742a8803fe6c,False,HOLD,NO_CREATION_EVENT,DIRECTIONAL,ALIGNED,50c51811-b112-5f0f-9fcc-a1422ceea97c,AUTHORITATIVE_DIRECTIONAL_ALIGNED,ACTIVE,OPEN,NO_EVENT,DIRECTIONAL,[],NONE,[],2026-07-31T14:30:00+05:30,MANAPPURAM,21,False,0,,ALREADY_DEPLOYED
BAL:PERSISTENT:2026-07-31:002:NEUTRAL:103600:BALANCE_ESCAPE_STARTED:110600,CAND:6e00ceac84968df1df4d7495,"{""FILLED"": 21}",0,0,"{""FILLED"": 21}",1481,HOLD_POSITION,CAUTION,0,0,OPP:6e00ceac84968df1df4d7495,CAND:6e00ceac84968df1df4d7495,OPP:6e00ceac84968df1df4d7495,False,HOLD,NO_CREATION_EVENT,NONE,UNKNOWN,cad8805e-c102-57a4-96c7-d70c9c07f5cc,NO_CURRENT_CREATION_EVENT,TRANSITION,OPEN,NO_EVENT,NONE,[],NONE,[],2026-07-31T14:30:00+05:30,PERSISTENT,21,False,0,,ALREADY_DEPLOYED
BAL:POWERINDIA:2026-07-31:001:NEUTRAL:095100:BALANCE_ESCAPE_FAILED:113000,CAND:dc1ab160fa1ee75a10189da6,"{""FILLED"": 21}",0,0,"{""FILLED"": 21}",1482,HOLD_POSITION,CAUTION,0,0,OPP:dc1ab160fa1ee75a10189da6,CAND:dc1ab160fa1ee75a10189da6,OPP:dc1ab160fa1ee75a10189da6,False,HOLD,NO_CREATION_EVENT,NONE,UNKNOWN,57fbc3b0-0822-51b7-8515-450ea6586841,NO_CURRENT_CREATION_EVENT,TRANSITION,OPEN,NO_EVENT,NONE,[],LOCKED,"[""CONTINUATION:BLOCK"", ""REACCELERATION:BLOCK"", ""REVERSAL:BLOCK""]",2026-07-31T14:30:00+05:30,POWERINDIA,21,True,0,TRADE_DECISION_NOT_ALLOWED,NOT_ELIGIBLE
BAL:TCS:2026-07-31:001:NEUTRAL:100600:BALANCE_ESCAPE_STARTED:103600,CAND:02506b9e9c36e94d0d5e2f0e,"{""FILLED"": 21}",0,0,"{""FILLED"": 21}",1483,FORCE_EXIT,EXIT,0,0,OPP:02506b9e9c36e94d0d5e2f0e,CAND:02506b9e9c36e94d0d5e2f0e,OPP:02506b9e9c36e94d0d5e2f0e,True,NO_ACTION,EVENT_INVALIDATE,NONE,UNKNOWN,8ea01a85-4efa-5849-ac33-c03e0b01cda8,BALANCE_ESCAPE_FAILED_INVALIDATED_SETUP,FORCE_EXIT,INVALIDATED,NO_EVENT,NONE,[],LOCKED,"[""CONTINUATION:BLOCK"", ""REACCELERATION:BLOCK"", ""REVERSAL:BLOCK""]",2026-07-31T14:30:00+05:30,TCS,21,True,0,TRADE_DECISION_NOT_ALLOWED,NOT_ELIGIBLE
DIR:TORNTPHARM:2026-07-31:002:UP:105700:DIRECTIONAL_REVERSAL_LEG_ESTABLISHED:110300,CAND:dcb490f7068f3aeab3ab074f,"{""FILLED"": 21}",0,0,"{""FILLED"": 21}",1484,FORCE_EXIT,EXIT,0,0,OPP:dcb490f7068f3aeab3ab074f,CAND:dcb490f7068f3aeab3ab074f,OPP:dcb490f7068f3aeab3ab074f,True,NO_ACTION,EVENT_INVALIDATE,DIRECTIONAL,ALIGNED,099dd7de-7081-52f9-9bd2-655c56b6256c,DIRECTIONAL_TREND_RESTORED_INVALIDATED_SETUP,FORCE_EXIT,INVALIDATED,NO_EVENT,DIRECTIONAL,[],FORMING,[],2026-07-31T14:30:00+05:30,TORNTPHARM,21,False,0,,ALREADY_DEPLOYED
,,"{""FILLED"": 21}",0,0,"{""FILLED"": 21}",1485,,,0,0,,,,,NO_ACTION,,,,,,,,NO_EVENT,REVERSAL_LEG,[],NONE,[],2026-07-31T14:33:00+05:30,BHEL,21,False,0,,NO_SIGNAL
DIR:CHOLAFIN:2026-07-31:002:DOWN:102400:DIRECTIONAL_REVERSAL_LEG_ESTABLISHED:103300,CAND:c91e30e559c61ae9e4a8e30d,"{""FILLED"": 21}",0,0,"{""FILLED"": 21}",1486,FORCE_EXIT,EXIT,0,0,OPP:c91e30e559c61ae9e4a8e30d,CAND:c91e30e559c61ae9e4a8e30d,OPP:c91e30e559c61ae9e4a8e30d,True,NO_ACTION,EVENT_INVALIDATE,DIRECTIONAL,OPPOSED,aee40fe8-7759-5cec-902a-0db152fe528d,DIRECTIONAL_TREND_RESTORED_INVALIDATED_OPPOSITE_ACTIVE_SIGNAL,FORCE_EXIT,INVALIDATED,NO_EVENT,NONE,[],NONE,[],2026-07-31T14:33:00+05:30,CHOLAFIN,21,True,0,TRADE_DECISION_NOT_ALLOWED,NOT_ELIGIBLE
BAL:COFORGE:2026-07-31:003:NEUTRAL:105700:BALANCE_ESCAPE_STARTED:132100,CAND:0d32e3ad08ef9cc69fd0369f,"{""FILLED"": 21}",0,0,"{""FILLED"": 21}",1487,HOLD_POSITION,CAUTION,0,0,OPP:0d32e3ad08ef9cc69fd0369f,CAND:0d32e3ad08ef9cc69fd0369f,OPP:0d32e3ad08ef9cc69fd0369f,False,HOLD,NO_CREATION_EVENT,NONE,UNKNOWN,b811de42-fbb9-5d26-a364-a9f98c91de7c,NO_CURRENT_CREATION_EVENT,TRANSITION,OPEN,BALANCE_COMPLETED,NONE,"[""BAL:COFORGE:2026-07-31:004:NEUTRAL:135400:BALANCE_COMPLETED:143300""]",COMPLETED,[],2026-07-31T14:33:00+05:30,COFORGE,21,True,0,TRADE_DECISION_NOT_ALLOWED,NOT_ELIGIBLE
DIR:DIVISLAB:2026-07-31:002:DOWN:100600:DIRECTIONAL_REVERSAL_LEG_ESTABLISHED:101800,CAND:6644484c352c701feebfdf31,"{""FILLED"": 21}",0,0,"{""FILLED"": 21}",1488,FORCE_EXIT,EXIT,0,0,OPP:6644484c352c701feebfdf31,CAND:6644484c352c701feebfdf31,OPP:6644484c352c701feebfdf31,True,NO_ACTION,EVENT_INVALIDATE,COMPLETED,ALIGNED,a73cb6c9-a388-53f1-92b2-41820e34edd3,DIRECTIONAL_REVERSAL_LEG_FAILED_INVALIDATED_OPPOSITE_ACTIVE_SIGNAL,FORCE_EXIT,INVALIDATED,NO_EVENT,REVERSAL_WATCH,[],NONE,[],2026-07-31T14:33:00+05:30,DIVISLAB,21,True,0,TRADE_DECISION_NOT_ALLOWED,NOT_ELIGIBLE
,,"{""FILLED"": 21}",0,0,"{""FILLED"": 21}",1489,,,0,0,,,,,NO_ACTION,,,,,,,,DIRECTIONAL_COMPLETED,COMPLETED,"[""DIR:EXIDEIND:2026-07-31:007:DOWN:140300:DIRECTIONAL_COMPLETED:143300""]",FORMING,[],2026-07-31T14:33:00+05:30,EXIDEIND,21,False,0,,NO_SIGNAL
DIR:FORCEMOT:2026-07-31:002:UP:105400:DIRECTIONAL_REVERSAL_LEG_ESTABLISHED:110000,CAND:32b3a707960484f98d8399a7,"{""FILLED"": 21}",0,0,"{""FILLED"": 21}",1490,HOLD_POSITION,CAUTION,0,0,OPP:32b3a707960484f98d8399a7,CAND:32b3a707960484f98d8399a7,OPP:32b3a707960484f98d8399a7,False,HOLD,NO_CREATION_EVENT,NONE,UNKNOWN,76d65cfd-3f5f-5419-81f1-24a924660ce7,NO_CURRENT_CREATION_EVENT,TRANSITION,OPEN,NO_EVENT,NONE,[],LOCKED,"[""CONTINUATION:BLOCK"", ""REACCELERATION:BLOCK"", ""REVERSAL:BLOCK""]",2026-07-31T14:33:00+05:30,FORCEMOT,21,False,0,,ALREADY_DEPLOYED
BAL:GLENMARK:2026-07-31:001:NEUTRAL:101200:BALANCE_ESCAPE_FAILED:131500,CAND:ccb8d7c9ac57fbb14f47bb87,"{""FILLED"": 21}",0,0,"{""FILLED"": 21}",1491,HOLD_POSITION,CAUTION,0,0,OPP:ccb8d7c9ac57fbb14f47bb87,CAND:ccb8d7c9ac57fbb14f47bb87,OPP:ccb8d7c9ac57fbb14f47bb87,False,HOLD,NO_CREATION_EVENT,NONE,UNKNOWN,a4859555-9e57-5772-9c79-4a6b83478351,NO_CURRENT_CREATION_EVENT,TRANSITION,OPEN,NO_EVENT,NONE,[],NONE,[],2026-07-31T14:33:00+05:30,GLENMARK,21,True,0,TRADE_DECISION_NOT_ALLOWED,NOT_ELIGIBLE
BAL:INDUSTOWER:2026-07-31:001:NEUTRAL:110900:BALANCE_ESCAPE_FAILED:115400,CAND:296c26607039b07e87c6f497,"{""FILLED"": 21}",0,0,"{""FILLED"": 21}",1492,HOLD_POSITION,CAUTION,0,0,OPP:296c26607039b07e87c6f497,CAND:296c26607039b07e87c6f497,OPP:296c26607039b07e87c6f497,False,HOLD,NO_CREATION_EVENT,NONE,UNKNOWN,6c1d311c-b1e4-503d-9f2d-3a50df29da5d,NO_CURRENT_CREATION_EVENT,TRANSITION,OPEN,NO_EVENT,NONE,[],FAILED_BACK_INSIDE,"[""CONTINUATION:BLOCK"", ""REACCELERATION:BLOCK"", ""REVERSAL:BLOCK""]",2026-07-31T14:33:00+05:30,INDUSTOWER,21,True,0,TRADE_DECISION_NOT_ALLOWED,NOT_ELIGIBLE
BAL:KALYANKJIL:2026-07-31:002:NEUTRAL:105100:BALANCE_ESCAPE_STARTED:112700,CAND:4a3872010c190995b2d63ff8,"{""FILLED"": 21}",0,0,"{""FILLED"": 21}",1493,HOLD_POSITION,STRENGTHEN,0,0,OPP:4a3872010c190995b2d63ff8,CAND:4a3872010c190995b2d63ff8,OPP:4a3872010c190995b2d63ff8,False,HOLD,NO_CREATION_EVENT,DIRECTIONAL,ALIGNED,fe205a27-ef8f-5bf7-9192-94593d799d94,AUTHORITATIVE_DIRECTIONAL_ALIGNED,ACTIVE,OPEN,NO_EVENT,DIRECTIONAL,[],NONE,[],2026-07-31T14:33:00+05:30,KALYANKJIL,21,False,0,,ALREADY_DEPLOYED
DIR:MANAPPURAM:2026-07-31:006:UP:111200:DIRECTIONAL_REVERSAL_LEG_ESTABLISHED:112100,CAND:7316c4a2330c742a8803fe6c,"{""FILLED"": 21}",0,0,"{""FILLED"": 21}",1494,HOLD_POSITION,STRENGTHEN,0,0,OPP:7316c4a2330c742a8803fe6c,CAND:7316c4a2330c742a8803fe6c,OPP:7316c4a2330c742a8803fe6c,False,HOLD,NO_CREATION_EVENT,DIRECTIONAL,ALIGNED,50c51811-b112-5f0f-9fcc-a1422ceea97c,AUTHORITATIVE_DIRECTIONAL_ALIGNED,ACTIVE,OPEN,NO_EVENT,DIRECTIONAL,[],NONE,[],2026-07-31T14:33:00+05:30,MANAPPURAM,21,False,0,,ALREADY_DEPLOYED
BAL:PERSISTENT:2026-07-31:002:NEUTRAL:103600:BALANCE_ESCAPE_STARTED:110600,CAND:6e00ceac84968df1df4d7495,"{""FILLED"": 21}",0,0,"{""FILLED"": 21}",1495,HOLD_POSITION,CAUTION,0,0,OPP:6e00ceac84968df1df4d7495,CAND:6e00ceac84968df1df4d7495,OPP:6e00ceac84968df1df4d7495,False,HOLD,NO_CREATION_EVENT,NONE,UNKNOWN,cad8805e-c102-57a4-96c7-d70c9c07f5cc,NO_CURRENT_CREATION_EVENT,TRANSITION,OPEN,NO_EVENT,NONE,[],NONE,[],2026-07-31T14:33:00+05:30,PERSISTENT,21,False,0,,ALREADY_DEPLOYED
BAL:POWERINDIA:2026-07-31:001:NEUTRAL:095100:BALANCE_ESCAPE_FAILED:113000,CAND:dc1ab160fa1ee75a10189da6,"{""FILLED"": 21}",0,0,"{""FILLED"": 21}",1496,HOLD_POSITION,CAUTION,0,0,OPP:dc1ab160fa1ee75a10189da6,CAND:dc1ab160fa1ee75a10189da6,OPP:dc1ab160fa1ee75a10189da6,False,HOLD,NO_CREATION_EVENT,NONE,UNKNOWN,57fbc3b0-0822-51b7-8515-450ea6586841,NO_CURRENT_CREATION_EVENT,TRANSITION,OPEN,BALANCE_ESCAPE_STARTED,NONE,"[""BAL:POWERINDIA:2026-07-31:002:NEUTRAL:124800:BALANCE_ESCAPE_STARTED:143300""]",ESCAPE_WATCH,"[""ACCEPTED_BREAKOUT:WAIT"", ""BREAKOUT_INITIATION:PERMIT"", ""CONTINUATION:BLOCK"", ""FAILED_BREAKOUT:WAIT"", ""REACCELERATION:BLOCK"", ""REVERSAL:BLOCK""]",2026-07-31T14:33:00+05:30,POWERINDIA,21,True,0,TRADE_DECISION_NOT_ALLOWED,NOT_ELIGIBLE
BAL:TCS:2026-07-31:001:NEUTRAL:100600:BALANCE_ESCAPE_STARTED:103600,CAND:02506b9e9c36e94d0d5e2f0e,"{""FILLED"": 21}",0,0,"{""FILLED"": 21}",1497,FORCE_EXIT,EXIT,0,0,OPP:02506b9e9c36e94d0d5e2f0e,CAND:02506b9e9c36e94d0d5e2f0e,OPP:02506b9e9c36e94d0d5e2f0e,True,NO_ACTION,EVENT_INVALIDATE,NONE,UNKNOWN,8ea01a85-4efa-5849-ac33-c03e0b01cda8,BALANCE_ESCAPE_FAILED_INVALIDATED_SETUP,FORCE_EXIT,INVALIDATED,NO_EVENT,NONE,[],LOCKED,"[""CONTINUATION:BLOCK"", ""REACCELERATION:BLOCK"", ""REVERSAL:BLOCK""]",2026-07-31T14:33:00+05:30,TCS,21,True,0,TRADE_DECISION_NOT_ALLOWED,NOT_ELIGIBLE
DIR:TORNTPHARM:2026-07-31:002:UP:105700:DIRECTIONAL_REVERSAL_LEG_ESTABLISHED:110300,CAND:dcb490f7068f3aeab3ab074f,"{""FILLED"": 21}",0,0,"{""FILLED"": 21}",1498,FORCE_EXIT,EXIT,0,0,OPP:dcb490f7068f3aeab3ab074f,CAND:dcb490f7068f3aeab3ab074f,OPP:dcb490f7068f3aeab3ab074f,True,NO_ACTION,EVENT_INVALIDATE,DIRECTIONAL,ALIGNED,099dd7de-7081-52f9-9bd2-655c56b6256c,DIRECTIONAL_TREND_RESTORED_INVALIDATED_SETUP,FORCE_EXIT,INVALIDATED,DIRECTIONAL_COMPLETED,COMPLETED,"[""DIR:TORNTPHARM:2026-07-31:007:UP:142100:DIRECTIONAL_COMPLETED:143300""]",FORMING,[],2026-07-31T14:33:00+05:30,TORNTPHARM,21,False,0,,ALREADY_DEPLOYED
,,"{""FILLED"": 21}",0,0,"{""FILLED"": 21}",1499,,,0,0,,,,,NO_ACTION,,,,,,,,"DIRECTIONAL_REVERSAL_LEG_FAILED,DIRECTIONAL_COMPLETED",COMPLETED,"[""DIR:BHEL:2026-07-31:012:UP:142400:DIRECTIONAL_REVERSAL_LEG_FAILED:143600"", ""DIR:BHEL:2026-07-31:012:UP:142400:DIRECTIONAL_COMPLETED:143600""]",NONE,[],2026-07-31T14:36:00+05:30,BHEL,21,False,0,,NO_SIGNAL
DIR:CHOLAFIN:2026-07-31:002:DOWN:102400:DIRECTIONAL_REVERSAL_LEG_ESTABLISHED:103300,CAND:c91e30e559c61ae9e4a8e30d,"{""FILLED"": 21}",0,0,"{""FILLED"": 21}",1500,FORCE_EXIT,EXIT,0,0,OPP:c91e30e559c61ae9e4a8e30d,CAND:c91e30e559c61ae9e4a8e30d,OPP:c91e30e559c61ae9e4a8e30d,True,NO_ACTION,EVENT_INVALIDATE,DIRECTIONAL,OPPOSED,aee40fe8-7759-5cec-902a-0db152fe528d,DIRECTIONAL_TREND_RESTORED_INVALIDATED_OPPOSITE_ACTIVE_SIGNAL,FORCE_EXIT,INVALIDATED,NO_EVENT,NONE,[],NONE,[],2026-07-31T14:36:00+05:30,CHOLAFIN,21,True,0,TRADE_DECISION_NOT_ALLOWED,NOT_ELIGIBLE
BAL:COFORGE:2026-07-31:003:NEUTRAL:105700:BALANCE_ESCAPE_STARTED:132100,CAND:0d32e3ad08ef9cc69fd0369f,"{""FILLED"": 21}",0,0,"{""FILLED"": 21}",1501,HOLD_POSITION,CAUTION,0,0,OPP:0d32e3ad08ef9cc69fd0369f,CAND:0d32e3ad08ef9cc69fd0369f,OPP:0d32e3ad08ef9cc69fd0369f,False,HOLD,NO_CREATION_EVENT,NONE,UNKNOWN,b811de42-fbb9-5d26-a364-a9f98c91de7c,NO_CURRENT_CREATION_EVENT,TRANSITION,OPEN,NO_EVENT,NONE,[],NONE,[],2026-07-31T14:36:00+05:30,COFORGE,21,True,0,TRADE_DECISION_NOT_ALLOWED,NOT_ELIGIBLE
DIR:DIVISLAB:2026-07-31:002:DOWN:100600:DIRECTIONAL_REVERSAL_LEG_ESTABLISHED:101800,CAND:6644484c352c701feebfdf31,"{""FILLED"": 21}",0,0,"{""FILLED"": 21}",1502,FORCE_EXIT,EXIT,0,0,OPP:6644484c352c701feebfdf31,CAND:6644484c352c701feebfdf31,OPP:6644484c352c701feebfdf31,True,NO_ACTION,EVENT_INVALIDATE,COMPLETED,ALIGNED,a73cb6c9-a388-53f1-92b2-41820e34edd3,DIRECTIONAL_REVERSAL_LEG_FAILED_INVALIDATED_OPPOSITE_ACTIVE_SIGNAL,FORCE_EXIT,INVALIDATED,NO_EVENT,REVERSAL_WATCH,[],NONE,[],2026-07-31T14:36:00+05:30,DIVISLAB,21,True,0,TRADE_DECISION_NOT_ALLOWED,NOT_ELIGIBLE
,,"{""FILLED"": 21}",0,0,"{""FILLED"": 21}",1503,,,0,0,,,,,NO_ACTION,,,,,,,,NO_EVENT,NONE,[],FORMING,[],2026-07-31T14:36:00+05:30,EXIDEIND,21,False,0,,NO_SIGNAL
DIR:FORCEMOT:2026-07-31:002:UP:105400:DIRECTIONAL_REVERSAL_LEG_ESTABLISHED:110000,CAND:32b3a707960484f98d8399a7,"{""FILLED"": 21}",0,0,"{""FILLED"": 21}",1504,HOLD_POSITION,CAUTION,0,0,OPP:32b3a707960484f98d8399a7,CAND:32b3a707960484f98d8399a7,OPP:32b3a707960484f98d8399a7,False,HOLD,NO_CREATION_EVENT,NONE,UNKNOWN,76d65cfd-3f5f-5419-81f1-24a924660ce7,NO_CURRENT_CREATION_EVENT,TRANSITION,OPEN,NO_EVENT,NONE,[],LOCKED,"[""CONTINUATION:BLOCK"", ""REACCELERATION:BLOCK"", ""REVERSAL:BLOCK""]",2026-07-31T14:36:00+05:30,FORCEMOT,21,False,0,,ALREADY_DEPLOYED
BAL:GLENMARK:2026-07-31:001:NEUTRAL:101200:BALANCE_ESCAPE_FAILED:131500,CAND:ccb8d7c9ac57fbb14f47bb87,"{""FILLED"": 21}",0,0,"{""FILLED"": 21}",1505,HOLD_POSITION,CAUTION,0,0,OPP:ccb8d7c9ac57fbb14f47bb87,CAND:ccb8d7c9ac57fbb14f47bb87,OPP:ccb8d7c9ac57fbb14f47bb87,False,HOLD,NO_CREATION_EVENT,NONE,UNKNOWN,a4859555-9e57-5772-9c79-4a6b83478351,NO_CURRENT_CREATION_EVENT,TRANSITION,OPEN,NO_EVENT,NONE,[],NONE,[],2026-07-31T14:36:00+05:30,GLENMARK,21,True,0,TRADE_DECISION_NOT_ALLOWED,NOT_ELIGIBLE
BAL:INDUSTOWER:2026-07-31:001:NEUTRAL:110900:BALANCE_ESCAPE_FAILED:115400,CAND:296c26607039b07e87c6f497,"{""FILLED"": 21}",0,0,"{""FILLED"": 21}",1506,HOLD_POSITION,CAUTION,0,0,OPP:296c26607039b07e87c6f497,CAND:296c26607039b07e87c6f497,OPP:296c26607039b07e87c6f497,False,HOLD,NO_CREATION_EVENT,NONE,UNKNOWN,6c1d311c-b1e4-503d-9f2d-3a50df29da5d,NO_CURRENT_CREATION_EVENT,TRANSITION,OPEN,NO_EVENT,NONE,[],FAILED_BACK_INSIDE,"[""CONTINUATION:BLOCK"", ""REACCELERATION:BLOCK"", ""REVERSAL:BLOCK""]",2026-07-31T14:36:00+05:30,INDUSTOWER,21,True,0,TRADE_DECISION_NOT_ALLOWED,NOT_ELIGIBLE
BAL:KALYANKJIL:2026-07-31:002:NEUTRAL:105100:BALANCE_ESCAPE_STARTED:112700,CAND:4a3872010c190995b2d63ff8,"{""FILLED"": 21}",0,0,"{""FILLED"": 21}",1507,HOLD_POSITION,CAUTION,0,0,OPP:4a3872010c190995b2d63ff8,CAND:4a3872010c190995b2d63ff8,OPP:4a3872010c190995b2d63ff8,False,HOLD,NO_CREATION_EVENT,COMPLETED,ALIGNED,fe205a27-ef8f-5bf7-9192-94593d799d94,NO_CURRENT_CREATION_EVENT,TRANSITION,OPEN,DIRECTIONAL_COMPLETED,COMPLETED,"[""DIR:KALYANKJIL:2026-07-31:013:UP:142400:DIRECTIONAL_COMPLETED:143600""]",NONE,[],2026-07-31T14:36:00+05:30,KALYANKJIL,21,False,0,,ALREADY_DEPLOYED
DIR:MANAPPURAM:2026-07-31:006:UP:111200:DIRECTIONAL_REVERSAL_LEG_ESTABLISHED:112100,CAND:7316c4a2330c742a8803fe6c,"{""FILLED"": 21}",0,0,"{""FILLED"": 21}",1508,HOLD_POSITION,STRENGTHEN,0,0,OPP:7316c4a2330c742a8803fe6c,CAND:7316c4a2330c742a8803fe6c,OPP:7316c4a2330c742a8803fe6c,False,HOLD,NO_CREATION_EVENT,DIRECTIONAL,ALIGNED,50c51811-b112-5f0f-9fcc-a1422ceea97c,AUTHORITATIVE_DIRECTIONAL_ALIGNED,ACTIVE,OPEN,NO_EVENT,DIRECTIONAL,[],NONE,[],2026-07-31T14:36:00+05:30,MANAPPURAM,21,False,0,,ALREADY_DEPLOYED
BAL:PERSISTENT:2026-07-31:002:NEUTRAL:103600:BALANCE_ESCAPE_STARTED:110600,CAND:6e00ceac84968df1df4d7495,"{""FILLED"": 21}",0,0,"{""FILLED"": 21}",1509,HOLD_POSITION,CAUTION,0,0,OPP:6e00ceac84968df1df4d7495,CAND:6e00ceac84968df1df4d7495,OPP:6e00ceac84968df1df4d7495,False,HOLD,NO_CREATION_EVENT,NONE,UNKNOWN,cad8805e-c102-57a4-96c7-d70c9c07f5cc,NO_CURRENT_CREATION_EVENT,TRANSITION,OPEN,NO_EVENT,NONE,[],NONE,[],2026-07-31T14:36:00+05:30,PERSISTENT,21,False,0,,ALREADY_DEPLOYED
BAL:POWERINDIA:2026-07-31:001:NEUTRAL:095100:BALANCE_ESCAPE_FAILED:113000,CAND:dc1ab160fa1ee75a10189da6,"{""FILLED"": 21}",0,0,"{""FILLED"": 21}",1510,HOLD_POSITION,CAUTION,0,0,OPP:dc1ab160fa1ee75a10189da6,CAND:dc1ab160fa1ee75a10189da6,OPP:dc1ab160fa1ee75a10189da6,False,HOLD,NO_CREATION_EVENT,NONE,UNKNOWN,57fbc3b0-0822-51b7-8515-450ea6586841,NO_CURRENT_CREATION_EVENT,TRANSITION,OPEN,BALANCE_ESCAPE_ACCEPTED,NONE,"[""BAL:POWERINDIA:2026-07-31:002:NEUTRAL:124800:BALANCE_ESCAPE_ACCEPTED:143600""]",ACCEPTED_OUTSIDE,"[""ACCEPTED_BREAKOUT:PERMIT""]",2026-07-31T14:36:00+05:30,POWERINDIA,21,True,0,TRADE_DECISION_NOT_ALLOWED,NOT_ELIGIBLE
BAL:TCS:2026-07-31:001:NEUTRAL:100600:BALANCE_ESCAPE_STARTED:103600,CAND:02506b9e9c36e94d0d5e2f0e,"{""FILLED"": 21}",0,0,"{""FILLED"": 21}",1511,FORCE_EXIT,EXIT,0,0,OPP:02506b9e9c36e94d0d5e2f0e,CAND:02506b9e9c36e94d0d5e2f0e,OPP:02506b9e9c36e94d0d5e2f0e,True,NO_ACTION,EVENT_INVALIDATE,NONE,UNKNOWN,8ea01a85-4efa-5849-ac33-c03e0b01cda8,BALANCE_ESCAPE_FAILED_INVALIDATED_SETUP,FORCE_EXIT,INVALIDATED,NO_EVENT,NONE,[],LOCKED,"[""CONTINUATION:BLOCK"", ""REACCELERATION:BLOCK"", ""REVERSAL:BLOCK""]",2026-07-31T14:36:00+05:30,TCS,21,True,0,TRADE_DECISION_NOT_ALLOWED,NOT_ELIGIBLE
DIR:TORNTPHARM:2026-07-31:002:UP:105700:DIRECTIONAL_REVERSAL_LEG_ESTABLISHED:110300,CAND:dcb490f7068f3aeab3ab074f,"{""FILLED"": 21}",0,0,"{""FILLED"": 21}",1512,FORCE_EXIT,EXIT,0,0,OPP:dcb490f7068f3aeab3ab074f,CAND:dcb490f7068f3aeab3ab074f,OPP:dcb490f7068f3aeab3ab074f,True,NO_ACTION,EVENT_INVALIDATE,DIRECTIONAL,ALIGNED,099dd7de-7081-52f9-9bd2-655c56b6256c,DIRECTIONAL_TREND_RESTORED_INVALIDATED_SETUP,FORCE_EXIT,INVALIDATED,NO_EVENT,NONE,[],FORMING,[],2026-07-31T14:36:00+05:30,TORNTPHARM,21,False,0,,ALREADY_DEPLOYED
,,"{""FILLED"": 21}",0,0,"{""FILLED"": 21}",1513,,,0,0,,,,,NO_ACTION,,,,,,,,NO_EVENT,NONE,[],NONE,[],2026-07-31T14:39:00+05:30,BHEL,21,False,0,,NO_SIGNAL
DIR:CHOLAFIN:2026-07-31:002:DOWN:102400:DIRECTIONAL_REVERSAL_LEG_ESTABLISHED:103300,CAND:c91e30e559c61ae9e4a8e30d,"{""FILLED"": 21}",0,0,"{""FILLED"": 21}",1514,FORCE_EXIT,EXIT,0,0,OPP:c91e30e559c61ae9e4a8e30d,CAND:c91e30e559c61ae9e4a8e30d,OPP:c91e30e559c61ae9e4a8e30d,True,NO_ACTION,EVENT_INVALIDATE,DIRECTIONAL,OPPOSED,aee40fe8-7759-5cec-902a-0db152fe528d,DIRECTIONAL_TREND_RESTORED_INVALIDATED_OPPOSITE_ACTIVE_SIGNAL,FORCE_EXIT,INVALIDATED,NO_EVENT,NONE,[],NONE,[],2026-07-31T14:39:00+05:30,CHOLAFIN,21,True,0,TRADE_DECISION_NOT_ALLOWED,NOT_ELIGIBLE
BAL:COFORGE:2026-07-31:003:NEUTRAL:105700:BALANCE_ESCAPE_STARTED:132100,CAND:0d32e3ad08ef9cc69fd0369f,"{""FILLED"": 21}",0,0,"{""FILLED"": 21}",1515,HOLD_POSITION,CAUTION,0,0,OPP:0d32e3ad08ef9cc69fd0369f,CAND:0d32e3ad08ef9cc69fd0369f,OPP:0d32e3ad08ef9cc69fd0369f,False,HOLD,NO_CREATION_EVENT,NONE,UNKNOWN,b811de42-fbb9-5d26-a364-a9f98c91de7c,NO_CURRENT_CREATION_EVENT,TRANSITION,OPEN,NO_EVENT,NONE,[],NONE,[],2026-07-31T14:39:00+05:30,COFORGE,21,True,0,TRADE_DECISION_NOT_ALLOWED,NOT_ELIGIBLE
DIR:DIVISLAB:2026-07-31:002:DOWN:100600:DIRECTIONAL_REVERSAL_LEG_ESTABLISHED:101800,CAND:6644484c352c701feebfdf31,"{""FILLED"": 21}",0,0,"{""FILLED"": 21}",1516,FORCE_EXIT,EXIT,0,0,OPP:6644484c352c701feebfdf31,CAND:6644484c352c701feebfdf31,OPP:6644484c352c701feebfdf31,True,NO_ACTION,EVENT_INVALIDATE,COMPLETED,ALIGNED,a73cb6c9-a388-53f1-92b2-41820e34edd3,DIRECTIONAL_REVERSAL_LEG_FAILED_INVALIDATED_OPPOSITE_ACTIVE_SIGNAL,FORCE_EXIT,INVALIDATED,NO_EVENT,REVERSAL_WATCH,[],NONE,[],2026-07-31T14:39:00+05:30,DIVISLAB,21,True,0,TRADE_DECISION_NOT_ALLOWED,NOT_ELIGIBLE
,,"{""FILLED"": 21}",0,0,"{""FILLED"": 21}",1517,,,0,0,,,,,NO_ACTION,,,,,,,,DIRECTIONAL_STARTED,DIRECTIONAL,"[""DIR:EXIDEIND:2026-07-31:008:UP:143900:DIRECTIONAL_STARTED:143900""]",FORMING,[],2026-07-31T14:39:00+05:30,EXIDEIND,21,False,0,,NO_SIGNAL
DIR:FORCEMOT:2026-07-31:002:UP:105400:DIRECTIONAL_REVERSAL_LEG_ESTABLISHED:110000,CAND:32b3a707960484f98d8399a7,"{""FILLED"": 21}",0,0,"{""FILLED"": 21}",1518,HOLD_POSITION,CAUTION,0,0,OPP:32b3a707960484f98d8399a7,CAND:32b3a707960484f98d8399a7,OPP:32b3a707960484f98d8399a7,False,HOLD,NO_CREATION_EVENT,NONE,UNKNOWN,76d65cfd-3f5f-5419-81f1-24a924660ce7,NO_CURRENT_CREATION_EVENT,TRANSITION,OPEN,NO_EVENT,NONE,[],LOCKED,"[""CONTINUATION:BLOCK"", ""REACCELERATION:BLOCK"", ""REVERSAL:BLOCK""]",2026-07-31T14:39:00+05:30,FORCEMOT,21,False,0,,ALREADY_DEPLOYED
BAL:GLENMARK:2026-07-31:001:NEUTRAL:101200:BALANCE_ESCAPE_FAILED:131500,CAND:ccb8d7c9ac57fbb14f47bb87,"{""FILLED"": 21}",0,0,"{""FILLED"": 21}",1519,HOLD_POSITION,CAUTION,0,0,OPP:ccb8d7c9ac57fbb14f47bb87,CAND:ccb8d7c9ac57fbb14f47bb87,OPP:ccb8d7c9ac57fbb14f47bb87,False,HOLD,NO_CREATION_EVENT,NONE,UNKNOWN,a4859555-9e57-5772-9c79-4a6b83478351,NO_CURRENT_CREATION_EVENT,TRANSITION,OPEN,NO_EVENT,NONE,[],NONE,[],2026-07-31T14:39:00+05:30,GLENMARK,21,True,0,TRADE_DECISION_NOT_ALLOWED,NOT_ELIGIBLE
BAL:INDUSTOWER:2026-07-31:001:NEUTRAL:110900:BALANCE_ESCAPE_FAILED:115400,CAND:296c26607039b07e87c6f497,"{""FILLED"": 21}",0,0,"{""FILLED"": 21}",1520,HOLD_POSITION,CAUTION,0,0,OPP:296c26607039b07e87c6f497,CAND:296c26607039b07e87c6f497,OPP:296c26607039b07e87c6f497,False,HOLD,NO_CREATION_EVENT,NONE,UNKNOWN,6c1d311c-b1e4-503d-9f2d-3a50df29da5d,NO_CURRENT_CREATION_EVENT,TRANSITION,OPEN,NO_EVENT,NONE,[],FAILED_BACK_INSIDE,"[""CONTINUATION:BLOCK"", ""REACCELERATION:BLOCK"", ""REVERSAL:BLOCK""]",2026-07-31T14:39:00+05:30,INDUSTOWER,21,True,0,TRADE_DECISION_NOT_ALLOWED,NOT_ELIGIBLE
BAL:KALYANKJIL:2026-07-31:002:NEUTRAL:105100:BALANCE_ESCAPE_STARTED:112700,CAND:4a3872010c190995b2d63ff8,"{""FILLED"": 21}",0,0,"{""FILLED"": 21}",1521,HOLD_POSITION,CAUTION,0,0,OPP:4a3872010c190995b2d63ff8,CAND:4a3872010c190995b2d63ff8,OPP:4a3872010c190995b2d63ff8,False,HOLD,NO_CREATION_EVENT,NONE,UNKNOWN,fe205a27-ef8f-5bf7-9192-94593d799d94,NO_CURRENT_CREATION_EVENT,TRANSITION,OPEN,NO_EVENT,NONE,[],NONE,[],2026-07-31T14:39:00+05:30,KALYANKJIL,21,False,0,,ALREADY_DEPLOYED
DIR:MANAPPURAM:2026-07-31:006:UP:111200:DIRECTIONAL_REVERSAL_LEG_ESTABLISHED:112100,CAND:7316c4a2330c742a8803fe6c,"{""FILLED"": 21}",0,0,"{""FILLED"": 21}",1522,HOLD_POSITION,STRENGTHEN,0,0,OPP:7316c4a2330c742a8803fe6c,CAND:7316c4a2330c742a8803fe6c,OPP:7316c4a2330c742a8803fe6c,False,HOLD,NO_CREATION_EVENT,DIRECTIONAL,ALIGNED,50c51811-b112-5f0f-9fcc-a1422ceea97c,AUTHORITATIVE_DIRECTIONAL_ALIGNED,ACTIVE,OPEN,NO_EVENT,DIRECTIONAL,[],NONE,[],2026-07-31T14:39:00+05:30,MANAPPURAM,21,False,0,,ALREADY_DEPLOYED
BAL:PERSISTENT:2026-07-31:002:NEUTRAL:103600:BALANCE_ESCAPE_STARTED:110600,CAND:6e00ceac84968df1df4d7495,"{""FILLED"": 21}",0,0,"{""FILLED"": 21}",1523,HOLD_POSITION,CAUTION,0,0,OPP:6e00ceac84968df1df4d7495,CAND:6e00ceac84968df1df4d7495,OPP:6e00ceac84968df1df4d7495,False,HOLD,NO_CREATION_EVENT,NONE,UNKNOWN,cad8805e-c102-57a4-96c7-d70c9c07f5cc,NO_CURRENT_CREATION_EVENT,TRANSITION,OPEN,NO_EVENT,NONE,[],NONE,[],2026-07-31T14:39:00+05:30,PERSISTENT,21,False,0,,ALREADY_DEPLOYED
BAL:POWERINDIA:2026-07-31:001:NEUTRAL:095100:BALANCE_ESCAPE_FAILED:113000,CAND:dc1ab160fa1ee75a10189da6,"{""FILLED"": 21}",0,0,"{""FILLED"": 21}",1524,HOLD_POSITION,CAUTION,0,0,OPP:dc1ab160fa1ee75a10189da6,CAND:dc1ab160fa1ee75a10189da6,OPP:dc1ab160fa1ee75a10189da6,False,HOLD,NO_CREATION_EVENT,NONE,UNKNOWN,57fbc3b0-0822-51b7-8515-450ea6586841,NO_CURRENT_CREATION_EVENT,TRANSITION,OPEN,BALANCE_COMPLETED,NONE,"[""BAL:POWERINDIA:2026-07-31:002:NEUTRAL:124800:BALANCE_COMPLETED:143900""]",COMPLETED,[],2026-07-31T14:39:00+05:30,POWERINDIA,21,True,0,TRADE_DECISION_NOT_ALLOWED,NOT_ELIGIBLE
BAL:TCS:2026-07-31:001:NEUTRAL:100600:BALANCE_ESCAPE_STARTED:103600,CAND:02506b9e9c36e94d0d5e2f0e,"{""FILLED"": 21}",0,0,"{""FILLED"": 21}",1525,FORCE_EXIT,EXIT,0,0,OPP:02506b9e9c36e94d0d5e2f0e,CAND:02506b9e9c36e94d0d5e2f0e,OPP:02506b9e9c36e94d0d5e2f0e,True,NO_ACTION,EVENT_INVALIDATE,NONE,UNKNOWN,8ea01a85-4efa-5849-ac33-c03e0b01cda8,BALANCE_ESCAPE_FAILED_INVALIDATED_SETUP,FORCE_EXIT,INVALIDATED,NO_EVENT,NONE,[],LOCKED,"[""CONTINUATION:BLOCK"", ""REACCELERATION:BLOCK"", ""REVERSAL:BLOCK""]",2026-07-31T14:39:00+05:30,TCS,21,True,0,TRADE_DECISION_NOT_ALLOWED,NOT_ELIGIBLE
DIR:TORNTPHARM:2026-07-31:002:UP:105700:DIRECTIONAL_REVERSAL_LEG_ESTABLISHED:110300,CAND:dcb490f7068f3aeab3ab074f,"{""FILLED"": 21}",0,0,"{""FILLED"": 21}",1526,FORCE_EXIT,EXIT,0,0,OPP:dcb490f7068f3aeab3ab074f,CAND:dcb490f7068f3aeab3ab074f,OPP:dcb490f7068f3aeab3ab074f,True,NO_ACTION,EVENT_INVALIDATE,DIRECTIONAL,ALIGNED,099dd7de-7081-52f9-9bd2-655c56b6256c,DIRECTIONAL_TREND_RESTORED_INVALIDATED_SETUP,FORCE_EXIT,INVALIDATED,NO_EVENT,NONE,[],FORMING,[],2026-07-31T14:39:00+05:30,TORNTPHARM,21,False,0,,ALREADY_DEPLOYED
,,"{""FILLED"": 21}",0,0,"{""FILLED"": 21}",1527,,,0,0,,,,,NO_ACTION,,,,,,,,DIRECTIONAL_STARTED,DIRECTIONAL,"[""DIR:BHEL:2026-07-31:013:DOWN:144200:DIRECTIONAL_STARTED:144200""]",NONE,[],2026-07-31T14:42:00+05:30,BHEL,21,False,0,,NO_SIGNAL
DIR:CHOLAFIN:2026-07-31:002:DOWN:102400:DIRECTIONAL_REVERSAL_LEG_ESTABLISHED:103300,CAND:c91e30e559c61ae9e4a8e30d,"{""FILLED"": 21}",0,0,"{""FILLED"": 21}",1528,FORCE_EXIT,EXIT,0,0,OPP:c91e30e559c61ae9e4a8e30d,CAND:c91e30e559c61ae9e4a8e30d,OPP:c91e30e559c61ae9e4a8e30d,True,NO_ACTION,EVENT_INVALIDATE,DIRECTIONAL,OPPOSED,aee40fe8-7759-5cec-902a-0db152fe528d,DIRECTIONAL_TREND_RESTORED_INVALIDATED_OPPOSITE_ACTIVE_SIGNAL,FORCE_EXIT,INVALIDATED,NO_EVENT,NONE,[],NONE,[],2026-07-31T14:42:00+05:30,CHOLAFIN,21,True,0,TRADE_DECISION_NOT_ALLOWED,NOT_ELIGIBLE
BAL:COFORGE:2026-07-31:003:NEUTRAL:105700:BALANCE_ESCAPE_STARTED:132100,CAND:0d32e3ad08ef9cc69fd0369f,"{""FILLED"": 21}",0,0,"{""FILLED"": 21}",1529,HOLD_POSITION,CAUTION,0,0,OPP:0d32e3ad08ef9cc69fd0369f,CAND:0d32e3ad08ef9cc69fd0369f,OPP:0d32e3ad08ef9cc69fd0369f,False,HOLD,NO_CREATION_EVENT,DIRECTIONAL,OPPOSED,b811de42-fbb9-5d26-a364-a9f98c91de7c,AUTHORITATIVE_DIRECTION_OPPOSED,WEAKENING,OPEN,DIRECTIONAL_STARTED,DIRECTIONAL,"[""DIR:COFORGE:2026-07-31:003:UP:144200:DIRECTIONAL_STARTED:144200""]",NONE,[],2026-07-31T14:42:00+05:30,COFORGE,21,True,0,TRADE_DECISION_NOT_ALLOWED,NOT_ELIGIBLE
DIR:DIVISLAB:2026-07-31:002:DOWN:100600:DIRECTIONAL_REVERSAL_LEG_ESTABLISHED:101800,CAND:6644484c352c701feebfdf31,"{""FILLED"": 21}",0,0,"{""FILLED"": 21}",1530,FORCE_EXIT,EXIT,0,0,OPP:6644484c352c701feebfdf31,CAND:6644484c352c701feebfdf31,OPP:6644484c352c701feebfdf31,True,NO_ACTION,EVENT_INVALIDATE,COMPLETED,ALIGNED,a73cb6c9-a388-53f1-92b2-41820e34edd3,DIRECTIONAL_REVERSAL_LEG_FAILED_INVALIDATED_OPPOSITE_ACTIVE_SIGNAL,FORCE_EXIT,INVALIDATED,NO_EVENT,REVERSAL_WATCH,[],NONE,[],2026-07-31T14:42:00+05:30,DIVISLAB,21,True,0,TRADE_DECISION_NOT_ALLOWED,NOT_ELIGIBLE
,,"{""FILLED"": 21}",0,0,"{""FILLED"": 21}",1531,,,0,0,,,,,NO_ACTION,,,,,,,,"BALANCE_PROBABLE,DIRECTIONAL_MATURED",MATURE,"[""BAL:EXIDEIND:2026-07-31:006:NEUTRAL:143000:BALANCE_PROBABLE:144200"", ""DIR:EXIDEIND:2026-07-31:008:UP:143900:DIRECTIONAL_MATURED:144200""]",PROBABLE,[],2026-07-31T14:42:00+05:30,EXIDEIND,21,False,0,,NO_SIGNAL
DIR:FORCEMOT:2026-07-31:002:UP:105400:DIRECTIONAL_REVERSAL_LEG_ESTABLISHED:110000,CAND:32b3a707960484f98d8399a7,"{""FILLED"": 21}",0,0,"{""FILLED"": 21}",1532,HOLD_POSITION,CAUTION,0,0,OPP:32b3a707960484f98d8399a7,CAND:32b3a707960484f98d8399a7,OPP:32b3a707960484f98d8399a7,False,HOLD,NO_CREATION_EVENT,NONE,UNKNOWN,76d65cfd-3f5f-5419-81f1-24a924660ce7,NO_CURRENT_CREATION_EVENT,TRANSITION,OPEN,NO_EVENT,NONE,[],LOCKED,"[""CONTINUATION:BLOCK"", ""REACCELERATION:BLOCK"", ""REVERSAL:BLOCK""]",2026-07-31T14:42:00+05:30,FORCEMOT,21,False,0,,ALREADY_DEPLOYED
BAL:GLENMARK:2026-07-31:001:NEUTRAL:101200:BALANCE_ESCAPE_FAILED:131500,CAND:ccb8d7c9ac57fbb14f47bb87,"{""FILLED"": 21}",0,0,"{""FILLED"": 21}",1533,HOLD_POSITION,CAUTION,0,0,OPP:ccb8d7c9ac57fbb14f47bb87,CAND:ccb8d7c9ac57fbb14f47bb87,OPP:ccb8d7c9ac57fbb14f47bb87,False,HOLD,NO_CREATION_EVENT,NONE,UNKNOWN,a4859555-9e57-5772-9c79-4a6b83478351,NO_CURRENT_CREATION_EVENT,TRANSITION,OPEN,NO_EVENT,NONE,[],NONE,[],2026-07-31T14:42:00+05:30,GLENMARK,21,True,0,TRADE_DECISION_NOT_ALLOWED,NOT_ELIGIBLE
BAL:INDUSTOWER:2026-07-31:001:NEUTRAL:110900:BALANCE_ESCAPE_FAILED:115400,CAND:296c26607039b07e87c6f497,"{""FILLED"": 21}",0,0,"{""FILLED"": 21}",1534,HOLD_POSITION,CAUTION,0,0,OPP:296c26607039b07e87c6f497,CAND:296c26607039b07e87c6f497,OPP:296c26607039b07e87c6f497,False,HOLD,NO_CREATION_EVENT,NONE,UNKNOWN,6c1d311c-b1e4-503d-9f2d-3a50df29da5d,NO_CURRENT_CREATION_EVENT,TRANSITION,OPEN,NO_EVENT,NONE,[],FAILED_BACK_INSIDE,"[""CONTINUATION:BLOCK"", ""REACCELERATION:BLOCK"", ""REVERSAL:BLOCK""]",2026-07-31T14:42:00+05:30,INDUSTOWER,21,True,0,TRADE_DECISION_NOT_ALLOWED,NOT_ELIGIBLE
BAL:KALYANKJIL:2026-07-31:002:NEUTRAL:105100:BALANCE_ESCAPE_STARTED:112700,CAND:4a3872010c190995b2d63ff8,"{""FILLED"": 21}",0,0,"{""FILLED"": 21}",1535,HOLD_POSITION,CAUTION,0,0,OPP:4a3872010c190995b2d63ff8,CAND:4a3872010c190995b2d63ff8,OPP:4a3872010c190995b2d63ff8,False,HOLD,NO_CREATION_EVENT,DIRECTIONAL,OPPOSED,fe205a27-ef8f-5bf7-9192-94593d799d94,AUTHORITATIVE_DIRECTION_OPPOSED,WEAKENING,OPEN,DIRECTIONAL_STARTED,DIRECTIONAL,"[""DIR:KALYANKJIL:2026-07-31:014:DOWN:144200:DIRECTIONAL_STARTED:144200""]",NONE,[],2026-07-31T14:42:00+05:30,KALYANKJIL,21,False,0,,ALREADY_DEPLOYED
DIR:MANAPPURAM:2026-07-31:006:UP:111200:DIRECTIONAL_REVERSAL_LEG_ESTABLISHED:112100,CAND:7316c4a2330c742a8803fe6c,"{""FILLED"": 21}",0,0,"{""FILLED"": 21}",1536,HOLD_POSITION,STRENGTHEN,0,0,OPP:7316c4a2330c742a8803fe6c,CAND:7316c4a2330c742a8803fe6c,OPP:7316c4a2330c742a8803fe6c,False,HOLD,NO_CREATION_EVENT,DIRECTIONAL,ALIGNED,50c51811-b112-5f0f-9fcc-a1422ceea97c,AUTHORITATIVE_DIRECTIONAL_ALIGNED,ACTIVE,OPEN,NO_EVENT,DIRECTIONAL,[],NONE,[],2026-07-31T14:42:00+05:30,MANAPPURAM,21,False,0,,ALREADY_DEPLOYED
BAL:PERSISTENT:2026-07-31:002:NEUTRAL:103600:BALANCE_ESCAPE_STARTED:110600,CAND:6e00ceac84968df1df4d7495,"{""FILLED"": 21}",0,0,"{""FILLED"": 21}",1537,HOLD_POSITION,CAUTION,0,0,OPP:6e00ceac84968df1df4d7495,CAND:6e00ceac84968df1df4d7495,OPP:6e00ceac84968df1df4d7495,False,HOLD,NO_CREATION_EVENT,NONE,UNKNOWN,cad8805e-c102-57a4-96c7-d70c9c07f5cc,NO_CURRENT_CREATION_EVENT,TRANSITION,OPEN,BALANCE_FORMING_STARTED,NONE,"[""BAL:PERSISTENT:2026-07-31:007:NEUTRAL:144200:BALANCE_FORMING_STARTED:144200""]",FORMING,[],2026-07-31T14:42:00+05:30,PERSISTENT,21,False,0,,ALREADY_DEPLOYED
BAL:POWERINDIA:2026-07-31:001:NEUTRAL:095100:BALANCE_ESCAPE_FAILED:113000,CAND:dc1ab160fa1ee75a10189da6,"{""FILLED"": 21}",0,0,"{""FILLED"": 21}",1538,HOLD_POSITION,CAUTION,0,0,OPP:dc1ab160fa1ee75a10189da6,CAND:dc1ab160fa1ee75a10189da6,OPP:dc1ab160fa1ee75a10189da6,False,HOLD,NO_CREATION_EVENT,NONE,UNKNOWN,57fbc3b0-0822-51b7-8515-450ea6586841,NO_CURRENT_CREATION_EVENT,TRANSITION,OPEN,NO_EVENT,NONE,[],NONE,[],2026-07-31T14:42:00+05:30,POWERINDIA,21,True,0,TRADE_DECISION_NOT_ALLOWED,NOT_ELIGIBLE
BAL:TCS:2026-07-31:001:NEUTRAL:100600:BALANCE_ESCAPE_STARTED:103600,CAND:02506b9e9c36e94d0d5e2f0e,"{""FILLED"": 21}",0,0,"{""FILLED"": 21}",1539,FORCE_EXIT,EXIT,0,0,OPP:02506b9e9c36e94d0d5e2f0e,CAND:02506b9e9c36e94d0d5e2f0e,OPP:02506b9e9c36e94d0d5e2f0e,True,NO_ACTION,EVENT_INVALIDATE,NONE,UNKNOWN,8ea01a85-4efa-5849-ac33-c03e0b01cda8,BALANCE_ESCAPE_FAILED_INVALIDATED_SETUP,FORCE_EXIT,INVALIDATED,NO_EVENT,NONE,[],LOCKED,"[""CONTINUATION:BLOCK"", ""REACCELERATION:BLOCK"", ""REVERSAL:BLOCK""]",2026-07-31T14:42:00+05:30,TCS,21,True,0,TRADE_DECISION_NOT_ALLOWED,NOT_ELIGIBLE
DIR:TORNTPHARM:2026-07-31:002:UP:105700:DIRECTIONAL_REVERSAL_LEG_ESTABLISHED:110300,CAND:dcb490f7068f3aeab3ab074f,"{""FILLED"": 21}",0,0,"{""FILLED"": 21}",1540,FORCE_EXIT,EXIT,0,0,OPP:dcb490f7068f3aeab3ab074f,CAND:dcb490f7068f3aeab3ab074f,OPP:dcb490f7068f3aeab3ab074f,True,NO_ACTION,EVENT_INVALIDATE,DIRECTIONAL,ALIGNED,099dd7de-7081-52f9-9bd2-655c56b6256c,DIRECTIONAL_TREND_RESTORED_INVALIDATED_SETUP,FORCE_EXIT,INVALIDATED,NO_EVENT,NONE,[],FORMING,[],2026-07-31T14:42:00+05:30,TORNTPHARM,21,False,0,,ALREADY_DEPLOYED
,,"{""FILLED"": 21}",0,0,"{""FILLED"": 21}",1541,,,0,0,,,,,NO_ACTION,,,,,,,,NO_EVENT,DIRECTIONAL,[],NONE,[],2026-07-31T14:45:00+05:30,BHEL,21,False,0,,NO_SIGNAL
DIR:CHOLAFIN:2026-07-31:002:DOWN:102400:DIRECTIONAL_REVERSAL_LEG_ESTABLISHED:103300,CAND:c91e30e559c61ae9e4a8e30d,"{""FILLED"": 21}",0,0,"{""FILLED"": 21}",1542,FORCE_EXIT,EXIT,0,0,OPP:c91e30e559c61ae9e4a8e30d,CAND:c91e30e559c61ae9e4a8e30d,OPP:c91e30e559c61ae9e4a8e30d,True,NO_ACTION,EVENT_INVALIDATE,DIRECTIONAL,OPPOSED,aee40fe8-7759-5cec-902a-0db152fe528d,DIRECTIONAL_TREND_RESTORED_INVALIDATED_OPPOSITE_ACTIVE_SIGNAL,FORCE_EXIT,INVALIDATED,NO_EVENT,NONE,[],NONE,[],2026-07-31T14:45:00+05:30,CHOLAFIN,21,True,0,TRADE_DECISION_NOT_ALLOWED,NOT_ELIGIBLE
BAL:COFORGE:2026-07-31:003:NEUTRAL:105700:BALANCE_ESCAPE_STARTED:132100,CAND:0d32e3ad08ef9cc69fd0369f,"{""FILLED"": 21}",0,0,"{""FILLED"": 21}",1543,HOLD_POSITION,CAUTION,0,0,OPP:0d32e3ad08ef9cc69fd0369f,CAND:0d32e3ad08ef9cc69fd0369f,OPP:0d32e3ad08ef9cc69fd0369f,False,HOLD,NO_CREATION_EVENT,DIRECTIONAL,OPPOSED,b811de42-fbb9-5d26-a364-a9f98c91de7c,AUTHORITATIVE_DIRECTION_OPPOSED,WEAKENING,OPEN,NO_EVENT,DIRECTIONAL,[],NONE,[],2026-07-31T14:45:00+05:30,COFORGE,21,True,0,TRADE_DECISION_NOT_ALLOWED,NOT_ELIGIBLE
DIR:DIVISLAB:2026-07-31:002:DOWN:100600:DIRECTIONAL_REVERSAL_LEG_ESTABLISHED:101800,CAND:6644484c352c701feebfdf31,"{""FILLED"": 21}",0,0,"{""FILLED"": 21}",1544,FORCE_EXIT,EXIT,0,0,OPP:6644484c352c701feebfdf31,CAND:6644484c352c701feebfdf31,OPP:6644484c352c701feebfdf31,True,NO_ACTION,EVENT_INVALIDATE,COMPLETED,ALIGNED,a73cb6c9-a388-53f1-92b2-41820e34edd3,DIRECTIONAL_REVERSAL_LEG_FAILED_INVALIDATED_OPPOSITE_ACTIVE_SIGNAL,FORCE_EXIT,INVALIDATED,NO_EVENT,REVERSAL_WATCH,[],NONE,[],2026-07-31T14:45:00+05:30,DIVISLAB,21,True,0,TRADE_DECISION_NOT_ALLOWED,NOT_ELIGIBLE
,,"{""FILLED"": 21}",0,0,"{""FILLED"": 21}",1545,,,0,0,,,,,NO_ACTION,,,,,,,,REVERSAL_WATCH_STARTED,REVERSAL_WATCH,"[""DIR:EXIDEIND:2026-07-31:008:UP:143900:REVERSAL_WATCH_STARTED:144500""]",PROBABLE,[],2026-07-31T14:45:00+05:30,EXIDEIND,21,False,0,,NO_SIGNAL
DIR:FORCEMOT:2026-07-31:002:UP:105400:DIRECTIONAL_REVERSAL_LEG_ESTABLISHED:110000,CAND:32b3a707960484f98d8399a7,"{""FILLED"": 21}",0,0,"{""FILLED"": 21}",1546,HOLD_POSITION,CAUTION,0,0,OPP:32b3a707960484f98d8399a7,CAND:32b3a707960484f98d8399a7,OPP:32b3a707960484f98d8399a7,False,HOLD,NO_CREATION_EVENT,NONE,UNKNOWN,76d65cfd-3f5f-5419-81f1-24a924660ce7,NO_CURRENT_CREATION_EVENT,TRANSITION,OPEN,NO_EVENT,NONE,[],LOCKED,"[""CONTINUATION:BLOCK"", ""REACCELERATION:BLOCK"", ""REVERSAL:BLOCK""]",2026-07-31T14:45:00+05:30,FORCEMOT,21,False,0,,ALREADY_DEPLOYED
BAL:GLENMARK:2026-07-31:001:NEUTRAL:101200:BALANCE_ESCAPE_FAILED:131500,CAND:ccb8d7c9ac57fbb14f47bb87,"{""FILLED"": 21}",0,0,"{""FILLED"": 21}",1547,HOLD_POSITION,CAUTION,0,0,OPP:ccb8d7c9ac57fbb14f47bb87,CAND:ccb8d7c9ac57fbb14f47bb87,OPP:ccb8d7c9ac57fbb14f47bb87,False,HOLD,NO_CREATION_EVENT,NONE,UNKNOWN,a4859555-9e57-5772-9c79-4a6b83478351,NO_CURRENT_CREATION_EVENT,TRANSITION,OPEN,NO_EVENT,NONE,[],NONE,[],2026-07-31T14:45:00+05:30,GLENMARK,21,True,0,TRADE_DECISION_NOT_ALLOWED,NOT_ELIGIBLE
BAL:INDUSTOWER:2026-07-31:001:NEUTRAL:110900:BALANCE_ESCAPE_FAILED:115400,CAND:296c26607039b07e87c6f497,"{""FILLED"": 21}",0,0,"{""FILLED"": 21}",1548,HOLD_POSITION,CAUTION,0,0,OPP:296c26607039b07e87c6f497,CAND:296c26607039b07e87c6f497,OPP:296c26607039b07e87c6f497,False,HOLD,NO_CREATION_EVENT,NONE,UNKNOWN,6c1d311c-b1e4-503d-9f2d-3a50df29da5d,NO_CURRENT_CREATION_EVENT,TRANSITION,OPEN,NO_EVENT,NONE,[],FAILED_BACK_INSIDE,"[""CONTINUATION:BLOCK"", ""REACCELERATION:BLOCK"", ""REVERSAL:BLOCK""]",2026-07-31T14:45:00+05:30,INDUSTOWER,21,True,0,TRADE_DECISION_NOT_ALLOWED,NOT_ELIGIBLE
BAL:KALYANKJIL:2026-07-31:002:NEUTRAL:105100:BALANCE_ESCAPE_STARTED:112700,CAND:4a3872010c190995b2d63ff8,"{""FILLED"": 21}",0,0,"{""FILLED"": 21}",1549,HOLD_POSITION,CAUTION,0,0,OPP:4a3872010c190995b2d63ff8,CAND:4a3872010c190995b2d63ff8,OPP:4a3872010c190995b2d63ff8,False,HOLD,NO_CREATION_EVENT,DIRECTIONAL,OPPOSED,fe205a27-ef8f-5bf7-9192-94593d799d94,AUTHORITATIVE_DIRECTION_OPPOSED,WEAKENING,OPEN,NO_EVENT,DIRECTIONAL,[],NONE,[],2026-07-31T14:45:00+05:30,KALYANKJIL,21,False,0,,ALREADY_DEPLOYED
DIR:MANAPPURAM:2026-07-31:006:UP:111200:DIRECTIONAL_REVERSAL_LEG_ESTABLISHED:112100,CAND:7316c4a2330c742a8803fe6c,"{""FILLED"": 21}",0,0,"{""FILLED"": 21}",1550,HOLD_POSITION,STRENGTHEN,0,0,OPP:7316c4a2330c742a8803fe6c,CAND:7316c4a2330c742a8803fe6c,OPP:7316c4a2330c742a8803fe6c,False,HOLD,NO_CREATION_EVENT,MATURE,ALIGNED,50c51811-b112-5f0f-9fcc-a1422ceea97c,AUTHORITATIVE_DIRECTIONAL_MATURE,EXPAND,OPEN,DIRECTIONAL_MATURED,MATURE,"[""DIR:MANAPPURAM:2026-07-31:009:UP:135100:DIRECTIONAL_MATURED:144500""]",NONE,[],2026-07-31T14:45:00+05:30,MANAPPURAM,21,False,0,,ALREADY_DEPLOYED
BAL:PERSISTENT:2026-07-31:002:NEUTRAL:103600:BALANCE_ESCAPE_STARTED:110600,CAND:6e00ceac84968df1df4d7495,"{""FILLED"": 21}",0,0,"{""FILLED"": 21}",1551,HOLD_POSITION,CAUTION,0,0,OPP:6e00ceac84968df1df4d7495,CAND:6e00ceac84968df1df4d7495,OPP:6e00ceac84968df1df4d7495,False,HOLD,NO_CREATION_EVENT,NONE,UNKNOWN,cad8805e-c102-57a4-96c7-d70c9c07f5cc,NO_CURRENT_CREATION_EVENT,TRANSITION,OPEN,NO_EVENT,NONE,[],FORMING,[],2026-07-31T14:45:00+05:30,PERSISTENT,21,False,0,,ALREADY_DEPLOYED
BAL:POWERINDIA:2026-07-31:001:NEUTRAL:095100:BALANCE_ESCAPE_FAILED:113000,CAND:dc1ab160fa1ee75a10189da6,"{""FILLED"": 21}",0,0,"{""FILLED"": 21}",1552,HOLD_POSITION,CAUTION,0,0,OPP:dc1ab160fa1ee75a10189da6,CAND:dc1ab160fa1ee75a10189da6,OPP:dc1ab160fa1ee75a10189da6,False,HOLD,NO_CREATION_EVENT,NONE,UNKNOWN,57fbc3b0-0822-51b7-8515-450ea6586841,NO_CURRENT_CREATION_EVENT,TRANSITION,OPEN,NO_EVENT,NONE,[],NONE,[],2026-07-31T14:45:00+05:30,POWERINDIA,21,True,0,TRADE_DECISION_NOT_ALLOWED,NOT_ELIGIBLE
BAL:TCS:2026-07-31:001:NEUTRAL:100600:BALANCE_ESCAPE_STARTED:103600,CAND:02506b9e9c36e94d0d5e2f0e,"{""FILLED"": 21}",0,0,"{""FILLED"": 21}",1553,FORCE_EXIT,EXIT,0,0,OPP:02506b9e9c36e94d0d5e2f0e,CAND:02506b9e9c36e94d0d5e2f0e,OPP:02506b9e9c36e94d0d5e2f0e,True,NO_ACTION,EVENT_INVALIDATE,NONE,UNKNOWN,8ea01a85-4efa-5849-ac33-c03e0b01cda8,BALANCE_ESCAPE_FAILED_INVALIDATED_SETUP,FORCE_EXIT,INVALIDATED,NO_EVENT,NONE,[],LOCKED,"[""CONTINUATION:BLOCK"", ""REACCELERATION:BLOCK"", ""REVERSAL:BLOCK""]",2026-07-31T14:45:00+05:30,TCS,21,True,0,TRADE_DECISION_NOT_ALLOWED,NOT_ELIGIBLE
DIR:TORNTPHARM:2026-07-31:002:UP:105700:DIRECTIONAL_REVERSAL_LEG_ESTABLISHED:110300,CAND:dcb490f7068f3aeab3ab074f,"{""FILLED"": 21}",0,0,"{""FILLED"": 21}",1554,FORCE_EXIT,EXIT,0,0,OPP:dcb490f7068f3aeab3ab074f,CAND:dcb490f7068f3aeab3ab074f,OPP:dcb490f7068f3aeab3ab074f,True,NO_ACTION,EVENT_INVALIDATE,DIRECTIONAL,ALIGNED,099dd7de-7081-52f9-9bd2-655c56b6256c,DIRECTIONAL_TREND_RESTORED_INVALIDATED_SETUP,FORCE_EXIT,INVALIDATED,NO_EVENT,NONE,[],FORMING,[],2026-07-31T14:45:00+05:30,TORNTPHARM,21,False,0,,ALREADY_DEPLOYED
,,"{""FILLED"": 21}",0,0,"{""FILLED"": 21}",1555,,,0,0,,,,,NO_ACTION,,,,,,,,NO_EVENT,DIRECTIONAL,[],NONE,[],2026-07-31T14:48:00+05:30,BHEL,21,False,0,,NO_SIGNAL
DIR:CHOLAFIN:2026-07-31:002:DOWN:102400:DIRECTIONAL_REVERSAL_LEG_ESTABLISHED:103300,CAND:c91e30e559c61ae9e4a8e30d,"{""FILLED"": 21}",0,0,"{""FILLED"": 21}",1556,FORCE_EXIT,EXIT,0,0,OPP:c91e30e559c61ae9e4a8e30d,CAND:c91e30e559c61ae9e4a8e30d,OPP:c91e30e559c61ae9e4a8e30d,True,NO_ACTION,EVENT_INVALIDATE,DIRECTIONAL,OPPOSED,aee40fe8-7759-5cec-902a-0db152fe528d,DIRECTIONAL_TREND_RESTORED_INVALIDATED_OPPOSITE_ACTIVE_SIGNAL,FORCE_EXIT,INVALIDATED,NO_EVENT,NONE,[],NONE,[],2026-07-31T14:48:00+05:30,CHOLAFIN,21,True,0,TRADE_DECISION_NOT_ALLOWED,NOT_ELIGIBLE
BAL:COFORGE:2026-07-31:003:NEUTRAL:105700:BALANCE_ESCAPE_STARTED:132100,CAND:0d32e3ad08ef9cc69fd0369f,"{""FILLED"": 21}",0,0,"{""FILLED"": 21}",1557,HOLD_POSITION,CAUTION,0,0,OPP:0d32e3ad08ef9cc69fd0369f,CAND:0d32e3ad08ef9cc69fd0369f,OPP:0d32e3ad08ef9cc69fd0369f,False,HOLD,NO_CREATION_EVENT,DIRECTIONAL,OPPOSED,b811de42-fbb9-5d26-a364-a9f98c91de7c,AUTHORITATIVE_DIRECTION_OPPOSED,WEAKENING,OPEN,NO_EVENT,DIRECTIONAL,[],NONE,[],2026-07-31T14:48:00+05:30,COFORGE,21,True,0,TRADE_DECISION_NOT_ALLOWED,NOT_ELIGIBLE
DIR:DIVISLAB:2026-07-31:002:DOWN:100600:DIRECTIONAL_REVERSAL_LEG_ESTABLISHED:101800,CAND:6644484c352c701feebfdf31,"{""FILLED"": 21}",0,0,"{""FILLED"": 21}",1558,FORCE_EXIT,EXIT,0,0,OPP:6644484c352c701feebfdf31,CAND:6644484c352c701feebfdf31,OPP:6644484c352c701feebfdf31,True,NO_ACTION,EVENT_INVALIDATE,COMPLETED,ALIGNED,a73cb6c9-a388-53f1-92b2-41820e34edd3,DIRECTIONAL_REVERSAL_LEG_FAILED_INVALIDATED_OPPOSITE_ACTIVE_SIGNAL,FORCE_EXIT,INVALIDATED,NO_EVENT,REVERSAL_WATCH,[],NONE,[],2026-07-31T14:48:00+05:30,DIVISLAB,21,True,0,TRADE_DECISION_NOT_ALLOWED,NOT_ELIGIBLE
,,"{""FILLED"": 21}",0,0,"{""FILLED"": 21}",1559,,,0,0,,,,,NO_ACTION,,,,,,,,NO_EVENT,REVERSAL_WATCH,[],PROBABLE,[],2026-07-31T14:48:00+05:30,EXIDEIND,21,False,0,,NO_SIGNAL
DIR:FORCEMOT:2026-07-31:002:UP:105400:DIRECTIONAL_REVERSAL_LEG_ESTABLISHED:110000,CAND:32b3a707960484f98d8399a7,"{""FILLED"": 21}",0,0,"{""FILLED"": 21}",1560,HOLD_POSITION,CAUTION,0,0,OPP:32b3a707960484f98d8399a7,CAND:32b3a707960484f98d8399a7,OPP:32b3a707960484f98d8399a7,False,HOLD,NO_CREATION_EVENT,NONE,UNKNOWN,76d65cfd-3f5f-5419-81f1-24a924660ce7,NO_CURRENT_CREATION_EVENT,TRANSITION,OPEN,NO_EVENT,NONE,[],LOCKED,"[""CONTINUATION:BLOCK"", ""REACCELERATION:BLOCK"", ""REVERSAL:BLOCK""]",2026-07-31T14:48:00+05:30,FORCEMOT,21,False,0,,ALREADY_DEPLOYED
BAL:GLENMARK:2026-07-31:001:NEUTRAL:101200:BALANCE_ESCAPE_FAILED:131500,CAND:ccb8d7c9ac57fbb14f47bb87,"{""FILLED"": 21}",0,0,"{""FILLED"": 21}",1561,HOLD_POSITION,CAUTION,0,0,OPP:ccb8d7c9ac57fbb14f47bb87,CAND:ccb8d7c9ac57fbb14f47bb87,OPP:ccb8d7c9ac57fbb14f47bb87,False,HOLD,NO_CREATION_EVENT,NONE,UNKNOWN,a4859555-9e57-5772-9c79-4a6b83478351,NO_CURRENT_CREATION_EVENT,TRANSITION,OPEN,NO_EVENT,NONE,[],NONE,[],2026-07-31T14:48:00+05:30,GLENMARK,21,True,0,TRADE_DECISION_NOT_ALLOWED,NOT_ELIGIBLE
BAL:INDUSTOWER:2026-07-31:001:NEUTRAL:110900:BALANCE_ESCAPE_FAILED:115400,CAND:296c26607039b07e87c6f497,"{""FILLED"": 21}",0,0,"{""FILLED"": 21}",1562,HOLD_POSITION,CAUTION,0,0,OPP:296c26607039b07e87c6f497,CAND:296c26607039b07e87c6f497,OPP:296c26607039b07e87c6f497,False,HOLD,NO_CREATION_EVENT,NONE,UNKNOWN,6c1d311c-b1e4-503d-9f2d-3a50df29da5d,NO_CURRENT_CREATION_EVENT,TRANSITION,OPEN,NO_EVENT,NONE,[],FAILED_BACK_INSIDE,"[""CONTINUATION:BLOCK"", ""REACCELERATION:BLOCK"", ""REVERSAL:BLOCK""]",2026-07-31T14:48:00+05:30,INDUSTOWER,21,True,0,TRADE_DECISION_NOT_ALLOWED,NOT_ELIGIBLE
BAL:KALYANKJIL:2026-07-31:002:NEUTRAL:105100:BALANCE_ESCAPE_STARTED:112700,CAND:4a3872010c190995b2d63ff8,"{""FILLED"": 21}",0,0,"{""FILLED"": 21}",1563,HOLD_POSITION,CAUTION,0,0,OPP:4a3872010c190995b2d63ff8,CAND:4a3872010c190995b2d63ff8,OPP:4a3872010c190995b2d63ff8,False,HOLD,NO_CREATION_EVENT,MATURE,OPPOSED,fe205a27-ef8f-5bf7-9192-94593d799d94,AUTHORITATIVE_DIRECTION_OPPOSED,WEAKENING,OPEN,"BALANCE_FORMING_STARTED,DIRECTIONAL_MATURED",MATURE,"[""BAL:KALYANKJIL:2026-07-31:006:NEUTRAL:144800:BALANCE_FORMING_STARTED:144800"", ""DIR:KALYANKJIL:2026-07-31:014:DOWN:144200:DIRECTIONAL_MATURED:144800""]",FORMING,[],2026-07-31T14:48:00+05:30,KALYANKJIL,21,False,0,,ALREADY_DEPLOYED
DIR:MANAPPURAM:2026-07-31:006:UP:111200:DIRECTIONAL_REVERSAL_LEG_ESTABLISHED:112100,CAND:7316c4a2330c742a8803fe6c,"{""FILLED"": 21}",0,0,"{""FILLED"": 21}",1564,HOLD_POSITION,CAUTION,0,0,OPP:7316c4a2330c742a8803fe6c,CAND:7316c4a2330c742a8803fe6c,OPP:7316c4a2330c742a8803fe6c,False,HOLD,NO_CREATION_EVENT,REVERSAL_WATCH,ALIGNED,50c51811-b112-5f0f-9fcc-a1422ceea97c,AUTHORITATIVE_REVERSAL_WATCH,PROTECT,OPEN,REVERSAL_WATCH_STARTED,REVERSAL_WATCH,"[""DIR:MANAPPURAM:2026-07-31:009:UP:135100:REVERSAL_WATCH_STARTED:144800""]",NONE,[],2026-07-31T14:48:00+05:30,MANAPPURAM,21,False,0,,ALREADY_DEPLOYED
BAL:PERSISTENT:2026-07-31:002:NEUTRAL:103600:BALANCE_ESCAPE_STARTED:110600,CAND:6e00ceac84968df1df4d7495,"{""FILLED"": 21}",0,0,"{""FILLED"": 21}",1565,HOLD_POSITION,CAUTION,0,0,OPP:6e00ceac84968df1df4d7495,CAND:6e00ceac84968df1df4d7495,OPP:6e00ceac84968df1df4d7495,False,HOLD,NO_CREATION_EVENT,NONE,UNKNOWN,cad8805e-c102-57a4-96c7-d70c9c07f5cc,NO_CURRENT_CREATION_EVENT,TRANSITION,OPEN,NO_EVENT,NONE,[],FORMING,[],2026-07-31T14:48:00+05:30,PERSISTENT,21,False,0,,ALREADY_DEPLOYED
BAL:POWERINDIA:2026-07-31:001:NEUTRAL:095100:BALANCE_ESCAPE_FAILED:113000,CAND:dc1ab160fa1ee75a10189da6,"{""FILLED"": 21}",0,0,"{""FILLED"": 21}",1566,HOLD_POSITION,CAUTION,0,0,OPP:dc1ab160fa1ee75a10189da6,CAND:dc1ab160fa1ee75a10189da6,OPP:dc1ab160fa1ee75a10189da6,False,HOLD,NO_CREATION_EVENT,NONE,UNKNOWN,57fbc3b0-0822-51b7-8515-450ea6586841,NO_CURRENT_CREATION_EVENT,TRANSITION,OPEN,NO_EVENT,NONE,[],NONE,[],2026-07-31T14:48:00+05:30,POWERINDIA,21,True,0,TRADE_DECISION_NOT_ALLOWED,NOT_ELIGIBLE
BAL:TCS:2026-07-31:001:NEUTRAL:100600:BALANCE_ESCAPE_STARTED:103600,CAND:02506b9e9c36e94d0d5e2f0e,"{""FILLED"": 21}",0,0,"{""FILLED"": 21}",1567,FORCE_EXIT,EXIT,0,0,OPP:02506b9e9c36e94d0d5e2f0e,CAND:02506b9e9c36e94d0d5e2f0e,OPP:02506b9e9c36e94d0d5e2f0e,True,NO_ACTION,EVENT_INVALIDATE,NONE,UNKNOWN,8ea01a85-4efa-5849-ac33-c03e0b01cda8,BALANCE_ESCAPE_FAILED_INVALIDATED_SETUP,FORCE_EXIT,INVALIDATED,NO_EVENT,NONE,[],LOCKED,"[""CONTINUATION:BLOCK"", ""REACCELERATION:BLOCK"", ""REVERSAL:BLOCK""]",2026-07-31T14:48:00+05:30,TCS,21,True,0,TRADE_DECISION_NOT_ALLOWED,NOT_ELIGIBLE
DIR:TORNTPHARM:2026-07-31:002:UP:105700:DIRECTIONAL_REVERSAL_LEG_ESTABLISHED:110300,CAND:dcb490f7068f3aeab3ab074f,"{""FILLED"": 21}",0,0,"{""FILLED"": 21}",1568,FORCE_EXIT,EXIT,0,0,OPP:dcb490f7068f3aeab3ab074f,CAND:dcb490f7068f3aeab3ab074f,OPP:dcb490f7068f3aeab3ab074f,True,NO_ACTION,EVENT_INVALIDATE,DIRECTIONAL,ALIGNED,099dd7de-7081-52f9-9bd2-655c56b6256c,DIRECTIONAL_TREND_RESTORED_INVALIDATED_SETUP,FORCE_EXIT,INVALIDATED,BALANCE_PROBABLE,NONE,"[""BAL:TORNTPHARM:2026-07-31:007:NEUTRAL:142100:BALANCE_PROBABLE:144800""]",PROBABLE,[],2026-07-31T14:48:00+05:30,TORNTPHARM,21,False,0,,ALREADY_DEPLOYED
,,"{""FILLED"": 21}",0,0,"{""FILLED"": 21}",1569,,,0,0,,,,,NO_ACTION,,,,,,,,DIRECTIONAL_MATURED,MATURE,"[""DIR:BHEL:2026-07-31:013:DOWN:144200:DIRECTIONAL_MATURED:145100""]",NONE,[],2026-07-31T14:51:00+05:30,BHEL,21,False,0,,NO_SIGNAL
DIR:CHOLAFIN:2026-07-31:002:DOWN:102400:DIRECTIONAL_REVERSAL_LEG_ESTABLISHED:103300,CAND:c91e30e559c61ae9e4a8e30d,"{""FILLED"": 21}",0,0,"{""FILLED"": 21}",1570,FORCE_EXIT,EXIT,0,0,OPP:c91e30e559c61ae9e4a8e30d,CAND:c91e30e559c61ae9e4a8e30d,OPP:c91e30e559c61ae9e4a8e30d,True,NO_ACTION,EVENT_INVALIDATE,DIRECTIONAL,OPPOSED,aee40fe8-7759-5cec-902a-0db152fe528d,DIRECTIONAL_TREND_RESTORED_INVALIDATED_OPPOSITE_ACTIVE_SIGNAL,FORCE_EXIT,INVALIDATED,NO_EVENT,NONE,[],NONE,[],2026-07-31T14:51:00+05:30,CHOLAFIN,21,True,0,TRADE_DECISION_NOT_ALLOWED,NOT_ELIGIBLE
BAL:COFORGE:2026-07-31:003:NEUTRAL:105700:BALANCE_ESCAPE_STARTED:132100,CAND:0d32e3ad08ef9cc69fd0369f,"{""FILLED"": 21}",0,0,"{""FILLED"": 21}",1571,HOLD_POSITION,CAUTION,0,0,OPP:0d32e3ad08ef9cc69fd0369f,CAND:0d32e3ad08ef9cc69fd0369f,OPP:0d32e3ad08ef9cc69fd0369f,False,HOLD,NO_CREATION_EVENT,DIRECTIONAL,OPPOSED,b811de42-fbb9-5d26-a364-a9f98c91de7c,AUTHORITATIVE_DIRECTION_OPPOSED,WEAKENING,OPEN,NO_EVENT,DIRECTIONAL,[],NONE,[],2026-07-31T14:51:00+05:30,COFORGE,21,True,0,TRADE_DECISION_NOT_ALLOWED,NOT_ELIGIBLE
DIR:DIVISLAB:2026-07-31:002:DOWN:100600:DIRECTIONAL_REVERSAL_LEG_ESTABLISHED:101800,CAND:6644484c352c701feebfdf31,"{""FILLED"": 21}",0,0,"{""FILLED"": 21}",1572,FORCE_EXIT,EXIT,0,0,OPP:6644484c352c701feebfdf31,CAND:6644484c352c701feebfdf31,OPP:6644484c352c701feebfdf31,True,NO_ACTION,EVENT_INVALIDATE,COMPLETED,ALIGNED,a73cb6c9-a388-53f1-92b2-41820e34edd3,DIRECTIONAL_REVERSAL_LEG_FAILED_INVALIDATED_OPPOSITE_ACTIVE_SIGNAL,FORCE_EXIT,INVALIDATED,NO_EVENT,REVERSAL_WATCH,[],NONE,[],2026-07-31T14:51:00+05:30,DIVISLAB,21,True,0,TRADE_DECISION_NOT_ALLOWED,NOT_ELIGIBLE
,,"{""FILLED"": 21}",0,0,"{""FILLED"": 21}",1573,,,0,0,,,,,NO_ACTION,,,,,,,,BALANCE_LOCKED,REVERSAL_WATCH,"[""BAL:EXIDEIND:2026-07-31:006:NEUTRAL:143000:BALANCE_LOCKED:145100""]",LOCKED,"[""CONTINUATION:BLOCK"", ""REACCELERATION:BLOCK"", ""REVERSAL:BLOCK""]",2026-07-31T14:51:00+05:30,EXIDEIND,21,False,0,,NO_SIGNAL
DIR:FORCEMOT:2026-07-31:002:UP:105400:DIRECTIONAL_REVERSAL_LEG_ESTABLISHED:110000,CAND:32b3a707960484f98d8399a7,"{""FILLED"": 21}",0,0,"{""FILLED"": 21}",1574,HOLD_POSITION,CAUTION,0,0,OPP:32b3a707960484f98d8399a7,CAND:32b3a707960484f98d8399a7,OPP:32b3a707960484f98d8399a7,False,HOLD,NO_CREATION_EVENT,NONE,UNKNOWN,76d65cfd-3f5f-5419-81f1-24a924660ce7,NO_CURRENT_CREATION_EVENT,TRANSITION,OPEN,NO_EVENT,NONE,[],LOCKED,"[""CONTINUATION:BLOCK"", ""REACCELERATION:BLOCK"", ""REVERSAL:BLOCK""]",2026-07-31T14:51:00+05:30,FORCEMOT,21,False,0,,ALREADY_DEPLOYED
BAL:GLENMARK:2026-07-31:001:NEUTRAL:101200:BALANCE_ESCAPE_FAILED:131500,CAND:ccb8d7c9ac57fbb14f47bb87,"{""FILLED"": 21}",0,0,"{""FILLED"": 21}",1575,HOLD_POSITION,CAUTION,0,0,OPP:ccb8d7c9ac57fbb14f47bb87,CAND:ccb8d7c9ac57fbb14f47bb87,OPP:ccb8d7c9ac57fbb14f47bb87,False,HOLD,NO_CREATION_EVENT,NONE,UNKNOWN,a4859555-9e57-5772-9c79-4a6b83478351,NO_CURRENT_CREATION_EVENT,TRANSITION,OPEN,NO_EVENT,NONE,[],NONE,[],2026-07-31T14:51:00+05:30,GLENMARK,21,True,0,TRADE_DECISION_NOT_ALLOWED,NOT_ELIGIBLE
BAL:INDUSTOWER:2026-07-31:001:NEUTRAL:110900:BALANCE_ESCAPE_FAILED:115400,CAND:296c26607039b07e87c6f497,"{""FILLED"": 21}",0,0,"{""FILLED"": 21}",1576,HOLD_POSITION,CAUTION,0,0,OPP:296c26607039b07e87c6f497,CAND:296c26607039b07e87c6f497,OPP:296c26607039b07e87c6f497,False,HOLD,NO_CREATION_EVENT,NONE,UNKNOWN,6c1d311c-b1e4-503d-9f2d-3a50df29da5d,NO_CURRENT_CREATION_EVENT,TRANSITION,OPEN,NO_EVENT,NONE,[],FAILED_BACK_INSIDE,"[""CONTINUATION:BLOCK"", ""REACCELERATION:BLOCK"", ""REVERSAL:BLOCK""]",2026-07-31T14:51:00+05:30,INDUSTOWER,21,True,0,TRADE_DECISION_NOT_ALLOWED,NOT_ELIGIBLE
BAL:KALYANKJIL:2026-07-31:002:NEUTRAL:105100:BALANCE_ESCAPE_STARTED:112700,CAND:4a3872010c190995b2d63ff8,"{""FILLED"": 21}",0,0,"{""FILLED"": 21}",1577,HOLD_POSITION,CAUTION,0,0,OPP:4a3872010c190995b2d63ff8,CAND:4a3872010c190995b2d63ff8,OPP:4a3872010c190995b2d63ff8,False,HOLD,NO_CREATION_EVENT,REVERSAL_WATCH,OPPOSED,fe205a27-ef8f-5bf7-9192-94593d799d94,AUTHORITATIVE_REVERSAL_WATCH,PROTECT,OPEN,REVERSAL_WATCH_STARTED,REVERSAL_WATCH,"[""DIR:KALYANKJIL:2026-07-31:014:DOWN:144200:REVERSAL_WATCH_STARTED:145100""]",FORMING,[],2026-07-31T14:51:00+05:30,KALYANKJIL,21,False,0,,ALREADY_DEPLOYED
DIR:MANAPPURAM:2026-07-31:006:UP:111200:DIRECTIONAL_REVERSAL_LEG_ESTABLISHED:112100,CAND:7316c4a2330c742a8803fe6c,"{""FILLED"": 21}",0,0,"{""FILLED"": 21}",1578,HOLD_POSITION,CAUTION,0,0,OPP:7316c4a2330c742a8803fe6c,CAND:7316c4a2330c742a8803fe6c,OPP:7316c4a2330c742a8803fe6c,False,HOLD,NO_CREATION_EVENT,REVERSAL_WATCH,ALIGNED,50c51811-b112-5f0f-9fcc-a1422ceea97c,AUTHORITATIVE_REVERSAL_WATCH,PROTECT,OPEN,NO_EVENT,REVERSAL_WATCH,[],NONE,[],2026-07-31T14:51:00+05:30,MANAPPURAM,21,False,0,,ALREADY_DEPLOYED
BAL:PERSISTENT:2026-07-31:002:NEUTRAL:103600:BALANCE_ESCAPE_STARTED:110600,CAND:6e00ceac84968df1df4d7495,"{""FILLED"": 21}",0,0,"{""FILLED"": 21}",1579,HOLD_POSITION,CAUTION,0,0,OPP:6e00ceac84968df1df4d7495,CAND:6e00ceac84968df1df4d7495,OPP:6e00ceac84968df1df4d7495,False,HOLD,NO_CREATION_EVENT,NONE,UNKNOWN,cad8805e-c102-57a4-96c7-d70c9c07f5cc,NO_CURRENT_CREATION_EVENT,TRANSITION,OPEN,NO_EVENT,NONE,[],FORMING,[],2026-07-31T14:51:00+05:30,PERSISTENT,21,False,0,,ALREADY_DEPLOYED
BAL:POWERINDIA:2026-07-31:001:NEUTRAL:095100:BALANCE_ESCAPE_FAILED:113000,CAND:dc1ab160fa1ee75a10189da6,"{""FILLED"": 21}",0,0,"{""FILLED"": 21}",1580,HOLD_POSITION,CAUTION,0,0,OPP:dc1ab160fa1ee75a10189da6,CAND:dc1ab160fa1ee75a10189da6,OPP:dc1ab160fa1ee75a10189da6,False,HOLD,NO_CREATION_EVENT,NONE,UNKNOWN,57fbc3b0-0822-51b7-8515-450ea6586841,NO_CURRENT_CREATION_EVENT,TRANSITION,OPEN,NO_EVENT,NONE,[],NONE,[],2026-07-31T14:51:00+05:30,POWERINDIA,21,True,0,TRADE_DECISION_NOT_ALLOWED,NOT_ELIGIBLE
BAL:TCS:2026-07-31:001:NEUTRAL:100600:BALANCE_ESCAPE_STARTED:103600,CAND:02506b9e9c36e94d0d5e2f0e,"{""FILLED"": 21}",0,0,"{""FILLED"": 21}",1581,FORCE_EXIT,EXIT,0,0,OPP:02506b9e9c36e94d0d5e2f0e,CAND:02506b9e9c36e94d0d5e2f0e,OPP:02506b9e9c36e94d0d5e2f0e,True,NO_ACTION,EVENT_INVALIDATE,NONE,UNKNOWN,8ea01a85-4efa-5849-ac33-c03e0b01cda8,BALANCE_ESCAPE_FAILED_INVALIDATED_SETUP,FORCE_EXIT,INVALIDATED,NO_EVENT,NONE,[],LOCKED,"[""CONTINUATION:BLOCK"", ""REACCELERATION:BLOCK"", ""REVERSAL:BLOCK""]",2026-07-31T14:51:00+05:30,TCS,21,True,0,TRADE_DECISION_NOT_ALLOWED,NOT_ELIGIBLE
DIR:TORNTPHARM:2026-07-31:002:UP:105700:DIRECTIONAL_REVERSAL_LEG_ESTABLISHED:110300,CAND:dcb490f7068f3aeab3ab074f,"{""FILLED"": 21}",0,0,"{""FILLED"": 21}",1582,FORCE_EXIT,EXIT,0,0,OPP:dcb490f7068f3aeab3ab074f,CAND:dcb490f7068f3aeab3ab074f,OPP:dcb490f7068f3aeab3ab074f,True,NO_ACTION,EVENT_INVALIDATE,DIRECTIONAL,ALIGNED,099dd7de-7081-52f9-9bd2-655c56b6256c,DIRECTIONAL_TREND_RESTORED_INVALIDATED_SETUP,FORCE_EXIT,INVALIDATED,BALANCE_LOCKED,NONE,"[""BAL:TORNTPHARM:2026-07-31:007:NEUTRAL:142100:BALANCE_LOCKED:145100""]",LOCKED,"[""CONTINUATION:BLOCK"", ""REACCELERATION:BLOCK"", ""REVERSAL:BLOCK""]",2026-07-31T14:51:00+05:30,TORNTPHARM,21,False,0,,ALREADY_DEPLOYED
,,"{""FILLED"": 21}",0,0,"{""FILLED"": 21}",1583,,,0,0,,,,,NO_ACTION,,,,,,,,REVERSAL_WATCH_STARTED,REVERSAL_WATCH,"[""DIR:BHEL:2026-07-31:013:DOWN:144200:REVERSAL_WATCH_STARTED:145400""]",NONE,[],2026-07-31T14:54:00+05:30,BHEL,21,False,0,,NO_SIGNAL
DIR:CHOLAFIN:2026-07-31:002:DOWN:102400:DIRECTIONAL_REVERSAL_LEG_ESTABLISHED:103300,CAND:c91e30e559c61ae9e4a8e30d,"{""FILLED"": 21}",0,0,"{""FILLED"": 21}",1584,FORCE_EXIT,EXIT,0,0,OPP:c91e30e559c61ae9e4a8e30d,CAND:c91e30e559c61ae9e4a8e30d,OPP:c91e30e559c61ae9e4a8e30d,True,NO_ACTION,EVENT_INVALIDATE,DIRECTIONAL,OPPOSED,aee40fe8-7759-5cec-902a-0db152fe528d,DIRECTIONAL_TREND_RESTORED_INVALIDATED_OPPOSITE_ACTIVE_SIGNAL,FORCE_EXIT,INVALIDATED,NO_EVENT,NONE,[],NONE,[],2026-07-31T14:54:00+05:30,CHOLAFIN,21,True,0,TRADE_DECISION_NOT_ALLOWED,NOT_ELIGIBLE
BAL:COFORGE:2026-07-31:003:NEUTRAL:105700:BALANCE_ESCAPE_STARTED:132100,CAND:0d32e3ad08ef9cc69fd0369f,"{""FILLED"": 21}",0,0,"{""FILLED"": 21}",1585,HOLD_POSITION,CAUTION,0,0,OPP:0d32e3ad08ef9cc69fd0369f,CAND:0d32e3ad08ef9cc69fd0369f,OPP:0d32e3ad08ef9cc69fd0369f,False,HOLD,NO_CREATION_EVENT,DIRECTIONAL,OPPOSED,b811de42-fbb9-5d26-a364-a9f98c91de7c,AUTHORITATIVE_DIRECTION_OPPOSED,WEAKENING,OPEN,NO_EVENT,DIRECTIONAL,[],NONE,[],2026-07-31T14:54:00+05:30,COFORGE,21,True,0,TRADE_DECISION_NOT_ALLOWED,NOT_ELIGIBLE
DIR:DIVISLAB:2026-07-31:002:DOWN:100600:DIRECTIONAL_REVERSAL_LEG_ESTABLISHED:101800,CAND:6644484c352c701feebfdf31,"{""FILLED"": 21}",0,0,"{""FILLED"": 21}",1586,FORCE_EXIT,EXIT,0,0,OPP:6644484c352c701feebfdf31,CAND:6644484c352c701feebfdf31,OPP:6644484c352c701feebfdf31,True,NO_ACTION,EVENT_INVALIDATE,COMPLETED,ALIGNED,a73cb6c9-a388-53f1-92b2-41820e34edd3,DIRECTIONAL_REVERSAL_LEG_FAILED_INVALIDATED_OPPOSITE_ACTIVE_SIGNAL,FORCE_EXIT,INVALIDATED,NO_EVENT,REVERSAL_WATCH,[],NONE,[],2026-07-31T14:54:00+05:30,DIVISLAB,21,True,0,TRADE_DECISION_NOT_ALLOWED,NOT_ELIGIBLE
,,"{""FILLED"": 21}",0,0,"{""FILLED"": 21}",1587,,,0,0,,,,,NO_ACTION,,,,,,,,NO_EVENT,REVERSAL_WATCH,[],LOCKED,"[""CONTINUATION:BLOCK"", ""REACCELERATION:BLOCK"", ""REVERSAL:BLOCK""]",2026-07-31T14:54:00+05:30,EXIDEIND,21,False,0,,NO_SIGNAL
DIR:FORCEMOT:2026-07-31:002:UP:105400:DIRECTIONAL_REVERSAL_LEG_ESTABLISHED:110000,CAND:32b3a707960484f98d8399a7,"{""FILLED"": 21}",0,0,"{""FILLED"": 21}",1588,HOLD_POSITION,CAUTION,0,0,OPP:32b3a707960484f98d8399a7,CAND:32b3a707960484f98d8399a7,OPP:32b3a707960484f98d8399a7,False,HOLD,NO_CREATION_EVENT,NONE,UNKNOWN,76d65cfd-3f5f-5419-81f1-24a924660ce7,NO_CURRENT_CREATION_EVENT,TRANSITION,OPEN,NO_EVENT,NONE,[],LOCKED,"[""CONTINUATION:BLOCK"", ""REACCELERATION:BLOCK"", ""REVERSAL:BLOCK""]",2026-07-31T14:54:00+05:30,FORCEMOT,21,False,0,,ALREADY_DEPLOYED
BAL:GLENMARK:2026-07-31:001:NEUTRAL:101200:BALANCE_ESCAPE_FAILED:131500,CAND:ccb8d7c9ac57fbb14f47bb87,"{""FILLED"": 21}",0,0,"{""FILLED"": 21}",1589,HOLD_POSITION,CAUTION,0,0,OPP:ccb8d7c9ac57fbb14f47bb87,CAND:ccb8d7c9ac57fbb14f47bb87,OPP:ccb8d7c9ac57fbb14f47bb87,False,HOLD,NO_CREATION_EVENT,NONE,UNKNOWN,a4859555-9e57-5772-9c79-4a6b83478351,NO_CURRENT_CREATION_EVENT,TRANSITION,OPEN,NO_EVENT,NONE,[],NONE,[],2026-07-31T14:54:00+05:30,GLENMARK,21,True,0,TRADE_DECISION_NOT_ALLOWED,NOT_ELIGIBLE
BAL:INDUSTOWER:2026-07-31:001:NEUTRAL:110900:BALANCE_ESCAPE_FAILED:115400,CAND:296c26607039b07e87c6f497,"{""FILLED"": 21}",0,0,"{""FILLED"": 21}",1590,HOLD_POSITION,CAUTION,0,0,OPP:296c26607039b07e87c6f497,CAND:296c26607039b07e87c6f497,OPP:296c26607039b07e87c6f497,False,HOLD,NO_CREATION_EVENT,NONE,UNKNOWN,6c1d311c-b1e4-503d-9f2d-3a50df29da5d,NO_CURRENT_CREATION_EVENT,TRANSITION,OPEN,NO_EVENT,NONE,[],FAILED_BACK_INSIDE,"[""CONTINUATION:BLOCK"", ""REACCELERATION:BLOCK"", ""REVERSAL:BLOCK""]",2026-07-31T14:54:00+05:30,INDUSTOWER,21,True,0,TRADE_DECISION_NOT_ALLOWED,NOT_ELIGIBLE
BAL:KALYANKJIL:2026-07-31:002:NEUTRAL:105100:BALANCE_ESCAPE_STARTED:112700,CAND:4a3872010c190995b2d63ff8,"{""FILLED"": 21}",0,0,"{""FILLED"": 21}",1591,HOLD_POSITION,CAUTION,0,0,OPP:4a3872010c190995b2d63ff8,CAND:4a3872010c190995b2d63ff8,OPP:4a3872010c190995b2d63ff8,False,HOLD,NO_CREATION_EVENT,REVERSAL_WATCH,OPPOSED,fe205a27-ef8f-5bf7-9192-94593d799d94,AUTHORITATIVE_REVERSAL_WATCH,PROTECT,OPEN,NO_EVENT,REVERSAL_WATCH,[],FORMING,[],2026-07-31T14:54:00+05:30,KALYANKJIL,21,False,0,,ALREADY_DEPLOYED
DIR:MANAPPURAM:2026-07-31:006:UP:111200:DIRECTIONAL_REVERSAL_LEG_ESTABLISHED:112100,CAND:7316c4a2330c742a8803fe6c,"{""FILLED"": 21}",0,0,"{""FILLED"": 21}",1592,HOLD_POSITION,CAUTION,0,0,OPP:7316c4a2330c742a8803fe6c,CAND:7316c4a2330c742a8803fe6c,OPP:7316c4a2330c742a8803fe6c,False,HOLD,NO_CREATION_EVENT,REVERSAL_WATCH,ALIGNED,50c51811-b112-5f0f-9fcc-a1422ceea97c,AUTHORITATIVE_REVERSAL_WATCH,PROTECT,OPEN,NO_EVENT,REVERSAL_WATCH,[],NONE,[],2026-07-31T14:54:00+05:30,MANAPPURAM,21,False,0,,ALREADY_DEPLOYED
BAL:PERSISTENT:2026-07-31:002:NEUTRAL:103600:BALANCE_ESCAPE_STARTED:110600,CAND:6e00ceac84968df1df4d7495,"{""FILLED"": 21}",0,0,"{""FILLED"": 21}",1593,HOLD_POSITION,CAUTION,0,0,OPP:6e00ceac84968df1df4d7495,CAND:6e00ceac84968df1df4d7495,OPP:6e00ceac84968df1df4d7495,False,HOLD,NO_CREATION_EVENT,NONE,UNKNOWN,cad8805e-c102-57a4-96c7-d70c9c07f5cc,NO_CURRENT_CREATION_EVENT,TRANSITION,OPEN,BALANCE_PROBABLE,NONE,"[""BAL:PERSISTENT:2026-07-31:007:NEUTRAL:144200:BALANCE_PROBABLE:145400""]",PROBABLE,[],2026-07-31T14:54:00+05:30,PERSISTENT,21,False,0,,ALREADY_DEPLOYED
BAL:POWERINDIA:2026-07-31:001:NEUTRAL:095100:BALANCE_ESCAPE_FAILED:113000,CAND:dc1ab160fa1ee75a10189da6,"{""FILLED"": 21}",0,0,"{""FILLED"": 21}",1594,HOLD_POSITION,CAUTION,0,0,OPP:dc1ab160fa1ee75a10189da6,CAND:dc1ab160fa1ee75a10189da6,OPP:dc1ab160fa1ee75a10189da6,False,HOLD,NO_CREATION_EVENT,NONE,UNKNOWN,57fbc3b0-0822-51b7-8515-450ea6586841,NO_CURRENT_CREATION_EVENT,TRANSITION,OPEN,NO_EVENT,NONE,[],NONE,[],2026-07-31T14:54:00+05:30,POWERINDIA,21,True,0,TRADE_DECISION_NOT_ALLOWED,NOT_ELIGIBLE
BAL:TCS:2026-07-31:001:NEUTRAL:100600:BALANCE_ESCAPE_STARTED:103600,CAND:02506b9e9c36e94d0d5e2f0e,"{""FILLED"": 21}",0,0,"{""FILLED"": 21}",1595,FORCE_EXIT,EXIT,0,0,OPP:02506b9e9c36e94d0d5e2f0e,CAND:02506b9e9c36e94d0d5e2f0e,OPP:02506b9e9c36e94d0d5e2f0e,True,NO_ACTION,EVENT_INVALIDATE,NONE,UNKNOWN,8ea01a85-4efa-5849-ac33-c03e0b01cda8,BALANCE_ESCAPE_FAILED_INVALIDATED_SETUP,FORCE_EXIT,INVALIDATED,NO_EVENT,NONE,[],LOCKED,"[""CONTINUATION:BLOCK"", ""REACCELERATION:BLOCK"", ""REVERSAL:BLOCK""]",2026-07-31T14:54:00+05:30,TCS,21,True,0,TRADE_DECISION_NOT_ALLOWED,NOT_ELIGIBLE
DIR:TORNTPHARM:2026-07-31:002:UP:105700:DIRECTIONAL_REVERSAL_LEG_ESTABLISHED:110300,CAND:dcb490f7068f3aeab3ab074f,"{""FILLED"": 21}",0,0,"{""FILLED"": 21}",1596,FORCE_EXIT,EXIT,0,0,OPP:dcb490f7068f3aeab3ab074f,CAND:dcb490f7068f3aeab3ab074f,OPP:dcb490f7068f3aeab3ab074f,True,NO_ACTION,EVENT_INVALIDATE,DIRECTIONAL,ALIGNED,099dd7de-7081-52f9-9bd2-655c56b6256c,DIRECTIONAL_TREND_RESTORED_INVALIDATED_SETUP,FORCE_EXIT,INVALIDATED,NO_EVENT,NONE,[],LOCKED,"[""CONTINUATION:BLOCK"", ""REACCELERATION:BLOCK"", ""REVERSAL:BLOCK""]",2026-07-31T14:54:00+05:30,TORNTPHARM,21,False,0,,ALREADY_DEPLOYED
,,"{""FILLED"": 21}",0,0,"{""FILLED"": 21}",1597,,,0,0,,,,,NO_ACTION,,,,,,,,NO_EVENT,REVERSAL_WATCH,[],NONE,[],2026-07-31T14:57:00+05:30,BHEL,21,False,0,,NO_SIGNAL
DIR:CHOLAFIN:2026-07-31:002:DOWN:102400:DIRECTIONAL_REVERSAL_LEG_ESTABLISHED:103300,CAND:c91e30e559c61ae9e4a8e30d,"{""FILLED"": 21}",0,0,"{""FILLED"": 21}",1598,FORCE_EXIT,EXIT,0,0,OPP:c91e30e559c61ae9e4a8e30d,CAND:c91e30e559c61ae9e4a8e30d,OPP:c91e30e559c61ae9e4a8e30d,True,NO_ACTION,EVENT_INVALIDATE,DIRECTIONAL,OPPOSED,aee40fe8-7759-5cec-902a-0db152fe528d,DIRECTIONAL_TREND_RESTORED_INVALIDATED_OPPOSITE_ACTIVE_SIGNAL,FORCE_EXIT,INVALIDATED,NO_EVENT,NONE,[],NONE,[],2026-07-31T14:57:00+05:30,CHOLAFIN,21,True,0,TRADE_DECISION_NOT_ALLOWED,NOT_ELIGIBLE
BAL:COFORGE:2026-07-31:003:NEUTRAL:105700:BALANCE_ESCAPE_STARTED:132100,CAND:0d32e3ad08ef9cc69fd0369f,"{""FILLED"": 21}",0,0,"{""FILLED"": 21}",1599,HOLD_POSITION,CAUTION,0,0,OPP:0d32e3ad08ef9cc69fd0369f,CAND:0d32e3ad08ef9cc69fd0369f,OPP:0d32e3ad08ef9cc69fd0369f,False,HOLD,NO_CREATION_EVENT,DIRECTIONAL,OPPOSED,b811de42-fbb9-5d26-a364-a9f98c91de7c,AUTHORITATIVE_DIRECTION_OPPOSED,WEAKENING,OPEN,NO_EVENT,DIRECTIONAL,[],NONE,[],2026-07-31T14:57:00+05:30,COFORGE,21,True,0,TRADE_DECISION_NOT_ALLOWED,NOT_ELIGIBLE
DIR:DIVISLAB:2026-07-31:002:DOWN:100600:DIRECTIONAL_REVERSAL_LEG_ESTABLISHED:101800,CAND:6644484c352c701feebfdf31,"{""FILLED"": 21}",0,0,"{""FILLED"": 21}",1600,FORCE_EXIT,EXIT,0,0,OPP:6644484c352c701feebfdf31,CAND:6644484c352c701feebfdf31,OPP:6644484c352c701feebfdf31,True,NO_ACTION,EVENT_INVALIDATE,COMPLETED,ALIGNED,a73cb6c9-a388-53f1-92b2-41820e34edd3,DIRECTIONAL_REVERSAL_LEG_FAILED_INVALIDATED_OPPOSITE_ACTIVE_SIGNAL,FORCE_EXIT,INVALIDATED,NO_EVENT,REVERSAL_WATCH,[],NONE,[],2026-07-31T14:57:00+05:30,DIVISLAB,21,True,0,TRADE_DECISION_NOT_ALLOWED,NOT_ELIGIBLE
,,"{""FILLED"": 21}",0,0,"{""FILLED"": 21}",1601,,,0,0,,,,,NO_ACTION,,,,,,,,"BALANCE_ESCAPE_STARTED,DIRECTIONAL_TREND_RESTORED",DIRECTIONAL,"[""BAL:EXIDEIND:2026-07-31:006:NEUTRAL:143000:BALANCE_ESCAPE_STARTED:145700"", ""DIR:EXIDEIND:2026-07-31:008:UP:143900:DIRECTIONAL_TREND_RESTORED:145700""]",ESCAPE_WATCH,"[""ACCEPTED_BREAKOUT:WAIT"", ""BREAKOUT_INITIATION:PERMIT"", ""CONTINUATION:BLOCK"", ""FAILED_BREAKOUT:WAIT"", ""REACCELERATION:BLOCK"", ""REVERSAL:BLOCK""]",2026-07-31T14:57:00+05:30,EXIDEIND,21,False,0,,NO_SIGNAL
DIR:FORCEMOT:2026-07-31:002:UP:105400:DIRECTIONAL_REVERSAL_LEG_ESTABLISHED:110000,CAND:32b3a707960484f98d8399a7,"{""FILLED"": 21}",0,0,"{""FILLED"": 21}",1602,HOLD_POSITION,CAUTION,0,0,OPP:32b3a707960484f98d8399a7,CAND:32b3a707960484f98d8399a7,OPP:32b3a707960484f98d8399a7,False,HOLD,NO_CREATION_EVENT,NONE,UNKNOWN,76d65cfd-3f5f-5419-81f1-24a924660ce7,NO_CURRENT_CREATION_EVENT,TRANSITION,OPEN,BALANCE_ESCAPE_STARTED,NONE,"[""BAL:FORCEMOT:2026-07-31:002:NEUTRAL:114500:BALANCE_ESCAPE_STARTED:145700""]",ESCAPE_WATCH,"[""ACCEPTED_BREAKOUT:WAIT"", ""BREAKOUT_INITIATION:PERMIT"", ""CONTINUATION:BLOCK"", ""FAILED_BREAKOUT:WAIT"", ""REACCELERATION:BLOCK"", ""REVERSAL:BLOCK""]",2026-07-31T14:57:00+05:30,FORCEMOT,21,False,0,,ALREADY_DEPLOYED
BAL:GLENMARK:2026-07-31:001:NEUTRAL:101200:BALANCE_ESCAPE_FAILED:131500,CAND:ccb8d7c9ac57fbb14f47bb87,"{""FILLED"": 21}",0,0,"{""FILLED"": 21}",1603,HOLD_POSITION,CAUTION,0,0,OPP:ccb8d7c9ac57fbb14f47bb87,CAND:ccb8d7c9ac57fbb14f47bb87,OPP:ccb8d7c9ac57fbb14f47bb87,False,HOLD,NO_CREATION_EVENT,NONE,UNKNOWN,a4859555-9e57-5772-9c79-4a6b83478351,NO_CURRENT_CREATION_EVENT,TRANSITION,OPEN,NO_EVENT,NONE,[],NONE,[],2026-07-31T14:57:00+05:30,GLENMARK,21,True,0,TRADE_DECISION_NOT_ALLOWED,NOT_ELIGIBLE
BAL:INDUSTOWER:2026-07-31:001:NEUTRAL:110900:BALANCE_ESCAPE_FAILED:115400,CAND:296c26607039b07e87c6f497,"{""FILLED"": 21}",0,0,"{""FILLED"": 21}",1604,HOLD_POSITION,CAUTION,0,0,OPP:296c26607039b07e87c6f497,CAND:296c26607039b07e87c6f497,OPP:296c26607039b07e87c6f497,False,HOLD,NO_CREATION_EVENT,NONE,UNKNOWN,6c1d311c-b1e4-503d-9f2d-3a50df29da5d,NO_CURRENT_CREATION_EVENT,TRANSITION,OPEN,NO_EVENT,NONE,[],FAILED_BACK_INSIDE,"[""CONTINUATION:BLOCK"", ""REACCELERATION:BLOCK"", ""REVERSAL:BLOCK""]",2026-07-31T14:57:00+05:30,INDUSTOWER,21,True,0,TRADE_DECISION_NOT_ALLOWED,NOT_ELIGIBLE
BAL:KALYANKJIL:2026-07-31:002:NEUTRAL:105100:BALANCE_ESCAPE_STARTED:112700,CAND:4a3872010c190995b2d63ff8,"{""FILLED"": 21}",0,0,"{""FILLED"": 21}",1605,HOLD_POSITION,CAUTION,0,0,OPP:4a3872010c190995b2d63ff8,CAND:4a3872010c190995b2d63ff8,OPP:4a3872010c190995b2d63ff8,False,HOLD,NO_CREATION_EVENT,DIRECTIONAL,OPPOSED,fe205a27-ef8f-5bf7-9192-94593d799d94,AUTHORITATIVE_DIRECTION_OPPOSED,WEAKENING,OPEN,DIRECTIONAL_TREND_RESTORED,DIRECTIONAL,"[""DIR:KALYANKJIL:2026-07-31:014:DOWN:144200:DIRECTIONAL_TREND_RESTORED:145700""]",FORMING,"[""CONTINUATION:PERMIT""]",2026-07-31T14:57:00+05:30,KALYANKJIL,21,False,0,,ALREADY_DEPLOYED
DIR:MANAPPURAM:2026-07-31:006:UP:111200:DIRECTIONAL_REVERSAL_LEG_ESTABLISHED:112100,CAND:7316c4a2330c742a8803fe6c,"{""FILLED"": 21}",0,0,"{""FILLED"": 21}",1606,HOLD_POSITION,CAUTION,0,0,OPP:7316c4a2330c742a8803fe6c,CAND:7316c4a2330c742a8803fe6c,OPP:7316c4a2330c742a8803fe6c,False,HOLD,NO_CREATION_EVENT,REVERSAL_WATCH,ALIGNED,50c51811-b112-5f0f-9fcc-a1422ceea97c,AUTHORITATIVE_REVERSAL_WATCH,PROTECT,OPEN,NO_EVENT,REVERSAL_WATCH,[],NONE,[],2026-07-31T14:57:00+05:30,MANAPPURAM,21,False,0,,ALREADY_DEPLOYED
BAL:PERSISTENT:2026-07-31:002:NEUTRAL:103600:BALANCE_ESCAPE_STARTED:110600,CAND:6e00ceac84968df1df4d7495,"{""FILLED"": 21}",0,0,"{""FILLED"": 21}",1607,HOLD_POSITION,CAUTION,0,0,OPP:6e00ceac84968df1df4d7495,CAND:6e00ceac84968df1df4d7495,OPP:6e00ceac84968df1df4d7495,False,HOLD,NO_CREATION_EVENT,NONE,UNKNOWN,cad8805e-c102-57a4-96c7-d70c9c07f5cc,NO_CURRENT_CREATION_EVENT,TRANSITION,OPEN,NO_EVENT,NONE,[],PROBABLE,[],2026-07-31T14:57:00+05:30,PERSISTENT,21,False,0,,ALREADY_DEPLOYED
BAL:POWERINDIA:2026-07-31:001:NEUTRAL:095100:BALANCE_ESCAPE_FAILED:113000,CAND:dc1ab160fa1ee75a10189da6,"{""FILLED"": 21}",0,0,"{""FILLED"": 21}",1608,HOLD_POSITION,CAUTION,0,0,OPP:dc1ab160fa1ee75a10189da6,CAND:dc1ab160fa1ee75a10189da6,OPP:dc1ab160fa1ee75a10189da6,False,HOLD,NO_CREATION_EVENT,NONE,UNKNOWN,57fbc3b0-0822-51b7-8515-450ea6586841,NO_CURRENT_CREATION_EVENT,TRANSITION,OPEN,NO_EVENT,NONE,[],NONE,[],2026-07-31T14:57:00+05:30,POWERINDIA,21,True,0,TRADE_DECISION_NOT_ALLOWED,NOT_ELIGIBLE
BAL:TCS:2026-07-31:001:NEUTRAL:100600:BALANCE_ESCAPE_STARTED:103600,CAND:02506b9e9c36e94d0d5e2f0e,"{""FILLED"": 21}",0,0,"{""FILLED"": 21}",1609,FORCE_EXIT,EXIT,0,0,OPP:02506b9e9c36e94d0d5e2f0e,CAND:02506b9e9c36e94d0d5e2f0e,OPP:02506b9e9c36e94d0d5e2f0e,True,NO_ACTION,EVENT_INVALIDATE,NONE,UNKNOWN,8ea01a85-4efa-5849-ac33-c03e0b01cda8,BALANCE_ESCAPE_FAILED_INVALIDATED_SETUP,FORCE_EXIT,INVALIDATED,NO_EVENT,NONE,[],LOCKED,"[""CONTINUATION:BLOCK"", ""REACCELERATION:BLOCK"", ""REVERSAL:BLOCK""]",2026-07-31T14:57:00+05:30,TCS,21,True,0,TRADE_DECISION_NOT_ALLOWED,NOT_ELIGIBLE
DIR:TORNTPHARM:2026-07-31:002:UP:105700:DIRECTIONAL_REVERSAL_LEG_ESTABLISHED:110300,CAND:dcb490f7068f3aeab3ab074f,"{""FILLED"": 21}",0,0,"{""FILLED"": 21}",1610,FORCE_EXIT,EXIT,0,0,OPP:dcb490f7068f3aeab3ab074f,CAND:dcb490f7068f3aeab3ab074f,OPP:dcb490f7068f3aeab3ab074f,True,NO_ACTION,EVENT_INVALIDATE,DIRECTIONAL,ALIGNED,099dd7de-7081-52f9-9bd2-655c56b6256c,DIRECTIONAL_TREND_RESTORED_INVALIDATED_SETUP,FORCE_EXIT,INVALIDATED,NO_EVENT,NONE,[],LOCKED,"[""CONTINUATION:BLOCK"", ""REACCELERATION:BLOCK"", ""REVERSAL:BLOCK""]",2026-07-31T14:57:00+05:30,TORNTPHARM,21,False,0,,ALREADY_DEPLOYED
,,"{""FILLED"": 21}",0,0,"{""FILLED"": 21}",1611,,,0,0,,,,,NO_ACTION,,,,,,,,BALANCE_FORMING_STARTED,REVERSAL_WATCH,"[""BAL:BHEL:2026-07-31:005:NEUTRAL:150000:BALANCE_FORMING_STARTED:150000""]",FORMING,[],2026-07-31T15:00:00+05:30,BHEL,21,False,0,,NO_SIGNAL
DIR:CHOLAFIN:2026-07-31:002:DOWN:102400:DIRECTIONAL_REVERSAL_LEG_ESTABLISHED:103300,CAND:c91e30e559c61ae9e4a8e30d,"{""FILLED"": 21}",0,0,"{""FILLED"": 21}",1612,FORCE_EXIT,EXIT,0,0,OPP:c91e30e559c61ae9e4a8e30d,CAND:c91e30e559c61ae9e4a8e30d,OPP:c91e30e559c61ae9e4a8e30d,True,NO_ACTION,EVENT_INVALIDATE,DIRECTIONAL,OPPOSED,aee40fe8-7759-5cec-902a-0db152fe528d,DIRECTIONAL_TREND_RESTORED_INVALIDATED_OPPOSITE_ACTIVE_SIGNAL,FORCE_EXIT,INVALIDATED,NO_EVENT,NONE,[],NONE,[],2026-07-31T15:00:00+05:30,CHOLAFIN,21,True,0,TRADE_DECISION_NOT_ALLOWED,NOT_ELIGIBLE
BAL:COFORGE:2026-07-31:003:NEUTRAL:105700:BALANCE_ESCAPE_STARTED:132100,CAND:0d32e3ad08ef9cc69fd0369f,"{""FILLED"": 21}",0,0,"{""FILLED"": 21}",1613,HOLD_POSITION,CAUTION,0,0,OPP:0d32e3ad08ef9cc69fd0369f,CAND:0d32e3ad08ef9cc69fd0369f,OPP:0d32e3ad08ef9cc69fd0369f,False,HOLD,NO_CREATION_EVENT,DIRECTIONAL,OPPOSED,b811de42-fbb9-5d26-a364-a9f98c91de7c,AUTHORITATIVE_DIRECTION_OPPOSED,WEAKENING,OPEN,BALANCE_FORMING_STARTED,DIRECTIONAL,"[""BAL:COFORGE:2026-07-31:005:NEUTRAL:150000:BALANCE_FORMING_STARTED:150000""]",FORMING,[],2026-07-31T15:00:00+05:30,COFORGE,21,True,0,TRADE_DECISION_NOT_ALLOWED,NOT_ELIGIBLE
DIR:DIVISLAB:2026-07-31:002:DOWN:100600:DIRECTIONAL_REVERSAL_LEG_ESTABLISHED:101800,CAND:6644484c352c701feebfdf31,"{""FILLED"": 21}",0,0,"{""FILLED"": 21}",1614,FORCE_EXIT,EXIT,0,0,OPP:6644484c352c701feebfdf31,CAND:6644484c352c701feebfdf31,OPP:6644484c352c701feebfdf31,True,NO_ACTION,EVENT_INVALIDATE,COMPLETED,ALIGNED,a73cb6c9-a388-53f1-92b2-41820e34edd3,DIRECTIONAL_REVERSAL_LEG_FAILED_INVALIDATED_OPPOSITE_ACTIVE_SIGNAL,FORCE_EXIT,INVALIDATED,NO_EVENT,REVERSAL_WATCH,[],NONE,[],2026-07-31T15:00:00+05:30,DIVISLAB,21,True,0,TRADE_DECISION_NOT_ALLOWED,NOT_ELIGIBLE
,,"{""FILLED"": 21}",0,0,"{""FILLED"": 21}",1615,,,0,0,,,,,NO_ACTION,,,,,,,,BALANCE_ESCAPE_ACCEPTED,DIRECTIONAL,"[""BAL:EXIDEIND:2026-07-31:006:NEUTRAL:143000:BALANCE_ESCAPE_ACCEPTED:150000""]",ACCEPTED_OUTSIDE,"[""ACCEPTED_BREAKOUT:PERMIT""]",2026-07-31T15:00:00+05:30,EXIDEIND,21,False,0,,NO_SIGNAL
DIR:FORCEMOT:2026-07-31:002:UP:105400:DIRECTIONAL_REVERSAL_LEG_ESTABLISHED:110000,CAND:32b3a707960484f98d8399a7,"{""FILLED"": 21}",0,0,"{""FILLED"": 21}",1616,HOLD_POSITION,CAUTION,0,0,OPP:32b3a707960484f98d8399a7,CAND:32b3a707960484f98d8399a7,OPP:32b3a707960484f98d8399a7,False,HOLD,NO_CREATION_EVENT,NONE,UNKNOWN,76d65cfd-3f5f-5419-81f1-24a924660ce7,NO_CURRENT_CREATION_EVENT,TRANSITION,OPEN,BALANCE_ESCAPE_ACCEPTED,NONE,"[""BAL:FORCEMOT:2026-07-31:002:NEUTRAL:114500:BALANCE_ESCAPE_ACCEPTED:150000""]",ACCEPTED_OUTSIDE,"[""ACCEPTED_BREAKOUT:PERMIT""]",2026-07-31T15:00:00+05:30,FORCEMOT,21,False,0,,ALREADY_DEPLOYED
BAL:GLENMARK:2026-07-31:001:NEUTRAL:101200:BALANCE_ESCAPE_FAILED:131500,CAND:ccb8d7c9ac57fbb14f47bb87,"{""FILLED"": 21}",0,0,"{""FILLED"": 21}",1617,HOLD_POSITION,CAUTION,0,0,OPP:ccb8d7c9ac57fbb14f47bb87,CAND:ccb8d7c9ac57fbb14f47bb87,OPP:ccb8d7c9ac57fbb14f47bb87,False,HOLD,NO_CREATION_EVENT,NONE,UNKNOWN,a4859555-9e57-5772-9c79-4a6b83478351,NO_CURRENT_CREATION_EVENT,TRANSITION,OPEN,NO_EVENT,NONE,[],NONE,[],2026-07-31T15:00:00+05:30,GLENMARK,21,True,0,TRADE_DECISION_NOT_ALLOWED,NOT_ELIGIBLE
BAL:INDUSTOWER:2026-07-31:001:NEUTRAL:110900:BALANCE_ESCAPE_FAILED:115400,CAND:296c26607039b07e87c6f497,"{""FILLED"": 21}",0,0,"{""FILLED"": 21}",1618,HOLD_POSITION,CAUTION,0,0,OPP:296c26607039b07e87c6f497,CAND:296c26607039b07e87c6f497,OPP:296c26607039b07e87c6f497,False,HOLD,NO_CREATION_EVENT,NONE,UNKNOWN,6c1d311c-b1e4-503d-9f2d-3a50df29da5d,NO_CURRENT_CREATION_EVENT,TRANSITION,OPEN,NO_EVENT,NONE,[],FAILED_BACK_INSIDE,"[""CONTINUATION:BLOCK"", ""REACCELERATION:BLOCK"", ""REVERSAL:BLOCK""]",2026-07-31T15:00:00+05:30,INDUSTOWER,21,True,0,TRADE_DECISION_NOT_ALLOWED,NOT_ELIGIBLE
BAL:KALYANKJIL:2026-07-31:002:NEUTRAL:105100:BALANCE_ESCAPE_STARTED:112700,CAND:4a3872010c190995b2d63ff8,"{""FILLED"": 21}",0,0,"{""FILLED"": 21}",1619,HOLD_POSITION,CAUTION,0,0,OPP:4a3872010c190995b2d63ff8,CAND:4a3872010c190995b2d63ff8,OPP:4a3872010c190995b2d63ff8,False,HOLD,NO_CREATION_EVENT,MATURE,OPPOSED,fe205a27-ef8f-5bf7-9192-94593d799d94,AUTHORITATIVE_DIRECTION_OPPOSED,WEAKENING,OPEN,DIRECTIONAL_MATURED,MATURE,"[""DIR:KALYANKJIL:2026-07-31:014:DOWN:144200:DIRECTIONAL_MATURED:150000""]",FORMING,[],2026-07-31T15:00:00+05:30,KALYANKJIL,21,False,0,,ALREADY_DEPLOYED
DIR:MANAPPURAM:2026-07-31:006:UP:111200:DIRECTIONAL_REVERSAL_LEG_ESTABLISHED:112100,CAND:7316c4a2330c742a8803fe6c,"{""FILLED"": 21}",0,0,"{""FILLED"": 21}",1620,HOLD_POSITION,CAUTION,0,0,OPP:7316c4a2330c742a8803fe6c,CAND:7316c4a2330c742a8803fe6c,OPP:7316c4a2330c742a8803fe6c,False,HOLD,NO_CREATION_EVENT,REVERSAL_WATCH,ALIGNED,50c51811-b112-5f0f-9fcc-a1422ceea97c,AUTHORITATIVE_REVERSAL_WATCH,PROTECT,OPEN,NO_EVENT,REVERSAL_WATCH,[],NONE,[],2026-07-31T15:00:00+05:30,MANAPPURAM,21,False,0,,ALREADY_DEPLOYED
BAL:PERSISTENT:2026-07-31:002:NEUTRAL:103600:BALANCE_ESCAPE_STARTED:110600,CAND:6e00ceac84968df1df4d7495,"{""FILLED"": 21}",0,0,"{""FILLED"": 21}",1621,HOLD_POSITION,CAUTION,0,0,OPP:6e00ceac84968df1df4d7495,CAND:6e00ceac84968df1df4d7495,OPP:6e00ceac84968df1df4d7495,False,HOLD,NO_CREATION_EVENT,NONE,UNKNOWN,cad8805e-c102-57a4-96c7-d70c9c07f5cc,NO_CURRENT_CREATION_EVENT,TRANSITION,OPEN,NO_EVENT,NONE,[],PROBABLE,[],2026-07-31T15:00:00+05:30,PERSISTENT,21,False,0,,ALREADY_DEPLOYED
BAL:POWERINDIA:2026-07-31:001:NEUTRAL:095100:BALANCE_ESCAPE_FAILED:113000,CAND:dc1ab160fa1ee75a10189da6,"{""FILLED"": 21}",0,0,"{""FILLED"": 21}",1622,HOLD_POSITION,CAUTION,0,0,OPP:dc1ab160fa1ee75a10189da6,CAND:dc1ab160fa1ee75a10189da6,OPP:dc1ab160fa1ee75a10189da6,False,HOLD,NO_CREATION_EVENT,NONE,UNKNOWN,57fbc3b0-0822-51b7-8515-450ea6586841,NO_CURRENT_CREATION_EVENT,TRANSITION,OPEN,NO_EVENT,NONE,[],NONE,[],2026-07-31T15:00:00+05:30,POWERINDIA,21,True,0,TRADE_DECISION_NOT_ALLOWED,NOT_ELIGIBLE
BAL:TCS:2026-07-31:001:NEUTRAL:100600:BALANCE_ESCAPE_STARTED:103600,CAND:02506b9e9c36e94d0d5e2f0e,"{""FILLED"": 21}",0,0,"{""FILLED"": 21}",1623,FORCE_EXIT,EXIT,0,0,OPP:02506b9e9c36e94d0d5e2f0e,CAND:02506b9e9c36e94d0d5e2f0e,OPP:02506b9e9c36e94d0d5e2f0e,True,NO_ACTION,EVENT_INVALIDATE,NONE,UNKNOWN,8ea01a85-4efa-5849-ac33-c03e0b01cda8,BALANCE_ESCAPE_FAILED_INVALIDATED_SETUP,FORCE_EXIT,INVALIDATED,NO_EVENT,NONE,[],LOCKED,"[""CONTINUATION:BLOCK"", ""REACCELERATION:BLOCK"", ""REVERSAL:BLOCK""]",2026-07-31T15:00:00+05:30,TCS,21,True,0,TRADE_DECISION_NOT_ALLOWED,NOT_ELIGIBLE
DIR:TORNTPHARM:2026-07-31:002:UP:105700:DIRECTIONAL_REVERSAL_LEG_ESTABLISHED:110300,CAND:dcb490f7068f3aeab3ab074f,"{""FILLED"": 21}",0,0,"{""FILLED"": 21}",1624,FORCE_EXIT,EXIT,0,0,OPP:dcb490f7068f3aeab3ab074f,CAND:dcb490f7068f3aeab3ab074f,OPP:dcb490f7068f3aeab3ab074f,True,NO_ACTION,EVENT_INVALIDATE,DIRECTIONAL,ALIGNED,099dd7de-7081-52f9-9bd2-655c56b6256c,DIRECTIONAL_TREND_RESTORED_INVALIDATED_SETUP,FORCE_EXIT,INVALIDATED,NO_EVENT,NONE,[],LOCKED,"[""CONTINUATION:BLOCK"", ""REACCELERATION:BLOCK"", ""REVERSAL:BLOCK""]",2026-07-31T15:00:00+05:30,TORNTPHARM,21,False,0,,ALREADY_DEPLOYED
,,"{""FILLED"": 21}",0,0,"{""FILLED"": 21}",1625,,,0,0,,,,,NO_ACTION,,,,,,,,NO_EVENT,REVERSAL_WATCH,[],FORMING,[],2026-07-31T15:03:00+05:30,BHEL,21,False,0,,NO_SIGNAL
DIR:CHOLAFIN:2026-07-31:002:DOWN:102400:DIRECTIONAL_REVERSAL_LEG_ESTABLISHED:103300,CAND:c91e30e559c61ae9e4a8e30d,"{""FILLED"": 21}",0,0,"{""FILLED"": 21}",1626,FORCE_EXIT,EXIT,0,0,OPP:c91e30e559c61ae9e4a8e30d,CAND:c91e30e559c61ae9e4a8e30d,OPP:c91e30e559c61ae9e4a8e30d,True,NO_ACTION,EVENT_INVALIDATE,DIRECTIONAL,OPPOSED,aee40fe8-7759-5cec-902a-0db152fe528d,DIRECTIONAL_TREND_RESTORED_INVALIDATED_OPPOSITE_ACTIVE_SIGNAL,FORCE_EXIT,INVALIDATED,NO_EVENT,NONE,[],NONE,[],2026-07-31T15:03:00+05:30,CHOLAFIN,21,True,0,TRADE_DECISION_NOT_ALLOWED,NOT_ELIGIBLE
BAL:COFORGE:2026-07-31:003:NEUTRAL:105700:BALANCE_ESCAPE_STARTED:132100,CAND:0d32e3ad08ef9cc69fd0369f,"{""FILLED"": 21}",0,0,"{""FILLED"": 21}",1627,HOLD_POSITION,CAUTION,0,0,OPP:0d32e3ad08ef9cc69fd0369f,CAND:0d32e3ad08ef9cc69fd0369f,OPP:0d32e3ad08ef9cc69fd0369f,False,HOLD,NO_CREATION_EVENT,MATURE,OPPOSED,b811de42-fbb9-5d26-a364-a9f98c91de7c,AUTHORITATIVE_DIRECTION_OPPOSED,WEAKENING,OPEN,DIRECTIONAL_MATURED,MATURE,"[""DIR:COFORGE:2026-07-31:003:UP:144200:DIRECTIONAL_MATURED:150300""]",FORMING,[],2026-07-31T15:03:00+05:30,COFORGE,21,True,0,TRADE_DECISION_NOT_ALLOWED,NOT_ELIGIBLE
DIR:DIVISLAB:2026-07-31:002:DOWN:100600:DIRECTIONAL_REVERSAL_LEG_ESTABLISHED:101800,CAND:6644484c352c701feebfdf31,"{""FILLED"": 21}",0,0,"{""FILLED"": 21}",1628,FORCE_EXIT,EXIT,0,0,OPP:6644484c352c701feebfdf31,CAND:6644484c352c701feebfdf31,OPP:6644484c352c701feebfdf31,True,NO_ACTION,EVENT_INVALIDATE,COMPLETED,ALIGNED,a73cb6c9-a388-53f1-92b2-41820e34edd3,DIRECTIONAL_REVERSAL_LEG_FAILED_INVALIDATED_OPPOSITE_ACTIVE_SIGNAL,FORCE_EXIT,INVALIDATED,BALANCE_FORMING_STARTED,REVERSAL_WATCH,"[""BAL:DIVISLAB:2026-07-31:003:NEUTRAL:150300:BALANCE_FORMING_STARTED:150300""]",FORMING,[],2026-07-31T15:03:00+05:30,DIVISLAB,21,True,0,TRADE_DECISION_NOT_ALLOWED,NOT_ELIGIBLE
,,"{""FILLED"": 21}",0,0,"{""FILLED"": 21}",1629,,,0,0,,,,,NO_ACTION,,,,,,,,BALANCE_COMPLETED,DIRECTIONAL,"[""BAL:EXIDEIND:2026-07-31:006:NEUTRAL:143000:BALANCE_COMPLETED:150300""]",COMPLETED,[],2026-07-31T15:03:00+05:30,EXIDEIND,21,False,0,,NO_SIGNAL
DIR:FORCEMOT:2026-07-31:002:UP:105400:DIRECTIONAL_REVERSAL_LEG_ESTABLISHED:110000,CAND:32b3a707960484f98d8399a7,"{""FILLED"": 21}",0,0,"{""FILLED"": 21}",1630,HOLD_POSITION,CAUTION,0,0,OPP:32b3a707960484f98d8399a7,CAND:32b3a707960484f98d8399a7,OPP:32b3a707960484f98d8399a7,False,HOLD,NO_CREATION_EVENT,DIRECTIONAL,OPPOSED,76d65cfd-3f5f-5419-81f1-24a924660ce7,AUTHORITATIVE_DIRECTION_OPPOSED,WEAKENING,OPEN,"BALANCE_COMPLETED,DIRECTIONAL_STARTED",DIRECTIONAL,"[""BAL:FORCEMOT:2026-07-31:002:NEUTRAL:114500:BALANCE_COMPLETED:150300"", ""DIR:FORCEMOT:2026-07-31:003:DOWN:150300:DIRECTIONAL_STARTED:150300""]",COMPLETED,[],2026-07-31T15:03:00+05:30,FORCEMOT,21,False,0,,ALREADY_DEPLOYED
BAL:GLENMARK:2026-07-31:001:NEUTRAL:101200:BALANCE_ESCAPE_FAILED:131500,CAND:ccb8d7c9ac57fbb14f47bb87,"{""FILLED"": 21}",0,0,"{""FILLED"": 21}",1631,HOLD_POSITION,CAUTION,0,0,OPP:ccb8d7c9ac57fbb14f47bb87,CAND:ccb8d7c9ac57fbb14f47bb87,OPP:ccb8d7c9ac57fbb14f47bb87,False,HOLD,NO_CREATION_EVENT,NONE,UNKNOWN,a4859555-9e57-5772-9c79-4a6b83478351,NO_CURRENT_CREATION_EVENT,TRANSITION,OPEN,NO_EVENT,NONE,[],NONE,[],2026-07-31T15:03:00+05:30,GLENMARK,21,True,0,TRADE_DECISION_NOT_ALLOWED,NOT_ELIGIBLE
BAL:INDUSTOWER:2026-07-31:001:NEUTRAL:110900:BALANCE_ESCAPE_FAILED:115400,CAND:296c26607039b07e87c6f497,"{""FILLED"": 21}",0,0,"{""FILLED"": 21}",1632,HOLD_POSITION,CAUTION,0,0,OPP:296c26607039b07e87c6f497,CAND:296c26607039b07e87c6f497,OPP:296c26607039b07e87c6f497,False,HOLD,NO_CREATION_EVENT,NONE,UNKNOWN,6c1d311c-b1e4-503d-9f2d-3a50df29da5d,NO_CURRENT_CREATION_EVENT,TRANSITION,OPEN,NO_EVENT,NONE,[],FAILED_BACK_INSIDE,"[""CONTINUATION:BLOCK"", ""REACCELERATION:BLOCK"", ""REVERSAL:BLOCK""]",2026-07-31T15:03:00+05:30,INDUSTOWER,21,True,0,TRADE_DECISION_NOT_ALLOWED,NOT_ELIGIBLE
BAL:KALYANKJIL:2026-07-31:002:NEUTRAL:105100:BALANCE_ESCAPE_STARTED:112700,CAND:4a3872010c190995b2d63ff8,"{""FILLED"": 21}",0,0,"{""FILLED"": 21}",1633,HOLD_POSITION,CAUTION,0,0,OPP:4a3872010c190995b2d63ff8,CAND:4a3872010c190995b2d63ff8,OPP:4a3872010c190995b2d63ff8,False,HOLD,NO_CREATION_EVENT,REVERSAL_WATCH,OPPOSED,fe205a27-ef8f-5bf7-9192-94593d799d94,AUTHORITATIVE_REVERSAL_WATCH,PROTECT,OPEN,REVERSAL_WATCH_STARTED,REVERSAL_WATCH,"[""DIR:KALYANKJIL:2026-07-31:014:DOWN:144200:REVERSAL_WATCH_STARTED:150300""]",FORMING,[],2026-07-31T15:03:00+05:30,KALYANKJIL,21,False,0,,ALREADY_DEPLOYED
DIR:MANAPPURAM:2026-07-31:006:UP:111200:DIRECTIONAL_REVERSAL_LEG_ESTABLISHED:112100,CAND:7316c4a2330c742a8803fe6c,"{""FILLED"": 21}",0,0,"{""FILLED"": 21}",1634,HOLD_POSITION,CAUTION,0,0,OPP:7316c4a2330c742a8803fe6c,CAND:7316c4a2330c742a8803fe6c,OPP:7316c4a2330c742a8803fe6c,False,HOLD,NO_CREATION_EVENT,REVERSAL_WATCH,ALIGNED,50c51811-b112-5f0f-9fcc-a1422ceea97c,AUTHORITATIVE_REVERSAL_WATCH,PROTECT,OPEN,NO_EVENT,REVERSAL_WATCH,[],NONE,[],2026-07-31T15:03:00+05:30,MANAPPURAM,21,False,0,,ALREADY_DEPLOYED
BAL:PERSISTENT:2026-07-31:002:NEUTRAL:103600:BALANCE_ESCAPE_STARTED:110600,CAND:6e00ceac84968df1df4d7495,"{""FILLED"": 21}",0,0,"{""FILLED"": 21}",1635,HOLD_POSITION,CAUTION,0,0,OPP:6e00ceac84968df1df4d7495,CAND:6e00ceac84968df1df4d7495,OPP:6e00ceac84968df1df4d7495,False,HOLD,NO_CREATION_EVENT,NONE,UNKNOWN,cad8805e-c102-57a4-96c7-d70c9c07f5cc,NO_CURRENT_CREATION_EVENT,TRANSITION,OPEN,BALANCE_COMPLETED,NONE,"[""BAL:PERSISTENT:2026-07-31:007:NEUTRAL:144200:BALANCE_COMPLETED:150300""]",COMPLETED,[],2026-07-31T15:03:00+05:30,PERSISTENT,21,False,0,,ALREADY_DEPLOYED
BAL:POWERINDIA:2026-07-31:001:NEUTRAL:095100:BALANCE_ESCAPE_FAILED:113000,CAND:dc1ab160fa1ee75a10189da6,"{""FILLED"": 21}",0,0,"{""FILLED"": 21}",1636,HOLD_POSITION,CAUTION,0,0,OPP:dc1ab160fa1ee75a10189da6,CAND:dc1ab160fa1ee75a10189da6,OPP:dc1ab160fa1ee75a10189da6,False,HOLD,NO_CREATION_EVENT,NONE,UNKNOWN,57fbc3b0-0822-51b7-8515-450ea6586841,NO_CURRENT_CREATION_EVENT,TRANSITION,OPEN,NO_EVENT,NONE,[],NONE,[],2026-07-31T15:03:00+05:30,POWERINDIA,21,True,0,TRADE_DECISION_NOT_ALLOWED,NOT_ELIGIBLE
BAL:TCS:2026-07-31:001:NEUTRAL:100600:BALANCE_ESCAPE_STARTED:103600,CAND:02506b9e9c36e94d0d5e2f0e,"{""FILLED"": 21}",0,0,"{""FILLED"": 21}",1637,FORCE_EXIT,EXIT,0,0,OPP:02506b9e9c36e94d0d5e2f0e,CAND:02506b9e9c36e94d0d5e2f0e,OPP:02506b9e9c36e94d0d5e2f0e,True,NO_ACTION,EVENT_INVALIDATE,NONE,UNKNOWN,8ea01a85-4efa-5849-ac33-c03e0b01cda8,BALANCE_ESCAPE_FAILED_INVALIDATED_SETUP,FORCE_EXIT,INVALIDATED,NO_EVENT,NONE,[],LOCKED,"[""CONTINUATION:BLOCK"", ""REACCELERATION:BLOCK"", ""REVERSAL:BLOCK""]",2026-07-31T15:03:00+05:30,TCS,21,True,0,TRADE_DECISION_NOT_ALLOWED,NOT_ELIGIBLE
DIR:TORNTPHARM:2026-07-31:002:UP:105700:DIRECTIONAL_REVERSAL_LEG_ESTABLISHED:110300,CAND:dcb490f7068f3aeab3ab074f,"{""FILLED"": 21}",0,0,"{""FILLED"": 21}",1638,FORCE_EXIT,EXIT,0,0,OPP:dcb490f7068f3aeab3ab074f,CAND:dcb490f7068f3aeab3ab074f,OPP:dcb490f7068f3aeab3ab074f,True,NO_ACTION,EVENT_INVALIDATE,DIRECTIONAL,ALIGNED,099dd7de-7081-52f9-9bd2-655c56b6256c,DIRECTIONAL_TREND_RESTORED_INVALIDATED_SETUP,FORCE_EXIT,INVALIDATED,NO_EVENT,NONE,[],LOCKED,"[""CONTINUATION:BLOCK"", ""REACCELERATION:BLOCK"", ""REVERSAL:BLOCK""]",2026-07-31T15:03:00+05:30,TORNTPHARM,21,False,0,,ALREADY_DEPLOYED
,,"{""FILLED"": 21}",0,0,"{""FILLED"": 21}",1639,,,0,0,,,,,NO_ACTION,,,,,,,,NO_EVENT,REVERSAL_WATCH,[],FORMING,[],2026-07-31T15:06:00+05:30,BHEL,21,False,0,,NO_SIGNAL
DIR:CHOLAFIN:2026-07-31:002:DOWN:102400:DIRECTIONAL_REVERSAL_LEG_ESTABLISHED:103300,CAND:c91e30e559c61ae9e4a8e30d,"{""FILLED"": 21}",0,0,"{""FILLED"": 21}",1640,FORCE_EXIT,EXIT,0,0,OPP:c91e30e559c61ae9e4a8e30d,CAND:c91e30e559c61ae9e4a8e30d,OPP:c91e30e559c61ae9e4a8e30d,True,NO_ACTION,EVENT_INVALIDATE,DIRECTIONAL,OPPOSED,aee40fe8-7759-5cec-902a-0db152fe528d,DIRECTIONAL_TREND_RESTORED_INVALIDATED_OPPOSITE_ACTIVE_SIGNAL,FORCE_EXIT,INVALIDATED,NO_EVENT,NONE,[],NONE,[],2026-07-31T15:06:00+05:30,CHOLAFIN,21,True,0,TRADE_DECISION_NOT_ALLOWED,NOT_ELIGIBLE
BAL:COFORGE:2026-07-31:003:NEUTRAL:105700:BALANCE_ESCAPE_STARTED:132100,CAND:0d32e3ad08ef9cc69fd0369f,"{""FILLED"": 21}",0,0,"{""FILLED"": 21}",1641,HOLD_POSITION,CAUTION,0,0,OPP:0d32e3ad08ef9cc69fd0369f,CAND:0d32e3ad08ef9cc69fd0369f,OPP:0d32e3ad08ef9cc69fd0369f,False,HOLD,NO_CREATION_EVENT,REVERSAL_WATCH,OPPOSED,b811de42-fbb9-5d26-a364-a9f98c91de7c,AUTHORITATIVE_REVERSAL_WATCH,PROTECT,OPEN,"BALANCE_COMPLETED,REVERSAL_WATCH_STARTED",REVERSAL_WATCH,"[""BAL:COFORGE:2026-07-31:005:NEUTRAL:150000:BALANCE_COMPLETED:150600"", ""DIR:COFORGE:2026-07-31:003:UP:144200:REVERSAL_WATCH_STARTED:150600""]",COMPLETED,[],2026-07-31T15:06:00+05:30,COFORGE,21,True,0,TRADE_DECISION_NOT_ALLOWED,NOT_ELIGIBLE
DIR:DIVISLAB:2026-07-31:002:DOWN:100600:DIRECTIONAL_REVERSAL_LEG_ESTABLISHED:101800,CAND:6644484c352c701feebfdf31,"{""FILLED"": 21}",0,0,"{""FILLED"": 21}",1642,FORCE_EXIT,EXIT,0,0,OPP:6644484c352c701feebfdf31,CAND:6644484c352c701feebfdf31,OPP:6644484c352c701feebfdf31,True,NO_ACTION,EVENT_INVALIDATE,COMPLETED,ALIGNED,a73cb6c9-a388-53f1-92b2-41820e34edd3,DIRECTIONAL_REVERSAL_LEG_FAILED_INVALIDATED_OPPOSITE_ACTIVE_SIGNAL,FORCE_EXIT,INVALIDATED,NO_EVENT,REVERSAL_WATCH,[],FORMING,[],2026-07-31T15:06:00+05:30,DIVISLAB,21,True,0,TRADE_DECISION_NOT_ALLOWED,NOT_ELIGIBLE
,,"{""FILLED"": 21}",0,0,"{""FILLED"": 21}",1643,,,0,0,,,,,NO_ACTION,,,,,,,,BALANCE_FORMING_STARTED,DIRECTIONAL,"[""BAL:EXIDEIND:2026-07-31:007:NEUTRAL:150600:BALANCE_FORMING_STARTED:150600""]",FORMING,[],2026-07-31T15:06:00+05:30,EXIDEIND,21,False,0,,NO_SIGNAL
DIR:FORCEMOT:2026-07-31:002:UP:105400:DIRECTIONAL_REVERSAL_LEG_ESTABLISHED:110000,CAND:32b3a707960484f98d8399a7,"{""FILLED"": 21}",0,0,"{""FILLED"": 21}",1644,HOLD_POSITION,CAUTION,0,0,OPP:32b3a707960484f98d8399a7,CAND:32b3a707960484f98d8399a7,OPP:32b3a707960484f98d8399a7,False,HOLD,NO_CREATION_EVENT,DIRECTIONAL,OPPOSED,76d65cfd-3f5f-5419-81f1-24a924660ce7,AUTHORITATIVE_DIRECTION_OPPOSED,WEAKENING,OPEN,NO_EVENT,DIRECTIONAL,[],NONE,[],2026-07-31T15:06:00+05:30,FORCEMOT,21,False,0,,ALREADY_DEPLOYED
BAL:GLENMARK:2026-07-31:001:NEUTRAL:101200:BALANCE_ESCAPE_FAILED:131500,CAND:ccb8d7c9ac57fbb14f47bb87,"{""FILLED"": 21}",0,0,"{""FILLED"": 21}",1645,HOLD_POSITION,CAUTION,0,0,OPP:ccb8d7c9ac57fbb14f47bb87,CAND:ccb8d7c9ac57fbb14f47bb87,OPP:ccb8d7c9ac57fbb14f47bb87,False,HOLD,NO_CREATION_EVENT,NONE,UNKNOWN,a4859555-9e57-5772-9c79-4a6b83478351,NO_CURRENT_CREATION_EVENT,TRANSITION,OPEN,NO_EVENT,NONE,[],NONE,[],2026-07-31T15:06:00+05:30,GLENMARK,21,True,0,TRADE_DECISION_NOT_ALLOWED,NOT_ELIGIBLE
BAL:INDUSTOWER:2026-07-31:001:NEUTRAL:110900:BALANCE_ESCAPE_FAILED:115400,CAND:296c26607039b07e87c6f497,"{""FILLED"": 21}",0,0,"{""FILLED"": 21}",1646,HOLD_POSITION,CAUTION,0,0,OPP:296c26607039b07e87c6f497,CAND:296c26607039b07e87c6f497,OPP:296c26607039b07e87c6f497,False,HOLD,NO_CREATION_EVENT,NONE,UNKNOWN,6c1d311c-b1e4-503d-9f2d-3a50df29da5d,NO_CURRENT_CREATION_EVENT,TRANSITION,OPEN,NO_EVENT,NONE,[],FAILED_BACK_INSIDE,"[""CONTINUATION:BLOCK"", ""REACCELERATION:BLOCK"", ""REVERSAL:BLOCK""]",2026-07-31T15:06:00+05:30,INDUSTOWER,21,True,0,TRADE_DECISION_NOT_ALLOWED,NOT_ELIGIBLE
BAL:KALYANKJIL:2026-07-31:002:NEUTRAL:105100:BALANCE_ESCAPE_STARTED:112700,CAND:4a3872010c190995b2d63ff8,"{""FILLED"": 21}",0,0,"{""FILLED"": 21}",1647,HOLD_POSITION,CAUTION,0,0,OPP:4a3872010c190995b2d63ff8,CAND:4a3872010c190995b2d63ff8,OPP:4a3872010c190995b2d63ff8,False,HOLD,NO_CREATION_EVENT,REVERSAL_WATCH,OPPOSED,fe205a27-ef8f-5bf7-9192-94593d799d94,AUTHORITATIVE_REVERSAL_WATCH,PROTECT,OPEN,NO_EVENT,REVERSAL_WATCH,[],FORMING,[],2026-07-31T15:06:00+05:30,KALYANKJIL,21,False,0,,ALREADY_DEPLOYED
DIR:MANAPPURAM:2026-07-31:006:UP:111200:DIRECTIONAL_REVERSAL_LEG_ESTABLISHED:112100,CAND:7316c4a2330c742a8803fe6c,"{""FILLED"": 21}",0,0,"{""FILLED"": 21}",1648,HOLD_POSITION,CAUTION,0,0,OPP:7316c4a2330c742a8803fe6c,CAND:7316c4a2330c742a8803fe6c,OPP:7316c4a2330c742a8803fe6c,False,HOLD,NO_CREATION_EVENT,REVERSAL_WATCH,ALIGNED,50c51811-b112-5f0f-9fcc-a1422ceea97c,AUTHORITATIVE_REVERSAL_WATCH,PROTECT,OPEN,NO_EVENT,REVERSAL_WATCH,[],NONE,[],2026-07-31T15:06:00+05:30,MANAPPURAM,21,False,0,,ALREADY_DEPLOYED
BAL:PERSISTENT:2026-07-31:002:NEUTRAL:103600:BALANCE_ESCAPE_STARTED:110600,CAND:6e00ceac84968df1df4d7495,"{""FILLED"": 21}",0,0,"{""FILLED"": 21}",1649,HOLD_POSITION,CAUTION,0,0,OPP:6e00ceac84968df1df4d7495,CAND:6e00ceac84968df1df4d7495,OPP:6e00ceac84968df1df4d7495,False,HOLD,NO_CREATION_EVENT,NONE,UNKNOWN,cad8805e-c102-57a4-96c7-d70c9c07f5cc,NO_CURRENT_CREATION_EVENT,TRANSITION,OPEN,NO_EVENT,NONE,[],NONE,[],2026-07-31T15:06:00+05:30,PERSISTENT,21,False,0,,ALREADY_DEPLOYED
BAL:POWERINDIA:2026-07-31:001:NEUTRAL:095100:BALANCE_ESCAPE_FAILED:113000,CAND:dc1ab160fa1ee75a10189da6,"{""FILLED"": 21}",0,0,"{""FILLED"": 21}",1650,HOLD_POSITION,CAUTION,0,0,OPP:dc1ab160fa1ee75a10189da6,CAND:dc1ab160fa1ee75a10189da6,OPP:dc1ab160fa1ee75a10189da6,False,HOLD,NO_CREATION_EVENT,NONE,UNKNOWN,57fbc3b0-0822-51b7-8515-450ea6586841,NO_CURRENT_CREATION_EVENT,TRANSITION,OPEN,NO_EVENT,NONE,[],NONE,[],2026-07-31T15:06:00+05:30,POWERINDIA,21,True,0,TRADE_DECISION_NOT_ALLOWED,NOT_ELIGIBLE
BAL:TCS:2026-07-31:001:NEUTRAL:100600:BALANCE_ESCAPE_STARTED:103600,CAND:02506b9e9c36e94d0d5e2f0e,"{""FILLED"": 21}",0,0,"{""FILLED"": 21}",1651,FORCE_EXIT,EXIT,0,0,OPP:02506b9e9c36e94d0d5e2f0e,CAND:02506b9e9c36e94d0d5e2f0e,OPP:02506b9e9c36e94d0d5e2f0e,True,NO_ACTION,EVENT_INVALIDATE,NONE,UNKNOWN,8ea01a85-4efa-5849-ac33-c03e0b01cda8,BALANCE_ESCAPE_FAILED_INVALIDATED_SETUP,FORCE_EXIT,INVALIDATED,BALANCE_ESCAPE_STARTED,NONE,"[""BAL:TCS:2026-07-31:001:NEUTRAL:100600:BALANCE_ESCAPE_STARTED:150600""]",ESCAPE_WATCH,"[""ACCEPTED_BREAKOUT:WAIT"", ""BREAKOUT_INITIATION:PERMIT"", ""CONTINUATION:BLOCK"", ""FAILED_BREAKOUT:WAIT"", ""REACCELERATION:BLOCK"", ""REVERSAL:BLOCK""]",2026-07-31T15:06:00+05:30,TCS,21,True,0,TRADE_DECISION_NOT_ALLOWED,NOT_ELIGIBLE
DIR:TORNTPHARM:2026-07-31:002:UP:105700:DIRECTIONAL_REVERSAL_LEG_ESTABLISHED:110300,CAND:dcb490f7068f3aeab3ab074f,"{""FILLED"": 21}",0,0,"{""FILLED"": 21}",1652,FORCE_EXIT,EXIT,0,0,OPP:dcb490f7068f3aeab3ab074f,CAND:dcb490f7068f3aeab3ab074f,OPP:dcb490f7068f3aeab3ab074f,True,NO_ACTION,EVENT_INVALIDATE,DIRECTIONAL,ALIGNED,099dd7de-7081-52f9-9bd2-655c56b6256c,DIRECTIONAL_TREND_RESTORED_INVALIDATED_SETUP,FORCE_EXIT,INVALIDATED,BALANCE_ESCAPE_STARTED,NONE,"[""BAL:TORNTPHARM:2026-07-31:007:NEUTRAL:142100:BALANCE_ESCAPE_STARTED:150600""]",ESCAPE_WATCH,"[""ACCEPTED_BREAKOUT:WAIT"", ""BREAKOUT_INITIATION:PERMIT"", ""CONTINUATION:BLOCK"", ""FAILED_BREAKOUT:WAIT"", ""REACCELERATION:BLOCK"", ""REVERSAL:BLOCK""]",2026-07-31T15:06:00+05:30,TORNTPHARM,21,False,0,,ALREADY_DEPLOYED
,,"{""FILLED"": 21}",0,0,"{""FILLED"": 21}",1653,,,0,0,,,,,NO_ACTION,,,,,,,,NO_EVENT,REVERSAL_WATCH,[],FORMING,[],2026-07-31T15:09:00+05:30,BHEL,21,False,0,,NO_SIGNAL
DIR:CHOLAFIN:2026-07-31:002:DOWN:102400:DIRECTIONAL_REVERSAL_LEG_ESTABLISHED:103300,CAND:c91e30e559c61ae9e4a8e30d,"{""FILLED"": 21}",0,0,"{""FILLED"": 21}",1654,FORCE_EXIT,EXIT,0,0,OPP:c91e30e559c61ae9e4a8e30d,CAND:c91e30e559c61ae9e4a8e30d,OPP:c91e30e559c61ae9e4a8e30d,True,NO_ACTION,EVENT_INVALIDATE,DIRECTIONAL,OPPOSED,aee40fe8-7759-5cec-902a-0db152fe528d,DIRECTIONAL_TREND_RESTORED_INVALIDATED_OPPOSITE_ACTIVE_SIGNAL,FORCE_EXIT,INVALIDATED,NO_EVENT,NONE,[],NONE,[],2026-07-31T15:09:00+05:30,CHOLAFIN,21,True,0,TRADE_DECISION_NOT_ALLOWED,NOT_ELIGIBLE
BAL:COFORGE:2026-07-31:003:NEUTRAL:105700:BALANCE_ESCAPE_STARTED:132100,CAND:0d32e3ad08ef9cc69fd0369f,"{""FILLED"": 21}",0,0,"{""FILLED"": 21}",1655,HOLD_POSITION,CAUTION,0,0,OPP:0d32e3ad08ef9cc69fd0369f,CAND:0d32e3ad08ef9cc69fd0369f,OPP:0d32e3ad08ef9cc69fd0369f,False,HOLD,NO_CREATION_EVENT,REVERSAL_WATCH,OPPOSED,b811de42-fbb9-5d26-a364-a9f98c91de7c,AUTHORITATIVE_REVERSAL_WATCH,PROTECT,OPEN,NO_EVENT,REVERSAL_WATCH,[],NONE,[],2026-07-31T15:09:00+05:30,COFORGE,21,True,0,TRADE_DECISION_NOT_ALLOWED,NOT_ELIGIBLE
DIR:DIVISLAB:2026-07-31:002:DOWN:100600:DIRECTIONAL_REVERSAL_LEG_ESTABLISHED:101800,CAND:6644484c352c701feebfdf31,"{""FILLED"": 21}",0,0,"{""FILLED"": 21}",1656,FORCE_EXIT,EXIT,0,0,OPP:6644484c352c701feebfdf31,CAND:6644484c352c701feebfdf31,OPP:6644484c352c701feebfdf31,True,NO_ACTION,EVENT_INVALIDATE,COMPLETED,ALIGNED,a73cb6c9-a388-53f1-92b2-41820e34edd3,DIRECTIONAL_REVERSAL_LEG_FAILED_INVALIDATED_OPPOSITE_ACTIVE_SIGNAL,FORCE_EXIT,INVALIDATED,NO_EVENT,REVERSAL_WATCH,[],FORMING,[],2026-07-31T15:09:00+05:30,DIVISLAB,21,True,0,TRADE_DECISION_NOT_ALLOWED,NOT_ELIGIBLE
,,"{""FILLED"": 21}",0,0,"{""FILLED"": 21}",1657,,,0,0,,,,,NO_ACTION,,,,,,,,NO_EVENT,DIRECTIONAL,[],FORMING,[],2026-07-31T15:09:00+05:30,EXIDEIND,21,False,0,,NO_SIGNAL
DIR:FORCEMOT:2026-07-31:002:UP:105400:DIRECTIONAL_REVERSAL_LEG_ESTABLISHED:110000,CAND:32b3a707960484f98d8399a7,"{""FILLED"": 21}",0,0,"{""FILLED"": 21}",1658,HOLD_POSITION,CAUTION,0,0,OPP:32b3a707960484f98d8399a7,CAND:32b3a707960484f98d8399a7,OPP:32b3a707960484f98d8399a7,False,HOLD,NO_CREATION_EVENT,MATURE,OPPOSED,76d65cfd-3f5f-5419-81f1-24a924660ce7,AUTHORITATIVE_DIRECTION_OPPOSED,WEAKENING,OPEN,DIRECTIONAL_MATURED,MATURE,"[""DIR:FORCEMOT:2026-07-31:003:DOWN:150300:DIRECTIONAL_MATURED:150900""]",NONE,[],2026-07-31T15:09:00+05:30,FORCEMOT,21,False,0,,ALREADY_DEPLOYED
BAL:GLENMARK:2026-07-31:001:NEUTRAL:101200:BALANCE_ESCAPE_FAILED:131500,CAND:ccb8d7c9ac57fbb14f47bb87,"{""FILLED"": 21}",0,0,"{""FILLED"": 21}",1659,HOLD_POSITION,CAUTION,0,0,OPP:ccb8d7c9ac57fbb14f47bb87,CAND:ccb8d7c9ac57fbb14f47bb87,OPP:ccb8d7c9ac57fbb14f47bb87,False,HOLD,NO_CREATION_EVENT,NONE,UNKNOWN,a4859555-9e57-5772-9c79-4a6b83478351,NO_CURRENT_CREATION_EVENT,TRANSITION,OPEN,NO_EVENT,NONE,[],NONE,[],2026-07-31T15:09:00+05:30,GLENMARK,21,True,0,TRADE_DECISION_NOT_ALLOWED,NOT_ELIGIBLE
BAL:INDUSTOWER:2026-07-31:001:NEUTRAL:110900:BALANCE_ESCAPE_FAILED:115400,CAND:296c26607039b07e87c6f497,"{""FILLED"": 21}",0,0,"{""FILLED"": 21}",1660,HOLD_POSITION,CAUTION,0,0,OPP:296c26607039b07e87c6f497,CAND:296c26607039b07e87c6f497,OPP:296c26607039b07e87c6f497,False,HOLD,NO_CREATION_EVENT,NONE,UNKNOWN,6c1d311c-b1e4-503d-9f2d-3a50df29da5d,NO_CURRENT_CREATION_EVENT,TRANSITION,OPEN,NO_EVENT,NONE,[],FAILED_BACK_INSIDE,"[""CONTINUATION:BLOCK"", ""REACCELERATION:BLOCK"", ""REVERSAL:BLOCK""]",2026-07-31T15:09:00+05:30,INDUSTOWER,21,True,0,TRADE_DECISION_NOT_ALLOWED,NOT_ELIGIBLE
BAL:KALYANKJIL:2026-07-31:002:NEUTRAL:105100:BALANCE_ESCAPE_STARTED:112700,CAND:4a3872010c190995b2d63ff8,"{""FILLED"": 21}",0,0,"{""FILLED"": 21}",1661,HOLD_POSITION,CAUTION,0,0,OPP:4a3872010c190995b2d63ff8,CAND:4a3872010c190995b2d63ff8,OPP:4a3872010c190995b2d63ff8,False,HOLD,NO_CREATION_EVENT,REVERSAL_WATCH,OPPOSED,fe205a27-ef8f-5bf7-9192-94593d799d94,AUTHORITATIVE_REVERSAL_WATCH,PROTECT,OPEN,NO_EVENT,REVERSAL_WATCH,[],FORMING,[],2026-07-31T15:09:00+05:30,KALYANKJIL,21,False,0,,ALREADY_DEPLOYED
DIR:MANAPPURAM:2026-07-31:006:UP:111200:DIRECTIONAL_REVERSAL_LEG_ESTABLISHED:112100,CAND:7316c4a2330c742a8803fe6c,"{""FILLED"": 21}",0,0,"{""FILLED"": 21}",1662,HOLD_POSITION,CAUTION,0,0,OPP:7316c4a2330c742a8803fe6c,CAND:7316c4a2330c742a8803fe6c,OPP:7316c4a2330c742a8803fe6c,False,HOLD,NO_CREATION_EVENT,REVERSAL_WATCH,ALIGNED,50c51811-b112-5f0f-9fcc-a1422ceea97c,AUTHORITATIVE_REVERSAL_WATCH,PROTECT,OPEN,NO_EVENT,REVERSAL_WATCH,[],NONE,[],2026-07-31T15:09:00+05:30,MANAPPURAM,21,False,0,,ALREADY_DEPLOYED
BAL:PERSISTENT:2026-07-31:002:NEUTRAL:103600:BALANCE_ESCAPE_STARTED:110600,CAND:6e00ceac84968df1df4d7495,"{""FILLED"": 21}",0,0,"{""FILLED"": 21}",1663,HOLD_POSITION,CAUTION,0,0,OPP:6e00ceac84968df1df4d7495,CAND:6e00ceac84968df1df4d7495,OPP:6e00ceac84968df1df4d7495,False,HOLD,NO_CREATION_EVENT,NONE,UNKNOWN,cad8805e-c102-57a4-96c7-d70c9c07f5cc,NO_CURRENT_CREATION_EVENT,TRANSITION,OPEN,NO_EVENT,NONE,[],NONE,[],2026-07-31T15:09:00+05:30,PERSISTENT,21,False,0,,ALREADY_DEPLOYED
BAL:POWERINDIA:2026-07-31:001:NEUTRAL:095100:BALANCE_ESCAPE_FAILED:113000,CAND:dc1ab160fa1ee75a10189da6,"{""FILLED"": 21}",0,0,"{""FILLED"": 21}",1664,HOLD_POSITION,CAUTION,0,0,OPP:dc1ab160fa1ee75a10189da6,CAND:dc1ab160fa1ee75a10189da6,OPP:dc1ab160fa1ee75a10189da6,False,HOLD,NO_CREATION_EVENT,NONE,UNKNOWN,57fbc3b0-0822-51b7-8515-450ea6586841,NO_CURRENT_CREATION_EVENT,TRANSITION,OPEN,NO_EVENT,NONE,[],NONE,[],2026-07-31T15:09:00+05:30,POWERINDIA,21,True,0,TRADE_DECISION_NOT_ALLOWED,NOT_ELIGIBLE
BAL:TCS:2026-07-31:001:NEUTRAL:100600:BALANCE_ESCAPE_STARTED:103600,CAND:02506b9e9c36e94d0d5e2f0e,"{""FILLED"": 21}",0,0,"{""FILLED"": 21}",1665,FORCE_EXIT,EXIT,0,0,OPP:02506b9e9c36e94d0d5e2f0e,CAND:02506b9e9c36e94d0d5e2f0e,OPP:02506b9e9c36e94d0d5e2f0e,True,NO_ACTION,EVENT_INVALIDATE,NONE,UNKNOWN,8ea01a85-4efa-5849-ac33-c03e0b01cda8,BALANCE_ESCAPE_FAILED_INVALIDATED_SETUP,FORCE_EXIT,INVALIDATED,NO_EVENT,NONE,[],ESCAPE_WATCH,"[""ACCEPTED_BREAKOUT:WAIT"", ""CONTINUATION:BLOCK"", ""FAILED_BREAKOUT:WAIT"", ""REACCELERATION:BLOCK"", ""REVERSAL:BLOCK""]",2026-07-31T15:09:00+05:30,TCS,21,True,0,TRADE_DECISION_NOT_ALLOWED,NOT_ELIGIBLE
DIR:TORNTPHARM:2026-07-31:002:UP:105700:DIRECTIONAL_REVERSAL_LEG_ESTABLISHED:110300,CAND:dcb490f7068f3aeab3ab074f,"{""FILLED"": 21}",0,0,"{""FILLED"": 21}",1666,FORCE_EXIT,EXIT,0,0,OPP:dcb490f7068f3aeab3ab074f,CAND:dcb490f7068f3aeab3ab074f,OPP:dcb490f7068f3aeab3ab074f,True,NO_ACTION,EVENT_INVALIDATE,DIRECTIONAL,ALIGNED,099dd7de-7081-52f9-9bd2-655c56b6256c,DIRECTIONAL_TREND_RESTORED_INVALIDATED_SETUP,FORCE_EXIT,INVALIDATED,BALANCE_ESCAPE_ACCEPTED,NONE,"[""BAL:TORNTPHARM:2026-07-31:007:NEUTRAL:142100:BALANCE_ESCAPE_ACCEPTED:150900""]",ACCEPTED_OUTSIDE,"[""ACCEPTED_BREAKOUT:PERMIT""]",2026-07-31T15:09:00+05:30,TORNTPHARM,21,False,0,,ALREADY_DEPLOYED
,,"{""FILLED"": 21}",0,0,"{""FILLED"": 21}",1667,,,0,0,,,,,NO_ACTION,,,,,,,,NO_EVENT,REVERSAL_WATCH,[],FORMING,[],2026-07-31T15:12:00+05:30,BHEL,21,False,0,,NO_SIGNAL
DIR:CHOLAFIN:2026-07-31:002:DOWN:102400:DIRECTIONAL_REVERSAL_LEG_ESTABLISHED:103300,CAND:c91e30e559c61ae9e4a8e30d,"{""FILLED"": 21}",0,0,"{""FILLED"": 21}",1668,FORCE_EXIT,EXIT,0,0,OPP:c91e30e559c61ae9e4a8e30d,CAND:c91e30e559c61ae9e4a8e30d,OPP:c91e30e559c61ae9e4a8e30d,True,NO_ACTION,EVENT_INVALIDATE,DIRECTIONAL,OPPOSED,aee40fe8-7759-5cec-902a-0db152fe528d,DIRECTIONAL_TREND_RESTORED_INVALIDATED_OPPOSITE_ACTIVE_SIGNAL,FORCE_EXIT,INVALIDATED,NO_EVENT,NONE,[],NONE,[],2026-07-31T15:12:00+05:30,CHOLAFIN,21,True,0,TRADE_DECISION_NOT_ALLOWED,NOT_ELIGIBLE
BAL:COFORGE:2026-07-31:003:NEUTRAL:105700:BALANCE_ESCAPE_STARTED:132100,CAND:0d32e3ad08ef9cc69fd0369f,"{""FILLED"": 21}",0,0,"{""FILLED"": 21}",1669,HOLD_POSITION,CAUTION,0,0,OPP:0d32e3ad08ef9cc69fd0369f,CAND:0d32e3ad08ef9cc69fd0369f,OPP:0d32e3ad08ef9cc69fd0369f,False,HOLD,NO_CREATION_EVENT,REVERSAL_WATCH,OPPOSED,b811de42-fbb9-5d26-a364-a9f98c91de7c,AUTHORITATIVE_REVERSAL_WATCH,PROTECT,OPEN,NO_EVENT,REVERSAL_WATCH,[],NONE,[],2026-07-31T15:12:00+05:30,COFORGE,21,True,0,TRADE_DECISION_NOT_ALLOWED,NOT_ELIGIBLE
DIR:DIVISLAB:2026-07-31:002:DOWN:100600:DIRECTIONAL_REVERSAL_LEG_ESTABLISHED:101800,CAND:6644484c352c701feebfdf31,"{""FILLED"": 21}",0,0,"{""FILLED"": 21}",1670,FORCE_EXIT,EXIT,0,0,OPP:6644484c352c701feebfdf31,CAND:6644484c352c701feebfdf31,OPP:6644484c352c701feebfdf31,True,NO_ACTION,EVENT_INVALIDATE,COMPLETED,ALIGNED,a73cb6c9-a388-53f1-92b2-41820e34edd3,DIRECTIONAL_REVERSAL_LEG_FAILED_INVALIDATED_OPPOSITE_ACTIVE_SIGNAL,FORCE_EXIT,INVALIDATED,NO_EVENT,REVERSAL_WATCH,[],FORMING,[],2026-07-31T15:12:00+05:30,DIVISLAB,21,True,0,TRADE_DECISION_NOT_ALLOWED,NOT_ELIGIBLE
,,"{""FILLED"": 21}",0,0,"{""FILLED"": 21}",1671,,,0,0,,,,,NO_ACTION,,,,,,,,NO_EVENT,DIRECTIONAL,[],FORMING,[],2026-07-31T15:12:00+05:30,EXIDEIND,21,False,0,,NO_SIGNAL
DIR:FORCEMOT:2026-07-31:002:UP:105400:DIRECTIONAL_REVERSAL_LEG_ESTABLISHED:110000,CAND:32b3a707960484f98d8399a7,"{""FILLED"": 21}",0,0,"{""FILLED"": 21}",1672,HOLD_POSITION,CAUTION,0,0,OPP:32b3a707960484f98d8399a7,CAND:32b3a707960484f98d8399a7,OPP:32b3a707960484f98d8399a7,False,HOLD,NO_CREATION_EVENT,REVERSAL_WATCH,OPPOSED,76d65cfd-3f5f-5419-81f1-24a924660ce7,AUTHORITATIVE_REVERSAL_WATCH,PROTECT,OPEN,REVERSAL_WATCH_STARTED,REVERSAL_WATCH,"[""DIR:FORCEMOT:2026-07-31:003:DOWN:150300:REVERSAL_WATCH_STARTED:151200""]",NONE,[],2026-07-31T15:12:00+05:30,FORCEMOT,21,False,0,,ALREADY_DEPLOYED
BAL:GLENMARK:2026-07-31:001:NEUTRAL:101200:BALANCE_ESCAPE_FAILED:131500,CAND:ccb8d7c9ac57fbb14f47bb87,"{""FILLED"": 21}",0,0,"{""FILLED"": 21}",1673,HOLD_POSITION,CAUTION,0,0,OPP:ccb8d7c9ac57fbb14f47bb87,CAND:ccb8d7c9ac57fbb14f47bb87,OPP:ccb8d7c9ac57fbb14f47bb87,False,HOLD,NO_CREATION_EVENT,NONE,UNKNOWN,a4859555-9e57-5772-9c79-4a6b83478351,NO_CURRENT_CREATION_EVENT,TRANSITION,OPEN,NO_EVENT,NONE,[],NONE,[],2026-07-31T15:12:00+05:30,GLENMARK,21,True,0,TRADE_DECISION_NOT_ALLOWED,NOT_ELIGIBLE
BAL:INDUSTOWER:2026-07-31:001:NEUTRAL:110900:BALANCE_ESCAPE_FAILED:115400,CAND:296c26607039b07e87c6f497,"{""FILLED"": 21}",0,0,"{""FILLED"": 21}",1674,HOLD_POSITION,CAUTION,0,0,OPP:296c26607039b07e87c6f497,CAND:296c26607039b07e87c6f497,OPP:296c26607039b07e87c6f497,False,HOLD,NO_CREATION_EVENT,NONE,UNKNOWN,6c1d311c-b1e4-503d-9f2d-3a50df29da5d,NO_CURRENT_CREATION_EVENT,TRANSITION,OPEN,NO_EVENT,NONE,[],FAILED_BACK_INSIDE,"[""CONTINUATION:BLOCK"", ""REACCELERATION:BLOCK"", ""REVERSAL:BLOCK""]",2026-07-31T15:12:00+05:30,INDUSTOWER,21,True,0,TRADE_DECISION_NOT_ALLOWED,NOT_ELIGIBLE
BAL:KALYANKJIL:2026-07-31:002:NEUTRAL:105100:BALANCE_ESCAPE_STARTED:112700,CAND:4a3872010c190995b2d63ff8,"{""FILLED"": 21}",0,0,"{""FILLED"": 21}",1675,HOLD_POSITION,CAUTION,0,0,OPP:4a3872010c190995b2d63ff8,CAND:4a3872010c190995b2d63ff8,OPP:4a3872010c190995b2d63ff8,False,HOLD,NO_CREATION_EVENT,REVERSAL_WATCH,OPPOSED,fe205a27-ef8f-5bf7-9192-94593d799d94,AUTHORITATIVE_REVERSAL_WATCH,PROTECT,OPEN,NO_EVENT,REVERSAL_WATCH,[],FORMING,[],2026-07-31T15:12:00+05:30,KALYANKJIL,21,False,0,,ALREADY_DEPLOYED
DIR:MANAPPURAM:2026-07-31:006:UP:111200:DIRECTIONAL_REVERSAL_LEG_ESTABLISHED:112100,CAND:7316c4a2330c742a8803fe6c,"{""FILLED"": 21}",0,0,"{""FILLED"": 21}",1676,HOLD_POSITION,CAUTION,0,0,OPP:7316c4a2330c742a8803fe6c,CAND:7316c4a2330c742a8803fe6c,OPP:7316c4a2330c742a8803fe6c,False,HOLD,NO_CREATION_EVENT,REVERSAL_LEG,OPPOSED,50c51811-b112-5f0f-9fcc-a1422ceea97c,AUTHORITATIVE_DIRECTION_OPPOSED,WEAKENING,OPEN,"DIRECTIONAL_REVERSAL_CONFIRMED,DIRECTIONAL_COMPLETED,DIRECTIONAL_REVERSAL_LEG_STARTED",REVERSAL_LEG,"[""DIR:MANAPPURAM:2026-07-31:009:UP:135100:DIRECTIONAL_REVERSAL_CONFIRMED:151200"", ""DIR:MANAPPURAM:2026-07-31:009:UP:135100:DIRECTIONAL_COMPLETED:151200"", ""DIR:MANAPPURAM:2026-07-31:010:DOWN:151200:DIRECTIONAL_REVERSAL_LEG_STARTED:151200""]",NONE,"[""REVERSAL:WAIT""]",2026-07-31T15:12:00+05:30,MANAPPURAM,21,False,0,,ALREADY_DEPLOYED
BAL:PERSISTENT:2026-07-31:002:NEUTRAL:103600:BALANCE_ESCAPE_STARTED:110600,CAND:6e00ceac84968df1df4d7495,"{""FILLED"": 21}",0,0,"{""FILLED"": 21}",1677,HOLD_POSITION,CAUTION,0,0,OPP:6e00ceac84968df1df4d7495,CAND:6e00ceac84968df1df4d7495,OPP:6e00ceac84968df1df4d7495,False,HOLD,NO_CREATION_EVENT,NONE,UNKNOWN,cad8805e-c102-57a4-96c7-d70c9c07f5cc,NO_CURRENT_CREATION_EVENT,TRANSITION,OPEN,NO_EVENT,NONE,[],NONE,[],2026-07-31T15:12:00+05:30,PERSISTENT,21,False,0,,ALREADY_DEPLOYED
BAL:POWERINDIA:2026-07-31:001:NEUTRAL:095100:BALANCE_ESCAPE_FAILED:113000,CAND:dc1ab160fa1ee75a10189da6,"{""FILLED"": 21}",0,0,"{""FILLED"": 21}",1678,HOLD_POSITION,CAUTION,0,0,OPP:dc1ab160fa1ee75a10189da6,CAND:dc1ab160fa1ee75a10189da6,OPP:dc1ab160fa1ee75a10189da6,False,HOLD,NO_CREATION_EVENT,NONE,UNKNOWN,57fbc3b0-0822-51b7-8515-450ea6586841,NO_CURRENT_CREATION_EVENT,TRANSITION,OPEN,NO_EVENT,NONE,[],NONE,[],2026-07-31T15:12:00+05:30,POWERINDIA,21,True,0,TRADE_DECISION_NOT_ALLOWED,NOT_ELIGIBLE
BAL:TCS:2026-07-31:001:NEUTRAL:100600:BALANCE_ESCAPE_STARTED:103600,CAND:02506b9e9c36e94d0d5e2f0e,"{""FILLED"": 21}",0,0,"{""FILLED"": 21}",1679,FORCE_EXIT,EXIT,0,0,OPP:02506b9e9c36e94d0d5e2f0e,CAND:02506b9e9c36e94d0d5e2f0e,OPP:02506b9e9c36e94d0d5e2f0e,True,NO_ACTION,EVENT_INVALIDATE,NONE,UNKNOWN,8ea01a85-4efa-5849-ac33-c03e0b01cda8,BALANCE_ESCAPE_FAILED_INVALIDATED_SETUP,FORCE_EXIT,INVALIDATED,"BALANCE_ESCAPE_FAILED,BALANCE_ATTEMPT_LIMIT_REACHED",NONE,"[""BAL:TCS:2026-07-31:001:NEUTRAL:100600:BALANCE_ESCAPE_FAILED:151200"", ""BAL:TCS:2026-07-31:001:NEUTRAL:100600:BALANCE_ATTEMPT_LIMIT_REACHED:151200""]",FAILED_BACK_INSIDE,"[""CONTINUATION:BLOCK"", ""FAILED_BREAKOUT:PERMIT"", ""REACCELERATION:BLOCK"", ""REVERSAL:BLOCK""]",2026-07-31T15:12:00+05:30,TCS,21,True,0,TRADE_DECISION_NOT_ALLOWED,NOT_ELIGIBLE
DIR:TORNTPHARM:2026-07-31:002:UP:105700:DIRECTIONAL_REVERSAL_LEG_ESTABLISHED:110300,CAND:dcb490f7068f3aeab3ab074f,"{""FILLED"": 21}",0,0,"{""FILLED"": 21}",1680,FORCE_EXIT,EXIT,0,0,OPP:dcb490f7068f3aeab3ab074f,CAND:dcb490f7068f3aeab3ab074f,OPP:dcb490f7068f3aeab3ab074f,True,NO_ACTION,EVENT_INVALIDATE,DIRECTIONAL,ALIGNED,099dd7de-7081-52f9-9bd2-655c56b6256c,DIRECTIONAL_TREND_RESTORED_INVALIDATED_SETUP,FORCE_EXIT,INVALIDATED,BALANCE_COMPLETED,NONE,"[""BAL:TORNTPHARM:2026-07-31:007:NEUTRAL:142100:BALANCE_COMPLETED:151200""]",COMPLETED,[],2026-07-31T15:12:00+05:30,TORNTPHARM,21,False,0,,ALREADY_DEPLOYED
,,"{""FILLED"": 21}",0,0,"{""FILLED"": 21}",1681,,,0,0,,,,,NO_ACTION,,,,,,,,BALANCE_COMPLETED,REVERSAL_WATCH,"[""BAL:BHEL:2026-07-31:005:NEUTRAL:150000:BALANCE_COMPLETED:151500""]",COMPLETED,[],2026-07-31T15:15:00+05:30,BHEL,21,False,0,,NO_SIGNAL
DIR:CHOLAFIN:2026-07-31:002:DOWN:102400:DIRECTIONAL_REVERSAL_LEG_ESTABLISHED:103300,CAND:c91e30e559c61ae9e4a8e30d,"{""FILLED"": 21}",0,0,"{""FILLED"": 21}",1682,FORCE_EXIT,EXIT,0,0,OPP:c91e30e559c61ae9e4a8e30d,CAND:c91e30e559c61ae9e4a8e30d,OPP:c91e30e559c61ae9e4a8e30d,True,NO_ACTION,EVENT_INVALIDATE,DIRECTIONAL,OPPOSED,aee40fe8-7759-5cec-902a-0db152fe528d,DIRECTIONAL_TREND_RESTORED_INVALIDATED_OPPOSITE_ACTIVE_SIGNAL,FORCE_EXIT,INVALIDATED,NO_EVENT,NONE,[],NONE,[],2026-07-31T15:15:00+05:30,CHOLAFIN,21,True,0,TRADE_DECISION_NOT_ALLOWED,NOT_ELIGIBLE
BAL:COFORGE:2026-07-31:003:NEUTRAL:105700:BALANCE_ESCAPE_STARTED:132100,CAND:0d32e3ad08ef9cc69fd0369f,"{""FILLED"": 21}",0,0,"{""FILLED"": 21}",1683,HOLD_POSITION,CAUTION,0,0,OPP:0d32e3ad08ef9cc69fd0369f,CAND:0d32e3ad08ef9cc69fd0369f,OPP:0d32e3ad08ef9cc69fd0369f,False,HOLD,NO_CREATION_EVENT,REVERSAL_WATCH,OPPOSED,b811de42-fbb9-5d26-a364-a9f98c91de7c,AUTHORITATIVE_REVERSAL_WATCH,PROTECT,OPEN,NO_EVENT,REVERSAL_WATCH,[],NONE,[],2026-07-31T15:15:00+05:30,COFORGE,21,True,0,TRADE_DECISION_NOT_ALLOWED,NOT_ELIGIBLE
DIR:DIVISLAB:2026-07-31:002:DOWN:100600:DIRECTIONAL_REVERSAL_LEG_ESTABLISHED:101800,CAND:6644484c352c701feebfdf31,"{""FILLED"": 21}",0,0,"{""FILLED"": 21}",1684,FORCE_EXIT,EXIT,0,0,OPP:6644484c352c701feebfdf31,CAND:6644484c352c701feebfdf31,OPP:6644484c352c701feebfdf31,True,NO_ACTION,EVENT_INVALIDATE,COMPLETED,ALIGNED,a73cb6c9-a388-53f1-92b2-41820e34edd3,DIRECTIONAL_REVERSAL_LEG_FAILED_INVALIDATED_OPPOSITE_ACTIVE_SIGNAL,FORCE_EXIT,INVALIDATED,NO_EVENT,REVERSAL_WATCH,[],FORMING,[],2026-07-31T15:15:00+05:30,DIVISLAB,21,True,0,TRADE_DECISION_NOT_ALLOWED,NOT_ELIGIBLE
,,"{""FILLED"": 21}",0,0,"{""FILLED"": 21}",1685,,,0,0,,,,,NO_ACTION,,,,,,,,DIRECTIONAL_MATURED,MATURE,"[""DIR:EXIDEIND:2026-07-31:008:UP:143900:DIRECTIONAL_MATURED:151500""]",FORMING,[],2026-07-31T15:15:00+05:30,EXIDEIND,21,False,0,,NO_SIGNAL
DIR:FORCEMOT:2026-07-31:002:UP:105400:DIRECTIONAL_REVERSAL_LEG_ESTABLISHED:110000,CAND:32b3a707960484f98d8399a7,"{""FILLED"": 21}",0,0,"{""FILLED"": 21}",1686,HOLD_POSITION,CAUTION,0,0,OPP:32b3a707960484f98d8399a7,CAND:32b3a707960484f98d8399a7,OPP:32b3a707960484f98d8399a7,False,HOLD,NO_CREATION_EVENT,REVERSAL_WATCH,OPPOSED,76d65cfd-3f5f-5419-81f1-24a924660ce7,AUTHORITATIVE_REVERSAL_WATCH,PROTECT,OPEN,NO_EVENT,REVERSAL_WATCH,[],NONE,[],2026-07-31T15:15:00+05:30,FORCEMOT,21,False,0,,ALREADY_DEPLOYED
BAL:GLENMARK:2026-07-31:001:NEUTRAL:101200:BALANCE_ESCAPE_FAILED:131500,CAND:ccb8d7c9ac57fbb14f47bb87,"{""FILLED"": 21}",0,0,"{""FILLED"": 21}",1687,HOLD_POSITION,CAUTION,0,0,OPP:ccb8d7c9ac57fbb14f47bb87,CAND:ccb8d7c9ac57fbb14f47bb87,OPP:ccb8d7c9ac57fbb14f47bb87,False,HOLD,NO_CREATION_EVENT,NONE,UNKNOWN,a4859555-9e57-5772-9c79-4a6b83478351,NO_CURRENT_CREATION_EVENT,TRANSITION,OPEN,NO_EVENT,NONE,[],NONE,[],2026-07-31T15:15:00+05:30,GLENMARK,21,True,0,TRADE_DECISION_NOT_ALLOWED,NOT_ELIGIBLE
BAL:INDUSTOWER:2026-07-31:001:NEUTRAL:110900:BALANCE_ESCAPE_FAILED:115400,CAND:296c26607039b07e87c6f497,"{""FILLED"": 21}",0,0,"{""FILLED"": 21}",1688,HOLD_POSITION,CAUTION,0,0,OPP:296c26607039b07e87c6f497,CAND:296c26607039b07e87c6f497,OPP:296c26607039b07e87c6f497,False,HOLD,NO_CREATION_EVENT,NONE,UNKNOWN,6c1d311c-b1e4-503d-9f2d-3a50df29da5d,NO_CURRENT_CREATION_EVENT,TRANSITION,OPEN,NO_EVENT,NONE,[],FAILED_BACK_INSIDE,"[""CONTINUATION:BLOCK"", ""REACCELERATION:BLOCK"", ""REVERSAL:BLOCK""]",2026-07-31T15:15:00+05:30,INDUSTOWER,21,True,0,TRADE_DECISION_NOT_ALLOWED,NOT_ELIGIBLE
BAL:KALYANKJIL:2026-07-31:002:NEUTRAL:105100:BALANCE_ESCAPE_STARTED:112700,CAND:4a3872010c190995b2d63ff8,"{""FILLED"": 21}",0,0,"{""FILLED"": 21}",1689,HOLD_POSITION,CAUTION,0,0,OPP:4a3872010c190995b2d63ff8,CAND:4a3872010c190995b2d63ff8,OPP:4a3872010c190995b2d63ff8,False,HOLD,NO_CREATION_EVENT,REVERSAL_WATCH,OPPOSED,fe205a27-ef8f-5bf7-9192-94593d799d94,AUTHORITATIVE_REVERSAL_WATCH,PROTECT,OPEN,NO_EVENT,REVERSAL_WATCH,[],FORMING,[],2026-07-31T15:15:00+05:30,KALYANKJIL,21,False,0,,ALREADY_DEPLOYED
DIR:MANAPPURAM:2026-07-31:006:UP:111200:DIRECTIONAL_REVERSAL_LEG_ESTABLISHED:112100,CAND:7316c4a2330c742a8803fe6c,"{""FILLED"": 21}",0,0,"{""FILLED"": 21}",1690,HOLD_POSITION,CAUTION,0,0,OPP:7316c4a2330c742a8803fe6c,CAND:7316c4a2330c742a8803fe6c,OPP:7316c4a2330c742a8803fe6c,False,HOLD,NO_CREATION_EVENT,REVERSAL_LEG,OPPOSED,50c51811-b112-5f0f-9fcc-a1422ceea97c,AUTHORITATIVE_DIRECTION_OPPOSED,WEAKENING,OPEN,NO_EVENT,REVERSAL_LEG,[],NONE,[],2026-07-31T15:15:00+05:30,MANAPPURAM,21,False,0,,ALREADY_DEPLOYED
BAL:PERSISTENT:2026-07-31:002:NEUTRAL:103600:BALANCE_ESCAPE_STARTED:110600,CAND:6e00ceac84968df1df4d7495,"{""FILLED"": 21}",0,0,"{""FILLED"": 21}",1691,HOLD_POSITION,CAUTION,0,0,OPP:6e00ceac84968df1df4d7495,CAND:6e00ceac84968df1df4d7495,OPP:6e00ceac84968df1df4d7495,False,HOLD,NO_CREATION_EVENT,NONE,UNKNOWN,cad8805e-c102-57a4-96c7-d70c9c07f5cc,NO_CURRENT_CREATION_EVENT,TRANSITION,OPEN,NO_EVENT,NONE,[],NONE,[],2026-07-31T15:15:00+05:30,PERSISTENT,21,False,0,,ALREADY_DEPLOYED
BAL:POWERINDIA:2026-07-31:001:NEUTRAL:095100:BALANCE_ESCAPE_FAILED:113000,CAND:dc1ab160fa1ee75a10189da6,"{""FILLED"": 21}",0,0,"{""FILLED"": 21}",1692,HOLD_POSITION,CAUTION,0,0,OPP:dc1ab160fa1ee75a10189da6,CAND:dc1ab160fa1ee75a10189da6,OPP:dc1ab160fa1ee75a10189da6,False,HOLD,NO_CREATION_EVENT,NONE,UNKNOWN,57fbc3b0-0822-51b7-8515-450ea6586841,NO_CURRENT_CREATION_EVENT,TRANSITION,OPEN,NO_EVENT,NONE,[],NONE,[],2026-07-31T15:15:00+05:30,POWERINDIA,21,True,0,TRADE_DECISION_NOT_ALLOWED,NOT_ELIGIBLE
BAL:TCS:2026-07-31:001:NEUTRAL:100600:BALANCE_ESCAPE_STARTED:103600,CAND:02506b9e9c36e94d0d5e2f0e,"{""FILLED"": 21}",0,0,"{""FILLED"": 21}",1693,FORCE_EXIT,EXIT,0,0,OPP:02506b9e9c36e94d0d5e2f0e,CAND:02506b9e9c36e94d0d5e2f0e,OPP:02506b9e9c36e94d0d5e2f0e,True,NO_ACTION,EVENT_INVALIDATE,NONE,UNKNOWN,8ea01a85-4efa-5849-ac33-c03e0b01cda8,BALANCE_ESCAPE_FAILED_INVALIDATED_SETUP,FORCE_EXIT,INVALIDATED,BALANCE_COMPLETED,NONE,"[""BAL:TCS:2026-07-31:001:NEUTRAL:100600:BALANCE_COMPLETED:151500""]",COMPLETED,[],2026-07-31T15:15:00+05:30,TCS,21,True,0,TRADE_DECISION_NOT_ALLOWED,NOT_ELIGIBLE
DIR:TORNTPHARM:2026-07-31:002:UP:105700:DIRECTIONAL_REVERSAL_LEG_ESTABLISHED:110300,CAND:dcb490f7068f3aeab3ab074f,"{""FILLED"": 21}",0,0,"{""FILLED"": 21}",1694,FORCE_EXIT,EXIT,0,0,OPP:dcb490f7068f3aeab3ab074f,CAND:dcb490f7068f3aeab3ab074f,OPP:dcb490f7068f3aeab3ab074f,True,NO_ACTION,EVENT_INVALIDATE,DIRECTIONAL,ALIGNED,099dd7de-7081-52f9-9bd2-655c56b6256c,DIRECTIONAL_TREND_RESTORED_INVALIDATED_SETUP,FORCE_EXIT,INVALIDATED,NO_EVENT,NONE,[],NONE,[],2026-07-31T15:15:00+05:30,TORNTPHARM,21,False,0,,ALREADY_DEPLOYED
,,"{""FILLED"": 21}",0,0,"{""FILLED"": 21}",1695,,,0,0,,,,,NO_ACTION,,,,,,,,NO_EVENT,REVERSAL_WATCH,[],NONE,[],2026-07-31T15:18:00+05:30,BHEL,21,False,0,,NO_SIGNAL
DIR:CHOLAFIN:2026-07-31:002:DOWN:102400:DIRECTIONAL_REVERSAL_LEG_ESTABLISHED:103300,CAND:c91e30e559c61ae9e4a8e30d,"{""FILLED"": 21}",0,0,"{""FILLED"": 21}",1696,FORCE_EXIT,EXIT,0,0,OPP:c91e30e559c61ae9e4a8e30d,CAND:c91e30e559c61ae9e4a8e30d,OPP:c91e30e559c61ae9e4a8e30d,True,NO_ACTION,EVENT_INVALIDATE,DIRECTIONAL,OPPOSED,aee40fe8-7759-5cec-902a-0db152fe528d,DIRECTIONAL_TREND_RESTORED_INVALIDATED_OPPOSITE_ACTIVE_SIGNAL,FORCE_EXIT,INVALIDATED,NO_EVENT,NONE,[],NONE,[],2026-07-31T15:18:00+05:30,CHOLAFIN,21,True,0,TRADE_DECISION_NOT_ALLOWED,NOT_ELIGIBLE
BAL:COFORGE:2026-07-31:003:NEUTRAL:105700:BALANCE_ESCAPE_STARTED:132100,CAND:0d32e3ad08ef9cc69fd0369f,"{""FILLED"": 21}",0,0,"{""FILLED"": 21}",1697,FORCE_EXIT,EXIT,0,0,OPP:0d32e3ad08ef9cc69fd0369f,CAND:0d32e3ad08ef9cc69fd0369f,OPP:0d32e3ad08ef9cc69fd0369f,True,CLOSE,SESSION_CUTOFF,REVERSAL_WATCH,OPPOSED,b811de42-fbb9-5d26-a364-a9f98c91de7c,INTRADAY_SIGNAL_CUTOFF,FORCE_EXIT,CLOSED,NO_EVENT,REVERSAL_WATCH,[],NONE,[],2026-07-31T15:18:00+05:30,COFORGE,21,True,0,TRADE_DECISION_NOT_ALLOWED,NOT_ELIGIBLE
DIR:DIVISLAB:2026-07-31:002:DOWN:100600:DIRECTIONAL_REVERSAL_LEG_ESTABLISHED:101800,CAND:6644484c352c701feebfdf31,"{""FILLED"": 21}",0,0,"{""FILLED"": 21}",1698,FORCE_EXIT,EXIT,0,0,OPP:6644484c352c701feebfdf31,CAND:6644484c352c701feebfdf31,OPP:6644484c352c701feebfdf31,True,NO_ACTION,EVENT_INVALIDATE,COMPLETED,ALIGNED,a73cb6c9-a388-53f1-92b2-41820e34edd3,DIRECTIONAL_REVERSAL_LEG_FAILED_INVALIDATED_OPPOSITE_ACTIVE_SIGNAL,FORCE_EXIT,INVALIDATED,NO_EVENT,REVERSAL_WATCH,[],FORMING,[],2026-07-31T15:18:00+05:30,DIVISLAB,21,True,0,TRADE_DECISION_NOT_ALLOWED,NOT_ELIGIBLE
,,"{""FILLED"": 21}",0,0,"{""FILLED"": 21}",1699,,,0,0,,,,,NO_ACTION,,,,,,,,"BALANCE_PROBABLE,REVERSAL_WATCH_STARTED",REVERSAL_WATCH,"[""BAL:EXIDEIND:2026-07-31:007:NEUTRAL:150600:BALANCE_PROBABLE:151800"", ""DIR:EXIDEIND:2026-07-31:008:UP:143900:REVERSAL_WATCH_STARTED:151800""]",PROBABLE,[],2026-07-31T15:18:00+05:30,EXIDEIND,21,False,0,,NO_SIGNAL
DIR:FORCEMOT:2026-07-31:002:UP:105400:DIRECTIONAL_REVERSAL_LEG_ESTABLISHED:110000,CAND:32b3a707960484f98d8399a7,"{""FILLED"": 21}",0,0,"{""FILLED"": 21}",1700,FORCE_EXIT,EXIT,0,0,OPP:32b3a707960484f98d8399a7,CAND:32b3a707960484f98d8399a7,OPP:32b3a707960484f98d8399a7,True,CLOSE,SESSION_CUTOFF,REVERSAL_WATCH,OPPOSED,76d65cfd-3f5f-5419-81f1-24a924660ce7,INTRADAY_SIGNAL_CUTOFF,FORCE_EXIT,CLOSED,NO_EVENT,REVERSAL_WATCH,[],NONE,[],2026-07-31T15:18:00+05:30,FORCEMOT,21,False,0,,ALREADY_DEPLOYED
BAL:GLENMARK:2026-07-31:001:NEUTRAL:101200:BALANCE_ESCAPE_FAILED:131500,CAND:ccb8d7c9ac57fbb14f47bb87,"{""FILLED"": 21}",0,0,"{""FILLED"": 21}",1701,FORCE_EXIT,EXIT,0,0,OPP:ccb8d7c9ac57fbb14f47bb87,CAND:ccb8d7c9ac57fbb14f47bb87,OPP:ccb8d7c9ac57fbb14f47bb87,True,CLOSE,SESSION_CUTOFF,NONE,UNKNOWN,a4859555-9e57-5772-9c79-4a6b83478351,INTRADAY_SIGNAL_CUTOFF,FORCE_EXIT,CLOSED,BALANCE_FORMING_STARTED,NONE,"[""BAL:GLENMARK:2026-07-31:002:NEUTRAL:151800:BALANCE_FORMING_STARTED:151800""]",FORMING,[],2026-07-31T15:18:00+05:30,GLENMARK,21,True,0,TRADE_DECISION_NOT_ALLOWED,NOT_ELIGIBLE
BAL:INDUSTOWER:2026-07-31:001:NEUTRAL:110900:BALANCE_ESCAPE_FAILED:115400,CAND:296c26607039b07e87c6f497,"{""FILLED"": 21}",0,0,"{""FILLED"": 21}",1702,FORCE_EXIT,EXIT,0,0,OPP:296c26607039b07e87c6f497,CAND:296c26607039b07e87c6f497,OPP:296c26607039b07e87c6f497,True,CLOSE,SESSION_CUTOFF,NONE,UNKNOWN,6c1d311c-b1e4-503d-9f2d-3a50df29da5d,INTRADAY_SIGNAL_CUTOFF,FORCE_EXIT,CLOSED,NO_EVENT,NONE,[],FAILED_BACK_INSIDE,"[""CONTINUATION:BLOCK"", ""REACCELERATION:BLOCK"", ""REVERSAL:BLOCK""]",2026-07-31T15:18:00+05:30,INDUSTOWER,21,True,0,TRADE_DECISION_NOT_ALLOWED,NOT_ELIGIBLE
BAL:KALYANKJIL:2026-07-31:002:NEUTRAL:105100:BALANCE_ESCAPE_STARTED:112700,CAND:4a3872010c190995b2d63ff8,"{""FILLED"": 21}",0,0,"{""FILLED"": 21}",1703,FORCE_EXIT,EXIT,0,0,OPP:4a3872010c190995b2d63ff8,CAND:4a3872010c190995b2d63ff8,OPP:4a3872010c190995b2d63ff8,True,CLOSE,SESSION_CUTOFF,REVERSAL_WATCH,OPPOSED,fe205a27-ef8f-5bf7-9192-94593d799d94,INTRADAY_SIGNAL_CUTOFF,FORCE_EXIT,CLOSED,NO_EVENT,REVERSAL_WATCH,[],FORMING,[],2026-07-31T15:18:00+05:30,KALYANKJIL,21,False,0,,ALREADY_DEPLOYED
DIR:MANAPPURAM:2026-07-31:006:UP:111200:DIRECTIONAL_REVERSAL_LEG_ESTABLISHED:112100,CAND:7316c4a2330c742a8803fe6c,"{""FILLED"": 21}",0,0,"{""FILLED"": 21}",1704,FORCE_EXIT,EXIT,0,0,OPP:7316c4a2330c742a8803fe6c,CAND:7316c4a2330c742a8803fe6c,OPP:7316c4a2330c742a8803fe6c,True,CLOSE,SESSION_CUTOFF,REVERSAL_LEG,OPPOSED,50c51811-b112-5f0f-9fcc-a1422ceea97c,INTRADAY_SIGNAL_CUTOFF,FORCE_EXIT,CLOSED,NO_EVENT,REVERSAL_LEG,[],NONE,[],2026-07-31T15:18:00+05:30,MANAPPURAM,21,False,0,,ALREADY_DEPLOYED
BAL:PERSISTENT:2026-07-31:002:NEUTRAL:103600:BALANCE_ESCAPE_STARTED:110600,CAND:6e00ceac84968df1df4d7495,"{""FILLED"": 21}",0,0,"{""FILLED"": 21}",1705,FORCE_EXIT,EXIT,0,0,OPP:6e00ceac84968df1df4d7495,CAND:6e00ceac84968df1df4d7495,OPP:6e00ceac84968df1df4d7495,True,CLOSE,SESSION_CUTOFF,NONE,UNKNOWN,cad8805e-c102-57a4-96c7-d70c9c07f5cc,INTRADAY_SIGNAL_CUTOFF,FORCE_EXIT,CLOSED,BALANCE_FORMING_STARTED,NONE,"[""BAL:PERSISTENT:2026-07-31:008:NEUTRAL:151800:BALANCE_FORMING_STARTED:151800""]",FORMING,[],2026-07-31T15:18:00+05:30,PERSISTENT,21,False,0,,ALREADY_DEPLOYED
BAL:POWERINDIA:2026-07-31:001:NEUTRAL:095100:BALANCE_ESCAPE_FAILED:113000,CAND:dc1ab160fa1ee75a10189da6,"{""FILLED"": 21}",0,0,"{""FILLED"": 21}",1706,FORCE_EXIT,EXIT,0,0,OPP:dc1ab160fa1ee75a10189da6,CAND:dc1ab160fa1ee75a10189da6,OPP:dc1ab160fa1ee75a10189da6,True,CLOSE,SESSION_CUTOFF,NONE,UNKNOWN,57fbc3b0-0822-51b7-8515-450ea6586841,INTRADAY_SIGNAL_CUTOFF,FORCE_EXIT,CLOSED,NO_EVENT,NONE,[],NONE,[],2026-07-31T15:18:00+05:30,POWERINDIA,21,True,0,TRADE_DECISION_NOT_ALLOWED,NOT_ELIGIBLE
BAL:TCS:2026-07-31:001:NEUTRAL:100600:BALANCE_ESCAPE_STARTED:103600,CAND:02506b9e9c36e94d0d5e2f0e,"{""FILLED"": 21}",0,0,"{""FILLED"": 21}",1707,FORCE_EXIT,EXIT,0,0,OPP:02506b9e9c36e94d0d5e2f0e,CAND:02506b9e9c36e94d0d5e2f0e,OPP:02506b9e9c36e94d0d5e2f0e,True,NO_ACTION,EVENT_INVALIDATE,NONE,UNKNOWN,8ea01a85-4efa-5849-ac33-c03e0b01cda8,BALANCE_ESCAPE_FAILED_INVALIDATED_SETUP,FORCE_EXIT,INVALIDATED,"BALANCE_FORMING_STARTED,DIRECTIONAL_STARTED",DIRECTIONAL,"[""BAL:TCS:2026-07-31:002:NEUTRAL:151800:BALANCE_FORMING_STARTED:151800"", ""DIR:TCS:2026-07-31:003:DOWN:151800:DIRECTIONAL_STARTED:151800""]",FORMING,[],2026-07-31T15:18:00+05:30,TCS,21,True,0,TRADE_DECISION_NOT_ALLOWED,NOT_ELIGIBLE
DIR:TORNTPHARM:2026-07-31:002:UP:105700:DIRECTIONAL_REVERSAL_LEG_ESTABLISHED:110300,CAND:dcb490f7068f3aeab3ab074f,"{""FILLED"": 21}",0,0,"{""FILLED"": 21}",1708,FORCE_EXIT,EXIT,0,0,OPP:dcb490f7068f3aeab3ab074f,CAND:dcb490f7068f3aeab3ab074f,OPP:dcb490f7068f3aeab3ab074f,True,NO_ACTION,EVENT_INVALIDATE,DIRECTIONAL,ALIGNED,099dd7de-7081-52f9-9bd2-655c56b6256c,DIRECTIONAL_TREND_RESTORED_INVALIDATED_SETUP,FORCE_EXIT,INVALIDATED,NO_EVENT,NONE,[],NONE,[],2026-07-31T15:18:00+05:30,TORNTPHARM,21,False,0,,ALREADY_DEPLOYED
,,"{""FILLED"": 21}",0,0,"{""FILLED"": 21}",1709,,,0,0,,,,,NO_ACTION,,,,,,,,NO_EVENT,REVERSAL_WATCH,[],NONE,[],2026-07-31T15:21:00+05:30,BHEL,21,False,0,,NO_SIGNAL
DIR:CHOLAFIN:2026-07-31:002:DOWN:102400:DIRECTIONAL_REVERSAL_LEG_ESTABLISHED:103300,CAND:c91e30e559c61ae9e4a8e30d,"{""FILLED"": 21}",0,0,"{""FILLED"": 21}",1710,FORCE_EXIT,EXIT,0,0,OPP:c91e30e559c61ae9e4a8e30d,CAND:c91e30e559c61ae9e4a8e30d,OPP:c91e30e559c61ae9e4a8e30d,True,NO_ACTION,EVENT_INVALIDATE,DIRECTIONAL,OPPOSED,aee40fe8-7759-5cec-902a-0db152fe528d,DIRECTIONAL_TREND_RESTORED_INVALIDATED_OPPOSITE_ACTIVE_SIGNAL,FORCE_EXIT,INVALIDATED,NO_EVENT,NONE,[],NONE,[],2026-07-31T15:21:00+05:30,CHOLAFIN,21,True,0,TRADE_DECISION_NOT_ALLOWED,NOT_ELIGIBLE
BAL:COFORGE:2026-07-31:003:NEUTRAL:105700:BALANCE_ESCAPE_STARTED:132100,CAND:0d32e3ad08ef9cc69fd0369f,"{""FILLED"": 21}",0,0,"{""FILLED"": 21}",1711,FORCE_EXIT,EXIT,0,0,OPP:0d32e3ad08ef9cc69fd0369f,CAND:0d32e3ad08ef9cc69fd0369f,OPP:0d32e3ad08ef9cc69fd0369f,True,NO_ACTION,SESSION_CUTOFF,REVERSAL_WATCH,OPPOSED,b811de42-fbb9-5d26-a364-a9f98c91de7c,INTRADAY_SIGNAL_CUTOFF,FORCE_EXIT,CLOSED,NO_EVENT,REVERSAL_WATCH,[],NONE,[],2026-07-31T15:21:00+05:30,COFORGE,21,True,0,TRADE_DECISION_NOT_ALLOWED,NOT_ELIGIBLE
DIR:DIVISLAB:2026-07-31:002:DOWN:100600:DIRECTIONAL_REVERSAL_LEG_ESTABLISHED:101800,CAND:6644484c352c701feebfdf31,"{""FILLED"": 21}",0,0,"{""FILLED"": 21}",1712,FORCE_EXIT,EXIT,0,0,OPP:6644484c352c701feebfdf31,CAND:6644484c352c701feebfdf31,OPP:6644484c352c701feebfdf31,True,NO_ACTION,EVENT_INVALIDATE,COMPLETED,ALIGNED,a73cb6c9-a388-53f1-92b2-41820e34edd3,DIRECTIONAL_REVERSAL_LEG_FAILED_INVALIDATED_OPPOSITE_ACTIVE_SIGNAL,FORCE_EXIT,INVALIDATED,BALANCE_COMPLETED,REVERSAL_WATCH,"[""BAL:DIVISLAB:2026-07-31:003:NEUTRAL:150300:BALANCE_COMPLETED:152100""]",COMPLETED,[],2026-07-31T15:21:00+05:30,DIVISLAB,21,True,0,TRADE_DECISION_NOT_ALLOWED,NOT_ELIGIBLE
,,"{""FILLED"": 21}",0,0,"{""FILLED"": 21}",1713,,,0,0,,,,,NO_ACTION,,,,,,,,"DIRECTIONAL_REVERSAL_CONFIRMED,DIRECTIONAL_COMPLETED,DIRECTIONAL_REVERSAL_LEG_STARTED",REVERSAL_LEG,"[""DIR:EXIDEIND:2026-07-31:008:UP:143900:DIRECTIONAL_REVERSAL_CONFIRMED:152100"", ""DIR:EXIDEIND:2026-07-31:008:UP:143900:DIRECTIONAL_COMPLETED:152100"", ""DIR:EXIDEIND:2026-07-31:009:DOWN:152100:DIRECTIONAL_REVERSAL_LEG_STARTED:152100""]",PROBABLE,"[""REVERSAL:WAIT""]",2026-07-31T15:21:00+05:30,EXIDEIND,21,False,0,,NO_SIGNAL
DIR:FORCEMOT:2026-07-31:002:UP:105400:DIRECTIONAL_REVERSAL_LEG_ESTABLISHED:110000,CAND:32b3a707960484f98d8399a7,"{""FILLED"": 21}",0,0,"{""FILLED"": 21}",1714,FORCE_EXIT,EXIT,0,0,OPP:32b3a707960484f98d8399a7,CAND:32b3a707960484f98d8399a7,OPP:32b3a707960484f98d8399a7,True,NO_ACTION,SESSION_CUTOFF,REVERSAL_WATCH,OPPOSED,76d65cfd-3f5f-5419-81f1-24a924660ce7,INTRADAY_SIGNAL_CUTOFF,FORCE_EXIT,CLOSED,NO_EVENT,REVERSAL_WATCH,[],NONE,[],2026-07-31T15:21:00+05:30,FORCEMOT,21,False,0,,ALREADY_DEPLOYED
BAL:GLENMARK:2026-07-31:001:NEUTRAL:101200:BALANCE_ESCAPE_FAILED:131500,CAND:ccb8d7c9ac57fbb14f47bb87,"{""FILLED"": 21}",0,0,"{""FILLED"": 21}",1715,FORCE_EXIT,EXIT,0,0,OPP:ccb8d7c9ac57fbb14f47bb87,CAND:ccb8d7c9ac57fbb14f47bb87,OPP:ccb8d7c9ac57fbb14f47bb87,True,NO_ACTION,SESSION_CUTOFF,NONE,UNKNOWN,a4859555-9e57-5772-9c79-4a6b83478351,INTRADAY_SIGNAL_CUTOFF,FORCE_EXIT,CLOSED,NO_EVENT,NONE,[],FORMING,[],2026-07-31T15:21:00+05:30,GLENMARK,21,True,0,TRADE_DECISION_NOT_ALLOWED,NOT_ELIGIBLE
BAL:INDUSTOWER:2026-07-31:001:NEUTRAL:110900:BALANCE_ESCAPE_FAILED:115400,CAND:296c26607039b07e87c6f497,"{""FILLED"": 21}",0,0,"{""FILLED"": 21}",1716,FORCE_EXIT,EXIT,0,0,OPP:296c26607039b07e87c6f497,CAND:296c26607039b07e87c6f497,OPP:296c26607039b07e87c6f497,True,NO_ACTION,SESSION_CUTOFF,NONE,UNKNOWN,6c1d311c-b1e4-503d-9f2d-3a50df29da5d,INTRADAY_SIGNAL_CUTOFF,FORCE_EXIT,CLOSED,NO_EVENT,NONE,[],FAILED_BACK_INSIDE,"[""CONTINUATION:BLOCK"", ""REACCELERATION:BLOCK"", ""REVERSAL:BLOCK""]",2026-07-31T15:21:00+05:30,INDUSTOWER,21,True,0,TRADE_DECISION_NOT_ALLOWED,NOT_ELIGIBLE
BAL:KALYANKJIL:2026-07-31:002:NEUTRAL:105100:BALANCE_ESCAPE_STARTED:112700,CAND:4a3872010c190995b2d63ff8,"{""FILLED"": 21}",0,0,"{""FILLED"": 21}",1717,FORCE_EXIT,EXIT,0,0,OPP:4a3872010c190995b2d63ff8,CAND:4a3872010c190995b2d63ff8,OPP:4a3872010c190995b2d63ff8,True,NO_ACTION,SESSION_CUTOFF,REVERSAL_WATCH,OPPOSED,fe205a27-ef8f-5bf7-9192-94593d799d94,INTRADAY_SIGNAL_CUTOFF,FORCE_EXIT,CLOSED,NO_EVENT,REVERSAL_WATCH,[],FORMING,[],2026-07-31T15:21:00+05:30,KALYANKJIL,21,False,0,,ALREADY_DEPLOYED
DIR:MANAPPURAM:2026-07-31:006:UP:111200:DIRECTIONAL_REVERSAL_LEG_ESTABLISHED:112100,CAND:7316c4a2330c742a8803fe6c,"{""FILLED"": 21}",0,0,"{""FILLED"": 21}",1718,FORCE_EXIT,EXIT,0,0,OPP:7316c4a2330c742a8803fe6c,CAND:7316c4a2330c742a8803fe6c,OPP:7316c4a2330c742a8803fe6c,True,NO_ACTION,SESSION_CUTOFF,REVERSAL_LEG,OPPOSED,50c51811-b112-5f0f-9fcc-a1422ceea97c,INTRADAY_SIGNAL_CUTOFF,FORCE_EXIT,CLOSED,NO_EVENT,REVERSAL_LEG,[],NONE,[],2026-07-31T15:21:00+05:30,MANAPPURAM,21,False,0,,ALREADY_DEPLOYED
BAL:PERSISTENT:2026-07-31:002:NEUTRAL:103600:BALANCE_ESCAPE_STARTED:110600,CAND:6e00ceac84968df1df4d7495,"{""FILLED"": 21}",0,0,"{""FILLED"": 21}",1719,FORCE_EXIT,EXIT,0,0,OPP:6e00ceac84968df1df4d7495,CAND:6e00ceac84968df1df4d7495,OPP:6e00ceac84968df1df4d7495,True,NO_ACTION,SESSION_CUTOFF,NONE,UNKNOWN,cad8805e-c102-57a4-96c7-d70c9c07f5cc,INTRADAY_SIGNAL_CUTOFF,FORCE_EXIT,CLOSED,NO_EVENT,NONE,[],FORMING,[],2026-07-31T15:21:00+05:30,PERSISTENT,21,False,0,,ALREADY_DEPLOYED
BAL:POWERINDIA:2026-07-31:001:NEUTRAL:095100:BALANCE_ESCAPE_FAILED:113000,CAND:dc1ab160fa1ee75a10189da6,"{""FILLED"": 21}",0,0,"{""FILLED"": 21}",1720,FORCE_EXIT,EXIT,0,0,OPP:dc1ab160fa1ee75a10189da6,CAND:dc1ab160fa1ee75a10189da6,OPP:dc1ab160fa1ee75a10189da6,True,NO_ACTION,SESSION_CUTOFF,NONE,UNKNOWN,57fbc3b0-0822-51b7-8515-450ea6586841,INTRADAY_SIGNAL_CUTOFF,FORCE_EXIT,CLOSED,NO_EVENT,NONE,[],NONE,[],2026-07-31T15:21:00+05:30,POWERINDIA,21,True,0,TRADE_DECISION_NOT_ALLOWED,NOT_ELIGIBLE
BAL:TCS:2026-07-31:001:NEUTRAL:100600:BALANCE_ESCAPE_STARTED:103600,CAND:02506b9e9c36e94d0d5e2f0e,"{""FILLED"": 21}",0,0,"{""FILLED"": 21}",1721,FORCE_EXIT,EXIT,0,0,OPP:02506b9e9c36e94d0d5e2f0e,CAND:02506b9e9c36e94d0d5e2f0e,OPP:02506b9e9c36e94d0d5e2f0e,True,NO_ACTION,EVENT_INVALIDATE,NONE,UNKNOWN,8ea01a85-4efa-5849-ac33-c03e0b01cda8,BALANCE_ESCAPE_FAILED_INVALIDATED_SETUP,FORCE_EXIT,INVALIDATED,NO_EVENT,DIRECTIONAL,[],FORMING,[],2026-07-31T15:21:00+05:30,TCS,21,True,0,TRADE_DECISION_NOT_ALLOWED,NOT_ELIGIBLE
DIR:TORNTPHARM:2026-07-31:002:UP:105700:DIRECTIONAL_REVERSAL_LEG_ESTABLISHED:110300,CAND:dcb490f7068f3aeab3ab074f,"{""FILLED"": 21}",0,0,"{""FILLED"": 21}",1722,FORCE_EXIT,EXIT,0,0,OPP:dcb490f7068f3aeab3ab074f,CAND:dcb490f7068f3aeab3ab074f,OPP:dcb490f7068f3aeab3ab074f,True,NO_ACTION,EVENT_INVALIDATE,DIRECTIONAL,ALIGNED,099dd7de-7081-52f9-9bd2-655c56b6256c,DIRECTIONAL_TREND_RESTORED_INVALIDATED_SETUP,FORCE_EXIT,INVALIDATED,NO_EVENT,NONE,[],NONE,[],2026-07-31T15:21:00+05:30,TORNTPHARM,21,False,0,,ALREADY_DEPLOYED
,,"{""FILLED"": 21}",0,0,"{""FILLED"": 21}",1723,,,0,0,,,,,NO_ACTION,,,,,,,,NO_EVENT,REVERSAL_WATCH,[],NONE,[],2026-07-31T15:24:00+05:30,BHEL,21,False,0,,NO_SIGNAL
DIR:CHOLAFIN:2026-07-31:002:DOWN:102400:DIRECTIONAL_REVERSAL_LEG_ESTABLISHED:103300,CAND:c91e30e559c61ae9e4a8e30d,"{""FILLED"": 21}",0,0,"{""FILLED"": 21}",1724,FORCE_EXIT,EXIT,0,0,OPP:c91e30e559c61ae9e4a8e30d,CAND:c91e30e559c61ae9e4a8e30d,OPP:c91e30e559c61ae9e4a8e30d,True,NO_ACTION,EVENT_INVALIDATE,DIRECTIONAL,OPPOSED,aee40fe8-7759-5cec-902a-0db152fe528d,DIRECTIONAL_TREND_RESTORED_INVALIDATED_OPPOSITE_ACTIVE_SIGNAL,FORCE_EXIT,INVALIDATED,NO_EVENT,NONE,[],NONE,[],2026-07-31T15:24:00+05:30,CHOLAFIN,21,True,0,TRADE_DECISION_NOT_ALLOWED,NOT_ELIGIBLE
BAL:COFORGE:2026-07-31:003:NEUTRAL:105700:BALANCE_ESCAPE_STARTED:132100,CAND:0d32e3ad08ef9cc69fd0369f,"{""FILLED"": 21}",0,0,"{""FILLED"": 21}",1725,FORCE_EXIT,EXIT,0,0,OPP:0d32e3ad08ef9cc69fd0369f,CAND:0d32e3ad08ef9cc69fd0369f,OPP:0d32e3ad08ef9cc69fd0369f,True,NO_ACTION,SESSION_CUTOFF,REVERSAL_WATCH,OPPOSED,b811de42-fbb9-5d26-a364-a9f98c91de7c,INTRADAY_SIGNAL_CUTOFF,FORCE_EXIT,CLOSED,NO_EVENT,REVERSAL_WATCH,[],NONE,[],2026-07-31T15:24:00+05:30,COFORGE,21,True,0,TRADE_DECISION_NOT_ALLOWED,NOT_ELIGIBLE
DIR:DIVISLAB:2026-07-31:002:DOWN:100600:DIRECTIONAL_REVERSAL_LEG_ESTABLISHED:101800,CAND:6644484c352c701feebfdf31,"{""FILLED"": 21}",0,0,"{""FILLED"": 21}",1726,FORCE_EXIT,EXIT,0,0,OPP:6644484c352c701feebfdf31,CAND:6644484c352c701feebfdf31,OPP:6644484c352c701feebfdf31,True,NO_ACTION,EVENT_INVALIDATE,COMPLETED,ALIGNED,a73cb6c9-a388-53f1-92b2-41820e34edd3,DIRECTIONAL_REVERSAL_LEG_FAILED_INVALIDATED_OPPOSITE_ACTIVE_SIGNAL,FORCE_EXIT,INVALIDATED,BALANCE_FORMING_STARTED,REVERSAL_WATCH,"[""BAL:DIVISLAB:2026-07-31:004:NEUTRAL:152400:BALANCE_FORMING_STARTED:152400""]",FORMING,[],2026-07-31T15:24:00+05:30,DIVISLAB,21,True,0,TRADE_DECISION_NOT_ALLOWED,NOT_ELIGIBLE
,,"{""FILLED"": 21}",0,0,"{""FILLED"": 21}",1727,,,0,0,,,,,NO_ACTION,,,,,,,,NO_EVENT,REVERSAL_LEG,[],PROBABLE,[],2026-07-31T15:24:00+05:30,EXIDEIND,21,False,0,,NO_SIGNAL
DIR:FORCEMOT:2026-07-31:002:UP:105400:DIRECTIONAL_REVERSAL_LEG_ESTABLISHED:110000,CAND:32b3a707960484f98d8399a7,"{""FILLED"": 21}",0,0,"{""FILLED"": 21}",1728,FORCE_EXIT,EXIT,0,0,OPP:32b3a707960484f98d8399a7,CAND:32b3a707960484f98d8399a7,OPP:32b3a707960484f98d8399a7,True,NO_ACTION,SESSION_CUTOFF,REVERSAL_WATCH,OPPOSED,76d65cfd-3f5f-5419-81f1-24a924660ce7,INTRADAY_SIGNAL_CUTOFF,FORCE_EXIT,CLOSED,NO_EVENT,REVERSAL_WATCH,[],NONE,[],2026-07-31T15:24:00+05:30,FORCEMOT,21,False,0,,ALREADY_DEPLOYED
BAL:GLENMARK:2026-07-31:001:NEUTRAL:101200:BALANCE_ESCAPE_FAILED:131500,CAND:ccb8d7c9ac57fbb14f47bb87,"{""FILLED"": 21}",0,0,"{""FILLED"": 21}",1729,FORCE_EXIT,EXIT,0,0,OPP:ccb8d7c9ac57fbb14f47bb87,CAND:ccb8d7c9ac57fbb14f47bb87,OPP:ccb8d7c9ac57fbb14f47bb87,True,NO_ACTION,SESSION_CUTOFF,NONE,UNKNOWN,a4859555-9e57-5772-9c79-4a6b83478351,INTRADAY_SIGNAL_CUTOFF,FORCE_EXIT,CLOSED,NO_EVENT,NONE,[],FORMING,[],2026-07-31T15:24:00+05:30,GLENMARK,21,True,0,TRADE_DECISION_NOT_ALLOWED,NOT_ELIGIBLE
BAL:INDUSTOWER:2026-07-31:001:NEUTRAL:110900:BALANCE_ESCAPE_FAILED:115400,CAND:296c26607039b07e87c6f497,"{""FILLED"": 21}",0,0,"{""FILLED"": 21}",1730,FORCE_EXIT,EXIT,0,0,OPP:296c26607039b07e87c6f497,CAND:296c26607039b07e87c6f497,OPP:296c26607039b07e87c6f497,True,NO_ACTION,SESSION_CUTOFF,NONE,UNKNOWN,6c1d311c-b1e4-503d-9f2d-3a50df29da5d,INTRADAY_SIGNAL_CUTOFF,FORCE_EXIT,CLOSED,NO_EVENT,NONE,[],FAILED_BACK_INSIDE,"[""CONTINUATION:BLOCK"", ""REACCELERATION:BLOCK"", ""REVERSAL:BLOCK""]",2026-07-31T15:24:00+05:30,INDUSTOWER,21,True,0,TRADE_DECISION_NOT_ALLOWED,NOT_ELIGIBLE
BAL:KALYANKJIL:2026-07-31:002:NEUTRAL:105100:BALANCE_ESCAPE_STARTED:112700,CAND:4a3872010c190995b2d63ff8,"{""FILLED"": 21}",0,0,"{""FILLED"": 21}",1731,FORCE_EXIT,EXIT,0,0,OPP:4a3872010c190995b2d63ff8,CAND:4a3872010c190995b2d63ff8,OPP:4a3872010c190995b2d63ff8,True,NO_ACTION,SESSION_CUTOFF,REVERSAL_WATCH,OPPOSED,fe205a27-ef8f-5bf7-9192-94593d799d94,INTRADAY_SIGNAL_CUTOFF,FORCE_EXIT,CLOSED,NO_EVENT,REVERSAL_WATCH,[],FORMING,[],2026-07-31T15:24:00+05:30,KALYANKJIL,21,False,0,,ALREADY_DEPLOYED
DIR:MANAPPURAM:2026-07-31:006:UP:111200:DIRECTIONAL_REVERSAL_LEG_ESTABLISHED:112100,CAND:7316c4a2330c742a8803fe6c,"{""FILLED"": 21}",0,0,"{""FILLED"": 21}",1732,FORCE_EXIT,EXIT,0,0,OPP:7316c4a2330c742a8803fe6c,CAND:7316c4a2330c742a8803fe6c,OPP:7316c4a2330c742a8803fe6c,True,NO_ACTION,SESSION_CUTOFF,REVERSAL_LEG,OPPOSED,50c51811-b112-5f0f-9fcc-a1422ceea97c,INTRADAY_SIGNAL_CUTOFF,FORCE_EXIT,CLOSED,NO_EVENT,REVERSAL_LEG,[],NONE,[],2026-07-31T15:24:00+05:30,MANAPPURAM,21,False,0,,ALREADY_DEPLOYED
BAL:PERSISTENT:2026-07-31:002:NEUTRAL:103600:BALANCE_ESCAPE_STARTED:110600,CAND:6e00ceac84968df1df4d7495,"{""FILLED"": 21}",0,0,"{""FILLED"": 21}",1733,FORCE_EXIT,EXIT,0,0,OPP:6e00ceac84968df1df4d7495,CAND:6e00ceac84968df1df4d7495,OPP:6e00ceac84968df1df4d7495,True,NO_ACTION,SESSION_CUTOFF,NONE,UNKNOWN,cad8805e-c102-57a4-96c7-d70c9c07f5cc,INTRADAY_SIGNAL_CUTOFF,FORCE_EXIT,CLOSED,NO_EVENT,NONE,[],FORMING,[],2026-07-31T15:24:00+05:30,PERSISTENT,21,False,0,,ALREADY_DEPLOYED
BAL:POWERINDIA:2026-07-31:001:NEUTRAL:095100:BALANCE_ESCAPE_FAILED:113000,CAND:dc1ab160fa1ee75a10189da6,"{""FILLED"": 21}",0,0,"{""FILLED"": 21}",1734,FORCE_EXIT,EXIT,0,0,OPP:dc1ab160fa1ee75a10189da6,CAND:dc1ab160fa1ee75a10189da6,OPP:dc1ab160fa1ee75a10189da6,True,NO_ACTION,SESSION_CUTOFF,NONE,UNKNOWN,57fbc3b0-0822-51b7-8515-450ea6586841,INTRADAY_SIGNAL_CUTOFF,FORCE_EXIT,CLOSED,NO_EVENT,NONE,[],NONE,[],2026-07-31T15:24:00+05:30,POWERINDIA,21,True,0,TRADE_DECISION_NOT_ALLOWED,NOT_ELIGIBLE
BAL:TCS:2026-07-31:001:NEUTRAL:100600:BALANCE_ESCAPE_STARTED:103600,CAND:02506b9e9c36e94d0d5e2f0e,"{""FILLED"": 21}",0,0,"{""FILLED"": 21}",1735,FORCE_EXIT,EXIT,0,0,OPP:02506b9e9c36e94d0d5e2f0e,CAND:02506b9e9c36e94d0d5e2f0e,OPP:02506b9e9c36e94d0d5e2f0e,True,NO_ACTION,EVENT_INVALIDATE,NONE,UNKNOWN,8ea01a85-4efa-5849-ac33-c03e0b01cda8,BALANCE_ESCAPE_FAILED_INVALIDATED_SETUP,FORCE_EXIT,INVALIDATED,NO_EVENT,DIRECTIONAL,[],FORMING,[],2026-07-31T15:24:00+05:30,TCS,21,True,0,TRADE_DECISION_NOT_ALLOWED,NOT_ELIGIBLE
DIR:TORNTPHARM:2026-07-31:002:UP:105700:DIRECTIONAL_REVERSAL_LEG_ESTABLISHED:110300,CAND:dcb490f7068f3aeab3ab074f,"{""FILLED"": 21}",0,0,"{""FILLED"": 21}",1736,FORCE_EXIT,EXIT,0,0,OPP:dcb490f7068f3aeab3ab074f,CAND:dcb490f7068f3aeab3ab074f,OPP:dcb490f7068f3aeab3ab074f,True,NO_ACTION,EVENT_INVALIDATE,DIRECTIONAL,ALIGNED,099dd7de-7081-52f9-9bd2-655c56b6256c,DIRECTIONAL_TREND_RESTORED_INVALIDATED_SETUP,FORCE_EXIT,INVALIDATED,DIRECTIONAL_STARTED,DIRECTIONAL,"[""DIR:TORNTPHARM:2026-07-31:008:UP:152400:DIRECTIONAL_STARTED:152400""]",NONE,[],2026-07-31T15:24:00+05:30,TORNTPHARM,21,False,0,,ALREADY_DEPLOYED
,,"{""FILLED"": 21}",0,0,"{""FILLED"": 21}",1737,,,0,0,,,,,NO_ACTION,,,,,,,,DIRECTIONAL_TREND_RESTORED,DIRECTIONAL,"[""DIR:BHEL:2026-07-31:013:DOWN:144200:DIRECTIONAL_TREND_RESTORED:152700""]",NONE,"[""CONTINUATION:PERMIT""]",2026-07-31T15:27:00+05:30,BHEL,21,False,0,,NO_SIGNAL
DIR:CHOLAFIN:2026-07-31:002:DOWN:102400:DIRECTIONAL_REVERSAL_LEG_ESTABLISHED:103300,CAND:c91e30e559c61ae9e4a8e30d,"{""FILLED"": 21}",0,0,"{""FILLED"": 21}",1738,FORCE_EXIT,EXIT,0,0,OPP:c91e30e559c61ae9e4a8e30d,CAND:c91e30e559c61ae9e4a8e30d,OPP:c91e30e559c61ae9e4a8e30d,True,NO_ACTION,EVENT_INVALIDATE,DIRECTIONAL,OPPOSED,aee40fe8-7759-5cec-902a-0db152fe528d,DIRECTIONAL_TREND_RESTORED_INVALIDATED_OPPOSITE_ACTIVE_SIGNAL,FORCE_EXIT,INVALIDATED,NO_EVENT,NONE,[],NONE,[],2026-07-31T15:27:00+05:30,CHOLAFIN,21,True,0,TRADE_DECISION_NOT_ALLOWED,NOT_ELIGIBLE
BAL:COFORGE:2026-07-31:003:NEUTRAL:105700:BALANCE_ESCAPE_STARTED:132100,CAND:0d32e3ad08ef9cc69fd0369f,"{""FILLED"": 21}",0,0,"{""FILLED"": 21}",1739,FORCE_EXIT,EXIT,0,0,OPP:0d32e3ad08ef9cc69fd0369f,CAND:0d32e3ad08ef9cc69fd0369f,OPP:0d32e3ad08ef9cc69fd0369f,True,NO_ACTION,SESSION_CUTOFF,REVERSAL_WATCH,OPPOSED,b811de42-fbb9-5d26-a364-a9f98c91de7c,INTRADAY_SIGNAL_CUTOFF,FORCE_EXIT,CLOSED,"DIRECTIONAL_REVERSAL_CONFIRMED,DIRECTIONAL_COMPLETED,DIRECTIONAL_REVERSAL_LEG_STARTED",REVERSAL_LEG,"[""DIR:COFORGE:2026-07-31:003:UP:144200:DIRECTIONAL_REVERSAL_CONFIRMED:152700"", ""DIR:COFORGE:2026-07-31:003:UP:144200:DIRECTIONAL_COMPLETED:152700"", ""DIR:COFORGE:2026-07-31:004:DOWN:152700:DIRECTIONAL_REVERSAL_LEG_STARTED:152700""]",NONE,"[""REVERSAL:WAIT""]",2026-07-31T15:27:00+05:30,COFORGE,21,True,0,TRADE_DECISION_NOT_ALLOWED,NOT_ELIGIBLE
DIR:DIVISLAB:2026-07-31:002:DOWN:100600:DIRECTIONAL_REVERSAL_LEG_ESTABLISHED:101800,CAND:6644484c352c701feebfdf31,"{""FILLED"": 21}",0,0,"{""FILLED"": 21}",1740,FORCE_EXIT,EXIT,0,0,OPP:6644484c352c701feebfdf31,CAND:6644484c352c701feebfdf31,OPP:6644484c352c701feebfdf31,True,NO_ACTION,EVENT_INVALIDATE,COMPLETED,ALIGNED,a73cb6c9-a388-53f1-92b2-41820e34edd3,DIRECTIONAL_REVERSAL_LEG_FAILED_INVALIDATED_OPPOSITE_ACTIVE_SIGNAL,FORCE_EXIT,INVALIDATED,DIRECTIONAL_TREND_RESTORED,DIRECTIONAL,"[""DIR:DIVISLAB:2026-07-31:007:UP:140000:DIRECTIONAL_TREND_RESTORED:152700""]",FORMING,"[""CONTINUATION:PERMIT""]",2026-07-31T15:27:00+05:30,DIVISLAB,21,True,0,TRADE_DECISION_NOT_ALLOWED,NOT_ELIGIBLE
,,"{""FILLED"": 21}",0,0,"{""FILLED"": 21}",1741,,,0,0,,,,,NO_ACTION,,,,,,,,NO_EVENT,REVERSAL_LEG,[],PROBABLE,[],2026-07-31T15:27:00+05:30,EXIDEIND,21,False,0,,NO_SIGNAL
DIR:FORCEMOT:2026-07-31:002:UP:105400:DIRECTIONAL_REVERSAL_LEG_ESTABLISHED:110000,CAND:32b3a707960484f98d8399a7,"{""FILLED"": 21}",0,0,"{""FILLED"": 21}",1742,FORCE_EXIT,EXIT,0,0,OPP:32b3a707960484f98d8399a7,CAND:32b3a707960484f98d8399a7,OPP:32b3a707960484f98d8399a7,True,NO_ACTION,SESSION_CUTOFF,REVERSAL_WATCH,OPPOSED,76d65cfd-3f5f-5419-81f1-24a924660ce7,INTRADAY_SIGNAL_CUTOFF,FORCE_EXIT,CLOSED,DIRECTIONAL_TREND_RESTORED,DIRECTIONAL,"[""DIR:FORCEMOT:2026-07-31:003:DOWN:150300:DIRECTIONAL_TREND_RESTORED:152700""]",NONE,"[""CONTINUATION:PERMIT""]",2026-07-31T15:27:00+05:30,FORCEMOT,21,False,0,,ALREADY_DEPLOYED
BAL:GLENMARK:2026-07-31:001:NEUTRAL:101200:BALANCE_ESCAPE_FAILED:131500,CAND:ccb8d7c9ac57fbb14f47bb87,"{""FILLED"": 21}",0,0,"{""FILLED"": 21}",1743,FORCE_EXIT,EXIT,0,0,OPP:ccb8d7c9ac57fbb14f47bb87,CAND:ccb8d7c9ac57fbb14f47bb87,OPP:ccb8d7c9ac57fbb14f47bb87,True,NO_ACTION,SESSION_CUTOFF,NONE,UNKNOWN,a4859555-9e57-5772-9c79-4a6b83478351,INTRADAY_SIGNAL_CUTOFF,FORCE_EXIT,CLOSED,NO_EVENT,NONE,[],FORMING,[],2026-07-31T15:27:00+05:30,GLENMARK,21,True,0,TRADE_DECISION_NOT_ALLOWED,NOT_ELIGIBLE
BAL:INDUSTOWER:2026-07-31:001:NEUTRAL:110900:BALANCE_ESCAPE_FAILED:115400,CAND:296c26607039b07e87c6f497,"{""FILLED"": 21}",0,0,"{""FILLED"": 21}",1744,FORCE_EXIT,EXIT,0,0,OPP:296c26607039b07e87c6f497,CAND:296c26607039b07e87c6f497,OPP:296c26607039b07e87c6f497,True,NO_ACTION,SESSION_CUTOFF,NONE,UNKNOWN,6c1d311c-b1e4-503d-9f2d-3a50df29da5d,INTRADAY_SIGNAL_CUTOFF,FORCE_EXIT,CLOSED,NO_EVENT,NONE,[],FAILED_BACK_INSIDE,"[""CONTINUATION:BLOCK"", ""REACCELERATION:BLOCK"", ""REVERSAL:BLOCK""]",2026-07-31T15:27:00+05:30,INDUSTOWER,21,True,0,TRADE_DECISION_NOT_ALLOWED,NOT_ELIGIBLE
BAL:KALYANKJIL:2026-07-31:002:NEUTRAL:105100:BALANCE_ESCAPE_STARTED:112700,CAND:4a3872010c190995b2d63ff8,"{""FILLED"": 21}",0,0,"{""FILLED"": 21}",1745,FORCE_EXIT,EXIT,0,0,OPP:4a3872010c190995b2d63ff8,CAND:4a3872010c190995b2d63ff8,OPP:4a3872010c190995b2d63ff8,True,NO_ACTION,SESSION_CUTOFF,REVERSAL_WATCH,OPPOSED,fe205a27-ef8f-5bf7-9192-94593d799d94,INTRADAY_SIGNAL_CUTOFF,FORCE_EXIT,CLOSED,"DIRECTIONAL_REVERSAL_CONFIRMED,DIRECTIONAL_COMPLETED,DIRECTIONAL_REVERSAL_LEG_STARTED",REVERSAL_LEG,"[""DIR:KALYANKJIL:2026-07-31:014:DOWN:144200:DIRECTIONAL_REVERSAL_CONFIRMED:152700"", ""DIR:KALYANKJIL:2026-07-31:014:DOWN:144200:DIRECTIONAL_COMPLETED:152700"", ""DIR:KALYANKJIL:2026-07-31:015:UP:152700:DIRECTIONAL_REVERSAL_LEG_STARTED:152700""]",FORMING,"[""REVERSAL:WAIT""]",2026-07-31T15:27:00+05:30,KALYANKJIL,21,False,0,,ALREADY_DEPLOYED
DIR:MANAPPURAM:2026-07-31:006:UP:111200:DIRECTIONAL_REVERSAL_LEG_ESTABLISHED:112100,CAND:7316c4a2330c742a8803fe6c,"{""FILLED"": 21}",0,0,"{""FILLED"": 21}",1746,FORCE_EXIT,EXIT,0,0,OPP:7316c4a2330c742a8803fe6c,CAND:7316c4a2330c742a8803fe6c,OPP:7316c4a2330c742a8803fe6c,True,NO_ACTION,SESSION_CUTOFF,REVERSAL_LEG,OPPOSED,50c51811-b112-5f0f-9fcc-a1422ceea97c,INTRADAY_SIGNAL_CUTOFF,FORCE_EXIT,CLOSED,"DIRECTIONAL_REVERSAL_LEG_FAILED,DIRECTIONAL_COMPLETED",COMPLETED,"[""DIR:MANAPPURAM:2026-07-31:010:DOWN:151200:DIRECTIONAL_REVERSAL_LEG_FAILED:152700"", ""DIR:MANAPPURAM:2026-07-31:010:DOWN:151200:DIRECTIONAL_COMPLETED:152700""]",NONE,[],2026-07-31T15:27:00+05:30,MANAPPURAM,21,False,0,,ALREADY_DEPLOYED
BAL:PERSISTENT:2026-07-31:002:NEUTRAL:103600:BALANCE_ESCAPE_STARTED:110600,CAND:6e00ceac84968df1df4d7495,"{""FILLED"": 21}",0,0,"{""FILLED"": 21}",1747,FORCE_EXIT,EXIT,0,0,OPP:6e00ceac84968df1df4d7495,CAND:6e00ceac84968df1df4d7495,OPP:6e00ceac84968df1df4d7495,True,NO_ACTION,SESSION_CUTOFF,NONE,UNKNOWN,cad8805e-c102-57a4-96c7-d70c9c07f5cc,INTRADAY_SIGNAL_CUTOFF,FORCE_EXIT,CLOSED,NO_EVENT,NONE,[],FORMING,[],2026-07-31T15:27:00+05:30,PERSISTENT,21,False,0,,ALREADY_DEPLOYED
BAL:POWERINDIA:2026-07-31:001:NEUTRAL:095100:BALANCE_ESCAPE_FAILED:113000,CAND:dc1ab160fa1ee75a10189da6,"{""FILLED"": 21}",0,0,"{""FILLED"": 21}",1748,FORCE_EXIT,EXIT,0,0,OPP:dc1ab160fa1ee75a10189da6,CAND:dc1ab160fa1ee75a10189da6,OPP:dc1ab160fa1ee75a10189da6,True,NO_ACTION,SESSION_CUTOFF,NONE,UNKNOWN,57fbc3b0-0822-51b7-8515-450ea6586841,INTRADAY_SIGNAL_CUTOFF,FORCE_EXIT,CLOSED,NO_EVENT,NONE,[],NONE,[],2026-07-31T15:27:00+05:30,POWERINDIA,21,True,0,TRADE_DECISION_NOT_ALLOWED,NOT_ELIGIBLE
BAL:TCS:2026-07-31:001:NEUTRAL:100600:BALANCE_ESCAPE_STARTED:103600,CAND:02506b9e9c36e94d0d5e2f0e,"{""FILLED"": 21}",0,0,"{""FILLED"": 21}",1749,FORCE_EXIT,EXIT,0,0,OPP:02506b9e9c36e94d0d5e2f0e,CAND:02506b9e9c36e94d0d5e2f0e,OPP:02506b9e9c36e94d0d5e2f0e,True,NO_ACTION,EVENT_INVALIDATE,NONE,UNKNOWN,8ea01a85-4efa-5849-ac33-c03e0b01cda8,BALANCE_ESCAPE_FAILED_INVALIDATED_SETUP,FORCE_EXIT,INVALIDATED,NO_EVENT,DIRECTIONAL,[],FORMING,[],2026-07-31T15:27:00+05:30,TCS,21,True,0,TRADE_DECISION_NOT_ALLOWED,NOT_ELIGIBLE
DIR:TORNTPHARM:2026-07-31:002:UP:105700:DIRECTIONAL_REVERSAL_LEG_ESTABLISHED:110300,CAND:dcb490f7068f3aeab3ab074f,"{""FILLED"": 21}",0,0,"{""FILLED"": 21}",1750,FORCE_EXIT,EXIT,0,0,OPP:dcb490f7068f3aeab3ab074f,CAND:dcb490f7068f3aeab3ab074f,OPP:dcb490f7068f3aeab3ab074f,True,NO_ACTION,EVENT_INVALIDATE,DIRECTIONAL,ALIGNED,099dd7de-7081-52f9-9bd2-655c56b6256c,DIRECTIONAL_TREND_RESTORED_INVALIDATED_SETUP,FORCE_EXIT,INVALIDATED,DIRECTIONAL_MATURED,MATURE,"[""DIR:TORNTPHARM:2026-07-31:008:UP:152400:DIRECTIONAL_MATURED:152700""]",NONE,[],2026-07-31T15:27:00+05:30,TORNTPHARM,21,False,0,,ALREADY_DEPLOYED
