auction_action,auction_state,authoritative_event_ids,authoritative_event_types,balance_state,directional_alignment,displaced_signal_actions,displaced_signal_ids,displaced_trade_actions,downstream_contract_version,downstream_signal_state,downstream_trade_action,exit_pressure,generated_signal_transitions,index,management_posture,management_reason_code,permission_results,persisted_signal_action,selected_candidate_id,selected_opportunity_key,setup_reference_price,should_exit_signal,signal_action,signal_stage,signal_status,signal_status_reason,snapshot_time,symbol,target_expansion_allowed,trail_mode
NO_EVENT,NONE,[],[],NONE,,[],[],[],,,,,[],1,,,[],,,,,,NO_ACTION,,,,2026-07-31T09:15:00+05:30,BHEL,,
NO_EVENT,NONE,[],[],NONE,,[],[],[],,,,,[],2,,,[],,,,,,NO_ACTION,,,,2026-07-31T09:15:00+05:30,CHOLAFIN,,
NO_EVENT,NONE,[],[],NONE,,[],[],[],,,,,[],3,,,[],,,,,,NO_ACTION,,,,2026-07-31T09:15:00+05:30,COFORGE,,
NO_EVENT,NONE,[],[],NONE,,[],[],[],,,,,[],4,,,[],,,,,,NO_ACTION,,,,2026-07-31T09:15:00+05:30,DIVISLAB,,
NO_EVENT,NONE,[],[],NONE,,[],[],[],,,,,[],5,,,[],,,,,,NO_ACTION,,,,2026-07-31T09:15:00+05:30,EXIDEIND,,
NO_EVENT,NONE,[],[],NONE,,[],[],[],,,,,[],6,,,[],,,,,,NO_ACTION,,,,2026-07-31T09:15:00+05:30,FORCEMOT,,
NO_EVENT,NONE,[],[],NONE,,[],[],[],,,,,[],7,,,[],,,,,,NO_ACTION,,,,2026-07-31T09:15:00+05:30,GLENMARK,,
NO_EVENT,NONE,[],[],NONE,,[],[],[],,,,,[],8,,,[],,,,,,NO_ACTION,,,,2026-07-31T09:15:00+05:30,INDUSTOWER,,
NO_EVENT,NONE,[],[],NONE,,[],[],[],,,,,[],9,,,[],,,,,,NO_ACTION,,,,2026-07-31T09:15:00+05:30,KALYANKJIL,,
NO_EVENT,NONE,[],[],NONE,,[],[],[],,,,,[],10,,,[],,,,,,NO_ACTION,,,,2026-07-31T09:15:00+05:30,MANAPPURAM,,
NO_EVENT,NONE,[],[],NONE,,[],[],[],,,,,[],11,,,[],,,,,,NO_ACTION,,,,2026-07-31T09:15:00+05:30,PERSISTENT,,
NO_EVENT,NONE,[],[],NONE,,[],[],[],,,,,[],12,,,[],,,,,,NO_ACTION,,,,2026-07-31T09:15:00+05:30,POWERINDIA,,
NO_EVENT,NONE,[],[],NONE,,[],[],[],,,,,[],13,,,[],,,,,,NO_ACTION,,,,2026-07-31T09:15:00+05:30,TCS,,
NO_EVENT,NONE,[],[],NONE,,[],[],[],,,,,[],14,,,[],,,,,,NO_ACTION,,,,2026-07-31T09:15:00+05:30,TORNTPHARM,,
NO_EVENT,NONE,[],[],NONE,,[],[],[],,,,,[],15,,,[],,,,,,NO_ACTION,,,,2026-07-31T09:18:00+05:30,BHEL,,
NO_EVENT,NONE,[],[],NONE,,[],[],[],,,,,[],16,,,[],,,,,,NO_ACTION,,,,2026-07-31T09:18:00+05:30,CHOLAFIN,,
NO_EVENT,NONE,[],[],NONE,,[],[],[],,,,,[],17,,,[],,,,,,NO_ACTION,,,,2026-07-31T09:18:00+05:30,COFORGE,,
NO_EVENT,NONE,[],[],NONE,,[],[],[],,,,,[],18,,,[],,,,,,NO_ACTION,,,,2026-07-31T09:18:00+05:30,DIVISLAB,,
NO_EVENT,NONE,[],[],NONE,,[],[],[],,,,,[],19,,,[],,,,,,NO_ACTION,,,,2026-07-31T09:18:00+05:30,EXIDEIND,,
NO_EVENT,NONE,[],[],NONE,,[],[],[],,,,,[],20,,,[],,,,,,NO_ACTION,,,,2026-07-31T09:18:00+05:30,FORCEMOT,,
NO_EVENT,NONE,[],[],NONE,,[],[],[],,,,,[],21,,,[],,,,,,NO_ACTION,,,,2026-07-31T09:18:00+05:30,GLENMARK,,
NO_EVENT,NONE,[],[],NONE,,[],[],[],,,,,[],22,,,[],,,,,,NO_ACTION,,,,2026-07-31T09:18:00+05:30,INDUSTOWER,,
NO_EVENT,NONE,[],[],NONE,,[],[],[],,,,,[],23,,,[],,,,,,NO_ACTION,,,,2026-07-31T09:18:00+05:30,KALYANKJIL,,
NO_EVENT,NONE,[],[],NONE,,[],[],[],,,,,[],24,,,[],,,,,,NO_ACTION,,,,2026-07-31T09:18:00+05:30,MANAPPURAM,,
NO_EVENT,NONE,[],[],NONE,,[],[],[],,,,,[],25,,,[],,,,,,NO_ACTION,,,,2026-07-31T09:18:00+05:30,PERSISTENT,,
NO_EVENT,NONE,[],[],NONE,,[],[],[],,,,,[],26,,,[],,,,,,NO_ACTION,,,,2026-07-31T09:18:00+05:30,POWERINDIA,,
NO_EVENT,NONE,[],[],NONE,,[],[],[],,,,,[],27,,,[],,,,,,NO_ACTION,,,,2026-07-31T09:18:00+05:30,TCS,,
NO_EVENT,NONE,[],[],NONE,,[],[],[],,,,,[],28,,,[],,,,,,NO_ACTION,,,,2026-07-31T09:18:00+05:30,TORNTPHARM,,
NO_EVENT,NONE,[],[],NONE,,[],[],[],,,,,[],29,,,[],,,,,,NO_ACTION,,,,2026-07-31T09:21:00+05:30,BHEL,,
NO_EVENT,NONE,[],[],NONE,,[],[],[],,,,,[],30,,,[],,,,,,NO_ACTION,,,,2026-07-31T09:21:00+05:30,CHOLAFIN,,
NO_EVENT,NONE,[],[],NONE,,[],[],[],,,,,[],31,,,[],,,,,,NO_ACTION,,,,2026-07-31T09:21:00+05:30,COFORGE,,
NO_EVENT,NONE,[],[],NONE,,[],[],[],,,,,[],32,,,[],,,,,,NO_ACTION,,,,2026-07-31T09:21:00+05:30,DIVISLAB,,
NO_EVENT,NONE,[],[],NONE,,[],[],[],,,,,[],33,,,[],,,,,,NO_ACTION,,,,2026-07-31T09:21:00+05:30,EXIDEIND,,
NO_EVENT,NONE,[],[],NONE,,[],[],[],,,,,[],34,,,[],,,,,,NO_ACTION,,,,2026-07-31T09:21:00+05:30,FORCEMOT,,
NO_EVENT,NONE,[],[],NONE,,[],[],[],,,,,[],35,,,[],,,,,,NO_ACTION,,,,2026-07-31T09:21:00+05:30,GLENMARK,,
NO_EVENT,NONE,[],[],NONE,,[],[],[],,,,,[],36,,,[],,,,,,NO_ACTION,,,,2026-07-31T09:21:00+05:30,INDUSTOWER,,
NO_EVENT,NONE,[],[],NONE,,[],[],[],,,,,[],37,,,[],,,,,,NO_ACTION,,,,2026-07-31T09:21:00+05:30,KALYANKJIL,,
NO_EVENT,NONE,[],[],NONE,,[],[],[],,,,,[],38,,,[],,,,,,NO_ACTION,,,,2026-07-31T09:21:00+05:30,MANAPPURAM,,
NO_EVENT,NONE,[],[],NONE,,[],[],[],,,,,[],39,,,[],,,,,,NO_ACTION,,,,2026-07-31T09:21:00+05:30,PERSISTENT,,
NO_EVENT,NONE,[],[],NONE,,[],[],[],,,,,[],40,,,[],,,,,,NO_ACTION,,,,2026-07-31T09:21:00+05:30,POWERINDIA,,
NO_EVENT,NONE,[],[],NONE,,[],[],[],,,,,[],41,,,[],,,,,,NO_ACTION,,,,2026-07-31T09:21:00+05:30,TCS,,
NO_EVENT,NONE,[],[],NONE,,[],[],[],,,,,[],42,,,[],,,,,,NO_ACTION,,,,2026-07-31T09:21:00+05:30,TORNTPHARM,,
NO_EVENT,NONE,[],[],NONE,,[],[],[],,,,,[],43,,,[],,,,,,NO_ACTION,,,,2026-07-31T09:24:00+05:30,BHEL,,
NO_EVENT,NONE,[],[],NONE,,[],[],[],,,,,[],44,,,[],,,,,,NO_ACTION,,,,2026-07-31T09:24:00+05:30,CHOLAFIN,,
NO_EVENT,NONE,[],[],NONE,,[],[],[],,,,,[],45,,,[],,,,,,NO_ACTION,,,,2026-07-31T09:24:00+05:30,COFORGE,,
NO_EVENT,NONE,[],[],NONE,,[],[],[],,,,,[],46,,,[],,,,,,NO_ACTION,,,,2026-07-31T09:24:00+05:30,DIVISLAB,,
NO_EVENT,NONE,[],[],NONE,,[],[],[],,,,,[],47,,,[],,,,,,NO_ACTION,,,,2026-07-31T09:24:00+05:30,EXIDEIND,,
NO_EVENT,NONE,[],[],NONE,,[],[],[],,,,,[],48,,,[],,,,,,NO_ACTION,,,,2026-07-31T09:24:00+05:30,FORCEMOT,,
NO_EVENT,NONE,[],[],NONE,,[],[],[],,,,,[],49,,,[],,,,,,NO_ACTION,,,,2026-07-31T09:24:00+05:30,GLENMARK,,
NO_EVENT,NONE,[],[],NONE,,[],[],[],,,,,[],50,,,[],,,,,,NO_ACTION,,,,2026-07-31T09:24:00+05:30,INDUSTOWER,,
NO_EVENT,NONE,[],[],NONE,,[],[],[],,,,,[],51,,,[],,,,,,NO_ACTION,,,,2026-07-31T09:24:00+05:30,KALYANKJIL,,
NO_EVENT,NONE,[],[],NONE,,[],[],[],,,,,[],52,,,[],,,,,,NO_ACTION,,,,2026-07-31T09:24:00+05:30,MANAPPURAM,,
NO_EVENT,NONE,[],[],NONE,,[],[],[],,,,,[],53,,,[],,,,,,NO_ACTION,,,,2026-07-31T09:24:00+05:30,PERSISTENT,,
NO_EVENT,NONE,[],[],NONE,,[],[],[],,,,,[],54,,,[],,,,,,NO_ACTION,,,,2026-07-31T09:24:00+05:30,POWERINDIA,,
NO_EVENT,NONE,[],[],NONE,,[],[],[],,,,,[],55,,,[],,,,,,NO_ACTION,,,,2026-07-31T09:24:00+05:30,TCS,,
NO_EVENT,NONE,[],[],NONE,,[],[],[],,,,,[],56,,,[],,,,,,NO_ACTION,,,,2026-07-31T09:24:00+05:30,TORNTPHARM,,
NO_EVENT,NONE,[],[],NONE,,[],[],[],,,,,[],57,,,[],,,,,,NO_ACTION,,,,2026-07-31T09:27:00+05:30,BHEL,,
NO_EVENT,NONE,[],[],NONE,,[],[],[],,,,,[],58,,,[],,,,,,NO_ACTION,,,,2026-07-31T09:27:00+05:30,CHOLAFIN,,
NO_EVENT,NONE,[],[],NONE,,[],[],[],,,,,[],59,,,[],,,,,,NO_ACTION,,,,2026-07-31T09:27:00+05:30,COFORGE,,
NO_EVENT,NONE,[],[],NONE,,[],[],[],,,,,[],60,,,[],,,,,,NO_ACTION,,,,2026-07-31T09:27:00+05:30,DIVISLAB,,
NO_EVENT,NONE,[],[],NONE,,[],[],[],,,,,[],61,,,[],,,,,,NO_ACTION,,,,2026-07-31T09:27:00+05:30,EXIDEIND,,
NO_EVENT,NONE,[],[],NONE,,[],[],[],,,,,[],62,,,[],,,,,,NO_ACTION,,,,2026-07-31T09:27:00+05:30,FORCEMOT,,
NO_EVENT,NONE,[],[],NONE,,[],[],[],,,,,[],63,,,[],,,,,,NO_ACTION,,,,2026-07-31T09:27:00+05:30,GLENMARK,,
NO_EVENT,NONE,[],[],NONE,,[],[],[],,,,,[],64,,,[],,,,,,NO_ACTION,,,,2026-07-31T09:27:00+05:30,INDUSTOWER,,
NO_EVENT,NONE,[],[],NONE,,[],[],[],,,,,[],65,,,[],,,,,,NO_ACTION,,,,2026-07-31T09:27:00+05:30,KALYANKJIL,,
NO_EVENT,NONE,[],[],NONE,,[],[],[],,,,,[],66,,,[],,,,,,NO_ACTION,,,,2026-07-31T09:27:00+05:30,MANAPPURAM,,
NO_EVENT,NONE,[],[],NONE,,[],[],[],,,,,[],67,,,[],,,,,,NO_ACTION,,,,2026-07-31T09:27:00+05:30,PERSISTENT,,
NO_EVENT,NONE,[],[],NONE,,[],[],[],,,,,[],68,,,[],,,,,,NO_ACTION,,,,2026-07-31T09:27:00+05:30,POWERINDIA,,
NO_EVENT,NONE,[],[],NONE,,[],[],[],,,,,[],69,,,[],,,,,,NO_ACTION,,,,2026-07-31T09:27:00+05:30,TCS,,
NO_EVENT,NONE,[],[],NONE,,[],[],[],,,,,[],70,,,[],,,,,,NO_ACTION,,,,2026-07-31T09:27:00+05:30,TORNTPHARM,,
DIRECTIONAL_STARTED,DIRECTIONAL,"[""DIR:BHEL:2026-07-31:001:UP:093000:DIRECTIONAL_STARTED:093000""]","[""DIRECTIONAL_STARTED""]",NONE,,[],[],[],,,,,[],71,,,[],,,,,,NO_ACTION,,,,2026-07-31T09:30:00+05:30,BHEL,,
DIRECTIONAL_STARTED,DIRECTIONAL,"[""DIR:CHOLAFIN:2026-07-31:001:UP:093000:DIRECTIONAL_STARTED:093000""]","[""DIRECTIONAL_STARTED""]",NONE,,[],[],[],,,,,[],72,,,[],,,,,,NO_ACTION,,,,2026-07-31T09:30:00+05:30,CHOLAFIN,,
NO_EVENT,NONE,[],[],NONE,,[],[],[],,,,,[],73,,,[],,,,,,NO_ACTION,,,,2026-07-31T09:30:00+05:30,COFORGE,,
DIRECTIONAL_STARTED,DIRECTIONAL,"[""DIR:DIVISLAB:2026-07-31:001:UP:093000:DIRECTIONAL_STARTED:093000""]","[""DIRECTIONAL_STARTED""]",NONE,,[],[],[],,,,,[],74,,,[],,,,,,NO_ACTION,,,,2026-07-31T09:30:00+05:30,DIVISLAB,,
NO_EVENT,NONE,[],[],NONE,,[],[],[],,,,,[],75,,,[],,,,,,NO_ACTION,,,,2026-07-31T09:30:00+05:30,EXIDEIND,,
NO_EVENT,NONE,[],[],NONE,,[],[],[],,,,,[],76,,,[],,,,,,NO_ACTION,,,,2026-07-31T09:30:00+05:30,FORCEMOT,,
NO_EVENT,NONE,[],[],NONE,,[],[],[],,,,,[],77,,,[],,,,,,NO_ACTION,,,,2026-07-31T09:30:00+05:30,GLENMARK,,
NO_EVENT,NONE,[],[],NONE,,[],[],[],,,,,[],78,,,[],,,,,,NO_ACTION,,,,2026-07-31T09:30:00+05:30,INDUSTOWER,,
NO_EVENT,NONE,[],[],NONE,,[],[],[],,,,,[],79,,,[],,,,,,NO_ACTION,,,,2026-07-31T09:30:00+05:30,KALYANKJIL,,
NO_EVENT,NONE,[],[],NONE,,[],[],[],,,,,[],80,,,[],,,,,,NO_ACTION,,,,2026-07-31T09:30:00+05:30,MANAPPURAM,,
DIRECTIONAL_STARTED,DIRECTIONAL,"[""DIR:PERSISTENT:2026-07-31:001:DOWN:093000:DIRECTIONAL_STARTED:093000""]","[""DIRECTIONAL_STARTED""]",NONE,,[],[],[],,,,,[],81,,,[],,,,,,NO_ACTION,,,,2026-07-31T09:30:00+05:30,PERSISTENT,,
DIRECTIONAL_STARTED,DIRECTIONAL,"[""DIR:POWERINDIA:2026-07-31:001:UP:093000:DIRECTIONAL_STARTED:093000""]","[""DIRECTIONAL_STARTED""]",NONE,,[],[],[],,,,,[],82,,,[],,,,,,NO_ACTION,,,,2026-07-31T09:30:00+05:30,POWERINDIA,,
DIRECTIONAL_STARTED,DIRECTIONAL,"[""DIR:TCS:2026-07-31:001:DOWN:093000:DIRECTIONAL_STARTED:093000""]","[""DIRECTIONAL_STARTED""]",NONE,,[],[],[],,,,,[],83,,,[],,,,,,NO_ACTION,,,,2026-07-31T09:30:00+05:30,TCS,,
NO_EVENT,NONE,[],[],NONE,,[],[],[],,,,,[],84,,,[],,,,,,NO_ACTION,,,,2026-07-31T09:30:00+05:30,TORNTPHARM,,
NO_EVENT,DIRECTIONAL,[],[],NONE,,[],[],[],,,,,[],85,,,[],,,,,,NO_ACTION,,,,2026-07-31T09:33:00+05:30,BHEL,,
NO_EVENT,DIRECTIONAL,[],[],NONE,,[],[],[],,,,,[],86,,,[],,,,,,NO_ACTION,,,,2026-07-31T09:33:00+05:30,CHOLAFIN,,
NO_EVENT,NONE,[],[],NONE,,[],[],[],,,,,[],87,,,[],,,,,,NO_ACTION,,,,2026-07-31T09:33:00+05:30,COFORGE,,
NO_EVENT,DIRECTIONAL,[],[],NONE,,[],[],[],,,,,[],88,,,[],,,,,,NO_ACTION,,,,2026-07-31T09:33:00+05:30,DIVISLAB,,
DIRECTIONAL_STARTED,DIRECTIONAL,"[""DIR:EXIDEIND:2026-07-31:001:UP:093300:DIRECTIONAL_STARTED:093300""]","[""DIRECTIONAL_STARTED""]",NONE,,[],[],[],,,,,[],89,,,[],,,,,,NO_ACTION,,,,2026-07-31T09:33:00+05:30,EXIDEIND,,
NO_EVENT,NONE,[],[],NONE,,[],[],[],,,,,[],90,,,[],,,,,,NO_ACTION,,,,2026-07-31T09:33:00+05:30,FORCEMOT,,
NO_EVENT,NONE,[],[],NONE,,[],[],[],,,,,[],91,,,[],,,,,,NO_ACTION,,,,2026-07-31T09:33:00+05:30,GLENMARK,,
NO_EVENT,NONE,[],[],NONE,,[],[],[],,,,,[],92,,,[],,,,,,NO_ACTION,,,,2026-07-31T09:33:00+05:30,INDUSTOWER,,
NO_EVENT,NONE,[],[],NONE,,[],[],[],,,,,[],93,,,[],,,,,,NO_ACTION,,,,2026-07-31T09:33:00+05:30,KALYANKJIL,,
DIRECTIONAL_STARTED,DIRECTIONAL,"[""DIR:MANAPPURAM:2026-07-31:001:UP:093300:DIRECTIONAL_STARTED:093300""]","[""DIRECTIONAL_STARTED""]",NONE,,[],[],[],,,,,[],94,,,[],,,,,,NO_ACTION,,,,2026-07-31T09:33:00+05:30,MANAPPURAM,,
NO_EVENT,DIRECTIONAL,[],[],NONE,,[],[],[],,,,,[],95,,,[],,,,,,NO_ACTION,,,,2026-07-31T09:33:00+05:30,PERSISTENT,,
NO_EVENT,DIRECTIONAL,[],[],NONE,,[],[],[],,,,,[],96,,,[],,,,,,NO_ACTION,,,,2026-07-31T09:33:00+05:30,POWERINDIA,,
NO_EVENT,DIRECTIONAL,[],[],NONE,,[],[],[],,,,,[],97,,,[],,,,,,NO_ACTION,,,,2026-07-31T09:33:00+05:30,TCS,,
DIRECTIONAL_STARTED,DIRECTIONAL,"[""DIR:TORNTPHARM:2026-07-31:001:DOWN:093300:DIRECTIONAL_STARTED:093300""]","[""DIRECTIONAL_STARTED""]",NONE,,[],[],[],,,,,[],98,,,[],,,,,,NO_ACTION,,,,2026-07-31T09:33:00+05:30,TORNTPHARM,,
NO_EVENT,DIRECTIONAL,[],[],NONE,,[],[],[],,,,,[],99,,,[],,,,,,NO_ACTION,,,,2026-07-31T09:36:00+05:30,BHEL,,
NO_EVENT,DIRECTIONAL,[],[],NONE,,[],[],[],,,,,[],100,,,[],,,,,,NO_ACTION,,,,2026-07-31T09:36:00+05:30,CHOLAFIN,,
NO_EVENT,NONE,[],[],NONE,,[],[],[],,,,,[],101,,,[],,,,,,NO_ACTION,,,,2026-07-31T09:36:00+05:30,COFORGE,,
NO_EVENT,DIRECTIONAL,[],[],NONE,,[],[],[],,,,,[],102,,,[],,,,,,NO_ACTION,,,,2026-07-31T09:36:00+05:30,DIVISLAB,,
NO_EVENT,DIRECTIONAL,[],[],NONE,,[],[],[],,,,,[],103,,,[],,,,,,NO_ACTION,,,,2026-07-31T09:36:00+05:30,EXIDEIND,,
NO_EVENT,NONE,[],[],NONE,,[],[],[],,,,,[],104,,,[],,,,,,NO_ACTION,,,,2026-07-31T09:36:00+05:30,FORCEMOT,,
NO_EVENT,NONE,[],[],NONE,,[],[],[],,,,,[],105,,,[],,,,,,NO_ACTION,,,,2026-07-31T09:36:00+05:30,GLENMARK,,
NO_EVENT,NONE,[],[],NONE,,[],[],[],,,,,[],106,,,[],,,,,,NO_ACTION,,,,2026-07-31T09:36:00+05:30,INDUSTOWER,,
NO_EVENT,NONE,[],[],NONE,,[],[],[],,,,,[],107,,,[],,,,,,NO_ACTION,,,,2026-07-31T09:36:00+05:30,KALYANKJIL,,
NO_EVENT,DIRECTIONAL,[],[],NONE,,[],[],[],,,,,[],108,,,[],,,,,,NO_ACTION,,,,2026-07-31T09:36:00+05:30,MANAPPURAM,,
DIRECTIONAL_MATURED,MATURE,"[""DIR:PERSISTENT:2026-07-31:001:DOWN:093000:DIRECTIONAL_MATURED:093600""]","[""DIRECTIONAL_MATURED""]",NONE,,[],[],[],,,,,[],109,,,[],,,,,,NO_ACTION,,,,2026-07-31T09:36:00+05:30,PERSISTENT,,
DIRECTIONAL_MATURED,MATURE,"[""DIR:POWERINDIA:2026-07-31:001:UP:093000:DIRECTIONAL_MATURED:093600""]","[""DIRECTIONAL_MATURED""]",NONE,,[],[],[],,,,,[],110,,,[],,,,,,NO_ACTION,,,,2026-07-31T09:36:00+05:30,POWERINDIA,,
DIRECTIONAL_MATURED,MATURE,"[""DIR:TCS:2026-07-31:001:DOWN:093000:DIRECTIONAL_MATURED:093600""]","[""DIRECTIONAL_MATURED""]",NONE,,[],[],[],,,,,[],111,,,[],,,,,,NO_ACTION,,,,2026-07-31T09:36:00+05:30,TCS,,
NO_EVENT,DIRECTIONAL,[],[],NONE,,[],[],[],,,,,[],112,,,[],,,,,,NO_ACTION,,,,2026-07-31T09:36:00+05:30,TORNTPHARM,,
NO_EVENT,DIRECTIONAL,[],[],NONE,,[],[],[],,,,,[],113,,,[],,,,,,NO_ACTION,,,,2026-07-31T09:39:00+05:30,BHEL,,
NO_EVENT,DIRECTIONAL,[],[],NONE,,[],[],[],,,,,[],114,,,[],,,,,,NO_ACTION,,,,2026-07-31T09:39:00+05:30,CHOLAFIN,,
DIRECTIONAL_STARTED,DIRECTIONAL,"[""DIR:COFORGE:2026-07-31:001:UP:093900:DIRECTIONAL_STARTED:093900""]","[""DIRECTIONAL_STARTED""]",NONE,,[],[],[],,,,,[],115,,,[],,,,,,NO_ACTION,,,,2026-07-31T09:39:00+05:30,COFORGE,,
NO_EVENT,DIRECTIONAL,[],[],NONE,,[],[],[],,,,,[],116,,,[],,,,,,NO_ACTION,,,,2026-07-31T09:39:00+05:30,DIVISLAB,,
NO_EVENT,DIRECTIONAL,[],[],NONE,,[],[],[],,,,,[],117,,,[],,,,,,NO_ACTION,,,,2026-07-31T09:39:00+05:30,EXIDEIND,,
NO_EVENT,NONE,[],[],NONE,,[],[],[],,,,,[],118,,,[],,,,,,NO_ACTION,,,,2026-07-31T09:39:00+05:30,FORCEMOT,,
NO_EVENT,NONE,[],[],NONE,,[],[],[],,,,,[],119,,,[],,,,,,NO_ACTION,,,,2026-07-31T09:39:00+05:30,GLENMARK,,
NO_EVENT,NONE,[],[],NONE,,[],[],[],,,,,[],120,,,[],,,,,,NO_ACTION,,,,2026-07-31T09:39:00+05:30,INDUSTOWER,,
NO_EVENT,NONE,[],[],NONE,,[],[],[],,,,,[],121,,,[],,,,,,NO_ACTION,,,,2026-07-31T09:39:00+05:30,KALYANKJIL,,
DIRECTIONAL_MATURED,MATURE,"[""DIR:MANAPPURAM:2026-07-31:001:UP:093300:DIRECTIONAL_MATURED:093900""]","[""DIRECTIONAL_MATURED""]",NONE,,[],[],[],,,,,[],122,,,[],,,,,,NO_ACTION,,,,2026-07-31T09:39:00+05:30,MANAPPURAM,,
REVERSAL_WATCH_STARTED,REVERSAL_WATCH,"[""DIR:PERSISTENT:2026-07-31:001:DOWN:093000:REVERSAL_WATCH_STARTED:093900""]","[""REVERSAL_WATCH_STARTED""]",NONE,,[],[],[],,,,,[],123,,,[],,,,,,NO_ACTION,,,,2026-07-31T09:39:00+05:30,PERSISTENT,,
REVERSAL_WATCH_STARTED,REVERSAL_WATCH,"[""DIR:POWERINDIA:2026-07-31:001:UP:093000:REVERSAL_WATCH_STARTED:093900""]","[""REVERSAL_WATCH_STARTED""]",NONE,,[],[],[],,,,,[],124,,,[],,,,,,NO_ACTION,,,,2026-07-31T09:39:00+05:30,POWERINDIA,,
REVERSAL_WATCH_STARTED,REVERSAL_WATCH,"[""DIR:TCS:2026-07-31:001:DOWN:093000:REVERSAL_WATCH_STARTED:093900""]","[""REVERSAL_WATCH_STARTED""]",NONE,,[],[],[],,,,,[],125,,,[],,,,,,NO_ACTION,,,,2026-07-31T09:39:00+05:30,TCS,,
NO_EVENT,DIRECTIONAL,[],[],NONE,,[],[],[],,,,,[],126,,,[],,,,,,NO_ACTION,,,,2026-07-31T09:39:00+05:30,TORNTPHARM,,
NO_EVENT,DIRECTIONAL,[],[],NONE,,[],[],[],,,,,[],127,,,[],,,,,,NO_ACTION,,,,2026-07-31T09:42:00+05:30,BHEL,,
NO_EVENT,DIRECTIONAL,[],[],NONE,,[],[],[],,,,,[],128,,,[],,,,,,NO_ACTION,,,,2026-07-31T09:42:00+05:30,CHOLAFIN,,
NO_EVENT,DIRECTIONAL,[],[],NONE,,[],[],[],,,,,[],129,,,[],,,,,,NO_ACTION,,,,2026-07-31T09:42:00+05:30,COFORGE,,
BALANCE_FORMING_STARTED,DIRECTIONAL,"[""BAL:DIVISLAB:2026-07-31:001:NEUTRAL:094200:BALANCE_FORMING_STARTED:094200""]","[""BALANCE_FORMING_STARTED""]",FORMING,,[],[],[],,,,,[],130,,,[],,,,,,NO_ACTION,,,,2026-07-31T09:42:00+05:30,DIVISLAB,,
NO_EVENT,DIRECTIONAL,[],[],NONE,,[],[],[],,,,,[],131,,,[],,,,,,NO_ACTION,,,,2026-07-31T09:42:00+05:30,EXIDEIND,,
NO_EVENT,NONE,[],[],NONE,,[],[],[],,,,,[],132,,,[],,,,,,NO_ACTION,,,,2026-07-31T09:42:00+05:30,FORCEMOT,,
NO_EVENT,NONE,[],[],NONE,,[],[],[],,,,,[],133,,,[],,,,,,NO_ACTION,,,,2026-07-31T09:42:00+05:30,GLENMARK,,
NO_EVENT,NONE,[],[],NONE,,[],[],[],,,,,[],134,,,[],,,,,,NO_ACTION,,,,2026-07-31T09:42:00+05:30,INDUSTOWER,,
BALANCE_FORMING_STARTED,NONE,"[""BAL:KALYANKJIL:2026-07-31:001:NEUTRAL:094200:BALANCE_FORMING_STARTED:094200""]","[""BALANCE_FORMING_STARTED""]",FORMING,,[],[],[],,,,,[],135,,,[],,,,,,NO_ACTION,,,,2026-07-31T09:42:00+05:30,KALYANKJIL,,
REVERSAL_WATCH_STARTED,REVERSAL_WATCH,"[""DIR:MANAPPURAM:2026-07-31:001:UP:093300:REVERSAL_WATCH_STARTED:094200""]","[""REVERSAL_WATCH_STARTED""]",NONE,,[],[],[],,,,,[],136,,,[],,,,,,NO_ACTION,,,,2026-07-31T09:42:00+05:30,MANAPPURAM,,
"DIRECTIONAL_REVERSAL_CONFIRMED,DIRECTIONAL_COMPLETED,DIRECTIONAL_REVERSAL_LEG_STARTED",REVERSAL_LEG,"[""DIR:PERSISTENT:2026-07-31:001:DOWN:093000:DIRECTIONAL_REVERSAL_CONFIRMED:094200"", ""DIR:PERSISTENT:2026-07-31:001:DOWN:093000:DIRECTIONAL_COMPLETED:094200"", ""DIR:PERSISTENT:2026-07-31:002:UP:094200:DIRECTIONAL_REVERSAL_LEG_STARTED:094200""]","[""DIRECTIONAL_REVERSAL_CONFIRMED"", ""DIRECTIONAL_COMPLETED"", ""DIRECTIONAL_REVERSAL_LEG_STARTED""]",NONE,,[],[],[],,,,,[],137,,,"[""REVERSAL:WAIT""]",,,,,,NO_ACTION,,,,2026-07-31T09:42:00+05:30,PERSISTENT,,
NO_EVENT,REVERSAL_WATCH,[],[],NONE,,[],[],[],,,,,[],138,,,[],,,,,,NO_ACTION,,,,2026-07-31T09:42:00+05:30,POWERINDIA,,
"DIRECTIONAL_REVERSAL_CONFIRMED,DIRECTIONAL_COMPLETED,DIRECTIONAL_REVERSAL_LEG_STARTED",REVERSAL_LEG,"[""DIR:TCS:2026-07-31:001:DOWN:093000:DIRECTIONAL_REVERSAL_CONFIRMED:094200"", ""DIR:TCS:2026-07-31:001:DOWN:093000:DIRECTIONAL_COMPLETED:094200"", ""DIR:TCS:2026-07-31:002:UP:094200:DIRECTIONAL_REVERSAL_LEG_STARTED:094200""]","[""DIRECTIONAL_REVERSAL_CONFIRMED"", ""DIRECTIONAL_COMPLETED"", ""DIRECTIONAL_REVERSAL_LEG_STARTED""]",NONE,,[],[],[],,,,,[],139,,,"[""REVERSAL:WAIT""]",,,,,,NO_ACTION,,,,2026-07-31T09:42:00+05:30,TCS,,
NO_EVENT,DIRECTIONAL,[],[],NONE,,[],[],[],,,,,[],140,,,[],,,,,,NO_ACTION,,,,2026-07-31T09:42:00+05:30,TORNTPHARM,,
NO_EVENT,DIRECTIONAL,[],[],NONE,,[],[],[],,,,,[],141,,,[],,,,,,NO_ACTION,,,,2026-07-31T09:45:00+05:30,BHEL,,
NO_EVENT,DIRECTIONAL,[],[],NONE,,[],[],[],,,,,[],142,,,[],,,,,,NO_ACTION,,,,2026-07-31T09:45:00+05:30,CHOLAFIN,,
NO_EVENT,DIRECTIONAL,[],[],NONE,,[],[],[],,,,,[],143,,,[],,,,,,NO_ACTION,,,,2026-07-31T09:45:00+05:30,COFORGE,,
NO_EVENT,DIRECTIONAL,[],[],FORMING,,[],[],[],,,,,[],144,,,[],,,,,,NO_ACTION,,,,2026-07-31T09:45:00+05:30,DIVISLAB,,
NO_EVENT,DIRECTIONAL,[],[],NONE,,[],[],[],,,,,[],145,,,[],,,,,,NO_ACTION,,,,2026-07-31T09:45:00+05:30,EXIDEIND,,
NO_EVENT,NONE,[],[],NONE,,[],[],[],,,,,[],146,,,[],,,,,,NO_ACTION,,,,2026-07-31T09:45:00+05:30,FORCEMOT,,
NO_EVENT,NONE,[],[],NONE,,[],[],[],,,,,[],147,,,[],,,,,,NO_ACTION,,,,2026-07-31T09:45:00+05:30,GLENMARK,,
NO_EVENT,NONE,[],[],NONE,,[],[],[],,,,,[],148,,,[],,,,,,NO_ACTION,,,,2026-07-31T09:45:00+05:30,INDUSTOWER,,
NO_EVENT,NONE,[],[],FORMING,,[],[],[],,,,,[],149,,,[],,,,,,NO_ACTION,,,,2026-07-31T09:45:00+05:30,KALYANKJIL,,
NO_EVENT,REVERSAL_WATCH,[],[],NONE,,[],[],[],,,,,[],150,,,[],,,,,,NO_ACTION,,,,2026-07-31T09:45:00+05:30,MANAPPURAM,,
NO_EVENT,REVERSAL_LEG,[],[],NONE,,[],[],[],,,,,[],151,,,[],,,,,,NO_ACTION,,,,2026-07-31T09:45:00+05:30,PERSISTENT,,
NO_EVENT,REVERSAL_WATCH,[],[],NONE,,[],[],[],,,,,[],152,,,[],,,,,,NO_ACTION,,,,2026-07-31T09:45:00+05:30,POWERINDIA,,
NO_EVENT,REVERSAL_LEG,[],[],NONE,,[],[],[],,,,,[],153,,,[],,,,,,NO_ACTION,,,,2026-07-31T09:45:00+05:30,TCS,,
NO_EVENT,DIRECTIONAL,[],[],NONE,,[],[],[],,,,,[],154,,,[],,,,,,NO_ACTION,,,,2026-07-31T09:45:00+05:30,TORNTPHARM,,
DIRECTIONAL_MATURED,MATURE,"[""DIR:BHEL:2026-07-31:001:UP:093000:DIRECTIONAL_MATURED:094800""]","[""DIRECTIONAL_MATURED""]",NONE,,[],[],[],,,,,[],155,,,[],,,,,,NO_ACTION,,,,2026-07-31T09:48:00+05:30,BHEL,,
NO_EVENT,DIRECTIONAL,[],[],NONE,,[],[],[],,,,,[],156,,,[],,,,,,NO_ACTION,,,,2026-07-31T09:48:00+05:30,CHOLAFIN,,
NO_EVENT,DIRECTIONAL,[],[],NONE,,[],[],[],,,,,[],157,,,[],,,,,,NO_ACTION,,,,2026-07-31T09:48:00+05:30,COFORGE,,
NO_EVENT,DIRECTIONAL,[],[],FORMING,,[],[],[],,,,,[],158,,,[],,,,,,NO_ACTION,,,,2026-07-31T09:48:00+05:30,DIVISLAB,,
DIRECTIONAL_MATURED,MATURE,"[""DIR:EXIDEIND:2026-07-31:001:UP:093300:DIRECTIONAL_MATURED:094800""]","[""DIRECTIONAL_MATURED""]",NONE,,[],[],[],,,,,[],159,,,[],,,,,,NO_ACTION,,,,2026-07-31T09:48:00+05:30,EXIDEIND,,
NO_EVENT,NONE,[],[],NONE,,[],[],[],,,,,[],160,,,[],,,,,,NO_ACTION,,,,2026-07-31T09:48:00+05:30,FORCEMOT,,
NO_EVENT,NONE,[],[],NONE,,[],[],[],,,,,[],161,,,[],,,,,,NO_ACTION,,,,2026-07-31T09:48:00+05:30,GLENMARK,,
DIRECTIONAL_STARTED,DIRECTIONAL,"[""DIR:INDUSTOWER:2026-07-31:001:DOWN:094800:DIRECTIONAL_STARTED:094800""]","[""DIRECTIONAL_STARTED""]",NONE,,[],[],[],,,,,[],162,,,[],,,,,,NO_ACTION,,,,2026-07-31T09:48:00+05:30,INDUSTOWER,,
DIRECTIONAL_STARTED,DIRECTIONAL,"[""DIR:KALYANKJIL:2026-07-31:001:DOWN:094800:DIRECTIONAL_STARTED:094800""]","[""DIRECTIONAL_STARTED""]",FORMING,,[],[],[],,,,,[],163,,,[],,,,,,NO_ACTION,,,,2026-07-31T09:48:00+05:30,KALYANKJIL,,
"DIRECTIONAL_REVERSAL_CONFIRMED,DIRECTIONAL_COMPLETED,DIRECTIONAL_REVERSAL_LEG_STARTED",REVERSAL_LEG,"[""DIR:MANAPPURAM:2026-07-31:001:UP:093300:DIRECTIONAL_REVERSAL_CONFIRMED:094800"", ""DIR:MANAPPURAM:2026-07-31:001:UP:093300:DIRECTIONAL_COMPLETED:094800"", ""DIR:MANAPPURAM:2026-07-31:002:DOWN:094800:DIRECTIONAL_REVERSAL_LEG_STARTED:094800""]","[""DIRECTIONAL_REVERSAL_CONFIRMED"", ""DIRECTIONAL_COMPLETED"", ""DIRECTIONAL_REVERSAL_LEG_STARTED""]",NONE,,[],[],[],,,,,[],164,,,"[""REVERSAL:WAIT""]",,,,,,NO_ACTION,,,,2026-07-31T09:48:00+05:30,MANAPPURAM,,
"DIRECTIONAL_REVERSAL_LEG_FAILED,DIRECTIONAL_COMPLETED",COMPLETED,"[""DIR:PERSISTENT:2026-07-31:002:UP:094200:DIRECTIONAL_REVERSAL_LEG_FAILED:094800"", ""DIR:PERSISTENT:2026-07-31:002:UP:094200:DIRECTIONAL_COMPLETED:094800""]","[""DIRECTIONAL_REVERSAL_LEG_FAILED"", ""DIRECTIONAL_COMPLETED""]",NONE,,[],[],[],,,,,[],165,,,[],,,,,,NO_ACTION,,,,2026-07-31T09:48:00+05:30,PERSISTENT,,
NO_EVENT,REVERSAL_WATCH,[],[],NONE,,[],[],[],,,,,[],166,,,[],,,,,,NO_ACTION,,,,2026-07-31T09:48:00+05:30,POWERINDIA,,
NO_EVENT,REVERSAL_LEG,[],[],NONE,,[],[],[],,,,,[],167,,,[],,,,,,NO_ACTION,,,,2026-07-31T09:48:00+05:30,TCS,,
NO_EVENT,DIRECTIONAL,[],[],NONE,,[],[],[],,,,,[],168,,,[],,,,,,NO_ACTION,,,,2026-07-31T09:48:00+05:30,TORNTPHARM,,
REVERSAL_WATCH_STARTED,REVERSAL_WATCH,"[""DIR:BHEL:2026-07-31:001:UP:093000:REVERSAL_WATCH_STARTED:095100""]","[""REVERSAL_WATCH_STARTED""]",NONE,,[],[],[],,,,,[],169,,,[],,,,,,NO_ACTION,,,,2026-07-31T09:51:00+05:30,BHEL,,
DIRECTIONAL_REACCELERATION_CONFIRMED,DIRECTIONAL,"[""DIR:CHOLAFIN:2026-07-31:001:UP:093000:DIRECTIONAL_REACCELERATION_CONFIRMED:095100""]","[""DIRECTIONAL_REACCELERATION_CONFIRMED""]",NONE,,[],[],[],,,,,[],170,,,"[""REACCELERATION:PERMIT""]",,,,,,NO_ACTION,,,,2026-07-31T09:51:00+05:30,CHOLAFIN,,
DIRECTIONAL_MATURED,MATURE,"[""DIR:COFORGE:2026-07-31:001:UP:093900:DIRECTIONAL_MATURED:095100""]","[""DIRECTIONAL_MATURED""]",NONE,,[],[],[],,,,,[],171,,,[],,,,,,NO_ACTION,,,,2026-07-31T09:51:00+05:30,COFORGE,,
NO_EVENT,DIRECTIONAL,[],[],FORMING,,[],[],[],,,,,[],172,,,[],,,,,,NO_ACTION,,,,2026-07-31T09:51:00+05:30,DIVISLAB,,
DIRECTIONAL_COMPLETED,COMPLETED,"[""DIR:EXIDEIND:2026-07-31:001:UP:093300:DIRECTIONAL_COMPLETED:095100""]","[""DIRECTIONAL_COMPLETED""]",NONE,,[],[],[],,,,,[],173,,,[],,,,,,NO_ACTION,,,,2026-07-31T09:51:00+05:30,EXIDEIND,,
NO_EVENT,NONE,[],[],NONE,,[],[],[],,,,,[],174,,,[],,,,,,NO_ACTION,,,,2026-07-31T09:51:00+05:30,FORCEMOT,,
NO_EVENT,NONE,[],[],NONE,,[],[],[],,,,,[],175,,,[],,,,,,NO_ACTION,,,,2026-07-31T09:51:00+05:30,GLENMARK,,
DIRECTIONAL_MATURED,MATURE,"[""DIR:INDUSTOWER:2026-07-31:001:DOWN:094800:DIRECTIONAL_MATURED:095100""]","[""DIRECTIONAL_MATURED""]",NONE,,[],[],[],,,,,[],176,,,[],,,,,,NO_ACTION,,,,2026-07-31T09:51:00+05:30,INDUSTOWER,,
NO_EVENT,DIRECTIONAL,[],[],FORMING,,[],[],[],,,,,[],177,,,[],,,,,,NO_ACTION,,,,2026-07-31T09:51:00+05:30,KALYANKJIL,,
NO_EVENT,REVERSAL_LEG,[],[],NONE,,[],[],[],,,,,[],178,,,[],,,,,,NO_ACTION,,,,2026-07-31T09:51:00+05:30,MANAPPURAM,,
NO_EVENT,NONE,[],[],NONE,,[],[],[],,,,,[],179,,,[],,,,,,NO_ACTION,,,,2026-07-31T09:51:00+05:30,PERSISTENT,,
"BALANCE_FORMING_STARTED,DIRECTIONAL_REVERSAL_CONFIRMED,DIRECTIONAL_COMPLETED,DIRECTIONAL_REVERSAL_LEG_STARTED",REVERSAL_LEG,"[""BAL:POWERINDIA:2026-07-31:001:NEUTRAL:095100:BALANCE_FORMING_STARTED:095100"", ""DIR:POWERINDIA:2026-07-31:001:UP:093000:DIRECTIONAL_REVERSAL_CONFIRMED:095100"", ""DIR:POWERINDIA:2026-07-31:001:UP:093000:DIRECTIONAL_COMPLETED:095100"", ""DIR:POWERINDIA:2026-07-31:002:DOWN:095100:DIRECTIONAL_REVERSAL_LEG_STARTED:095100""]","[""BALANCE_FORMING_STARTED"", ""DIRECTIONAL_REVERSAL_CONFIRMED"", ""DIRECTIONAL_COMPLETED"", ""DIRECTIONAL_REVERSAL_LEG_STARTED""]",FORMING,,[],[],[],,,,,[],180,,,"[""REVERSAL:WAIT""]",,,,,,NO_ACTION,,,,2026-07-31T09:51:00+05:30,POWERINDIA,,
NO_EVENT,REVERSAL_LEG,[],[],NONE,,[],[],[],,,,,[],181,,,[],,,,,,NO_ACTION,,,,2026-07-31T09:51:00+05:30,TCS,,
BALANCE_FORMING_STARTED,DIRECTIONAL,"[""BAL:TORNTPHARM:2026-07-31:001:NEUTRAL:095100:BALANCE_FORMING_STARTED:095100""]","[""BALANCE_FORMING_STARTED""]",FORMING,,[],[],[],,,,,[],182,,,[],,,,,,NO_ACTION,,,,2026-07-31T09:51:00+05:30,TORNTPHARM,,
NO_EVENT,REVERSAL_WATCH,[],[],NONE,,[],[],[],,,,,[],183,,,[],,,,,,NO_ACTION,,,,2026-07-31T09:54:00+05:30,BHEL,,
NO_EVENT,DIRECTIONAL,[],[],NONE,,[],[],[],,,,,[],184,,,[],,,,,,NO_ACTION,,,,2026-07-31T09:54:00+05:30,CHOLAFIN,,
REVERSAL_WATCH_STARTED,REVERSAL_WATCH,"[""DIR:COFORGE:2026-07-31:001:UP:093900:REVERSAL_WATCH_STARTED:095400""]","[""REVERSAL_WATCH_STARTED""]",NONE,,[],[],[],,,,,[],185,,,[],,,,,,NO_ACTION,,,,2026-07-31T09:54:00+05:30,COFORGE,,
BALANCE_PROBABLE,DIRECTIONAL,"[""BAL:DIVISLAB:2026-07-31:001:NEUTRAL:094200:BALANCE_PROBABLE:095400""]","[""BALANCE_PROBABLE""]",PROBABLE,,[],[],[],,,,,[],186,,,[],,,,,,NO_ACTION,,,,2026-07-31T09:54:00+05:30,DIVISLAB,,
NO_EVENT,NONE,[],[],NONE,,[],[],[],,,,,[],187,,,[],,,,,,NO_ACTION,,,,2026-07-31T09:54:00+05:30,EXIDEIND,,
NO_EVENT,NONE,[],[],NONE,,[],[],[],,,,,[],188,,,[],,,,,,NO_ACTION,,,,2026-07-31T09:54:00+05:30,FORCEMOT,,
NO_EVENT,NONE,[],[],NONE,,[],[],[],,,,,[],189,,,[],,,,,,NO_ACTION,,,,2026-07-31T09:54:00+05:30,GLENMARK,,
REVERSAL_WATCH_STARTED,REVERSAL_WATCH,"[""DIR:INDUSTOWER:2026-07-31:001:DOWN:094800:REVERSAL_WATCH_STARTED:095400""]","[""REVERSAL_WATCH_STARTED""]",NONE,,[],[],[],,,,,[],190,,,[],,,,,,NO_ACTION,,,,2026-07-31T09:54:00+05:30,INDUSTOWER,,
"BALANCE_COMPLETED,DIRECTIONAL_MATURED",MATURE,"[""BAL:KALYANKJIL:2026-07-31:001:NEUTRAL:094200:BALANCE_COMPLETED:095400"", ""DIR:KALYANKJIL:2026-07-31:001:DOWN:094800:DIRECTIONAL_MATURED:095400""]","[""BALANCE_COMPLETED"", ""DIRECTIONAL_MATURED""]",COMPLETED,,[],[],[],,,,,[],191,,,[],,,,,,NO_ACTION,,,,2026-07-31T09:54:00+05:30,KALYANKJIL,,
"DIRECTIONAL_REVERSAL_LEG_FAILED,DIRECTIONAL_COMPLETED",COMPLETED,"[""DIR:MANAPPURAM:2026-07-31:002:DOWN:094800:DIRECTIONAL_REVERSAL_LEG_FAILED:095400"", ""DIR:MANAPPURAM:2026-07-31:002:DOWN:094800:DIRECTIONAL_COMPLETED:095400""]","[""DIRECTIONAL_REVERSAL_LEG_FAILED"", ""DIRECTIONAL_COMPLETED""]",NONE,,[],[],[],,,,,[],192,,,[],,,,,,NO_ACTION,,,,2026-07-31T09:54:00+05:30,MANAPPURAM,,
NO_EVENT,NONE,[],[],NONE,,[],[],[],,,,,[],193,,,[],,,,,,NO_ACTION,,,,2026-07-31T09:54:00+05:30,PERSISTENT,,
NO_EVENT,REVERSAL_LEG,[],[],FORMING,,[],[],[],,,,,[],194,,,[],,,,,,NO_ACTION,,,,2026-07-31T09:54:00+05:30,POWERINDIA,,
NO_EVENT,REVERSAL_LEG,[],[],NONE,,[],[],[],,,,,[],195,,,[],,,,,,NO_ACTION,,,,2026-07-31T09:54:00+05:30,TCS,,
NO_EVENT,DIRECTIONAL,[],[],FORMING,,[],[],[],,,,,[],196,,,[],,,,,,NO_ACTION,,,,2026-07-31T09:54:00+05:30,TORNTPHARM,,
NO_EVENT,REVERSAL_WATCH,[],[],NONE,,[],[],[],,,,,[],197,,,[],,,,,,NO_ACTION,,,,2026-07-31T09:57:00+05:30,BHEL,,
NO_EVENT,DIRECTIONAL,[],[],NONE,,[],[],[],,,,,[],198,,,[],,,,,,NO_ACTION,,,,2026-07-31T09:57:00+05:30,CHOLAFIN,,
NO_EVENT,REVERSAL_WATCH,[],[],NONE,,[],[],[],,,,,[],199,,,[],,,,,,NO_ACTION,,,,2026-07-31T09:57:00+05:30,COFORGE,,
NO_EVENT,DIRECTIONAL,[],[],PROBABLE,,[],[],[],,,,,[],200,,,[],,,,,,NO_ACTION,,,,2026-07-31T09:57:00+05:30,DIVISLAB,,
DIRECTIONAL_STARTED,DIRECTIONAL,"[""DIR:EXIDEIND:2026-07-31:002:DOWN:095700:DIRECTIONAL_STARTED:095700""]","[""DIRECTIONAL_STARTED""]",NONE,,[],[],[],,,,,[],201,,,[],,,,,,NO_ACTION,,,,2026-07-31T09:57:00+05:30,EXIDEIND,,
NO_EVENT,NONE,[],[],NONE,,[],[],[],,,,,[],202,,,[],,,,,,NO_ACTION,,,,2026-07-31T09:57:00+05:30,FORCEMOT,,
NO_EVENT,NONE,[],[],NONE,,[],[],[],,,,,[],203,,,[],,,,,,NO_ACTION,,,,2026-07-31T09:57:00+05:30,GLENMARK,,
"DIRECTIONAL_REVERSAL_CONFIRMED,DIRECTIONAL_COMPLETED,DIRECTIONAL_REVERSAL_LEG_STARTED",REVERSAL_LEG,"[""DIR:INDUSTOWER:2026-07-31:001:DOWN:094800:DIRECTIONAL_REVERSAL_CONFIRMED:095700"", ""DIR:INDUSTOWER:2026-07-31:001:DOWN:094800:DIRECTIONAL_COMPLETED:095700"", ""DIR:INDUSTOWER:2026-07-31:002:UP:095700:DIRECTIONAL_REVERSAL_LEG_STARTED:095700""]","[""DIRECTIONAL_REVERSAL_CONFIRMED"", ""DIRECTIONAL_COMPLETED"", ""DIRECTIONAL_REVERSAL_LEG_STARTED""]",NONE,,[],[],[],,,,,[],204,,,"[""REVERSAL:WAIT""]",,,,,,NO_ACTION,,,,2026-07-31T09:57:00+05:30,INDUSTOWER,,
REVERSAL_WATCH_STARTED,REVERSAL_WATCH,"[""DIR:KALYANKJIL:2026-07-31:001:DOWN:094800:REVERSAL_WATCH_STARTED:095700""]","[""REVERSAL_WATCH_STARTED""]",NONE,,[],[],[],,,,,[],205,,,[],,,,,,NO_ACTION,,,,2026-07-31T09:57:00+05:30,KALYANKJIL,,
BALANCE_FORMING_STARTED,NONE,"[""BAL:MANAPPURAM:2026-07-31:001:NEUTRAL:095700:BALANCE_FORMING_STARTED:095700""]","[""BALANCE_FORMING_STARTED""]",FORMING,,[],[],[],,,,,[],206,,,[],,,,,,NO_ACTION,,,,2026-07-31T09:57:00+05:30,MANAPPURAM,,
NO_EVENT,NONE,[],[],NONE,,[],[],[],,,,,[],207,,,[],,,,,,NO_ACTION,,,,2026-07-31T09:57:00+05:30,PERSISTENT,,
"DIRECTIONAL_REVERSAL_LEG_FAILED,DIRECTIONAL_COMPLETED",COMPLETED,"[""DIR:POWERINDIA:2026-07-31:002:DOWN:095100:DIRECTIONAL_REVERSAL_LEG_FAILED:095700"", ""DIR:POWERINDIA:2026-07-31:002:DOWN:095100:DIRECTIONAL_COMPLETED:095700""]","[""DIRECTIONAL_REVERSAL_LEG_FAILED"", ""DIRECTIONAL_COMPLETED""]",FORMING,,[],[],[],,,,,[],208,,,[],,,,,,NO_ACTION,,,,2026-07-31T09:57:00+05:30,POWERINDIA,,
NO_EVENT,REVERSAL_LEG,[],[],NONE,,[],[],[],,,,,[],209,,,[],,,,,,NO_ACTION,,,,2026-07-31T09:57:00+05:30,TCS,,
NO_EVENT,DIRECTIONAL,[],[],FORMING,,[],[],[],,,,,[],210,,,[],,,,,,NO_ACTION,,,,2026-07-31T09:57:00+05:30,TORNTPHARM,,
DIRECTIONAL_TREND_RESTORED,DIRECTIONAL,"[""DIR:BHEL:2026-07-31:001:UP:093000:DIRECTIONAL_TREND_RESTORED:100000""]","[""DIRECTIONAL_TREND_RESTORED""]",NONE,,[],[],[],,,,,[],211,,,"[""CONTINUATION:PERMIT""]",,,,,,NO_ACTION,,,,2026-07-31T10:00:00+05:30,BHEL,,
DIRECTIONAL_MATURED,MATURE,"[""DIR:CHOLAFIN:2026-07-31:001:UP:093000:DIRECTIONAL_MATURED:100000""]","[""DIRECTIONAL_MATURED""]",NONE,,[],[],[],,,,,[],212,,,[],,,,,,NO_ACTION,,,,2026-07-31T10:00:00+05:30,CHOLAFIN,,
NO_EVENT,REVERSAL_WATCH,[],[],NONE,,[],[],[],,,,,[],213,,,[],,,,,,NO_ACTION,,,,2026-07-31T10:00:00+05:30,COFORGE,,
DIRECTIONAL_MATURED,MATURE,"[""DIR:DIVISLAB:2026-07-31:001:UP:093000:DIRECTIONAL_MATURED:100000""]","[""DIRECTIONAL_MATURED""]",PROBABLE,,[],[],[],,,,,[],214,,,[],,,,,,NO_ACTION,,,,2026-07-31T10:00:00+05:30,DIVISLAB,,
DIRECTIONAL_MATURED,MATURE,"[""DIR:EXIDEIND:2026-07-31:002:DOWN:095700:DIRECTIONAL_MATURED:100000""]","[""DIRECTIONAL_MATURED""]",NONE,,[],[],[],,,,,[],215,,,[],,,,,,NO_ACTION,,,,2026-07-31T10:00:00+05:30,EXIDEIND,,
BALANCE_FORMING_STARTED,NONE,"[""BAL:FORCEMOT:2026-07-31:001:NEUTRAL:100000:BALANCE_FORMING_STARTED:100000""]","[""BALANCE_FORMING_STARTED""]",FORMING,,[],[],[],,,,,[],216,,,[],,,,,,NO_ACTION,,,,2026-07-31T10:00:00+05:30,FORCEMOT,,
NO_EVENT,NONE,[],[],NONE,,[],[],[],,,,,[],217,,,[],,,,,,NO_ACTION,,,,2026-07-31T10:00:00+05:30,GLENMARK,,
NO_EVENT,REVERSAL_LEG,[],[],NONE,,[],[],[],,,,,[],218,,,[],,,,,,NO_ACTION,,,,2026-07-31T10:00:00+05:30,INDUSTOWER,,
NO_EVENT,REVERSAL_WATCH,[],[],NONE,,[],[],[],,,,,[],219,,,[],,,,,,NO_ACTION,,,,2026-07-31T10:00:00+05:30,KALYANKJIL,,
DIRECTIONAL_STARTED,DIRECTIONAL,"[""DIR:MANAPPURAM:2026-07-31:003:UP:100000:DIRECTIONAL_STARTED:100000""]","[""DIRECTIONAL_STARTED""]",FORMING,,[],[],[],,,,,[],220,,,[],,,,,,NO_ACTION,,,,2026-07-31T10:00:00+05:30,MANAPPURAM,,
NO_EVENT,NONE,[],[],NONE,,[],[],[],,,,,[],221,,,[],,,,,,NO_ACTION,,,,2026-07-31T10:00:00+05:30,PERSISTENT,,
NO_EVENT,NONE,[],[],FORMING,,[],[],[],,,,,[],222,,,[],,,,,,NO_ACTION,,,,2026-07-31T10:00:00+05:30,POWERINDIA,,
NO_EVENT,REVERSAL_LEG,[],[],NONE,,[],[],[],,,,,[],223,,,[],,,,,,NO_ACTION,,,,2026-07-31T10:00:00+05:30,TCS,,
NO_EVENT,DIRECTIONAL,[],[],FORMING,,[],[],[],,,,,[],224,,,[],,,,,,NO_ACTION,,,,2026-07-31T10:00:00+05:30,TORNTPHARM,,
DIRECTIONAL_MATURED,MATURE,"[""DIR:BHEL:2026-07-31:001:UP:093000:DIRECTIONAL_MATURED:100300""]","[""DIRECTIONAL_MATURED""]",NONE,,[],[],[],,,,,[],225,,,[],,,,,,NO_ACTION,,,,2026-07-31T10:03:00+05:30,BHEL,,
REVERSAL_WATCH_STARTED,REVERSAL_WATCH,"[""DIR:CHOLAFIN:2026-07-31:001:UP:093000:REVERSAL_WATCH_STARTED:100300""]","[""REVERSAL_WATCH_STARTED""]",NONE,,[],[],[],,,,,[],226,,,[],,,,,,NO_ACTION,,,,2026-07-31T10:03:00+05:30,CHOLAFIN,,
NO_EVENT,REVERSAL_WATCH,[],[],NONE,,[],[],[],,,,,[],227,,,[],,,,,,NO_ACTION,,,,2026-07-31T10:03:00+05:30,COFORGE,,
"BALANCE_LOCKED,REVERSAL_WATCH_STARTED",REVERSAL_WATCH,"[""BAL:DIVISLAB:2026-07-31:001:NEUTRAL:094200:BALANCE_LOCKED:100300"", ""DIR:DIVISLAB:2026-07-31:001:UP:093000:REVERSAL_WATCH_STARTED:100300""]","[""BALANCE_LOCKED"", ""REVERSAL_WATCH_STARTED""]",LOCKED,,[],[],[],,,,,[],228,,,"[""CONTINUATION:BLOCK"", ""REACCELERATION:BLOCK"", ""REVERSAL:BLOCK""]",,,,,,NO_ACTION,,,,2026-07-31T10:03:00+05:30,DIVISLAB,,
REVERSAL_WATCH_STARTED,REVERSAL_WATCH,"[""DIR:EXIDEIND:2026-07-31:002:DOWN:095700:REVERSAL_WATCH_STARTED:100300""]","[""REVERSAL_WATCH_STARTED""]",NONE,,[],[],[],,,,,[],229,,,[],,,,,,NO_ACTION,,,,2026-07-31T10:03:00+05:30,EXIDEIND,,
NO_EVENT,NONE,[],[],FORMING,,[],[],[],,,,,[],230,,,[],,,,,,NO_ACTION,,,,2026-07-31T10:03:00+05:30,FORCEMOT,,
NO_EVENT,NONE,[],[],NONE,,[],[],[],,,,,[],231,,,[],,,,,,NO_ACTION,,,,2026-07-31T10:03:00+05:30,GLENMARK,,
DIRECTIONAL_REVERSAL_LEG_ESTABLISHED,DIRECTIONAL,"[""DIR:INDUSTOWER:2026-07-31:002:UP:095700:DIRECTIONAL_REVERSAL_LEG_ESTABLISHED:100300""]","[""DIRECTIONAL_REVERSAL_LEG_ESTABLISHED""]",NONE,,[],[],[],,,,,[],232,,,"[""REVERSAL:PERMIT""]",,,,,,NO_ACTION,,,,2026-07-31T10:03:00+05:30,INDUSTOWER,,
NO_EVENT,REVERSAL_WATCH,[],[],NONE,,[],[],[],,,,,[],233,,,[],,,,,,NO_ACTION,,,,2026-07-31T10:03:00+05:30,KALYANKJIL,,
NO_EVENT,DIRECTIONAL,[],[],FORMING,,[],[],[],,,,,[],234,,,[],,,,,,NO_ACTION,,,,2026-07-31T10:03:00+05:30,MANAPPURAM,,
NO_EVENT,NONE,[],[],NONE,,[],[],[],,,,,[],235,,,[],,,,,,NO_ACTION,,,,2026-07-31T10:03:00+05:30,PERSISTENT,,
"BALANCE_PROBABLE,DIRECTIONAL_STARTED",DIRECTIONAL,"[""BAL:POWERINDIA:2026-07-31:001:NEUTRAL:095100:BALANCE_PROBABLE:100300"", ""DIR:POWERINDIA:2026-07-31:003:UP:100300:DIRECTIONAL_STARTED:100300""]","[""BALANCE_PROBABLE"", ""DIRECTIONAL_STARTED""]",PROBABLE,,[],[],[],,,,,[],236,,,[],,,,,,NO_ACTION,,,,2026-07-31T10:03:00+05:30,POWERINDIA,,
DIRECTIONAL_REVERSAL_LEG_ESTABLISHED,DIRECTIONAL,"[""DIR:TCS:2026-07-31:002:UP:094200:DIRECTIONAL_REVERSAL_LEG_ESTABLISHED:100300""]","[""DIRECTIONAL_REVERSAL_LEG_ESTABLISHED""]",NONE,,[],[],[],,,,,[],237,,,"[""REVERSAL:PERMIT""]",,,,,,NO_ACTION,,,,2026-07-31T10:03:00+05:30,TCS,,
NO_EVENT,DIRECTIONAL,[],[],FORMING,,[],[],[],,,,,[],238,,,[],,,,,,NO_ACTION,,,,2026-07-31T10:03:00+05:30,TORNTPHARM,,
REVERSAL_WATCH_STARTED,REVERSAL_WATCH,"[""DIR:BHEL:2026-07-31:001:UP:093000:REVERSAL_WATCH_STARTED:100600""]","[""REVERSAL_WATCH_STARTED""]",NONE,,[],[],[],,,,,[],239,,,[],,,,,,NO_ACTION,,,,2026-07-31T10:06:00+05:30,BHEL,,
NO_EVENT,REVERSAL_WATCH,[],[],NONE,,[],[],[],,,,,[],240,,,[],,,,,,NO_ACTION,,,,2026-07-31T10:06:00+05:30,CHOLAFIN,,
NO_EVENT,REVERSAL_WATCH,[],[],NONE,,[],[],[],,,,,[],241,,,[],,,,,,NO_ACTION,,,,2026-07-31T10:06:00+05:30,COFORGE,,
"DIRECTIONAL_REVERSAL_CONFIRMED,DIRECTIONAL_COMPLETED,DIRECTIONAL_REVERSAL_LEG_STARTED",REVERSAL_LEG,"[""DIR:DIVISLAB:2026-07-31:001:UP:093000:DIRECTIONAL_REVERSAL_CONFIRMED:100600"", ""DIR:DIVISLAB:2026-07-31:001:UP:093000:DIRECTIONAL_COMPLETED:100600"", ""DIR:DIVISLAB:2026-07-31:002:DOWN:100600:DIRECTIONAL_REVERSAL_LEG_STARTED:100600""]","[""DIRECTIONAL_REVERSAL_CONFIRMED"", ""DIRECTIONAL_COMPLETED"", ""DIRECTIONAL_REVERSAL_LEG_STARTED""]",LOCKED,,[],[],[],,,,,[],242,,,"[""CONTINUATION:BLOCK"", ""REACCELERATION:BLOCK"", ""REVERSAL:BLOCK""]",,,,,,NO_ACTION,,,,2026-07-31T10:06:00+05:30,DIVISLAB,,
NO_EVENT,REVERSAL_WATCH,[],[],NONE,,[],[],[],,,,,[],243,,,[],,,,,,NO_ACTION,,,,2026-07-31T10:06:00+05:30,EXIDEIND,,
NO_EVENT,NONE,[],[],FORMING,,[],[],[],,,,,[],244,,,[],,,,,,NO_ACTION,,,,2026-07-31T10:06:00+05:30,FORCEMOT,,
NO_EVENT,NONE,[],[],NONE,,[],[],[],,,,,[],245,,,[],,,,,,NO_ACTION,,,,2026-07-31T10:06:00+05:30,GLENMARK,,
NO_EVENT,DIRECTIONAL,[],[],NONE,,[],[],[],,,,,[],246,,,[],,,,,,NO_ACTION,,,,2026-07-31T10:06:00+05:30,INDUSTOWER,,
NO_EVENT,REVERSAL_WATCH,[],[],NONE,,[],[],[],,,,,[],247,,,[],,,,,,NO_ACTION,,,,2026-07-31T10:06:00+05:30,KALYANKJIL,,
NO_EVENT,DIRECTIONAL,[],[],FORMING,,[],[],[],,,,,[],248,,,[],,,,,,NO_ACTION,,,,2026-07-31T10:06:00+05:30,MANAPPURAM,,
NO_EVENT,NONE,[],[],NONE,,[],[],[],,,,,[],249,,,[],,,,,,NO_ACTION,,,,2026-07-31T10:06:00+05:30,PERSISTENT,,
NO_EVENT,DIRECTIONAL,[],[],PROBABLE,,[],[],[],,,,,[],250,,,[],,,,,,NO_ACTION,,,,2026-07-31T10:06:00+05:30,POWERINDIA,,
BALANCE_FORMING_STARTED,DIRECTIONAL,"[""BAL:TCS:2026-07-31:001:NEUTRAL:100600:BALANCE_FORMING_STARTED:100600""]","[""BALANCE_FORMING_STARTED""]",FORMING,,[],[],[],,,,,[],251,,,[],,,,,,NO_ACTION,,,,2026-07-31T10:06:00+05:30,TCS,,
BALANCE_COMPLETED,DIRECTIONAL,"[""BAL:TORNTPHARM:2026-07-31:001:NEUTRAL:095100:BALANCE_COMPLETED:100600""]","[""BALANCE_COMPLETED""]",COMPLETED,,[],[],[],,,,,[],252,,,[],,,,,,NO_ACTION,,,,2026-07-31T10:06:00+05:30,TORNTPHARM,,
"DIRECTIONAL_REVERSAL_CONFIRMED,DIRECTIONAL_COMPLETED,DIRECTIONAL_REVERSAL_LEG_STARTED",REVERSAL_LEG,"[""DIR:BHEL:2026-07-31:001:UP:093000:DIRECTIONAL_REVERSAL_CONFIRMED:100900"", ""DIR:BHEL:2026-07-31:001:UP:093000:DIRECTIONAL_COMPLETED:100900"", ""DIR:BHEL:2026-07-31:002:DOWN:100900:DIRECTIONAL_REVERSAL_LEG_STARTED:100900""]","[""DIRECTIONAL_REVERSAL_CONFIRMED"", ""DIRECTIONAL_COMPLETED"", ""DIRECTIONAL_REVERSAL_LEG_STARTED""]",NONE,,[],[],[],,,,,[],253,,,"[""REVERSAL:WAIT""]",,,,,,NO_ACTION,,,,2026-07-31T10:09:00+05:30,BHEL,,
NO_EVENT,REVERSAL_WATCH,[],[],NONE,,[],[],[],,,,,[],254,,,[],,,,,,NO_ACTION,,,,2026-07-31T10:09:00+05:30,CHOLAFIN,,
NO_EVENT,REVERSAL_WATCH,[],[],NONE,,[],[],[],,,,,[],255,,,[],,,,,,NO_ACTION,,,,2026-07-31T10:09:00+05:30,COFORGE,,
NO_EVENT,REVERSAL_LEG,[],[],LOCKED,,[],[],[],,,,,[],256,,,"[""CONTINUATION:BLOCK"", ""REACCELERATION:BLOCK"", ""REVERSAL:BLOCK""]",,,,,,NO_ACTION,,,,2026-07-31T10:09:00+05:30,DIVISLAB,,
BALANCE_FORMING_STARTED,REVERSAL_WATCH,"[""BAL:EXIDEIND:2026-07-31:001:NEUTRAL:100900:BALANCE_FORMING_STARTED:100900""]","[""BALANCE_FORMING_STARTED""]",FORMING,,[],[],[],,,,,[],257,,,[],,,,,,NO_ACTION,,,,2026-07-31T10:09:00+05:30,EXIDEIND,,
DIRECTIONAL_STARTED,DIRECTIONAL,"[""DIR:FORCEMOT:2026-07-31:001:DOWN:100900:DIRECTIONAL_STARTED:100900""]","[""DIRECTIONAL_STARTED""]",FORMING,,[],[],[],,,,,[],258,,,[],,,,,,NO_ACTION,,,,2026-07-31T10:09:00+05:30,FORCEMOT,,
DIRECTIONAL_STARTED,DIRECTIONAL,"[""DIR:GLENMARK:2026-07-31:001:UP:100900:DIRECTIONAL_STARTED:100900""]","[""DIRECTIONAL_STARTED""]",NONE,,[],[],[],,,,,[],259,,,[],,,,,,NO_ACTION,,,,2026-07-31T10:09:00+05:30,GLENMARK,,
DIRECTIONAL_COMPLETED,COMPLETED,"[""DIR:INDUSTOWER:2026-07-31:002:UP:095700:DIRECTIONAL_COMPLETED:100900""]","[""DIRECTIONAL_COMPLETED""]",NONE,,[],[],[],,,,,[],260,,,[],,,,,,NO_ACTION,,,,2026-07-31T10:09:00+05:30,INDUSTOWER,,
NO_EVENT,REVERSAL_WATCH,[],[],NONE,,[],[],[],,,,,[],261,,,[],,,,,,NO_ACTION,,,,2026-07-31T10:09:00+05:30,KALYANKJIL,,
BALANCE_PROBABLE,DIRECTIONAL,"[""BAL:MANAPPURAM:2026-07-31:001:NEUTRAL:095700:BALANCE_PROBABLE:100900""]","[""BALANCE_PROBABLE""]",PROBABLE,,[],[],[],,,,,[],262,,,[],,,,,,NO_ACTION,,,,2026-07-31T10:09:00+05:30,MANAPPURAM,,
NO_EVENT,NONE,[],[],NONE,,[],[],[],,,,,[],263,,,[],,,,,,NO_ACTION,,,,2026-07-31T10:09:00+05:30,PERSISTENT,,
NO_EVENT,DIRECTIONAL,[],[],PROBABLE,,[],[],[],,,,,[],264,,,[],,,,,,NO_ACTION,,,,2026-07-31T10:09:00+05:30,POWERINDIA,,
DIRECTIONAL_COMPLETED,COMPLETED,"[""DIR:TCS:2026-07-31:002:UP:094200:DIRECTIONAL_COMPLETED:100900""]","[""DIRECTIONAL_COMPLETED""]",FORMING,,[],[],[],,,,,[],265,,,[],,,,,,NO_ACTION,,,,2026-07-31T10:09:00+05:30,TCS,,
NO_EVENT,DIRECTIONAL,[],[],NONE,,[],[],[],,,,,[],266,,,[],,,,,,NO_ACTION,,,,2026-07-31T10:09:00+05:30,TORNTPHARM,,
NO_EVENT,REVERSAL_LEG,[],[],NONE,,[],[],[],,,,,[],267,,,[],,,,,,NO_ACTION,,,,2026-07-31T10:12:00+05:30,BHEL,,
NO_EVENT,REVERSAL_WATCH,[],[],NONE,,[],[],[],,,,,[],268,,,[],,,,,,NO_ACTION,,,,2026-07-31T10:12:00+05:30,CHOLAFIN,,
NO_EVENT,REVERSAL_WATCH,[],[],NONE,,[],[],[],,,,,[],269,,,[],,,,,,NO_ACTION,,,,2026-07-31T10:12:00+05:30,COFORGE,,
NO_EVENT,REVERSAL_LEG,[],[],LOCKED,,[],[],[],,,,,[],270,,,"[""CONTINUATION:BLOCK"", ""REACCELERATION:BLOCK"", ""REVERSAL:BLOCK""]",,,,,,NO_ACTION,,,,2026-07-31T10:12:00+05:30,DIVISLAB,,
NO_EVENT,REVERSAL_WATCH,[],[],FORMING,,[],[],[],,,,,[],271,,,[],,,,,,NO_ACTION,,,,2026-07-31T10:12:00+05:30,EXIDEIND,,
BALANCE_PROBABLE,DIRECTIONAL,"[""BAL:FORCEMOT:2026-07-31:001:NEUTRAL:100000:BALANCE_PROBABLE:101200""]","[""BALANCE_PROBABLE""]",PROBABLE,,[],[],[],,,,,[],272,,,[],,,,,,NO_ACTION,,,,2026-07-31T10:12:00+05:30,FORCEMOT,,
BALANCE_FORMING_STARTED,DIRECTIONAL,"[""BAL:GLENMARK:2026-07-31:001:NEUTRAL:101200:BALANCE_FORMING_STARTED:101200""]","[""BALANCE_FORMING_STARTED""]",FORMING,,[],[],[],,,,,[],273,,,[],,,,,,NO_ACTION,,,,2026-07-31T10:12:00+05:30,GLENMARK,,
NO_EVENT,NONE,[],[],NONE,,[],[],[],,,,,[],274,,,[],,,,,,NO_ACTION,,,,2026-07-31T10:12:00+05:30,INDUSTOWER,,
NO_EVENT,REVERSAL_WATCH,[],[],NONE,,[],[],[],,,,,[],275,,,[],,,,,,NO_ACTION,,,,2026-07-31T10:12:00+05:30,KALYANKJIL,,
NO_EVENT,DIRECTIONAL,[],[],PROBABLE,,[],[],[],,,,,[],276,,,[],,,,,,NO_ACTION,,,,2026-07-31T10:12:00+05:30,MANAPPURAM,,
BALANCE_FORMING_STARTED,NONE,"[""BAL:PERSISTENT:2026-07-31:001:NEUTRAL:101200:BALANCE_FORMING_STARTED:101200""]","[""BALANCE_FORMING_STARTED""]",FORMING,,[],[],[],,,,,[],277,,,[],,,,,,NO_ACTION,,,,2026-07-31T10:12:00+05:30,PERSISTENT,,
BALANCE_LOCKED,DIRECTIONAL,"[""BAL:POWERINDIA:2026-07-31:001:NEUTRAL:095100:BALANCE_LOCKED:101200""]","[""BALANCE_LOCKED""]",LOCKED,,[],[],[],,,,,[],278,,,"[""CONTINUATION:BLOCK"", ""REACCELERATION:BLOCK"", ""REVERSAL:BLOCK""]",,,,,,NO_ACTION,,,,2026-07-31T10:12:00+05:30,POWERINDIA,,
NO_EVENT,NONE,[],[],FORMING,,[],[],[],,,,,[],279,,,[],,,,,,NO_ACTION,,,,2026-07-31T10:12:00+05:30,TCS,,
NO_EVENT,DIRECTIONAL,[],[],NONE,,[],[],[],,,,,[],280,,,[],,,,,,NO_ACTION,,,,2026-07-31T10:12:00+05:30,TORNTPHARM,,
BALANCE_FORMING_STARTED,REVERSAL_LEG,"[""BAL:BHEL:2026-07-31:001:NEUTRAL:101500:BALANCE_FORMING_STARTED:101500""]","[""BALANCE_FORMING_STARTED""]",FORMING,,[],[],[],,,,,[],281,,,[],,,,,,NO_ACTION,,,,2026-07-31T10:15:00+05:30,BHEL,,
NO_EVENT,REVERSAL_WATCH,[],[],NONE,,[],[],[],,,,,[],282,,,[],,,,,,NO_ACTION,,,,2026-07-31T10:15:00+05:30,CHOLAFIN,,
"DIRECTIONAL_REVERSAL_CONFIRMED,DIRECTIONAL_COMPLETED,DIRECTIONAL_REVERSAL_LEG_STARTED",REVERSAL_LEG,"[""DIR:COFORGE:2026-07-31:001:UP:093900:DIRECTIONAL_REVERSAL_CONFIRMED:101500"", ""DIR:COFORGE:2026-07-31:001:UP:093900:DIRECTIONAL_COMPLETED:101500"", ""DIR:COFORGE:2026-07-31:002:DOWN:101500:DIRECTIONAL_REVERSAL_LEG_STARTED:101500""]","[""DIRECTIONAL_REVERSAL_CONFIRMED"", ""DIRECTIONAL_COMPLETED"", ""DIRECTIONAL_REVERSAL_LEG_STARTED""]",NONE,,[],[],[],,,,,[],283,,,"[""REVERSAL:WAIT""]",,,,,,NO_ACTION,,,,2026-07-31T10:15:00+05:30,COFORGE,,
BALANCE_ESCAPE_STARTED,REVERSAL_LEG,"[""BAL:DIVISLAB:2026-07-31:001:NEUTRAL:094200:BALANCE_ESCAPE_STARTED:101500""]","[""BALANCE_ESCAPE_STARTED""]",ESCAPE_WATCH,,[],[],[],,,,,[],284,,,"[""ACCEPTED_BREAKOUT:WAIT"", ""BREAKOUT_INITIATION:PERMIT"", ""CONTINUATION:BLOCK"", ""FAILED_BREAKOUT:WAIT"", ""REACCELERATION:BLOCK"", ""REVERSAL:BLOCK""]",,,,,,NO_ACTION,,,,2026-07-31T10:15:00+05:30,DIVISLAB,,
NO_EVENT,REVERSAL_WATCH,[],[],FORMING,,[],[],[],,,,,[],285,,,[],,,,,,NO_ACTION,,,,2026-07-31T10:15:00+05:30,EXIDEIND,,
NO_EVENT,DIRECTIONAL,[],[],PROBABLE,,[],[],[],,,,,[],286,,,[],,,,,,NO_ACTION,,,,2026-07-31T10:15:00+05:30,FORCEMOT,,
NO_EVENT,DIRECTIONAL,[],[],FORMING,,[],[],[],,,,,[],287,,,[],,,,,,NO_ACTION,,,,2026-07-31T10:15:00+05:30,GLENMARK,,
NO_EVENT,NONE,[],[],NONE,,[],[],[],,,,,[],288,,,[],,,,,,NO_ACTION,,,,2026-07-31T10:15:00+05:30,INDUSTOWER,,
DIRECTIONAL_TREND_RESTORED,DIRECTIONAL,"[""DIR:KALYANKJIL:2026-07-31:001:DOWN:094800:DIRECTIONAL_TREND_RESTORED:101500""]","[""DIRECTIONAL_TREND_RESTORED""]",NONE,,[],[],[],,,,,[],289,,,"[""CONTINUATION:PERMIT""]",,,,,,NO_ACTION,,,,2026-07-31T10:15:00+05:30,KALYANKJIL,,
NO_EVENT,DIRECTIONAL,[],[],PROBABLE,,[],[],[],,,,,[],290,,,[],,,,,,NO_ACTION,,,,2026-07-31T10:15:00+05:30,MANAPPURAM,,
NO_EVENT,NONE,[],[],FORMING,,[],[],[],,,,,[],291,,,[],,,,,,NO_ACTION,,,,2026-07-31T10:15:00+05:30,PERSISTENT,,
NO_EVENT,DIRECTIONAL,[],[],LOCKED,,[],[],[],,,,,[],292,,,"[""CONTINUATION:BLOCK"", ""REACCELERATION:BLOCK"", ""REVERSAL:BLOCK""]",,,,,,NO_ACTION,,,,2026-07-31T10:15:00+05:30,POWERINDIA,,
NO_EVENT,NONE,[],[],FORMING,,[],[],[],,,,,[],293,,,[],,,,,,NO_ACTION,,,,2026-07-31T10:15:00+05:30,TCS,,
NO_EVENT,DIRECTIONAL,[],[],NONE,,[],[],[],,,,,[],294,,,[],,,,,,NO_ACTION,,,,2026-07-31T10:15:00+05:30,TORNTPHARM,,
"DIRECTIONAL_REVERSAL_LEG_FAILED,DIRECTIONAL_COMPLETED",COMPLETED,"[""DIR:BHEL:2026-07-31:002:DOWN:100900:DIRECTIONAL_REVERSAL_LEG_FAILED:101800"", ""DIR:BHEL:2026-07-31:002:DOWN:100900:DIRECTIONAL_COMPLETED:101800""]","[""DIRECTIONAL_REVERSAL_LEG_FAILED"", ""DIRECTIONAL_COMPLETED""]",FORMING,,[],[],[],,,,,[],295,,,[],,,,,,NO_ACTION,,,,2026-07-31T10:18:00+05:30,BHEL,,
NO_EVENT,REVERSAL_WATCH,[],[],NONE,,[],[],[],,,,,[],296,,,[],,,,,,NO_ACTION,,,,2026-07-31T10:18:00+05:30,CHOLAFIN,,
BALANCE_FORMING_STARTED,REVERSAL_LEG,"[""BAL:COFORGE:2026-07-31:001:NEUTRAL:101800:BALANCE_FORMING_STARTED:101800""]","[""BALANCE_FORMING_STARTED""]",FORMING,,[],[],[],,,,,[],297,,,[],,,,,,NO_ACTION,,,,2026-07-31T10:18:00+05:30,COFORGE,,
"BALANCE_ESCAPE_ACCEPTED,DIRECTIONAL_REVERSAL_LEG_ESTABLISHED",DIRECTIONAL,"[""BAL:DIVISLAB:2026-07-31:001:NEUTRAL:094200:BALANCE_ESCAPE_ACCEPTED:101800"", ""DIR:DIVISLAB:2026-07-31:002:DOWN:100600:DIRECTIONAL_REVERSAL_LEG_ESTABLISHED:101800""]","[""BALANCE_ESCAPE_ACCEPTED"", ""DIRECTIONAL_REVERSAL_LEG_ESTABLISHED""]",ACCEPTED_OUTSIDE,ALIGNED,[],[],[],AUCTION_SIGNAL_DOWNSTREAM_V2,OPEN,CREATE_TRADE,NONE,"[{""action"": ""CREATE"", ""signal_id"": ""a73cb6c9-a388-53f1-92b2-41820e34edd3"", ""setup"": ""REVERSAL"", ""side"": ""SELL"", ""stage"": ""ACTIVE"", ""status"": ""OPEN"", ""status_reason"": ""EVENT_DRIVEN_SETUP_CREATED"", ""signal_action"": ""CREATE"", ""signal_state"": ""OPEN"", ""trade_action"": ""CREATE_TRADE"", ""management_posture"": ""STRENGTHEN"", ""management_reason_code"": ""EVENT_DRIVEN_SETUP_CREATED"", ""should_exit_signal"": false}]",298,STRENGTHEN,EVENT_DRIVEN_SETUP_CREATED,"[""ACCEPTED_BREAKOUT:PERMIT"", ""REVERSAL:PERMIT""]",CREATE,CAND:6644484c352c701feebfdf31,OPP:6644484c352c701feebfdf31,8026.5,False,CREATE,ACTIVE,OPEN,EVENT_DRIVEN_SETUP_CREATED,2026-07-31T10:18:00+05:30,DIVISLAB,True,ATR_MULTIPLE
NO_EVENT,REVERSAL_WATCH,[],[],FORMING,,[],[],[],,,,,[],299,,,[],,,,,,NO_ACTION,,,,2026-07-31T10:18:00+05:30,EXIDEIND,,
NO_EVENT,DIRECTIONAL,[],[],PROBABLE,,[],[],[],,,,,[],300,,,[],,,,,,NO_ACTION,,,,2026-07-31T10:18:00+05:30,FORCEMOT,,
NO_EVENT,DIRECTIONAL,[],[],FORMING,,[],[],[],,,,,[],301,,,[],,,,,,NO_ACTION,,,,2026-07-31T10:18:00+05:30,GLENMARK,,
NO_EVENT,NONE,[],[],NONE,,[],[],[],,,,,[],302,,,[],,,,,,NO_ACTION,,,,2026-07-31T10:18:00+05:30,INDUSTOWER,,
DIRECTIONAL_MATURED,MATURE,"[""DIR:KALYANKJIL:2026-07-31:001:DOWN:094800:DIRECTIONAL_MATURED:101800""]","[""DIRECTIONAL_MATURED""]",NONE,,[],[],[],,,,,[],303,,,[],,,,,,NO_ACTION,,,,2026-07-31T10:18:00+05:30,KALYANKJIL,,
DIRECTIONAL_MATURED,MATURE,"[""DIR:MANAPPURAM:2026-07-31:003:UP:100000:DIRECTIONAL_MATURED:101800""]","[""DIRECTIONAL_MATURED""]",PROBABLE,,[],[],[],,,,,[],304,,,[],,,,,,NO_ACTION,,,,2026-07-31T10:18:00+05:30,MANAPPURAM,,
BALANCE_COMPLETED,NONE,"[""BAL:PERSISTENT:2026-07-31:001:NEUTRAL:101200:BALANCE_COMPLETED:101800""]","[""BALANCE_COMPLETED""]",COMPLETED,,[],[],[],,,,,[],305,,,[],,,,,,NO_ACTION,,,,2026-07-31T10:18:00+05:30,PERSISTENT,,
NO_EVENT,DIRECTIONAL,[],[],LOCKED,,[],[],[],,,,,[],306,,,"[""CONTINUATION:BLOCK"", ""REACCELERATION:BLOCK"", ""REVERSAL:BLOCK""]",,,,,,NO_ACTION,,,,2026-07-31T10:18:00+05:30,POWERINDIA,,
BALANCE_PROBABLE,NONE,"[""BAL:TCS:2026-07-31:001:NEUTRAL:100600:BALANCE_PROBABLE:101800""]","[""BALANCE_PROBABLE""]",PROBABLE,,[],[],[],,,,,[],307,,,[],,,,,,NO_ACTION,,,,2026-07-31T10:18:00+05:30,TCS,,
NO_EVENT,DIRECTIONAL,[],[],NONE,,[],[],[],,,,,[],308,,,[],,,,,,NO_ACTION,,,,2026-07-31T10:18:00+05:30,TORNTPHARM,,
NO_EVENT,NONE,[],[],FORMING,,[],[],[],,,,,[],309,,,[],,,,,,NO_ACTION,,,,2026-07-31T10:21:00+05:30,BHEL,,
NO_EVENT,REVERSAL_WATCH,[],[],NONE,,[],[],[],,,,,[],310,,,[],,,,,,NO_ACTION,,,,2026-07-31T10:21:00+05:30,CHOLAFIN,,
NO_EVENT,REVERSAL_LEG,[],[],FORMING,,[],[],[],,,,,[],311,,,[],,,,,,NO_ACTION,,,,2026-07-31T10:21:00+05:30,COFORGE,,
BALANCE_COMPLETED,DIRECTIONAL,"[""BAL:DIVISLAB:2026-07-31:001:NEUTRAL:094200:BALANCE_COMPLETED:102100""]","[""BALANCE_COMPLETED""]",COMPLETED,ALIGNED,[],[],[],AUCTION_SIGNAL_DOWNSTREAM_V2,OPEN,HOLD_POSITION,NONE,"[{""action"": ""HOLD"", ""signal_id"": ""a73cb6c9-a388-53f1-92b2-41820e34edd3"", ""setup"": ""REVERSAL"", ""side"": ""SELL"", ""stage"": ""ACTIVE"", ""status"": ""OPEN"", ""status_reason"": ""AUTHORITATIVE_DIRECTIONAL_ALIGNED"", ""signal_action"": ""HOLD"", ""signal_state"": ""OPEN"", ""trade_action"": ""HOLD_POSITION"", ""management_posture"": ""STRENGTHEN"", ""management_reason_code"": ""AUTHORITATIVE_DIRECTIONAL_ALIGNED"", ""should_exit_signal"": false}]",312,STRENGTHEN,AUTHORITATIVE_DIRECTIONAL_ALIGNED,[],HOLD,CAND:6644484c352c701feebfdf31,OPP:6644484c352c701feebfdf31,8026.5,False,HOLD,ACTIVE,OPEN,AUTHORITATIVE_DIRECTIONAL_ALIGNED,2026-07-31T10:21:00+05:30,DIVISLAB,True,ATR_MULTIPLE
"DIRECTIONAL_REVERSAL_CONFIRMED,DIRECTIONAL_COMPLETED,DIRECTIONAL_REVERSAL_LEG_STARTED",REVERSAL_LEG,"[""DIR:EXIDEIND:2026-07-31:002:DOWN:095700:DIRECTIONAL_REVERSAL_CONFIRMED:102100"", ""DIR:EXIDEIND:2026-07-31:002:DOWN:095700:DIRECTIONAL_COMPLETED:102100"", ""DIR:EXIDEIND:2026-07-31:003:UP:102100:DIRECTIONAL_REVERSAL_LEG_STARTED:102100""]","[""DIRECTIONAL_REVERSAL_CONFIRMED"", ""DIRECTIONAL_COMPLETED"", ""DIRECTIONAL_REVERSAL_LEG_STARTED""]",FORMING,,[],[],[],,,,,[],313,,,"[""REVERSAL:WAIT""]",,,,,,NO_ACTION,,,,2026-07-31T10:21:00+05:30,EXIDEIND,,
BALANCE_LOCKED,DIRECTIONAL,"[""BAL:FORCEMOT:2026-07-31:001:NEUTRAL:100000:BALANCE_LOCKED:102100""]","[""BALANCE_LOCKED""]",LOCKED,,[],[],[],,,,,[],314,,,"[""CONTINUATION:BLOCK"", ""REACCELERATION:BLOCK"", ""REVERSAL:BLOCK""]",,,,,,NO_ACTION,,,,2026-07-31T10:21:00+05:30,FORCEMOT,,
NO_EVENT,DIRECTIONAL,[],[],FORMING,,[],[],[],,,,,[],315,,,[],,,,,,NO_ACTION,,,,2026-07-31T10:21:00+05:30,GLENMARK,,
NO_EVENT,NONE,[],[],NONE,,[],[],[],,,,,[],316,,,[],,,,,,NO_ACTION,,,,2026-07-31T10:21:00+05:30,INDUSTOWER,,
REVERSAL_WATCH_STARTED,REVERSAL_WATCH,"[""DIR:KALYANKJIL:2026-07-31:001:DOWN:094800:REVERSAL_WATCH_STARTED:102100""]","[""REVERSAL_WATCH_STARTED""]",NONE,,[],[],[],,,,,[],317,,,[],,,,,,NO_ACTION,,,,2026-07-31T10:21:00+05:30,KALYANKJIL,,
REVERSAL_WATCH_STARTED,REVERSAL_WATCH,"[""DIR:MANAPPURAM:2026-07-31:003:UP:100000:REVERSAL_WATCH_STARTED:102100""]","[""REVERSAL_WATCH_STARTED""]",PROBABLE,,[],[],[],,,,,[],318,,,[],,,,,,NO_ACTION,,,,2026-07-31T10:21:00+05:30,MANAPPURAM,,
NO_EVENT,NONE,[],[],NONE,,[],[],[],,,,,[],319,,,[],,,,,,NO_ACTION,,,,2026-07-31T10:21:00+05:30,PERSISTENT,,
DIRECTIONAL_REACCELERATION_CONFIRMED,DIRECTIONAL,"[""DIR:POWERINDIA:2026-07-31:003:UP:100300:DIRECTIONAL_REACCELERATION_CONFIRMED:102100""]","[""DIRECTIONAL_REACCELERATION_CONFIRMED""]",LOCKED,,[],[],[],,,,,[],320,,,"[""CONTINUATION:BLOCK"", ""REACCELERATION:BLOCK"", ""REVERSAL:BLOCK""]",,,,,,NO_ACTION,,,,2026-07-31T10:21:00+05:30,POWERINDIA,,
NO_EVENT,NONE,[],[],PROBABLE,,[],[],[],,,,,[],321,,,[],,,,,,NO_ACTION,,,,2026-07-31T10:21:00+05:30,TCS,,
NO_EVENT,DIRECTIONAL,[],[],NONE,,[],[],[],,,,,[],322,,,[],,,,,,NO_ACTION,,,,2026-07-31T10:21:00+05:30,TORNTPHARM,,
DIRECTIONAL_STARTED,DIRECTIONAL,"[""DIR:BHEL:2026-07-31:003:UP:102400:DIRECTIONAL_STARTED:102400""]","[""DIRECTIONAL_STARTED""]",FORMING,,[],[],[],,,,,[],323,,,[],,,,,,NO_ACTION,,,,2026-07-31T10:24:00+05:30,BHEL,,
"DIRECTIONAL_REVERSAL_CONFIRMED,DIRECTIONAL_COMPLETED,DIRECTIONAL_REVERSAL_LEG_STARTED",REVERSAL_LEG,"[""DIR:CHOLAFIN:2026-07-31:001:UP:093000:DIRECTIONAL_REVERSAL_CONFIRMED:102400"", ""DIR:CHOLAFIN:2026-07-31:001:UP:093000:DIRECTIONAL_COMPLETED:102400"", ""DIR:CHOLAFIN:2026-07-31:002:DOWN:102400:DIRECTIONAL_REVERSAL_LEG_STARTED:102400""]","[""DIRECTIONAL_REVERSAL_CONFIRMED"", ""DIRECTIONAL_COMPLETED"", ""DIRECTIONAL_REVERSAL_LEG_STARTED""]",NONE,,[],[],[],,,,,[],324,,,"[""REVERSAL:WAIT""]",,,,,,NO_ACTION,,,,2026-07-31T10:24:00+05:30,CHOLAFIN,,
"BALANCE_COMPLETED,DIRECTIONAL_REVERSAL_LEG_ESTABLISHED",DIRECTIONAL,"[""BAL:COFORGE:2026-07-31:001:NEUTRAL:101800:BALANCE_COMPLETED:102400"", ""DIR:COFORGE:2026-07-31:002:DOWN:101500:DIRECTIONAL_REVERSAL_LEG_ESTABLISHED:102400""]","[""BALANCE_COMPLETED"", ""DIRECTIONAL_REVERSAL_LEG_ESTABLISHED""]",COMPLETED,ALIGNED,[],[],[],AUCTION_SIGNAL_DOWNSTREAM_V2,OPEN,CREATE_TRADE,NONE,"[{""action"": ""CREATE"", ""signal_id"": ""2afed6e7-898c-5a79-8bf5-1d7891f21ccb"", ""setup"": ""REVERSAL"", ""side"": ""SELL"", ""stage"": ""ACTIVE"", ""status"": ""OPEN"", ""status_reason"": ""EVENT_DRIVEN_SETUP_CREATED"", ""signal_action"": ""CREATE"", ""signal_state"": ""OPEN"", ""trade_action"": ""CREATE_TRADE"", ""management_posture"": ""STRENGTHEN"", ""management_reason_code"": ""EVENT_DRIVEN_SETUP_CREATED"", ""should_exit_signal"": false}]",325,STRENGTHEN,EVENT_DRIVEN_SETUP_CREATED,"[""REVERSAL:PERMIT""]",CREATE,CAND:995ee50ff305357125723e26,OPP:995ee50ff305357125723e26,1724.2,False,CREATE,ACTIVE,OPEN,EVENT_DRIVEN_SETUP_CREATED,2026-07-31T10:24:00+05:30,COFORGE,True,ATR_MULTIPLE
DIRECTIONAL_COMPLETED,COMPLETED,"[""DIR:DIVISLAB:2026-07-31:002:DOWN:100600:DIRECTIONAL_COMPLETED:102400""]","[""DIRECTIONAL_COMPLETED""]",NONE,ALIGNED,[],[],[],AUCTION_SIGNAL_DOWNSTREAM_V2,OPEN,HOLD_POSITION,NONE,"[{""action"": ""HOLD"", ""signal_id"": ""a73cb6c9-a388-53f1-92b2-41820e34edd3"", ""setup"": ""REVERSAL"", ""side"": ""SELL"", ""stage"": ""TRANSITION"", ""status"": ""OPEN"", ""status_reason"": ""NO_CURRENT_CREATION_EVENT"", ""signal_action"": ""HOLD"", ""signal_state"": ""OPEN"", ""trade_action"": ""HOLD_POSITION"", ""management_posture"": ""CAUTION"", ""management_reason_code"": ""NO_CURRENT_CREATION_EVENT"", ""should_exit_signal"": false}]",326,CAUTION,NO_CURRENT_CREATION_EVENT,[],HOLD,CAND:6644484c352c701feebfdf31,OPP:6644484c352c701feebfdf31,8026.5,False,HOLD,TRANSITION,OPEN,NO_CURRENT_CREATION_EVENT,2026-07-31T10:24:00+05:30,DIVISLAB,False,ATR_MULTIPLE
NO_EVENT,REVERSAL_LEG,[],[],FORMING,,[],[],[],,,,,[],327,,,[],,,,,,NO_ACTION,,,,2026-07-31T10:24:00+05:30,EXIDEIND,,
NO_EVENT,DIRECTIONAL,[],[],LOCKED,,[],[],[],,,,,[],328,,,"[""CONTINUATION:BLOCK"", ""REACCELERATION:BLOCK"", ""REVERSAL:BLOCK""]",,,,,,NO_ACTION,,,,2026-07-31T10:24:00+05:30,FORCEMOT,,
NO_EVENT,DIRECTIONAL,[],[],FORMING,,[],[],[],,,,,[],329,,,[],,,,,,NO_ACTION,,,,2026-07-31T10:24:00+05:30,GLENMARK,,
NO_EVENT,NONE,[],[],NONE,,[],[],[],,,,,[],330,,,[],,,,,,NO_ACTION,,,,2026-07-31T10:24:00+05:30,INDUSTOWER,,
"DIRECTIONAL_REVERSAL_CONFIRMED,DIRECTIONAL_COMPLETED,DIRECTIONAL_REVERSAL_LEG_STARTED",REVERSAL_LEG,"[""DIR:KALYANKJIL:2026-07-31:001:DOWN:094800:DIRECTIONAL_REVERSAL_CONFIRMED:102400"", ""DIR:KALYANKJIL:2026-07-31:001:DOWN:094800:DIRECTIONAL_COMPLETED:102400"", ""DIR:KALYANKJIL:2026-07-31:002:UP:102400:DIRECTIONAL_REVERSAL_LEG_STARTED:102400""]","[""DIRECTIONAL_REVERSAL_CONFIRMED"", ""DIRECTIONAL_COMPLETED"", ""DIRECTIONAL_REVERSAL_LEG_STARTED""]",NONE,,[],[],[],,,,,[],331,,,"[""REVERSAL:WAIT""]",,,,,,NO_ACTION,,,,2026-07-31T10:24:00+05:30,KALYANKJIL,,
"DIRECTIONAL_REVERSAL_CONFIRMED,DIRECTIONAL_COMPLETED,DIRECTIONAL_REVERSAL_LEG_STARTED",REVERSAL_LEG,"[""DIR:MANAPPURAM:2026-07-31:003:UP:100000:DIRECTIONAL_REVERSAL_CONFIRMED:102400"", ""DIR:MANAPPURAM:2026-07-31:003:UP:100000:DIRECTIONAL_COMPLETED:102400"", ""DIR:MANAPPURAM:2026-07-31:004:DOWN:102400:DIRECTIONAL_REVERSAL_LEG_STARTED:102400""]","[""DIRECTIONAL_REVERSAL_CONFIRMED"", ""DIRECTIONAL_COMPLETED"", ""DIRECTIONAL_REVERSAL_LEG_STARTED""]",PROBABLE,,[],[],[],,,,,[],332,,,"[""REVERSAL:WAIT""]",,,,,,NO_ACTION,,,,2026-07-31T10:24:00+05:30,MANAPPURAM,,
NO_EVENT,NONE,[],[],NONE,,[],[],[],,,,,[],333,,,[],,,,,,NO_ACTION,,,,2026-07-31T10:24:00+05:30,PERSISTENT,,
NO_EVENT,DIRECTIONAL,[],[],LOCKED,,[],[],[],,,,,[],334,,,"[""CONTINUATION:BLOCK"", ""REACCELERATION:BLOCK"", ""REVERSAL:BLOCK""]",,,,,,NO_ACTION,,,,2026-07-31T10:24:00+05:30,POWERINDIA,,
NO_EVENT,NONE,[],[],PROBABLE,,[],[],[],,,,,[],335,,,[],,,,,,NO_ACTION,,,,2026-07-31T10:24:00+05:30,TCS,,
NO_EVENT,DIRECTIONAL,[],[],NONE,,[],[],[],,,,,[],336,,,[],,,,,,NO_ACTION,,,,2026-07-31T10:24:00+05:30,TORNTPHARM,,
BALANCE_PROBABLE,DIRECTIONAL,"[""BAL:BHEL:2026-07-31:001:NEUTRAL:101500:BALANCE_PROBABLE:102700""]","[""BALANCE_PROBABLE""]",PROBABLE,,[],[],[],,,,,[],337,,,[],,,,,,NO_ACTION,,,,2026-07-31T10:27:00+05:30,BHEL,,
NO_EVENT,REVERSAL_LEG,[],[],NONE,,[],[],[],,,,,[],338,,,[],,,,,,NO_ACTION,,,,2026-07-31T10:27:00+05:30,CHOLAFIN,,
NO_EVENT,DIRECTIONAL,[],[],NONE,ALIGNED,[],[],[],AUCTION_SIGNAL_DOWNSTREAM_V2,OPEN,HOLD_POSITION,NONE,"[{""action"": ""HOLD"", ""signal_id"": ""2afed6e7-898c-5a79-8bf5-1d7891f21ccb"", ""setup"": ""REVERSAL"", ""side"": ""SELL"", ""stage"": ""ACTIVE"", ""status"": ""OPEN"", ""status_reason"": ""AUTHORITATIVE_DIRECTIONAL_ALIGNED"", ""signal_action"": ""HOLD"", ""signal_state"": ""OPEN"", ""trade_action"": ""HOLD_POSITION"", ""management_posture"": ""STRENGTHEN"", ""management_reason_code"": ""AUTHORITATIVE_DIRECTIONAL_ALIGNED"", ""should_exit_signal"": false}]",339,STRENGTHEN,AUTHORITATIVE_DIRECTIONAL_ALIGNED,[],HOLD,CAND:995ee50ff305357125723e26,OPP:995ee50ff305357125723e26,1724.2,False,HOLD,ACTIVE,OPEN,AUTHORITATIVE_DIRECTIONAL_ALIGNED,2026-07-31T10:27:00+05:30,COFORGE,True,ATR_MULTIPLE
NO_EVENT,NONE,[],[],NONE,UNKNOWN,[],[],[],AUCTION_SIGNAL_DOWNSTREAM_V2,OPEN,HOLD_POSITION,NONE,"[{""action"": ""HOLD"", ""signal_id"": ""a73cb6c9-a388-53f1-92b2-41820e34edd3"", ""setup"": ""REVERSAL"", ""side"": ""SELL"", ""stage"": ""TRANSITION"", ""status"": ""OPEN"", ""status_reason"": ""NO_CURRENT_CREATION_EVENT"", ""signal_action"": ""HOLD"", ""signal_state"": ""OPEN"", ""trade_action"": ""HOLD_POSITION"", ""management_posture"": ""CAUTION"", ""management_reason_code"": ""NO_CURRENT_CREATION_EVENT"", ""should_exit_signal"": false}]",340,CAUTION,NO_CURRENT_CREATION_EVENT,[],HOLD,CAND:6644484c352c701feebfdf31,OPP:6644484c352c701feebfdf31,8026.5,False,HOLD,TRANSITION,OPEN,NO_CURRENT_CREATION_EVENT,2026-07-31T10:27:00+05:30,DIVISLAB,False,ATR_MULTIPLE
"DIRECTIONAL_REVERSAL_LEG_FAILED,DIRECTIONAL_COMPLETED",COMPLETED,"[""DIR:EXIDEIND:2026-07-31:003:UP:102100:DIRECTIONAL_REVERSAL_LEG_FAILED:102700"", ""DIR:EXIDEIND:2026-07-31:003:UP:102100:DIRECTIONAL_COMPLETED:102700""]","[""DIRECTIONAL_REVERSAL_LEG_FAILED"", ""DIRECTIONAL_COMPLETED""]",FORMING,,[],[],[],,,,,[],341,,,[],,,,,,NO_ACTION,,,,2026-07-31T10:27:00+05:30,EXIDEIND,,
NO_EVENT,DIRECTIONAL,[],[],LOCKED,,[],[],[],,,,,[],342,,,"[""CONTINUATION:BLOCK"", ""REACCELERATION:BLOCK"", ""REVERSAL:BLOCK""]",,,,,,NO_ACTION,,,,2026-07-31T10:27:00+05:30,FORCEMOT,,
NO_EVENT,DIRECTIONAL,[],[],FORMING,,[],[],[],,,,,[],343,,,[],,,,,,NO_ACTION,,,,2026-07-31T10:27:00+05:30,GLENMARK,,
NO_EVENT,NONE,[],[],NONE,,[],[],[],,,,,[],344,,,[],,,,,,NO_ACTION,,,,2026-07-31T10:27:00+05:30,INDUSTOWER,,
NO_EVENT,REVERSAL_LEG,[],[],NONE,,[],[],[],,,,,[],345,,,[],,,,,,NO_ACTION,,,,2026-07-31T10:27:00+05:30,KALYANKJIL,,
NO_EVENT,REVERSAL_LEG,[],[],PROBABLE,,[],[],[],,,,,[],346,,,[],,,,,,NO_ACTION,,,,2026-07-31T10:27:00+05:30,MANAPPURAM,,
NO_EVENT,NONE,[],[],NONE,,[],[],[],,,,,[],347,,,[],,,,,,NO_ACTION,,,,2026-07-31T10:27:00+05:30,PERSISTENT,,
NO_EVENT,DIRECTIONAL,[],[],LOCKED,,[],[],[],,,,,[],348,,,"[""CONTINUATION:BLOCK"", ""REACCELERATION:BLOCK"", ""REVERSAL:BLOCK""]",,,,,,NO_ACTION,,,,2026-07-31T10:27:00+05:30,POWERINDIA,,
BALANCE_LOCKED,NONE,"[""BAL:TCS:2026-07-31:001:NEUTRAL:100600:BALANCE_LOCKED:102700""]","[""BALANCE_LOCKED""]",LOCKED,,[],[],[],,,,,[],349,,,"[""CONTINUATION:BLOCK"", ""REACCELERATION:BLOCK"", ""REVERSAL:BLOCK""]",,,,,,NO_ACTION,,,,2026-07-31T10:27:00+05:30,TCS,,
NO_EVENT,DIRECTIONAL,[],[],NONE,,[],[],[],,,,,[],350,,,[],,,,,,NO_ACTION,,,,2026-07-31T10:27:00+05:30,TORNTPHARM,,
NO_EVENT,DIRECTIONAL,[],[],PROBABLE,,[],[],[],,,,,[],351,,,[],,,,,,NO_ACTION,,,,2026-07-31T10:30:00+05:30,BHEL,,
NO_EVENT,REVERSAL_LEG,[],[],NONE,,[],[],[],,,,,[],352,,,[],,,,,,NO_ACTION,,,,2026-07-31T10:30:00+05:30,CHOLAFIN,,
DIRECTIONAL_COMPLETED,COMPLETED,"[""DIR:COFORGE:2026-07-31:002:DOWN:101500:DIRECTIONAL_COMPLETED:103000""]","[""DIRECTIONAL_COMPLETED""]",NONE,ALIGNED,[],[],[],AUCTION_SIGNAL_DOWNSTREAM_V2,OPEN,HOLD_POSITION,NONE,"[{""action"": ""HOLD"", ""signal_id"": ""2afed6e7-898c-5a79-8bf5-1d7891f21ccb"", ""setup"": ""REVERSAL"", ""side"": ""SELL"", ""stage"": ""TRANSITION"", ""status"": ""OPEN"", ""status_reason"": ""NO_CURRENT_CREATION_EVENT"", ""signal_action"": ""HOLD"", ""signal_state"": ""OPEN"", ""trade_action"": ""HOLD_POSITION"", ""management_posture"": ""CAUTION"", ""management_reason_code"": ""NO_CURRENT_CREATION_EVENT"", ""should_exit_signal"": false}]",353,CAUTION,NO_CURRENT_CREATION_EVENT,[],HOLD,CAND:995ee50ff305357125723e26,OPP:995ee50ff305357125723e26,1724.2,False,HOLD,TRANSITION,OPEN,NO_CURRENT_CREATION_EVENT,2026-07-31T10:30:00+05:30,COFORGE,False,ATR_MULTIPLE
NO_EVENT,NONE,[],[],NONE,UNKNOWN,[],[],[],AUCTION_SIGNAL_DOWNSTREAM_V2,OPEN,HOLD_POSITION,NONE,"[{""action"": ""HOLD"", ""signal_id"": ""a73cb6c9-a388-53f1-92b2-41820e34edd3"", ""setup"": ""REVERSAL"", ""side"": ""SELL"", ""stage"": ""TRANSITION"", ""status"": ""OPEN"", ""status_reason"": ""NO_CURRENT_CREATION_EVENT"", ""signal_action"": ""HOLD"", ""signal_state"": ""OPEN"", ""trade_action"": ""HOLD_POSITION"", ""management_posture"": ""CAUTION"", ""management_reason_code"": ""NO_CURRENT_CREATION_EVENT"", ""should_exit_signal"": false}]",354,CAUTION,NO_CURRENT_CREATION_EVENT,[],HOLD,CAND:6644484c352c701feebfdf31,OPP:6644484c352c701feebfdf31,8026.5,False,HOLD,TRANSITION,OPEN,NO_CURRENT_CREATION_EVENT,2026-07-31T10:30:00+05:30,DIVISLAB,False,ATR_MULTIPLE
BALANCE_LOCKED,NONE,"[""BAL:EXIDEIND:2026-07-31:001:NEUTRAL:100900:BALANCE_LOCKED:103000""]","[""BALANCE_LOCKED""]",LOCKED,,[],[],[],,,,,[],355,,,"[""CONTINUATION:BLOCK"", ""REACCELERATION:BLOCK"", ""REVERSAL:BLOCK""]",,,,,,NO_ACTION,,,,2026-07-31T10:30:00+05:30,EXIDEIND,,
NO_EVENT,DIRECTIONAL,[],[],LOCKED,,[],[],[],,,,,[],356,,,"[""CONTINUATION:BLOCK"", ""REACCELERATION:BLOCK"", ""REVERSAL:BLOCK""]",,,,,,NO_ACTION,,,,2026-07-31T10:30:00+05:30,FORCEMOT,,
NO_EVENT,DIRECTIONAL,[],[],FORMING,,[],[],[],,,,,[],357,,,[],,,,,,NO_ACTION,,,,2026-07-31T10:30:00+05:30,GLENMARK,,
NO_EVENT,NONE,[],[],NONE,,[],[],[],,,,,[],358,,,[],,,,,,NO_ACTION,,,,2026-07-31T10:30:00+05:30,INDUSTOWER,,
NO_EVENT,REVERSAL_LEG,[],[],NONE,,[],[],[],,,,,[],359,,,[],,,,,,NO_ACTION,,,,2026-07-31T10:30:00+05:30,KALYANKJIL,,
"DIRECTIONAL_REVERSAL_LEG_FAILED,DIRECTIONAL_COMPLETED",COMPLETED,"[""DIR:MANAPPURAM:2026-07-31:004:DOWN:102400:DIRECTIONAL_REVERSAL_LEG_FAILED:103000"", ""DIR:MANAPPURAM:2026-07-31:004:DOWN:102400:DIRECTIONAL_COMPLETED:103000""]","[""DIRECTIONAL_REVERSAL_LEG_FAILED"", ""DIRECTIONAL_COMPLETED""]",PROBABLE,,[],[],[],,,,,[],360,,,[],,,,,,NO_ACTION,,,,2026-07-31T10:30:00+05:30,MANAPPURAM,,
NO_EVENT,NONE,[],[],NONE,,[],[],[],,,,,[],361,,,[],,,,,,NO_ACTION,,,,2026-07-31T10:30:00+05:30,PERSISTENT,,
NO_EVENT,DIRECTIONAL,[],[],LOCKED,,[],[],[],,,,,[],362,,,"[""CONTINUATION:BLOCK"", ""REACCELERATION:BLOCK"", ""REVERSAL:BLOCK""]",,,,,,NO_ACTION,,,,2026-07-31T10:30:00+05:30,POWERINDIA,,
NO_EVENT,NONE,[],[],LOCKED,,[],[],[],,,,,[],363,,,"[""CONTINUATION:BLOCK"", ""REACCELERATION:BLOCK"", ""REVERSAL:BLOCK""]",,,,,,NO_ACTION,,,,2026-07-31T10:30:00+05:30,TCS,,
NO_EVENT,DIRECTIONAL,[],[],NONE,,[],[],[],,,,,[],364,,,[],,,,,,NO_ACTION,,,,2026-07-31T10:30:00+05:30,TORNTPHARM,,
NO_EVENT,DIRECTIONAL,[],[],PROBABLE,,[],[],[],,,,,[],365,,,[],,,,,,NO_ACTION,,,,2026-07-31T10:33:00+05:30,BHEL,,
DIRECTIONAL_REVERSAL_LEG_ESTABLISHED,DIRECTIONAL,"[""DIR:CHOLAFIN:2026-07-31:002:DOWN:102400:DIRECTIONAL_REVERSAL_LEG_ESTABLISHED:103300""]","[""DIRECTIONAL_REVERSAL_LEG_ESTABLISHED""]",NONE,ALIGNED,[],[],[],AUCTION_SIGNAL_DOWNSTREAM_V2,OPEN,CREATE_TRADE,NONE,"[{""action"": ""CREATE"", ""signal_id"": ""aee40fe8-7759-5cec-902a-0db152fe528d"", ""setup"": ""REVERSAL"", ""side"": ""SELL"", ""stage"": ""ACTIVE"", ""status"": ""OPEN"", ""status_reason"": ""EVENT_DRIVEN_SETUP_CREATED"", ""signal_action"": ""CREATE"", ""signal_state"": ""OPEN"", ""trade_action"": ""CREATE_TRADE"", ""management_posture"": ""STRENGTHEN"", ""management_reason_code"": ""EVENT_DRIVEN_SETUP_CREATED"", ""should_exit_signal"": false}]",366,STRENGTHEN,EVENT_DRIVEN_SETUP_CREATED,"[""REVERSAL:PERMIT""]",CREATE,CAND:c91e30e559c61ae9e4a8e30d,OPP:c91e30e559c61ae9e4a8e30d,1842.1,False,CREATE,ACTIVE,OPEN,EVENT_DRIVEN_SETUP_CREATED,2026-07-31T10:33:00+05:30,CHOLAFIN,True,ATR_MULTIPLE
NO_EVENT,NONE,[],[],NONE,UNKNOWN,[],[],[],AUCTION_SIGNAL_DOWNSTREAM_V2,OPEN,HOLD_POSITION,NONE,"[{""action"": ""HOLD"", ""signal_id"": ""2afed6e7-898c-5a79-8bf5-1d7891f21ccb"", ""setup"": ""REVERSAL"", ""side"": ""SELL"", ""stage"": ""TRANSITION"", ""status"": ""OPEN"", ""status_reason"": ""NO_CURRENT_CREATION_EVENT"", ""signal_action"": ""HOLD"", ""signal_state"": ""OPEN"", ""trade_action"": ""HOLD_POSITION"", ""management_posture"": ""CAUTION"", ""management_reason_code"": ""NO_CURRENT_CREATION_EVENT"", ""should_exit_signal"": false}]",367,CAUTION,NO_CURRENT_CREATION_EVENT,[],HOLD,CAND:995ee50ff305357125723e26,OPP:995ee50ff305357125723e26,1724.2,False,HOLD,TRANSITION,OPEN,NO_CURRENT_CREATION_EVENT,2026-07-31T10:33:00+05:30,COFORGE,False,ATR_MULTIPLE
BALANCE_FORMING_STARTED,NONE,"[""BAL:DIVISLAB:2026-07-31:002:NEUTRAL:103300:BALANCE_FORMING_STARTED:103300""]","[""BALANCE_FORMING_STARTED""]",FORMING,UNKNOWN,[],[],[],AUCTION_SIGNAL_DOWNSTREAM_V2,OPEN,HOLD_POSITION,NONE,"[{""action"": ""HOLD"", ""signal_id"": ""a73cb6c9-a388-53f1-92b2-41820e34edd3"", ""setup"": ""REVERSAL"", ""side"": ""SELL"", ""stage"": ""TRANSITION"", ""status"": ""OPEN"", ""status_reason"": ""NO_CURRENT_CREATION_EVENT"", ""signal_action"": ""HOLD"", ""signal_state"": ""OPEN"", ""trade_action"": ""HOLD_POSITION"", ""management_posture"": ""CAUTION"", ""management_reason_code"": ""NO_CURRENT_CREATION_EVENT"", ""should_exit_signal"": false}]",368,CAUTION,NO_CURRENT_CREATION_EVENT,[],HOLD,CAND:6644484c352c701feebfdf31,OPP:6644484c352c701feebfdf31,8026.5,False,HOLD,TRANSITION,OPEN,NO_CURRENT_CREATION_EVENT,2026-07-31T10:33:00+05:30,DIVISLAB,False,ATR_MULTIPLE
NO_EVENT,NONE,[],[],LOCKED,,[],[],[],,,,,[],369,,,"[""CONTINUATION:BLOCK"", ""REACCELERATION:BLOCK"", ""REVERSAL:BLOCK""]",,,,,,NO_ACTION,,,,2026-07-31T10:33:00+05:30,EXIDEIND,,
BALANCE_ESCAPE_STARTED,DIRECTIONAL,"[""BAL:FORCEMOT:2026-07-31:001:NEUTRAL:100000:BALANCE_ESCAPE_STARTED:103300""]","[""BALANCE_ESCAPE_STARTED""]",ESCAPE_WATCH,,[],[],[],,,,,[],370,,,"[""ACCEPTED_BREAKOUT:WAIT"", ""BREAKOUT_INITIATION:PERMIT"", ""CONTINUATION:BLOCK"", ""FAILED_BREAKOUT:WAIT"", ""REACCELERATION:BLOCK"", ""REVERSAL:BLOCK""]",,,,,,NO_ACTION,,,,2026-07-31T10:33:00+05:30,FORCEMOT,,
DIRECTIONAL_COMPLETED,COMPLETED,"[""DIR:GLENMARK:2026-07-31:001:UP:100900:DIRECTIONAL_COMPLETED:103300""]","[""DIRECTIONAL_COMPLETED""]",FORMING,,[],[],[],,,,,[],371,,,[],,,,,,NO_ACTION,,,,2026-07-31T10:33:00+05:30,GLENMARK,,
NO_EVENT,NONE,[],[],NONE,,[],[],[],,,,,[],372,,,[],,,,,,NO_ACTION,,,,2026-07-31T10:33:00+05:30,INDUSTOWER,,
DIRECTIONAL_REVERSAL_LEG_ESTABLISHED,DIRECTIONAL,"[""DIR:KALYANKJIL:2026-07-31:002:UP:102400:DIRECTIONAL_REVERSAL_LEG_ESTABLISHED:103300""]","[""DIRECTIONAL_REVERSAL_LEG_ESTABLISHED""]",NONE,ALIGNED,[],[],[],AUCTION_SIGNAL_DOWNSTREAM_V2,OPEN,CREATE_TRADE,NONE,"[{""action"": ""CREATE"", ""signal_id"": ""0be5a943-6906-5924-af54-1d2dcca91257"", ""setup"": ""REVERSAL"", ""side"": ""BUY"", ""stage"": ""ACTIVE"", ""status"": ""OPEN"", ""status_reason"": ""EVENT_DRIVEN_SETUP_CREATED"", ""signal_action"": ""CREATE"", ""signal_state"": ""OPEN"", ""trade_action"": ""CREATE_TRADE"", ""management_posture"": ""STRENGTHEN"", ""management_reason_code"": ""EVENT_DRIVEN_SETUP_CREATED"", ""should_exit_signal"": false}]",373,STRENGTHEN,EVENT_DRIVEN_SETUP_CREATED,"[""REVERSAL:PERMIT""]",CREATE,CAND:158ac89230fbe44b1b3cdd63,OPP:158ac89230fbe44b1b3cdd63,623.05,False,CREATE,ACTIVE,OPEN,EVENT_DRIVEN_SETUP_CREATED,2026-07-31T10:33:00+05:30,KALYANKJIL,True,ATR_MULTIPLE
NO_EVENT,NONE,[],[],PROBABLE,,[],[],[],,,,,[],374,,,[],,,,,,NO_ACTION,,,,2026-07-31T10:33:00+05:30,MANAPPURAM,,
NO_EVENT,NONE,[],[],NONE,,[],[],[],,,,,[],375,,,[],,,,,,NO_ACTION,,,,2026-07-31T10:33:00+05:30,PERSISTENT,,
NO_EVENT,DIRECTIONAL,[],[],LOCKED,,[],[],[],,,,,[],376,,,"[""CONTINUATION:BLOCK"", ""REACCELERATION:BLOCK"", ""REVERSAL:BLOCK""]",,,,,,NO_ACTION,,,,2026-07-31T10:33:00+05:30,POWERINDIA,,
NO_EVENT,NONE,[],[],LOCKED,,[],[],[],,,,,[],377,,,"[""CONTINUATION:BLOCK"", ""REACCELERATION:BLOCK"", ""REVERSAL:BLOCK""]",,,,,,NO_ACTION,,,,2026-07-31T10:33:00+05:30,TCS,,
NO_EVENT,DIRECTIONAL,[],[],NONE,,[],[],[],,,,,[],378,,,[],,,,,,NO_ACTION,,,,2026-07-31T10:33:00+05:30,TORNTPHARM,,
"BALANCE_LOCKED,DIRECTIONAL_REACCELERATION_CONFIRMED",DIRECTIONAL,"[""BAL:BHEL:2026-07-31:001:NEUTRAL:101500:BALANCE_LOCKED:103600"", ""DIR:BHEL:2026-07-31:003:UP:102400:DIRECTIONAL_REACCELERATION_CONFIRMED:103600""]","[""BALANCE_LOCKED"", ""DIRECTIONAL_REACCELERATION_CONFIRMED""]",LOCKED,,[],[],[],,,,,[],379,,,"[""CONTINUATION:BLOCK"", ""REACCELERATION:BLOCK"", ""REVERSAL:BLOCK""]",,,,,,NO_ACTION,,,,2026-07-31T10:36:00+05:30,BHEL,,
NO_EVENT,DIRECTIONAL,[],[],NONE,ALIGNED,[],[],[],AUCTION_SIGNAL_DOWNSTREAM_V2,OPEN,HOLD_POSITION,NONE,"[{""action"": ""HOLD"", ""signal_id"": ""aee40fe8-7759-5cec-902a-0db152fe528d"", ""setup"": ""REVERSAL"", ""side"": ""SELL"", ""stage"": ""ACTIVE"", ""status"": ""OPEN"", ""status_reason"": ""AUTHORITATIVE_DIRECTIONAL_ALIGNED"", ""signal_action"": ""HOLD"", ""signal_state"": ""OPEN"", ""trade_action"": ""HOLD_POSITION"", ""management_posture"": ""STRENGTHEN"", ""management_reason_code"": ""AUTHORITATIVE_DIRECTIONAL_ALIGNED"", ""should_exit_signal"": false}]",380,STRENGTHEN,AUTHORITATIVE_DIRECTIONAL_ALIGNED,[],HOLD,CAND:c91e30e559c61ae9e4a8e30d,OPP:c91e30e559c61ae9e4a8e30d,1842.1,False,HOLD,ACTIVE,OPEN,AUTHORITATIVE_DIRECTIONAL_ALIGNED,2026-07-31T10:36:00+05:30,CHOLAFIN,True,ATR_MULTIPLE
BALANCE_FORMING_STARTED,NONE,"[""BAL:COFORGE:2026-07-31:002:NEUTRAL:103600:BALANCE_FORMING_STARTED:103600""]","[""BALANCE_FORMING_STARTED""]",FORMING,UNKNOWN,[],[],[],AUCTION_SIGNAL_DOWNSTREAM_V2,OPEN,HOLD_POSITION,NONE,"[{""action"": ""HOLD"", ""signal_id"": ""2afed6e7-898c-5a79-8bf5-1d7891f21ccb"", ""setup"": ""REVERSAL"", ""side"": ""SELL"", ""stage"": ""TRANSITION"", ""status"": ""OPEN"", ""status_reason"": ""NO_CURRENT_CREATION_EVENT"", ""signal_action"": ""HOLD"", ""signal_state"": ""OPEN"", ""trade_action"": ""HOLD_POSITION"", ""management_posture"": ""CAUTION"", ""management_reason_code"": ""NO_CURRENT_CREATION_EVENT"", ""should_exit_signal"": false}]",381,CAUTION,NO_CURRENT_CREATION_EVENT,[],HOLD,CAND:995ee50ff305357125723e26,OPP:995ee50ff305357125723e26,1724.2,False,HOLD,TRANSITION,OPEN,NO_CURRENT_CREATION_EVENT,2026-07-31T10:36:00+05:30,COFORGE,False,ATR_MULTIPLE
NO_EVENT,NONE,[],[],FORMING,UNKNOWN,[],[],[],AUCTION_SIGNAL_DOWNSTREAM_V2,OPEN,HOLD_POSITION,NONE,"[{""action"": ""HOLD"", ""signal_id"": ""a73cb6c9-a388-53f1-92b2-41820e34edd3"", ""setup"": ""REVERSAL"", ""side"": ""SELL"", ""stage"": ""TRANSITION"", ""status"": ""OPEN"", ""status_reason"": ""NO_CURRENT_CREATION_EVENT"", ""signal_action"": ""HOLD"", ""signal_state"": ""OPEN"", ""trade_action"": ""HOLD_POSITION"", ""management_posture"": ""CAUTION"", ""management_reason_code"": ""NO_CURRENT_CREATION_EVENT"", ""should_exit_signal"": false}]",382,CAUTION,NO_CURRENT_CREATION_EVENT,[],HOLD,CAND:6644484c352c701feebfdf31,OPP:6644484c352c701feebfdf31,8026.5,False,HOLD,TRANSITION,OPEN,NO_CURRENT_CREATION_EVENT,2026-07-31T10:36:00+05:30,DIVISLAB,False,ATR_MULTIPLE
NO_EVENT,NONE,[],[],LOCKED,,[],[],[],,,,,[],383,,,"[""CONTINUATION:BLOCK"", ""REACCELERATION:BLOCK"", ""REVERSAL:BLOCK""]",,,,,,NO_ACTION,,,,2026-07-31T10:36:00+05:30,EXIDEIND,,
BALANCE_ESCAPE_ACCEPTED,DIRECTIONAL,"[""BAL:FORCEMOT:2026-07-31:001:NEUTRAL:100000:BALANCE_ESCAPE_ACCEPTED:103600""]","[""BALANCE_ESCAPE_ACCEPTED""]",ACCEPTED_OUTSIDE,,[],[],[],,,,,[],384,,,"[""ACCEPTED_BREAKOUT:PERMIT""]",,,,,,NO_ACTION,,,,2026-07-31T10:36:00+05:30,FORCEMOT,,
NO_EVENT,NONE,[],[],FORMING,,[],[],[],,,,,[],385,,,[],,,,,,NO_ACTION,,,,2026-07-31T10:36:00+05:30,GLENMARK,,
NO_EVENT,NONE,[],[],NONE,,[],[],[],,,,,[],386,,,[],,,,,,NO_ACTION,,,,2026-07-31T10:36:00+05:30,INDUSTOWER,,
NO_EVENT,DIRECTIONAL,[],[],NONE,ALIGNED,[],[],[],AUCTION_SIGNAL_DOWNSTREAM_V2,OPEN,HOLD_POSITION,NONE,"[{""action"": ""HOLD"", ""signal_id"": ""0be5a943-6906-5924-af54-1d2dcca91257"", ""setup"": ""REVERSAL"", ""side"": ""BUY"", ""stage"": ""ACTIVE"", ""status"": ""OPEN"", ""status_reason"": ""AUTHORITATIVE_DIRECTIONAL_ALIGNED"", ""signal_action"": ""HOLD"", ""signal_state"": ""OPEN"", ""trade_action"": ""HOLD_POSITION"", ""management_posture"": ""STRENGTHEN"", ""management_reason_code"": ""AUTHORITATIVE_DIRECTIONAL_ALIGNED"", ""should_exit_signal"": false}]",387,STRENGTHEN,AUTHORITATIVE_DIRECTIONAL_ALIGNED,[],HOLD,CAND:158ac89230fbe44b1b3cdd63,OPP:158ac89230fbe44b1b3cdd63,623.05,False,HOLD,ACTIVE,OPEN,AUTHORITATIVE_DIRECTIONAL_ALIGNED,2026-07-31T10:36:00+05:30,KALYANKJIL,True,ATR_MULTIPLE
NO_EVENT,NONE,[],[],PROBABLE,,[],[],[],,,,,[],388,,,[],,,,,,NO_ACTION,,,,2026-07-31T10:36:00+05:30,MANAPPURAM,,
BALANCE_FORMING_STARTED,NONE,"[""BAL:PERSISTENT:2026-07-31:002:NEUTRAL:103600:BALANCE_FORMING_STARTED:103600""]","[""BALANCE_FORMING_STARTED""]",FORMING,,[],[],[],,,,,[],389,,,[],,,,,,NO_ACTION,,,,2026-07-31T10:36:00+05:30,PERSISTENT,,
NO_EVENT,DIRECTIONAL,[],[],LOCKED,,[],[],[],,,,,[],390,,,"[""CONTINUATION:BLOCK"", ""REACCELERATION:BLOCK"", ""REVERSAL:BLOCK""]",,,,,,NO_ACTION,,,,2026-07-31T10:36:00+05:30,POWERINDIA,,
BALANCE_ESCAPE_STARTED,NONE,"[""BAL:TCS:2026-07-31:001:NEUTRAL:100600:BALANCE_ESCAPE_STARTED:103600""]","[""BALANCE_ESCAPE_STARTED""]",ESCAPE_WATCH,UNKNOWN,[],[],[],AUCTION_SIGNAL_DOWNSTREAM_V2,OPEN,CREATE_TRADE,NONE,"[{""action"": ""CREATE"", ""signal_id"": ""8ea01a85-4efa-5849-ac33-c03e0b01cda8"", ""setup"": ""BREAKOUT_INITIATION"", ""side"": ""BUY"", ""stage"": ""ACTIVE"", ""status"": ""OPEN"", ""status_reason"": ""EVENT_DRIVEN_SETUP_CREATED"", ""signal_action"": ""CREATE"", ""signal_state"": ""OPEN"", ""trade_action"": ""CREATE_TRADE"", ""management_posture"": ""STRENGTHEN"", ""management_reason_code"": ""EVENT_DRIVEN_SETUP_CREATED"", ""should_exit_signal"": false}]",391,STRENGTHEN,EVENT_DRIVEN_SETUP_CREATED,"[""ACCEPTED_BREAKOUT:WAIT"", ""BREAKOUT_INITIATION:PERMIT"", ""CONTINUATION:BLOCK"", ""FAILED_BREAKOUT:WAIT"", ""REACCELERATION:BLOCK"", ""REVERSAL:BLOCK""]",CREATE,CAND:02506b9e9c36e94d0d5e2f0e,OPP:02506b9e9c36e94d0d5e2f0e,2368.2,False,CREATE,ACTIVE,OPEN,EVENT_DRIVEN_SETUP_CREATED,2026-07-31T10:36:00+05:30,TCS,True,ATR_MULTIPLE
NO_EVENT,DIRECTIONAL,[],[],NONE,,[],[],[],,,,,[],392,,,[],,,,,,NO_ACTION,,,,2026-07-31T10:36:00+05:30,TORNTPHARM,,
NO_EVENT,DIRECTIONAL,[],[],LOCKED,,[],[],[],,,,,[],393,,,"[""CONTINUATION:BLOCK"", ""REACCELERATION:BLOCK"", ""REVERSAL:BLOCK""]",,,,,,NO_ACTION,,,,2026-07-31T10:39:00+05:30,BHEL,,
DIRECTIONAL_COMPLETED,COMPLETED,"[""DIR:CHOLAFIN:2026-07-31:002:DOWN:102400:DIRECTIONAL_COMPLETED:103900""]","[""DIRECTIONAL_COMPLETED""]",NONE,ALIGNED,[],[],[],AUCTION_SIGNAL_DOWNSTREAM_V2,OPEN,HOLD_POSITION,NONE,"[{""action"": ""HOLD"", ""signal_id"": ""aee40fe8-7759-5cec-902a-0db152fe528d"", ""setup"": ""REVERSAL"", ""side"": ""SELL"", ""stage"": ""TRANSITION"", ""status"": ""OPEN"", ""status_reason"": ""NO_CURRENT_CREATION_EVENT"", ""signal_action"": ""HOLD"", ""signal_state"": ""OPEN"", ""trade_action"": ""HOLD_POSITION"", ""management_posture"": ""CAUTION"", ""management_reason_code"": ""NO_CURRENT_CREATION_EVENT"", ""should_exit_signal"": false}]",394,CAUTION,NO_CURRENT_CREATION_EVENT,[],HOLD,CAND:c91e30e559c61ae9e4a8e30d,OPP:c91e30e559c61ae9e4a8e30d,1842.1,False,HOLD,TRANSITION,OPEN,NO_CURRENT_CREATION_EVENT,2026-07-31T10:39:00+05:30,CHOLAFIN,False,ATR_MULTIPLE
NO_EVENT,NONE,[],[],FORMING,UNKNOWN,[],[],[],AUCTION_SIGNAL_DOWNSTREAM_V2,OPEN,HOLD_POSITION,NONE,"[{""action"": ""HOLD"", ""signal_id"": ""2afed6e7-898c-5a79-8bf5-1d7891f21ccb"", ""setup"": ""REVERSAL"", ""side"": ""SELL"", ""stage"": ""TRANSITION"", ""status"": ""OPEN"", ""status_reason"": ""NO_CURRENT_CREATION_EVENT"", ""signal_action"": ""HOLD"", ""signal_state"": ""OPEN"", ""trade_action"": ""HOLD_POSITION"", ""management_posture"": ""CAUTION"", ""management_reason_code"": ""NO_CURRENT_CREATION_EVENT"", ""should_exit_signal"": false}]",395,CAUTION,NO_CURRENT_CREATION_EVENT,[],HOLD,CAND:995ee50ff305357125723e26,OPP:995ee50ff305357125723e26,1724.2,False,HOLD,TRANSITION,OPEN,NO_CURRENT_CREATION_EVENT,2026-07-31T10:39:00+05:30,COFORGE,False,ATR_MULTIPLE
NO_EVENT,NONE,[],[],FORMING,UNKNOWN,[],[],[],AUCTION_SIGNAL_DOWNSTREAM_V2,OPEN,HOLD_POSITION,NONE,"[{""action"": ""HOLD"", ""signal_id"": ""a73cb6c9-a388-53f1-92b2-41820e34edd3"", ""setup"": ""REVERSAL"", ""side"": ""SELL"", ""stage"": ""TRANSITION"", ""status"": ""OPEN"", ""status_reason"": ""NO_CURRENT_CREATION_EVENT"", ""signal_action"": ""HOLD"", ""signal_state"": ""OPEN"", ""trade_action"": ""HOLD_POSITION"", ""management_posture"": ""CAUTION"", ""management_reason_code"": ""NO_CURRENT_CREATION_EVENT"", ""should_exit_signal"": false}]",396,CAUTION,NO_CURRENT_CREATION_EVENT,[],HOLD,CAND:6644484c352c701feebfdf31,OPP:6644484c352c701feebfdf31,8026.5,False,HOLD,TRANSITION,OPEN,NO_CURRENT_CREATION_EVENT,2026-07-31T10:39:00+05:30,DIVISLAB,False,ATR_MULTIPLE
NO_EVENT,NONE,[],[],LOCKED,,[],[],[],,,,,[],397,,,"[""CONTINUATION:BLOCK"", ""REACCELERATION:BLOCK"", ""REVERSAL:BLOCK""]",,,,,,NO_ACTION,,,,2026-07-31T10:39:00+05:30,EXIDEIND,,
"BALANCE_COMPLETED,DIRECTIONAL_MATURED",MATURE,"[""BAL:FORCEMOT:2026-07-31:001:NEUTRAL:100000:BALANCE_COMPLETED:103900"", ""DIR:FORCEMOT:2026-07-31:001:DOWN:100900:DIRECTIONAL_MATURED:103900""]","[""BALANCE_COMPLETED"", ""DIRECTIONAL_MATURED""]",COMPLETED,,[],[],[],,,,,[],398,,,[],,,,,,NO_ACTION,,,,2026-07-31T10:39:00+05:30,FORCEMOT,,
NO_EVENT,NONE,[],[],FORMING,,[],[],[],,,,,[],399,,,[],,,,,,NO_ACTION,,,,2026-07-31T10:39:00+05:30,GLENMARK,,
NO_EVENT,NONE,[],[],NONE,,[],[],[],,,,,[],400,,,[],,,,,,NO_ACTION,,,,2026-07-31T10:39:00+05:30,INDUSTOWER,,
DIRECTIONAL_COMPLETED,COMPLETED,"[""DIR:KALYANKJIL:2026-07-31:002:UP:102400:DIRECTIONAL_COMPLETED:103900""]","[""DIRECTIONAL_COMPLETED""]",NONE,ALIGNED,[],[],[],AUCTION_SIGNAL_DOWNSTREAM_V2,OPEN,HOLD_POSITION,NONE,"[{""action"": ""HOLD"", ""signal_id"": ""0be5a943-6906-5924-af54-1d2dcca91257"", ""setup"": ""REVERSAL"", ""side"": ""BUY"", ""stage"": ""TRANSITION"", ""status"": ""OPEN"", ""status_reason"": ""NO_CURRENT_CREATION_EVENT"", ""signal_action"": ""HOLD"", ""signal_state"": ""OPEN"", ""trade_action"": ""HOLD_POSITION"", ""management_posture"": ""CAUTION"", ""management_reason_code"": ""NO_CURRENT_CREATION_EVENT"", ""should_exit_signal"": false}]",401,CAUTION,NO_CURRENT_CREATION_EVENT,[],HOLD,CAND:158ac89230fbe44b1b3cdd63,OPP:158ac89230fbe44b1b3cdd63,623.05,False,HOLD,TRANSITION,OPEN,NO_CURRENT_CREATION_EVENT,2026-07-31T10:39:00+05:30,KALYANKJIL,False,ATR_MULTIPLE
NO_EVENT,NONE,[],[],PROBABLE,,[],[],[],,,,,[],402,,,[],,,,,,NO_ACTION,,,,2026-07-31T10:39:00+05:30,MANAPPURAM,,
NO_EVENT,NONE,[],[],FORMING,,[],[],[],,,,,[],403,,,[],,,,,,NO_ACTION,,,,2026-07-31T10:39:00+05:30,PERSISTENT,,
NO_EVENT,DIRECTIONAL,[],[],LOCKED,,[],[],[],,,,,[],404,,,"[""CONTINUATION:BLOCK"", ""REACCELERATION:BLOCK"", ""REVERSAL:BLOCK""]",,,,,,NO_ACTION,,,,2026-07-31T10:39:00+05:30,POWERINDIA,,
BALANCE_ESCAPE_FAILED,NONE,"[""BAL:TCS:2026-07-31:001:NEUTRAL:100600:BALANCE_ESCAPE_FAILED:103900""]","[""BALANCE_ESCAPE_FAILED""]",FAILED_BACK_INSIDE,UNKNOWN,"[""CLOSE""]","[""8ea01a85-4efa-5849-ac33-c03e0b01cda8""]","[""FORCE_EXIT""]",AUCTION_SIGNAL_DOWNSTREAM_V2,TERMINAL,FORCE_EXIT,HIGH,"[{""action"": ""CLOSE"", ""signal_id"": ""8ea01a85-4efa-5849-ac33-c03e0b01cda8"", ""setup"": ""BREAKOUT_INITIATION"", ""side"": ""BUY"", ""stage"": ""FORCE_EXIT"", ""status"": ""INVALIDATED"", ""status_reason"": ""BALANCE_ESCAPE_FAILED_INVALIDATED_SETUP"", ""signal_action"": ""CLOSE"", ""signal_state"": ""TERMINAL"", ""trade_action"": ""FORCE_EXIT"", ""management_posture"": ""EXIT"", ""management_reason_code"": ""BALANCE_ESCAPE_FAILED_INVALIDATED_SETUP"", ""should_exit_signal"": true}]",405,EXIT,BALANCE_ESCAPE_FAILED_INVALIDATED_SETUP,"[""CONTINUATION:BLOCK"", ""FAILED_BREAKOUT:PERMIT"", ""REACCELERATION:BLOCK"", ""REVERSAL:BLOCK""]",CLOSE,CAND:02506b9e9c36e94d0d5e2f0e,OPP:02506b9e9c36e94d0d5e2f0e,2368.2,True,CLOSE,FORCE_EXIT,INVALIDATED,BALANCE_ESCAPE_FAILED_INVALIDATED_SETUP,2026-07-31T10:39:00+05:30,TCS,False,ATR_MULTIPLE
BALANCE_FORMING_STARTED,DIRECTIONAL,"[""BAL:TORNTPHARM:2026-07-31:002:NEUTRAL:103900:BALANCE_FORMING_STARTED:103900""]","[""BALANCE_FORMING_STARTED""]",FORMING,,[],[],[],,,,,[],406,,,[],,,,,,NO_ACTION,,,,2026-07-31T10:39:00+05:30,TORNTPHARM,,
NO_EVENT,DIRECTIONAL,[],[],LOCKED,,[],[],[],,,,,[],407,,,"[""CONTINUATION:BLOCK"", ""REACCELERATION:BLOCK"", ""REVERSAL:BLOCK""]",,,,,,NO_ACTION,,,,2026-07-31T10:42:00+05:30,BHEL,,
NO_EVENT,NONE,[],[],NONE,UNKNOWN,[],[],[],AUCTION_SIGNAL_DOWNSTREAM_V2,OPEN,HOLD_POSITION,NONE,"[{""action"": ""HOLD"", ""signal_id"": ""aee40fe8-7759-5cec-902a-0db152fe528d"", ""setup"": ""REVERSAL"", ""side"": ""SELL"", ""stage"": ""TRANSITION"", ""status"": ""OPEN"", ""status_reason"": ""NO_CURRENT_CREATION_EVENT"", ""signal_action"": ""HOLD"", ""signal_state"": ""OPEN"", ""trade_action"": ""HOLD_POSITION"", ""management_posture"": ""CAUTION"", ""management_reason_code"": ""NO_CURRENT_CREATION_EVENT"", ""should_exit_signal"": false}]",408,CAUTION,NO_CURRENT_CREATION_EVENT,[],HOLD,CAND:c91e30e559c61ae9e4a8e30d,OPP:c91e30e559c61ae9e4a8e30d,1842.1,False,HOLD,TRANSITION,OPEN,NO_CURRENT_CREATION_EVENT,2026-07-31T10:42:00+05:30,CHOLAFIN,False,ATR_MULTIPLE
BALANCE_COMPLETED,NONE,"[""BAL:COFORGE:2026-07-31:002:NEUTRAL:103600:BALANCE_COMPLETED:104200""]","[""BALANCE_COMPLETED""]",COMPLETED,UNKNOWN,[],[],[],AUCTION_SIGNAL_DOWNSTREAM_V2,OPEN,HOLD_POSITION,NONE,"[{""action"": ""HOLD"", ""signal_id"": ""2afed6e7-898c-5a79-8bf5-1d7891f21ccb"", ""setup"": ""REVERSAL"", ""side"": ""SELL"", ""stage"": ""TRANSITION"", ""status"": ""OPEN"", ""status_reason"": ""NO_CURRENT_CREATION_EVENT"", ""signal_action"": ""HOLD"", ""signal_state"": ""OPEN"", ""trade_action"": ""HOLD_POSITION"", ""management_posture"": ""CAUTION"", ""management_reason_code"": ""NO_CURRENT_CREATION_EVENT"", ""should_exit_signal"": false}]",409,CAUTION,NO_CURRENT_CREATION_EVENT,[],HOLD,CAND:995ee50ff305357125723e26,OPP:995ee50ff305357125723e26,1724.2,False,HOLD,TRANSITION,OPEN,NO_CURRENT_CREATION_EVENT,2026-07-31T10:42:00+05:30,COFORGE,False,ATR_MULTIPLE
NO_EVENT,NONE,[],[],FORMING,UNKNOWN,[],[],[],AUCTION_SIGNAL_DOWNSTREAM_V2,OPEN,HOLD_POSITION,NONE,"[{""action"": ""HOLD"", ""signal_id"": ""a73cb6c9-a388-53f1-92b2-41820e34edd3"", ""setup"": ""REVERSAL"", ""side"": ""SELL"", ""stage"": ""TRANSITION"", ""status"": ""OPEN"", ""status_reason"": ""NO_CURRENT_CREATION_EVENT"", ""signal_action"": ""HOLD"", ""signal_state"": ""OPEN"", ""trade_action"": ""HOLD_POSITION"", ""management_posture"": ""CAUTION"", ""management_reason_code"": ""NO_CURRENT_CREATION_EVENT"", ""should_exit_signal"": false}]",410,CAUTION,NO_CURRENT_CREATION_EVENT,[],HOLD,CAND:6644484c352c701feebfdf31,OPP:6644484c352c701feebfdf31,8026.5,False,HOLD,TRANSITION,OPEN,NO_CURRENT_CREATION_EVENT,2026-07-31T10:42:00+05:30,DIVISLAB,False,ATR_MULTIPLE
NO_EVENT,NONE,[],[],LOCKED,,[],[],[],,,,,[],411,,,"[""CONTINUATION:BLOCK"", ""REACCELERATION:BLOCK"", ""REVERSAL:BLOCK""]",,,,,,NO_ACTION,,,,2026-07-31T10:42:00+05:30,EXIDEIND,,
REVERSAL_WATCH_STARTED,REVERSAL_WATCH,"[""DIR:FORCEMOT:2026-07-31:001:DOWN:100900:REVERSAL_WATCH_STARTED:104200""]","[""REVERSAL_WATCH_STARTED""]",NONE,,[],[],[],,,,,[],412,,,[],,,,,,NO_ACTION,,,,2026-07-31T10:42:00+05:30,FORCEMOT,,
NO_EVENT,NONE,[],[],FORMING,,[],[],[],,,,,[],413,,,[],,,,,,NO_ACTION,,,,2026-07-31T10:42:00+05:30,GLENMARK,,
NO_EVENT,NONE,[],[],NONE,,[],[],[],,,,,[],414,,,[],,,,,,NO_ACTION,,,,2026-07-31T10:42:00+05:30,INDUSTOWER,,
NO_EVENT,NONE,[],[],NONE,UNKNOWN,[],[],[],AUCTION_SIGNAL_DOWNSTREAM_V2,OPEN,HOLD_POSITION,NONE,"[{""action"": ""HOLD"", ""signal_id"": ""0be5a943-6906-5924-af54-1d2dcca91257"", ""setup"": ""REVERSAL"", ""side"": ""BUY"", ""stage"": ""TRANSITION"", ""status"": ""OPEN"", ""status_reason"": ""NO_CURRENT_CREATION_EVENT"", ""signal_action"": ""HOLD"", ""signal_state"": ""OPEN"", ""trade_action"": ""HOLD_POSITION"", ""management_posture"": ""CAUTION"", ""management_reason_code"": ""NO_CURRENT_CREATION_EVENT"", ""should_exit_signal"": false}]",415,CAUTION,NO_CURRENT_CREATION_EVENT,[],HOLD,CAND:158ac89230fbe44b1b3cdd63,OPP:158ac89230fbe44b1b3cdd63,623.05,False,HOLD,TRANSITION,OPEN,NO_CURRENT_CREATION_EVENT,2026-07-31T10:42:00+05:30,KALYANKJIL,False,ATR_MULTIPLE
NO_EVENT,NONE,[],[],PROBABLE,,[],[],[],,,,,[],416,,,[],,,,,,NO_ACTION,,,,2026-07-31T10:42:00+05:30,MANAPPURAM,,
NO_EVENT,NONE,[],[],FORMING,,[],[],[],,,,,[],417,,,[],,,,,,NO_ACTION,,,,2026-07-31T10:42:00+05:30,PERSISTENT,,
NO_EVENT,DIRECTIONAL,[],[],LOCKED,,[],[],[],,,,,[],418,,,"[""CONTINUATION:BLOCK"", ""REACCELERATION:BLOCK"", ""REVERSAL:BLOCK""]",,,,,,NO_ACTION,,,,2026-07-31T10:42:00+05:30,POWERINDIA,,
NO_EVENT,NONE,[],[],FAILED_BACK_INSIDE,,[],[],[],,,,,[],419,,,"[""CONTINUATION:BLOCK"", ""REACCELERATION:BLOCK"", ""REVERSAL:BLOCK""]",,,,,,NO_ACTION,,,,2026-07-31T10:42:00+05:30,TCS,,
NO_EVENT,DIRECTIONAL,[],[],FORMING,,[],[],[],,,,,[],420,,,[],,,,,,NO_ACTION,,,,2026-07-31T10:42:00+05:30,TORNTPHARM,,
NO_EVENT,DIRECTIONAL,[],[],LOCKED,,[],[],[],,,,,[],421,,,"[""CONTINUATION:BLOCK"", ""REACCELERATION:BLOCK"", ""REVERSAL:BLOCK""]",,,,,,NO_ACTION,,,,2026-07-31T10:45:00+05:30,BHEL,,
DIRECTIONAL_STARTED,DIRECTIONAL,"[""DIR:CHOLAFIN:2026-07-31:003:UP:104500:DIRECTIONAL_STARTED:104500""]","[""DIRECTIONAL_STARTED""]",NONE,OPPOSED,[],[],[],AUCTION_SIGNAL_DOWNSTREAM_V2,OPEN,HOLD_POSITION,NONE,"[{""action"": ""HOLD"", ""signal_id"": ""aee40fe8-7759-5cec-902a-0db152fe528d"", ""setup"": ""REVERSAL"", ""side"": ""SELL"", ""stage"": ""WEAKENING"", ""status"": ""OPEN"", ""status_reason"": ""AUTHORITATIVE_DIRECTION_OPPOSED"", ""signal_action"": ""HOLD"", ""signal_state"": ""OPEN"", ""trade_action"": ""HOLD_POSITION"", ""management_posture"": ""CAUTION"", ""management_reason_code"": ""AUTHORITATIVE_DIRECTION_OPPOSED"", ""should_exit_signal"": false}]",422,CAUTION,AUTHORITATIVE_DIRECTION_OPPOSED,[],HOLD,CAND:c91e30e559c61ae9e4a8e30d,OPP:c91e30e559c61ae9e4a8e30d,1842.1,False,HOLD,WEAKENING,OPEN,AUTHORITATIVE_DIRECTION_OPPOSED,2026-07-31T10:45:00+05:30,CHOLAFIN,False,ATR_MULTIPLE
NO_EVENT,NONE,[],[],NONE,UNKNOWN,[],[],[],AUCTION_SIGNAL_DOWNSTREAM_V2,OPEN,HOLD_POSITION,NONE,"[{""action"": ""HOLD"", ""signal_id"": ""2afed6e7-898c-5a79-8bf5-1d7891f21ccb"", ""setup"": ""REVERSAL"", ""side"": ""SELL"", ""stage"": ""TRANSITION"", ""status"": ""OPEN"", ""status_reason"": ""NO_CURRENT_CREATION_EVENT"", ""signal_action"": ""HOLD"", ""signal_state"": ""OPEN"", ""trade_action"": ""HOLD_POSITION"", ""management_posture"": ""CAUTION"", ""management_reason_code"": ""NO_CURRENT_CREATION_EVENT"", ""should_exit_signal"": false}]",423,CAUTION,NO_CURRENT_CREATION_EVENT,[],HOLD,CAND:995ee50ff305357125723e26,OPP:995ee50ff305357125723e26,1724.2,False,HOLD,TRANSITION,OPEN,NO_CURRENT_CREATION_EVENT,2026-07-31T10:45:00+05:30,COFORGE,False,ATR_MULTIPLE
BALANCE_PROBABLE,NONE,"[""BAL:DIVISLAB:2026-07-31:002:NEUTRAL:103300:BALANCE_PROBABLE:104500""]","[""BALANCE_PROBABLE""]",PROBABLE,UNKNOWN,[],[],[],AUCTION_SIGNAL_DOWNSTREAM_V2,OPEN,HOLD_POSITION,NONE,"[{""action"": ""HOLD"", ""signal_id"": ""a73cb6c9-a388-53f1-92b2-41820e34edd3"", ""setup"": ""REVERSAL"", ""side"": ""SELL"", ""stage"": ""TRANSITION"", ""status"": ""OPEN"", ""status_reason"": ""NO_CURRENT_CREATION_EVENT"", ""signal_action"": ""HOLD"", ""signal_state"": ""OPEN"", ""trade_action"": ""HOLD_POSITION"", ""management_posture"": ""CAUTION"", ""management_reason_code"": ""NO_CURRENT_CREATION_EVENT"", ""should_exit_signal"": false}]",424,CAUTION,NO_CURRENT_CREATION_EVENT,[],HOLD,CAND:6644484c352c701feebfdf31,OPP:6644484c352c701feebfdf31,8026.5,False,HOLD,TRANSITION,OPEN,NO_CURRENT_CREATION_EVENT,2026-07-31T10:45:00+05:30,DIVISLAB,False,ATR_MULTIPLE
NO_EVENT,NONE,[],[],LOCKED,,[],[],[],,,,,[],425,,,"[""CONTINUATION:BLOCK"", ""REACCELERATION:BLOCK"", ""REVERSAL:BLOCK""]",,,,,,NO_ACTION,,,,2026-07-31T10:45:00+05:30,EXIDEIND,,
NO_EVENT,REVERSAL_WATCH,[],[],NONE,,[],[],[],,,,,[],426,,,[],,,,,,NO_ACTION,,,,2026-07-31T10:45:00+05:30,FORCEMOT,,
NO_EVENT,NONE,[],[],FORMING,,[],[],[],,,,,[],427,,,[],,,,,,NO_ACTION,,,,2026-07-31T10:45:00+05:30,GLENMARK,,
NO_EVENT,NONE,[],[],NONE,,[],[],[],,,,,[],428,,,[],,,,,,NO_ACTION,,,,2026-07-31T10:45:00+05:30,INDUSTOWER,,
DIRECTIONAL_STARTED,DIRECTIONAL,"[""DIR:KALYANKJIL:2026-07-31:003:DOWN:104500:DIRECTIONAL_STARTED:104500""]","[""DIRECTIONAL_STARTED""]",NONE,OPPOSED,[],[],[],AUCTION_SIGNAL_DOWNSTREAM_V2,OPEN,HOLD_POSITION,NONE,"[{""action"": ""HOLD"", ""signal_id"": ""0be5a943-6906-5924-af54-1d2dcca91257"", ""setup"": ""REVERSAL"", ""side"": ""BUY"", ""stage"": ""WEAKENING"", ""status"": ""OPEN"", ""status_reason"": ""AUTHORITATIVE_DIRECTION_OPPOSED"", ""signal_action"": ""HOLD"", ""signal_state"": ""OPEN"", ""trade_action"": ""HOLD_POSITION"", ""management_posture"": ""CAUTION"", ""management_reason_code"": ""AUTHORITATIVE_DIRECTION_OPPOSED"", ""should_exit_signal"": false}]",429,CAUTION,AUTHORITATIVE_DIRECTION_OPPOSED,[],HOLD,CAND:158ac89230fbe44b1b3cdd63,OPP:158ac89230fbe44b1b3cdd63,623.05,False,HOLD,WEAKENING,OPEN,AUTHORITATIVE_DIRECTION_OPPOSED,2026-07-31T10:45:00+05:30,KALYANKJIL,False,ATR_MULTIPLE
"BALANCE_COMPLETED,DIRECTIONAL_STARTED",DIRECTIONAL,"[""BAL:MANAPPURAM:2026-07-31:001:NEUTRAL:095700:BALANCE_COMPLETED:104500"", ""DIR:MANAPPURAM:2026-07-31:005:DOWN:104500:DIRECTIONAL_STARTED:104500""]","[""BALANCE_COMPLETED"", ""DIRECTIONAL_STARTED""]",COMPLETED,,[],[],[],,,,,[],430,,,[],,,,,,NO_ACTION,,,,2026-07-31T10:45:00+05:30,MANAPPURAM,,
NO_EVENT,NONE,[],[],FORMING,,[],[],[],,,,,[],431,,,[],,,,,,NO_ACTION,,,,2026-07-31T10:45:00+05:30,PERSISTENT,,
NO_EVENT,DIRECTIONAL,[],[],LOCKED,,[],[],[],,,,,[],432,,,"[""CONTINUATION:BLOCK"", ""REACCELERATION:BLOCK"", ""REVERSAL:BLOCK""]",,,,,,NO_ACTION,,,,2026-07-31T10:45:00+05:30,POWERINDIA,,
NO_EVENT,NONE,[],[],FAILED_BACK_INSIDE,,[],[],[],,,,,[],433,,,"[""CONTINUATION:BLOCK"", ""REACCELERATION:BLOCK"", ""REVERSAL:BLOCK""]",,,,,,NO_ACTION,,,,2026-07-31T10:45:00+05:30,TCS,,
NO_EVENT,DIRECTIONAL,[],[],FORMING,,[],[],[],,,,,[],434,,,[],,,,,,NO_ACTION,,,,2026-07-31T10:45:00+05:30,TORNTPHARM,,
NO_EVENT,DIRECTIONAL,[],[],LOCKED,,[],[],[],,,,,[],435,,,"[""CONTINUATION:BLOCK"", ""REACCELERATION:BLOCK"", ""REVERSAL:BLOCK""]",,,,,,NO_ACTION,,,,2026-07-31T10:48:00+05:30,BHEL,,
NO_EVENT,DIRECTIONAL,[],[],NONE,OPPOSED,[],[],[],AUCTION_SIGNAL_DOWNSTREAM_V2,OPEN,HOLD_POSITION,NONE,"[{""action"": ""HOLD"", ""signal_id"": ""aee40fe8-7759-5cec-902a-0db152fe528d"", ""setup"": ""REVERSAL"", ""side"": ""SELL"", ""stage"": ""WEAKENING"", ""status"": ""OPEN"", ""status_reason"": ""AUTHORITATIVE_DIRECTION_OPPOSED"", ""signal_action"": ""HOLD"", ""signal_state"": ""OPEN"", ""trade_action"": ""HOLD_POSITION"", ""management_posture"": ""CAUTION"", ""management_reason_code"": ""AUTHORITATIVE_DIRECTION_OPPOSED"", ""should_exit_signal"": false}]",436,CAUTION,AUTHORITATIVE_DIRECTION_OPPOSED,[],HOLD,CAND:c91e30e559c61ae9e4a8e30d,OPP:c91e30e559c61ae9e4a8e30d,1842.1,False,HOLD,WEAKENING,OPEN,AUTHORITATIVE_DIRECTION_OPPOSED,2026-07-31T10:48:00+05:30,CHOLAFIN,False,ATR_MULTIPLE
NO_EVENT,NONE,[],[],NONE,UNKNOWN,[],[],[],AUCTION_SIGNAL_DOWNSTREAM_V2,OPEN,HOLD_POSITION,NONE,"[{""action"": ""HOLD"", ""signal_id"": ""2afed6e7-898c-5a79-8bf5-1d7891f21ccb"", ""setup"": ""REVERSAL"", ""side"": ""SELL"", ""stage"": ""TRANSITION"", ""status"": ""OPEN"", ""status_reason"": ""NO_CURRENT_CREATION_EVENT"", ""signal_action"": ""HOLD"", ""signal_state"": ""OPEN"", ""trade_action"": ""HOLD_POSITION"", ""management_posture"": ""CAUTION"", ""management_reason_code"": ""NO_CURRENT_CREATION_EVENT"", ""should_exit_signal"": false}]",437,CAUTION,NO_CURRENT_CREATION_EVENT,[],HOLD,CAND:995ee50ff305357125723e26,OPP:995ee50ff305357125723e26,1724.2,False,HOLD,TRANSITION,OPEN,NO_CURRENT_CREATION_EVENT,2026-07-31T10:48:00+05:30,COFORGE,False,ATR_MULTIPLE
NO_EVENT,NONE,[],[],PROBABLE,UNKNOWN,[],[],[],AUCTION_SIGNAL_DOWNSTREAM_V2,OPEN,HOLD_POSITION,NONE,"[{""action"": ""HOLD"", ""signal_id"": ""a73cb6c9-a388-53f1-92b2-41820e34edd3"", ""setup"": ""REVERSAL"", ""side"": ""SELL"", ""stage"": ""TRANSITION"", ""status"": ""OPEN"", ""status_reason"": ""NO_CURRENT_CREATION_EVENT"", ""signal_action"": ""HOLD"", ""signal_state"": ""OPEN"", ""trade_action"": ""HOLD_POSITION"", ""management_posture"": ""CAUTION"", ""management_reason_code"": ""NO_CURRENT_CREATION_EVENT"", ""should_exit_signal"": false}]",438,CAUTION,NO_CURRENT_CREATION_EVENT,[],HOLD,CAND:6644484c352c701feebfdf31,OPP:6644484c352c701feebfdf31,8026.5,False,HOLD,TRANSITION,OPEN,NO_CURRENT_CREATION_EVENT,2026-07-31T10:48:00+05:30,DIVISLAB,False,ATR_MULTIPLE
NO_EVENT,NONE,[],[],LOCKED,,[],[],[],,,,,[],439,,,"[""CONTINUATION:BLOCK"", ""REACCELERATION:BLOCK"", ""REVERSAL:BLOCK""]",,,,,,NO_ACTION,,,,2026-07-31T10:48:00+05:30,EXIDEIND,,
NO_EVENT,REVERSAL_WATCH,[],[],NONE,,[],[],[],,,,,[],440,,,[],,,,,,NO_ACTION,,,,2026-07-31T10:48:00+05:30,FORCEMOT,,
BALANCE_PROBABLE,NONE,"[""BAL:GLENMARK:2026-07-31:001:NEUTRAL:101200:BALANCE_PROBABLE:104800""]","[""BALANCE_PROBABLE""]",PROBABLE,,[],[],[],,,,,[],441,,,[],,,,,,NO_ACTION,,,,2026-07-31T10:48:00+05:30,GLENMARK,,
NO_EVENT,NONE,[],[],NONE,,[],[],[],,,,,[],442,,,[],,,,,,NO_ACTION,,,,2026-07-31T10:48:00+05:30,INDUSTOWER,,
DIRECTIONAL_MATURED,MATURE,"[""DIR:KALYANKJIL:2026-07-31:003:DOWN:104500:DIRECTIONAL_MATURED:104800""]","[""DIRECTIONAL_MATURED""]",NONE,OPPOSED,[],[],[],AUCTION_SIGNAL_DOWNSTREAM_V2,OPEN,HOLD_POSITION,NONE,"[{""action"": ""HOLD"", ""signal_id"": ""0be5a943-6906-5924-af54-1d2dcca91257"", ""setup"": ""REVERSAL"", ""side"": ""BUY"", ""stage"": ""WEAKENING"", ""status"": ""OPEN"", ""status_reason"": ""AUTHORITATIVE_DIRECTION_OPPOSED"", ""signal_action"": ""HOLD"", ""signal_state"": ""OPEN"", ""trade_action"": ""HOLD_POSITION"", ""management_posture"": ""CAUTION"", ""management_reason_code"": ""AUTHORITATIVE_DIRECTION_OPPOSED"", ""should_exit_signal"": false}]",443,CAUTION,AUTHORITATIVE_DIRECTION_OPPOSED,[],HOLD,CAND:158ac89230fbe44b1b3cdd63,OPP:158ac89230fbe44b1b3cdd63,623.05,False,HOLD,WEAKENING,OPEN,AUTHORITATIVE_DIRECTION_OPPOSED,2026-07-31T10:48:00+05:30,KALYANKJIL,False,ATR_MULTIPLE
DIRECTIONAL_MATURED,MATURE,"[""DIR:MANAPPURAM:2026-07-31:005:DOWN:104500:DIRECTIONAL_MATURED:104800""]","[""DIRECTIONAL_MATURED""]",NONE,,[],[],[],,,,,[],444,,,[],,,,,,NO_ACTION,,,,2026-07-31T10:48:00+05:30,MANAPPURAM,,
BALANCE_PROBABLE,NONE,"[""BAL:PERSISTENT:2026-07-31:002:NEUTRAL:103600:BALANCE_PROBABLE:104800""]","[""BALANCE_PROBABLE""]",PROBABLE,,[],[],[],,,,,[],445,,,[],,,,,,NO_ACTION,,,,2026-07-31T10:48:00+05:30,PERSISTENT,,
NO_EVENT,DIRECTIONAL,[],[],LOCKED,,[],[],[],,,,,[],446,,,"[""CONTINUATION:BLOCK"", ""REACCELERATION:BLOCK"", ""REVERSAL:BLOCK""]",,,,,,NO_ACTION,,,,2026-07-31T10:48:00+05:30,POWERINDIA,,
NO_EVENT,NONE,[],[],FAILED_BACK_INSIDE,,[],[],[],,,,,[],447,,,"[""CONTINUATION:BLOCK"", ""REACCELERATION:BLOCK"", ""REVERSAL:BLOCK""]",,,,,,NO_ACTION,,,,2026-07-31T10:48:00+05:30,TCS,,
DIRECTIONAL_MATURED,MATURE,"[""DIR:TORNTPHARM:2026-07-31:001:DOWN:093300:DIRECTIONAL_MATURED:104800""]","[""DIRECTIONAL_MATURED""]",FORMING,,[],[],[],,,,,[],448,,,[],,,,,,NO_ACTION,,,,2026-07-31T10:48:00+05:30,TORNTPHARM,,
NO_EVENT,DIRECTIONAL,[],[],LOCKED,,[],[],[],,,,,[],449,,,"[""CONTINUATION:BLOCK"", ""REACCELERATION:BLOCK"", ""REVERSAL:BLOCK""]",,,,,,NO_ACTION,,,,2026-07-31T10:51:00+05:30,BHEL,,
NO_EVENT,DIRECTIONAL,[],[],NONE,OPPOSED,[],[],[],AUCTION_SIGNAL_DOWNSTREAM_V2,OPEN,HOLD_POSITION,NONE,"[{""action"": ""HOLD"", ""signal_id"": ""aee40fe8-7759-5cec-902a-0db152fe528d"", ""setup"": ""REVERSAL"", ""side"": ""SELL"", ""stage"": ""WEAKENING"", ""status"": ""OPEN"", ""status_reason"": ""AUTHORITATIVE_DIRECTION_OPPOSED"", ""signal_action"": ""HOLD"", ""signal_state"": ""OPEN"", ""trade_action"": ""HOLD_POSITION"", ""management_posture"": ""CAUTION"", ""management_reason_code"": ""AUTHORITATIVE_DIRECTION_OPPOSED"", ""should_exit_signal"": false}]",450,CAUTION,AUTHORITATIVE_DIRECTION_OPPOSED,[],HOLD,CAND:c91e30e559c61ae9e4a8e30d,OPP:c91e30e559c61ae9e4a8e30d,1842.1,False,HOLD,WEAKENING,OPEN,AUTHORITATIVE_DIRECTION_OPPOSED,2026-07-31T10:51:00+05:30,CHOLAFIN,False,ATR_MULTIPLE
NO_EVENT,NONE,[],[],NONE,UNKNOWN,[],[],[],AUCTION_SIGNAL_DOWNSTREAM_V2,OPEN,HOLD_POSITION,NONE,"[{""action"": ""HOLD"", ""signal_id"": ""2afed6e7-898c-5a79-8bf5-1d7891f21ccb"", ""setup"": ""REVERSAL"", ""side"": ""SELL"", ""stage"": ""TRANSITION"", ""status"": ""OPEN"", ""status_reason"": ""NO_CURRENT_CREATION_EVENT"", ""signal_action"": ""HOLD"", ""signal_state"": ""OPEN"", ""trade_action"": ""HOLD_POSITION"", ""management_posture"": ""CAUTION"", ""management_reason_code"": ""NO_CURRENT_CREATION_EVENT"", ""should_exit_signal"": false}]",451,CAUTION,NO_CURRENT_CREATION_EVENT,[],HOLD,CAND:995ee50ff305357125723e26,OPP:995ee50ff305357125723e26,1724.2,False,HOLD,TRANSITION,OPEN,NO_CURRENT_CREATION_EVENT,2026-07-31T10:51:00+05:30,COFORGE,False,ATR_MULTIPLE
NO_EVENT,NONE,[],[],PROBABLE,UNKNOWN,[],[],[],AUCTION_SIGNAL_DOWNSTREAM_V2,OPEN,HOLD_POSITION,NONE,"[{""action"": ""HOLD"", ""signal_id"": ""a73cb6c9-a388-53f1-92b2-41820e34edd3"", ""setup"": ""REVERSAL"", ""side"": ""SELL"", ""stage"": ""TRANSITION"", ""status"": ""OPEN"", ""status_reason"": ""NO_CURRENT_CREATION_EVENT"", ""signal_action"": ""HOLD"", ""signal_state"": ""OPEN"", ""trade_action"": ""HOLD_POSITION"", ""management_posture"": ""CAUTION"", ""management_reason_code"": ""NO_CURRENT_CREATION_EVENT"", ""should_exit_signal"": false}]",452,CAUTION,NO_CURRENT_CREATION_EVENT,[],HOLD,CAND:6644484c352c701feebfdf31,OPP:6644484c352c701feebfdf31,8026.5,False,HOLD,TRANSITION,OPEN,NO_CURRENT_CREATION_EVENT,2026-07-31T10:51:00+05:30,DIVISLAB,False,ATR_MULTIPLE
NO_EVENT,NONE,[],[],LOCKED,,[],[],[],,,,,[],453,,,"[""CONTINUATION:BLOCK"", ""REACCELERATION:BLOCK"", ""REVERSAL:BLOCK""]",,,,,,NO_ACTION,,,,2026-07-31T10:51:00+05:30,EXIDEIND,,
NO_EVENT,REVERSAL_WATCH,[],[],NONE,,[],[],[],,,,,[],454,,,[],,,,,,NO_ACTION,,,,2026-07-31T10:51:00+05:30,FORCEMOT,,
BALANCE_LOCKED,NONE,"[""BAL:GLENMARK:2026-07-31:001:NEUTRAL:101200:BALANCE_LOCKED:105100""]","[""BALANCE_LOCKED""]",LOCKED,,[],[],[],,,,,[],455,,,"[""CONTINUATION:BLOCK"", ""REACCELERATION:BLOCK"", ""REVERSAL:BLOCK""]",,,,,,NO_ACTION,,,,2026-07-31T10:51:00+05:30,GLENMARK,,
DIRECTIONAL_STARTED,DIRECTIONAL,"[""DIR:INDUSTOWER:2026-07-31:003:UP:105100:DIRECTIONAL_STARTED:105100""]","[""DIRECTIONAL_STARTED""]",NONE,,[],[],[],,,,,[],456,,,[],,,,,,NO_ACTION,,,,2026-07-31T10:51:00+05:30,INDUSTOWER,,
"BALANCE_FORMING_STARTED,REVERSAL_WATCH_STARTED",REVERSAL_WATCH,"[""BAL:KALYANKJIL:2026-07-31:002:NEUTRAL:105100:BALANCE_FORMING_STARTED:105100"", ""DIR:KALYANKJIL:2026-07-31:003:DOWN:104500:REVERSAL_WATCH_STARTED:105100""]","[""BALANCE_FORMING_STARTED"", ""REVERSAL_WATCH_STARTED""]",FORMING,OPPOSED,[],[],[],AUCTION_SIGNAL_DOWNSTREAM_V2,OPEN,HOLD_POSITION,NONE,"[{""action"": ""HOLD"", ""signal_id"": ""0be5a943-6906-5924-af54-1d2dcca91257"", ""setup"": ""REVERSAL"", ""side"": ""BUY"", ""stage"": ""PROTECT"", ""status"": ""OPEN"", ""status_reason"": ""AUTHORITATIVE_REVERSAL_WATCH"", ""signal_action"": ""HOLD"", ""signal_state"": ""OPEN"", ""trade_action"": ""HOLD_POSITION"", ""management_posture"": ""CAUTION"", ""management_reason_code"": ""AUTHORITATIVE_REVERSAL_WATCH"", ""should_exit_signal"": false}]",457,CAUTION,AUTHORITATIVE_REVERSAL_WATCH,[],HOLD,CAND:158ac89230fbe44b1b3cdd63,OPP:158ac89230fbe44b1b3cdd63,623.05,False,HOLD,PROTECT,OPEN,AUTHORITATIVE_REVERSAL_WATCH,2026-07-31T10:51:00+05:30,KALYANKJIL,False,ATR_MULTIPLE
REVERSAL_WATCH_STARTED,REVERSAL_WATCH,"[""DIR:MANAPPURAM:2026-07-31:005:DOWN:104500:REVERSAL_WATCH_STARTED:105100""]","[""REVERSAL_WATCH_STARTED""]",NONE,,[],[],[],,,,,[],458,,,[],,,,,,NO_ACTION,,,,2026-07-31T10:51:00+05:30,MANAPPURAM,,
NO_EVENT,NONE,[],[],PROBABLE,,[],[],[],,,,,[],459,,,[],,,,,,NO_ACTION,,,,2026-07-31T10:51:00+05:30,PERSISTENT,,
NO_EVENT,DIRECTIONAL,[],[],LOCKED,,[],[],[],,,,,[],460,,,"[""CONTINUATION:BLOCK"", ""REACCELERATION:BLOCK"", ""REVERSAL:BLOCK""]",,,,,,NO_ACTION,,,,2026-07-31T10:51:00+05:30,POWERINDIA,,
NO_EVENT,NONE,[],[],FAILED_BACK_INSIDE,,[],[],[],,,,,[],461,,,"[""CONTINUATION:BLOCK"", ""REACCELERATION:BLOCK"", ""REVERSAL:BLOCK""]",,,,,,NO_ACTION,,,,2026-07-31T10:51:00+05:30,TCS,,
REVERSAL_WATCH_STARTED,REVERSAL_WATCH,"[""DIR:TORNTPHARM:2026-07-31:001:DOWN:093300:REVERSAL_WATCH_STARTED:105100""]","[""REVERSAL_WATCH_STARTED""]",FORMING,,[],[],[],,,,,[],462,,,[],,,,,,NO_ACTION,,,,2026-07-31T10:51:00+05:30,TORNTPHARM,,
NO_EVENT,DIRECTIONAL,[],[],LOCKED,,[],[],[],,,,,[],463,,,"[""CONTINUATION:BLOCK"", ""REACCELERATION:BLOCK"", ""REVERSAL:BLOCK""]",,,,,,NO_ACTION,,,,2026-07-31T10:54:00+05:30,BHEL,,
NO_EVENT,DIRECTIONAL,[],[],NONE,OPPOSED,[],[],[],AUCTION_SIGNAL_DOWNSTREAM_V2,OPEN,HOLD_POSITION,NONE,"[{""action"": ""HOLD"", ""signal_id"": ""aee40fe8-7759-5cec-902a-0db152fe528d"", ""setup"": ""REVERSAL"", ""side"": ""SELL"", ""stage"": ""WEAKENING"", ""status"": ""OPEN"", ""status_reason"": ""AUTHORITATIVE_DIRECTION_OPPOSED"", ""signal_action"": ""HOLD"", ""signal_state"": ""OPEN"", ""trade_action"": ""HOLD_POSITION"", ""management_posture"": ""CAUTION"", ""management_reason_code"": ""AUTHORITATIVE_DIRECTION_OPPOSED"", ""should_exit_signal"": false}]",464,CAUTION,AUTHORITATIVE_DIRECTION_OPPOSED,[],HOLD,CAND:c91e30e559c61ae9e4a8e30d,OPP:c91e30e559c61ae9e4a8e30d,1842.1,False,HOLD,WEAKENING,OPEN,AUTHORITATIVE_DIRECTION_OPPOSED,2026-07-31T10:54:00+05:30,CHOLAFIN,False,ATR_MULTIPLE
NO_EVENT,NONE,[],[],NONE,UNKNOWN,[],[],[],AUCTION_SIGNAL_DOWNSTREAM_V2,OPEN,HOLD_POSITION,NONE,"[{""action"": ""HOLD"", ""signal_id"": ""2afed6e7-898c-5a79-8bf5-1d7891f21ccb"", ""setup"": ""REVERSAL"", ""side"": ""SELL"", ""stage"": ""TRANSITION"", ""status"": ""OPEN"", ""status_reason"": ""NO_CURRENT_CREATION_EVENT"", ""signal_action"": ""HOLD"", ""signal_state"": ""OPEN"", ""trade_action"": ""HOLD_POSITION"", ""management_posture"": ""CAUTION"", ""management_reason_code"": ""NO_CURRENT_CREATION_EVENT"", ""should_exit_signal"": false}]",465,CAUTION,NO_CURRENT_CREATION_EVENT,[],HOLD,CAND:995ee50ff305357125723e26,OPP:995ee50ff305357125723e26,1724.2,False,HOLD,TRANSITION,OPEN,NO_CURRENT_CREATION_EVENT,2026-07-31T10:54:00+05:30,COFORGE,False,ATR_MULTIPLE
NO_EVENT,NONE,[],[],PROBABLE,UNKNOWN,[],[],[],AUCTION_SIGNAL_DOWNSTREAM_V2,OPEN,HOLD_POSITION,NONE,"[{""action"": ""HOLD"", ""signal_id"": ""a73cb6c9-a388-53f1-92b2-41820e34edd3"", ""setup"": ""REVERSAL"", ""side"": ""SELL"", ""stage"": ""TRANSITION"", ""status"": ""OPEN"", ""status_reason"": ""NO_CURRENT_CREATION_EVENT"", ""signal_action"": ""HOLD"", ""signal_state"": ""OPEN"", ""trade_action"": ""HOLD_POSITION"", ""management_posture"": ""CAUTION"", ""management_reason_code"": ""NO_CURRENT_CREATION_EVENT"", ""should_exit_signal"": false}]",466,CAUTION,NO_CURRENT_CREATION_EVENT,[],HOLD,CAND:6644484c352c701feebfdf31,OPP:6644484c352c701feebfdf31,8026.5,False,HOLD,TRANSITION,OPEN,NO_CURRENT_CREATION_EVENT,2026-07-31T10:54:00+05:30,DIVISLAB,False,ATR_MULTIPLE
NO_EVENT,NONE,[],[],LOCKED,,[],[],[],,,,,[],467,,,"[""CONTINUATION:BLOCK"", ""REACCELERATION:BLOCK"", ""REVERSAL:BLOCK""]",,,,,,NO_ACTION,,,,2026-07-31T10:54:00+05:30,EXIDEIND,,
"DIRECTIONAL_REVERSAL_CONFIRMED,DIRECTIONAL_COMPLETED,DIRECTIONAL_REVERSAL_LEG_STARTED",REVERSAL_LEG,"[""DIR:FORCEMOT:2026-07-31:001:DOWN:100900:DIRECTIONAL_REVERSAL_CONFIRMED:105400"", ""DIR:FORCEMOT:2026-07-31:001:DOWN:100900:DIRECTIONAL_COMPLETED:105400"", ""DIR:FORCEMOT:2026-07-31:002:UP:105400:DIRECTIONAL_REVERSAL_LEG_STARTED:105400""]","[""DIRECTIONAL_REVERSAL_CONFIRMED"", ""DIRECTIONAL_COMPLETED"", ""DIRECTIONAL_REVERSAL_LEG_STARTED""]",NONE,,[],[],[],,,,,[],468,,,"[""REVERSAL:WAIT""]",,,,,,NO_ACTION,,,,2026-07-31T10:54:00+05:30,FORCEMOT,,
NO_EVENT,NONE,[],[],LOCKED,,[],[],[],,,,,[],469,,,"[""CONTINUATION:BLOCK"", ""REACCELERATION:BLOCK"", ""REVERSAL:BLOCK""]",,,,,,NO_ACTION,,,,2026-07-31T10:54:00+05:30,GLENMARK,,
NO_EVENT,DIRECTIONAL,[],[],NONE,,[],[],[],,,,,[],470,,,[],,,,,,NO_ACTION,,,,2026-07-31T10:54:00+05:30,INDUSTOWER,,
"DIRECTIONAL_REVERSAL_CONFIRMED,DIRECTIONAL_COMPLETED,DIRECTIONAL_REVERSAL_LEG_STARTED",REVERSAL_LEG,"[""DIR:KALYANKJIL:2026-07-31:003:DOWN:104500:DIRECTIONAL_REVERSAL_CONFIRMED:105400"", ""DIR:KALYANKJIL:2026-07-31:003:DOWN:104500:DIRECTIONAL_COMPLETED:105400"", ""DIR:KALYANKJIL:2026-07-31:004:UP:105400:DIRECTIONAL_REVERSAL_LEG_STARTED:105400""]","[""DIRECTIONAL_REVERSAL_CONFIRMED"", ""DIRECTIONAL_COMPLETED"", ""DIRECTIONAL_REVERSAL_LEG_STARTED""]",FORMING,ALIGNED,[],[],[],AUCTION_SIGNAL_DOWNSTREAM_V2,OPEN,HOLD_POSITION,NONE,"[{""action"": ""HOLD"", ""signal_id"": ""0be5a943-6906-5924-af54-1d2dcca91257"", ""setup"": ""REVERSAL"", ""side"": ""BUY"", ""stage"": ""ACTIVE"", ""status"": ""OPEN"", ""status_reason"": ""AUTHORITATIVE_DIRECTIONAL_ALIGNED"", ""signal_action"": ""HOLD"", ""signal_state"": ""OPEN"", ""trade_action"": ""HOLD_POSITION"", ""management_posture"": ""STRENGTHEN"", ""management_reason_code"": ""AUTHORITATIVE_DIRECTIONAL_ALIGNED"", ""should_exit_signal"": false}]",471,STRENGTHEN,AUTHORITATIVE_DIRECTIONAL_ALIGNED,"[""REVERSAL:WAIT""]",HOLD,CAND:158ac89230fbe44b1b3cdd63,OPP:158ac89230fbe44b1b3cdd63,623.05,False,HOLD,ACTIVE,OPEN,AUTHORITATIVE_DIRECTIONAL_ALIGNED,2026-07-31T10:54:00+05:30,KALYANKJIL,True,ATR_MULTIPLE
NO_EVENT,REVERSAL_WATCH,[],[],NONE,,[],[],[],,,,,[],472,,,[],,,,,,NO_ACTION,,,,2026-07-31T10:54:00+05:30,MANAPPURAM,,
NO_EVENT,NONE,[],[],PROBABLE,,[],[],[],,,,,[],473,,,[],,,,,,NO_ACTION,,,,2026-07-31T10:54:00+05:30,PERSISTENT,,
NO_EVENT,DIRECTIONAL,[],[],LOCKED,,[],[],[],,,,,[],474,,,"[""CONTINUATION:BLOCK"", ""REACCELERATION:BLOCK"", ""REVERSAL:BLOCK""]",,,,,,NO_ACTION,,,,2026-07-31T10:54:00+05:30,POWERINDIA,,
NO_EVENT,NONE,[],[],FAILED_BACK_INSIDE,,[],[],[],,,,,[],475,,,"[""CONTINUATION:BLOCK"", ""REACCELERATION:BLOCK"", ""REVERSAL:BLOCK""]",,,,,,NO_ACTION,,,,2026-07-31T10:54:00+05:30,TCS,,
BALANCE_COMPLETED,REVERSAL_WATCH,"[""BAL:TORNTPHARM:2026-07-31:002:NEUTRAL:103900:BALANCE_COMPLETED:105400""]","[""BALANCE_COMPLETED""]",COMPLETED,,[],[],[],,,,,[],476,,,[],,,,,,NO_ACTION,,,,2026-07-31T10:54:00+05:30,TORNTPHARM,,
NO_EVENT,DIRECTIONAL,[],[],LOCKED,,[],[],[],,,,,[],477,,,"[""CONTINUATION:BLOCK"", ""REACCELERATION:BLOCK"", ""REVERSAL:BLOCK""]",,,,,,NO_ACTION,,,,2026-07-31T10:57:00+05:30,BHEL,,
NO_EVENT,DIRECTIONAL,[],[],NONE,OPPOSED,[],[],[],AUCTION_SIGNAL_DOWNSTREAM_V2,OPEN,HOLD_POSITION,NONE,"[{""action"": ""HOLD"", ""signal_id"": ""aee40fe8-7759-5cec-902a-0db152fe528d"", ""setup"": ""REVERSAL"", ""side"": ""SELL"", ""stage"": ""WEAKENING"", ""status"": ""OPEN"", ""status_reason"": ""AUTHORITATIVE_DIRECTION_OPPOSED"", ""signal_action"": ""HOLD"", ""signal_state"": ""OPEN"", ""trade_action"": ""HOLD_POSITION"", ""management_posture"": ""CAUTION"", ""management_reason_code"": ""AUTHORITATIVE_DIRECTION_OPPOSED"", ""should_exit_signal"": false}]",478,CAUTION,AUTHORITATIVE_DIRECTION_OPPOSED,[],HOLD,CAND:c91e30e559c61ae9e4a8e30d,OPP:c91e30e559c61ae9e4a8e30d,1842.1,False,HOLD,WEAKENING,OPEN,AUTHORITATIVE_DIRECTION_OPPOSED,2026-07-31T10:57:00+05:30,CHOLAFIN,False,ATR_MULTIPLE
BALANCE_FORMING_STARTED,NONE,"[""BAL:COFORGE:2026-07-31:003:NEUTRAL:105700:BALANCE_FORMING_STARTED:105700""]","[""BALANCE_FORMING_STARTED""]",FORMING,UNKNOWN,[],[],[],AUCTION_SIGNAL_DOWNSTREAM_V2,OPEN,HOLD_POSITION,NONE,"[{""action"": ""HOLD"", ""signal_id"": ""2afed6e7-898c-5a79-8bf5-1d7891f21ccb"", ""setup"": ""REVERSAL"", ""side"": ""SELL"", ""stage"": ""TRANSITION"", ""status"": ""OPEN"", ""status_reason"": ""NO_CURRENT_CREATION_EVENT"", ""signal_action"": ""HOLD"", ""signal_state"": ""OPEN"", ""trade_action"": ""HOLD_POSITION"", ""management_posture"": ""CAUTION"", ""management_reason_code"": ""NO_CURRENT_CREATION_EVENT"", ""should_exit_signal"": false}]",479,CAUTION,NO_CURRENT_CREATION_EVENT,[],HOLD,CAND:995ee50ff305357125723e26,OPP:995ee50ff305357125723e26,1724.2,False,HOLD,TRANSITION,OPEN,NO_CURRENT_CREATION_EVENT,2026-07-31T10:57:00+05:30,COFORGE,False,ATR_MULTIPLE
NO_EVENT,NONE,[],[],PROBABLE,UNKNOWN,[],[],[],AUCTION_SIGNAL_DOWNSTREAM_V2,OPEN,HOLD_POSITION,NONE,"[{""action"": ""HOLD"", ""signal_id"": ""a73cb6c9-a388-53f1-92b2-41820e34edd3"", ""setup"": ""REVERSAL"", ""side"": ""SELL"", ""stage"": ""TRANSITION"", ""status"": ""OPEN"", ""status_reason"": ""NO_CURRENT_CREATION_EVENT"", ""signal_action"": ""HOLD"", ""signal_state"": ""OPEN"", ""trade_action"": ""HOLD_POSITION"", ""management_posture"": ""CAUTION"", ""management_reason_code"": ""NO_CURRENT_CREATION_EVENT"", ""should_exit_signal"": false}]",480,CAUTION,NO_CURRENT_CREATION_EVENT,[],HOLD,CAND:6644484c352c701feebfdf31,OPP:6644484c352c701feebfdf31,8026.5,False,HOLD,TRANSITION,OPEN,NO_CURRENT_CREATION_EVENT,2026-07-31T10:57:00+05:30,DIVISLAB,False,ATR_MULTIPLE
NO_EVENT,NONE,[],[],LOCKED,,[],[],[],,,,,[],481,,,"[""CONTINUATION:BLOCK"", ""REACCELERATION:BLOCK"", ""REVERSAL:BLOCK""]",,,,,,NO_ACTION,,,,2026-07-31T10:57:00+05:30,EXIDEIND,,
NO_EVENT,REVERSAL_LEG,[],[],NONE,,[],[],[],,,,,[],482,,,[],,,,,,NO_ACTION,,,,2026-07-31T10:57:00+05:30,FORCEMOT,,
NO_EVENT,NONE,[],[],LOCKED,,[],[],[],,,,,[],483,,,"[""CONTINUATION:BLOCK"", ""REACCELERATION:BLOCK"", ""REVERSAL:BLOCK""]",,,,,,NO_ACTION,,,,2026-07-31T10:57:00+05:30,GLENMARK,,
DIRECTIONAL_MATURED,MATURE,"[""DIR:INDUSTOWER:2026-07-31:003:UP:105100:DIRECTIONAL_MATURED:105700""]","[""DIRECTIONAL_MATURED""]",NONE,,[],[],[],,,,,[],484,,,[],,,,,,NO_ACTION,,,,2026-07-31T10:57:00+05:30,INDUSTOWER,,
NO_EVENT,REVERSAL_LEG,[],[],FORMING,ALIGNED,[],[],[],AUCTION_SIGNAL_DOWNSTREAM_V2,OPEN,HOLD_POSITION,NONE,"[{""action"": ""HOLD"", ""signal_id"": ""0be5a943-6906-5924-af54-1d2dcca91257"", ""setup"": ""REVERSAL"", ""side"": ""BUY"", ""stage"": ""ACTIVE"", ""status"": ""OPEN"", ""status_reason"": ""AUTHORITATIVE_DIRECTIONAL_ALIGNED"", ""signal_action"": ""HOLD"", ""signal_state"": ""OPEN"", ""trade_action"": ""HOLD_POSITION"", ""management_posture"": ""STRENGTHEN"", ""management_reason_code"": ""AUTHORITATIVE_DIRECTIONAL_ALIGNED"", ""should_exit_signal"": false}]",485,STRENGTHEN,AUTHORITATIVE_DIRECTIONAL_ALIGNED,[],HOLD,CAND:158ac89230fbe44b1b3cdd63,OPP:158ac89230fbe44b1b3cdd63,623.05,False,HOLD,ACTIVE,OPEN,AUTHORITATIVE_DIRECTIONAL_ALIGNED,2026-07-31T10:57:00+05:30,KALYANKJIL,True,ATR_MULTIPLE
NO_EVENT,REVERSAL_WATCH,[],[],NONE,,[],[],[],,,,,[],486,,,[],,,,,,NO_ACTION,,,,2026-07-31T10:57:00+05:30,MANAPPURAM,,
BALANCE_LOCKED,NONE,"[""BAL:PERSISTENT:2026-07-31:002:NEUTRAL:103600:BALANCE_LOCKED:105700""]","[""BALANCE_LOCKED""]",LOCKED,,[],[],[],,,,,[],487,,,"[""CONTINUATION:BLOCK"", ""REACCELERATION:BLOCK"", ""REVERSAL:BLOCK""]",,,,,,NO_ACTION,,,,2026-07-31T10:57:00+05:30,PERSISTENT,,
NO_EVENT,DIRECTIONAL,[],[],LOCKED,,[],[],[],,,,,[],488,,,"[""CONTINUATION:BLOCK"", ""REACCELERATION:BLOCK"", ""REVERSAL:BLOCK""]",,,,,,NO_ACTION,,,,2026-07-31T10:57:00+05:30,POWERINDIA,,
NO_EVENT,NONE,[],[],FAILED_BACK_INSIDE,,[],[],[],,,,,[],489,,,"[""CONTINUATION:BLOCK"", ""REACCELERATION:BLOCK"", ""REVERSAL:BLOCK""]",,,,,,NO_ACTION,,,,2026-07-31T10:57:00+05:30,TCS,,
"DIRECTIONAL_REVERSAL_CONFIRMED,DIRECTIONAL_COMPLETED,DIRECTIONAL_REVERSAL_LEG_STARTED",REVERSAL_LEG,"[""DIR:TORNTPHARM:2026-07-31:001:DOWN:093300:DIRECTIONAL_REVERSAL_CONFIRMED:105700"", ""DIR:TORNTPHARM:2026-07-31:001:DOWN:093300:DIRECTIONAL_COMPLETED:105700"", ""DIR:TORNTPHARM:2026-07-31:002:UP:105700:DIRECTIONAL_REVERSAL_LEG_STARTED:105700""]","[""DIRECTIONAL_REVERSAL_CONFIRMED"", ""DIRECTIONAL_COMPLETED"", ""DIRECTIONAL_REVERSAL_LEG_STARTED""]",NONE,,[],[],[],,,,,[],490,,,"[""REVERSAL:WAIT""]",,,,,,NO_ACTION,,,,2026-07-31T10:57:00+05:30,TORNTPHARM,,
NO_EVENT,DIRECTIONAL,[],[],LOCKED,,[],[],[],,,,,[],491,,,"[""CONTINUATION:BLOCK"", ""REACCELERATION:BLOCK"", ""REVERSAL:BLOCK""]",,,,,,NO_ACTION,,,,2026-07-31T11:00:00+05:30,BHEL,,
NO_EVENT,DIRECTIONAL,[],[],NONE,OPPOSED,[],[],[],AUCTION_SIGNAL_DOWNSTREAM_V2,OPEN,HOLD_POSITION,NONE,"[{""action"": ""HOLD"", ""signal_id"": ""aee40fe8-7759-5cec-902a-0db152fe528d"", ""setup"": ""REVERSAL"", ""side"": ""SELL"", ""stage"": ""WEAKENING"", ""status"": ""OPEN"", ""status_reason"": ""AUTHORITATIVE_DIRECTION_OPPOSED"", ""signal_action"": ""HOLD"", ""signal_state"": ""OPEN"", ""trade_action"": ""HOLD_POSITION"", ""management_posture"": ""CAUTION"", ""management_reason_code"": ""AUTHORITATIVE_DIRECTION_OPPOSED"", ""should_exit_signal"": false}]",492,CAUTION,AUTHORITATIVE_DIRECTION_OPPOSED,[],HOLD,CAND:c91e30e559c61ae9e4a8e30d,OPP:c91e30e559c61ae9e4a8e30d,1842.1,False,HOLD,WEAKENING,OPEN,AUTHORITATIVE_DIRECTION_OPPOSED,2026-07-31T11:00:00+05:30,CHOLAFIN,False,ATR_MULTIPLE
NO_EVENT,NONE,[],[],FORMING,UNKNOWN,[],[],[],AUCTION_SIGNAL_DOWNSTREAM_V2,OPEN,HOLD_POSITION,NONE,"[{""action"": ""HOLD"", ""signal_id"": ""2afed6e7-898c-5a79-8bf5-1d7891f21ccb"", ""setup"": ""REVERSAL"", ""side"": ""SELL"", ""stage"": ""TRANSITION"", ""status"": ""OPEN"", ""status_reason"": ""NO_CURRENT_CREATION_EVENT"", ""signal_action"": ""HOLD"", ""signal_state"": ""OPEN"", ""trade_action"": ""HOLD_POSITION"", ""management_posture"": ""CAUTION"", ""management_reason_code"": ""NO_CURRENT_CREATION_EVENT"", ""should_exit_signal"": false}]",493,CAUTION,NO_CURRENT_CREATION_EVENT,[],HOLD,CAND:995ee50ff305357125723e26,OPP:995ee50ff305357125723e26,1724.2,False,HOLD,TRANSITION,OPEN,NO_CURRENT_CREATION_EVENT,2026-07-31T11:00:00+05:30,COFORGE,False,ATR_MULTIPLE
NO_EVENT,NONE,[],[],PROBABLE,UNKNOWN,[],[],[],AUCTION_SIGNAL_DOWNSTREAM_V2,OPEN,HOLD_POSITION,NONE,"[{""action"": ""HOLD"", ""signal_id"": ""a73cb6c9-a388-53f1-92b2-41820e34edd3"", ""setup"": ""REVERSAL"", ""side"": ""SELL"", ""stage"": ""TRANSITION"", ""status"": ""OPEN"", ""status_reason"": ""NO_CURRENT_CREATION_EVENT"", ""signal_action"": ""HOLD"", ""signal_state"": ""OPEN"", ""trade_action"": ""HOLD_POSITION"", ""management_posture"": ""CAUTION"", ""management_reason_code"": ""NO_CURRENT_CREATION_EVENT"", ""should_exit_signal"": false}]",494,CAUTION,NO_CURRENT_CREATION_EVENT,[],HOLD,CAND:6644484c352c701feebfdf31,OPP:6644484c352c701feebfdf31,8026.5,False,HOLD,TRANSITION,OPEN,NO_CURRENT_CREATION_EVENT,2026-07-31T11:00:00+05:30,DIVISLAB,False,ATR_MULTIPLE
NO_EVENT,NONE,[],[],LOCKED,,[],[],[],,,,,[],495,,,"[""CONTINUATION:BLOCK"", ""REACCELERATION:BLOCK"", ""REVERSAL:BLOCK""]",,,,,,NO_ACTION,,,,2026-07-31T11:00:00+05:30,EXIDEIND,,
DIRECTIONAL_REVERSAL_LEG_ESTABLISHED,DIRECTIONAL,"[""DIR:FORCEMOT:2026-07-31:002:UP:105400:DIRECTIONAL_REVERSAL_LEG_ESTABLISHED:110000""]","[""DIRECTIONAL_REVERSAL_LEG_ESTABLISHED""]",NONE,ALIGNED,[],[],[],AUCTION_SIGNAL_DOWNSTREAM_V2,OPEN,CREATE_TRADE,NONE,"[{""action"": ""CREATE"", ""signal_id"": ""76d65cfd-3f5f-5419-81f1-24a924660ce7"", ""setup"": ""REVERSAL"", ""side"": ""BUY"", ""stage"": ""ACTIVE"", ""status"": ""OPEN"", ""status_reason"": ""EVENT_DRIVEN_SETUP_CREATED"", ""signal_action"": ""CREATE"", ""signal_state"": ""OPEN"", ""trade_action"": ""CREATE_TRADE"", ""management_posture"": ""STRENGTHEN"", ""management_reason_code"": ""EVENT_DRIVEN_SETUP_CREATED"", ""should_exit_signal"": false}]",496,STRENGTHEN,EVENT_DRIVEN_SETUP_CREATED,"[""REVERSAL:PERMIT""]",CREATE,CAND:32b3a707960484f98d8399a7,OPP:32b3a707960484f98d8399a7,17907.0,False,CREATE,ACTIVE,OPEN,EVENT_DRIVEN_SETUP_CREATED,2026-07-31T11:00:00+05:30,FORCEMOT,True,ATR_MULTIPLE
NO_EVENT,NONE,[],[],LOCKED,,[],[],[],,,,,[],497,,,"[""CONTINUATION:BLOCK"", ""REACCELERATION:BLOCK"", ""REVERSAL:BLOCK""]",,,,,,NO_ACTION,,,,2026-07-31T11:00:00+05:30,GLENMARK,,
REVERSAL_WATCH_STARTED,REVERSAL_WATCH,"[""DIR:INDUSTOWER:2026-07-31:003:UP:105100:REVERSAL_WATCH_STARTED:110000""]","[""REVERSAL_WATCH_STARTED""]",NONE,,[],[],[],,,,,[],498,,,[],,,,,,NO_ACTION,,,,2026-07-31T11:00:00+05:30,INDUSTOWER,,
"DIRECTIONAL_REVERSAL_LEG_FAILED,DIRECTIONAL_COMPLETED",COMPLETED,"[""DIR:KALYANKJIL:2026-07-31:004:UP:105400:DIRECTIONAL_REVERSAL_LEG_FAILED:110000"", ""DIR:KALYANKJIL:2026-07-31:004:UP:105400:DIRECTIONAL_COMPLETED:110000""]","[""DIRECTIONAL_REVERSAL_LEG_FAILED"", ""DIRECTIONAL_COMPLETED""]",FORMING,ALIGNED,"[""CLOSE""]","[""0be5a943-6906-5924-af54-1d2dcca91257""]","[""FORCE_EXIT""]",AUCTION_SIGNAL_DOWNSTREAM_V2,TERMINAL,FORCE_EXIT,HIGH,"[{""action"": ""CLOSE"", ""signal_id"": ""0be5a943-6906-5924-af54-1d2dcca91257"", ""setup"": ""REVERSAL"", ""side"": ""BUY"", ""stage"": ""FORCE_EXIT"", ""status"": ""INVALIDATED"", ""status_reason"": ""DIRECTIONAL_REVERSAL_LEG_FAILED_INVALIDATED_OPPOSITE_ACTIVE_SIGNAL"", ""signal_action"": ""CLOSE"", ""signal_state"": ""TERMINAL"", ""trade_action"": ""FORCE_EXIT"", ""management_posture"": ""EXIT"", ""management_reason_code"": ""DIRECTIONAL_REVERSAL_LEG_FAILED_INVALIDATED_OPPOSITE_ACTIVE_SIGNAL"", ""should_exit_signal"": true}]",499,EXIT,DIRECTIONAL_REVERSAL_LEG_FAILED_INVALIDATED_OPPOSITE_ACTIVE_SIGNAL,[],CLOSE,CAND:158ac89230fbe44b1b3cdd63,OPP:158ac89230fbe44b1b3cdd63,623.05,True,CLOSE,FORCE_EXIT,INVALIDATED,DIRECTIONAL_REVERSAL_LEG_FAILED_INVALIDATED_OPPOSITE_ACTIVE_SIGNAL,2026-07-31T11:00:00+05:30,KALYANKJIL,False,ATR_MULTIPLE
BALANCE_FORMING_STARTED,REVERSAL_WATCH,"[""BAL:MANAPPURAM:2026-07-31:002:NEUTRAL:110000:BALANCE_FORMING_STARTED:110000""]","[""BALANCE_FORMING_STARTED""]",FORMING,,[],[],[],,,,,[],500,,,[],,,,,,NO_ACTION,,,,2026-07-31T11:00:00+05:30,MANAPPURAM,,
NO_EVENT,NONE,[],[],LOCKED,,[],[],[],,,,,[],501,,,"[""CONTINUATION:BLOCK"", ""REACCELERATION:BLOCK"", ""REVERSAL:BLOCK""]",,,,,,NO_ACTION,,,,2026-07-31T11:00:00+05:30,PERSISTENT,,
NO_EVENT,DIRECTIONAL,[],[],LOCKED,,[],[],[],,,,,[],502,,,"[""CONTINUATION:BLOCK"", ""REACCELERATION:BLOCK"", ""REVERSAL:BLOCK""]",,,,,,NO_ACTION,,,,2026-07-31T11:00:00+05:30,POWERINDIA,,
NO_EVENT,NONE,[],[],FAILED_BACK_INSIDE,,[],[],[],,,,,[],503,,,"[""CONTINUATION:BLOCK"", ""REACCELERATION:BLOCK"", ""REVERSAL:BLOCK""]",,,,,,NO_ACTION,,,,2026-07-31T11:00:00+05:30,TCS,,
NO_EVENT,REVERSAL_LEG,[],[],NONE,,[],[],[],,,,,[],504,,,[],,,,,,NO_ACTION,,,,2026-07-31T11:00:00+05:30,TORNTPHARM,,
BALANCE_ESCAPE_STARTED,DIRECTIONAL,"[""BAL:BHEL:2026-07-31:001:NEUTRAL:101500:BALANCE_ESCAPE_STARTED:110300""]","[""BALANCE_ESCAPE_STARTED""]",ESCAPE_WATCH,,[],[],[],,,,,[],505,,,"[""ACCEPTED_BREAKOUT:WAIT"", ""BREAKOUT_INITIATION:PERMIT"", ""CONTINUATION:BLOCK"", ""FAILED_BREAKOUT:WAIT"", ""REACCELERATION:BLOCK"", ""REVERSAL:BLOCK""]",,,,,,NO_ACTION,,,,2026-07-31T11:03:00+05:30,BHEL,,
DIRECTIONAL_MATURED,MATURE,"[""DIR:CHOLAFIN:2026-07-31:003:UP:104500:DIRECTIONAL_MATURED:110300""]","[""DIRECTIONAL_MATURED""]",NONE,OPPOSED,[],[],[],AUCTION_SIGNAL_DOWNSTREAM_V2,OPEN,HOLD_POSITION,NONE,"[{""action"": ""HOLD"", ""signal_id"": ""aee40fe8-7759-5cec-902a-0db152fe528d"", ""setup"": ""REVERSAL"", ""side"": ""SELL"", ""stage"": ""WEAKENING"", ""status"": ""OPEN"", ""status_reason"": ""AUTHORITATIVE_DIRECTION_OPPOSED"", ""signal_action"": ""HOLD"", ""signal_state"": ""OPEN"", ""trade_action"": ""HOLD_POSITION"", ""management_posture"": ""CAUTION"", ""management_reason_code"": ""AUTHORITATIVE_DIRECTION_OPPOSED"", ""should_exit_signal"": false}]",506,CAUTION,AUTHORITATIVE_DIRECTION_OPPOSED,[],HOLD,CAND:c91e30e559c61ae9e4a8e30d,OPP:c91e30e559c61ae9e4a8e30d,1842.1,False,HOLD,WEAKENING,OPEN,AUTHORITATIVE_DIRECTION_OPPOSED,2026-07-31T11:03:00+05:30,CHOLAFIN,False,ATR_MULTIPLE
NO_EVENT,NONE,[],[],FORMING,UNKNOWN,[],[],[],AUCTION_SIGNAL_DOWNSTREAM_V2,OPEN,HOLD_POSITION,NONE,"[{""action"": ""HOLD"", ""signal_id"": ""2afed6e7-898c-5a79-8bf5-1d7891f21ccb"", ""setup"": ""REVERSAL"", ""side"": ""SELL"", ""stage"": ""TRANSITION"", ""status"": ""OPEN"", ""status_reason"": ""NO_CURRENT_CREATION_EVENT"", ""signal_action"": ""HOLD"", ""signal_state"": ""OPEN"", ""trade_action"": ""HOLD_POSITION"", ""management_posture"": ""CAUTION"", ""management_reason_code"": ""NO_CURRENT_CREATION_EVENT"", ""should_exit_signal"": false}]",507,CAUTION,NO_CURRENT_CREATION_EVENT,[],HOLD,CAND:995ee50ff305357125723e26,OPP:995ee50ff305357125723e26,1724.2,False,HOLD,TRANSITION,OPEN,NO_CURRENT_CREATION_EVENT,2026-07-31T11:03:00+05:30,COFORGE,False,ATR_MULTIPLE
NO_EVENT,NONE,[],[],PROBABLE,UNKNOWN,[],[],[],AUCTION_SIGNAL_DOWNSTREAM_V2,OPEN,HOLD_POSITION,NONE,"[{""action"": ""HOLD"", ""signal_id"": ""a73cb6c9-a388-53f1-92b2-41820e34edd3"", ""setup"": ""REVERSAL"", ""side"": ""SELL"", ""stage"": ""TRANSITION"", ""status"": ""OPEN"", ""status_reason"": ""NO_CURRENT_CREATION_EVENT"", ""signal_action"": ""HOLD"", ""signal_state"": ""OPEN"", ""trade_action"": ""HOLD_POSITION"", ""management_posture"": ""CAUTION"", ""management_reason_code"": ""NO_CURRENT_CREATION_EVENT"", ""should_exit_signal"": false}]",508,CAUTION,NO_CURRENT_CREATION_EVENT,[],HOLD,CAND:6644484c352c701feebfdf31,OPP:6644484c352c701feebfdf31,8026.5,False,HOLD,TRANSITION,OPEN,NO_CURRENT_CREATION_EVENT,2026-07-31T11:03:00+05:30,DIVISLAB,False,ATR_MULTIPLE
NO_EVENT,NONE,[],[],LOCKED,,[],[],[],,,,,[],509,,,"[""CONTINUATION:BLOCK"", ""REACCELERATION:BLOCK"", ""REVERSAL:BLOCK""]",,,,,,NO_ACTION,,,,2026-07-31T11:03:00+05:30,EXIDEIND,,
NO_EVENT,DIRECTIONAL,[],[],NONE,ALIGNED,[],[],[],AUCTION_SIGNAL_DOWNSTREAM_V2,OPEN,HOLD_POSITION,NONE,"[{""action"": ""HOLD"", ""signal_id"": ""76d65cfd-3f5f-5419-81f1-24a924660ce7"", ""setup"": ""REVERSAL"", ""side"": ""BUY"", ""stage"": ""ACTIVE"", ""status"": ""OPEN"", ""status_reason"": ""AUTHORITATIVE_DIRECTIONAL_ALIGNED"", ""signal_action"": ""HOLD"", ""signal_state"": ""OPEN"", ""trade_action"": ""HOLD_POSITION"", ""management_posture"": ""STRENGTHEN"", ""management_reason_code"": ""AUTHORITATIVE_DIRECTIONAL_ALIGNED"", ""should_exit_signal"": false}]",510,STRENGTHEN,AUTHORITATIVE_DIRECTIONAL_ALIGNED,[],HOLD,CAND:32b3a707960484f98d8399a7,OPP:32b3a707960484f98d8399a7,17907.0,False,HOLD,ACTIVE,OPEN,AUTHORITATIVE_DIRECTIONAL_ALIGNED,2026-07-31T11:03:00+05:30,FORCEMOT,True,ATR_MULTIPLE
NO_EVENT,NONE,[],[],LOCKED,,[],[],[],,,,,[],511,,,"[""CONTINUATION:BLOCK"", ""REACCELERATION:BLOCK"", ""REVERSAL:BLOCK""]",,,,,,NO_ACTION,,,,2026-07-31T11:03:00+05:30,GLENMARK,,
NO_EVENT,REVERSAL_WATCH,[],[],NONE,,[],[],[],,,,,[],512,,,[],,,,,,NO_ACTION,,,,2026-07-31T11:03:00+05:30,INDUSTOWER,,
BALANCE_PROBABLE,NONE,"[""BAL:KALYANKJIL:2026-07-31:002:NEUTRAL:105100:BALANCE_PROBABLE:110300""]","[""BALANCE_PROBABLE""]",PROBABLE,,[],[],[],,,,,[],513,,,[],,,,,,NO_ACTION,,,,2026-07-31T11:03:00+05:30,KALYANKJIL,,
NO_EVENT,REVERSAL_WATCH,[],[],FORMING,,[],[],[],,,,,[],514,,,[],,,,,,NO_ACTION,,,,2026-07-31T11:03:00+05:30,MANAPPURAM,,
NO_EVENT,NONE,[],[],LOCKED,,[],[],[],,,,,[],515,,,"[""CONTINUATION:BLOCK"", ""REACCELERATION:BLOCK"", ""REVERSAL:BLOCK""]",,,,,,NO_ACTION,,,,2026-07-31T11:03:00+05:30,PERSISTENT,,
NO_EVENT,DIRECTIONAL,[],[],LOCKED,,[],[],[],,,,,[],516,,,"[""CONTINUATION:BLOCK"", ""REACCELERATION:BLOCK"", ""REVERSAL:BLOCK""]",,,,,,NO_ACTION,,,,2026-07-31T11:03:00+05:30,POWERINDIA,,
NO_EVENT,NONE,[],[],FAILED_BACK_INSIDE,,[],[],[],,,,,[],517,,,"[""CONTINUATION:BLOCK"", ""REACCELERATION:BLOCK"", ""REVERSAL:BLOCK""]",,,,,,NO_ACTION,,,,2026-07-31T11:03:00+05:30,TCS,,
DIRECTIONAL_REVERSAL_LEG_ESTABLISHED,DIRECTIONAL,"[""DIR:TORNTPHARM:2026-07-31:002:UP:105700:DIRECTIONAL_REVERSAL_LEG_ESTABLISHED:110300""]","[""DIRECTIONAL_REVERSAL_LEG_ESTABLISHED""]",NONE,ALIGNED,[],[],[],AUCTION_SIGNAL_DOWNSTREAM_V2,OPEN,CREATE_TRADE,NONE,"[{""action"": ""CREATE"", ""signal_id"": ""099dd7de-7081-52f9-9bd2-655c56b6256c"", ""setup"": ""REVERSAL"", ""side"": ""BUY"", ""stage"": ""ACTIVE"", ""status"": ""OPEN"", ""status_reason"": ""EVENT_DRIVEN_SETUP_CREATED"", ""signal_action"": ""CREATE"", ""signal_state"": ""OPEN"", ""trade_action"": ""CREATE_TRADE"", ""management_posture"": ""STRENGTHEN"", ""management_reason_code"": ""EVENT_DRIVEN_SETUP_CREATED"", ""should_exit_signal"": false}]",518,STRENGTHEN,EVENT_DRIVEN_SETUP_CREATED,"[""REVERSAL:PERMIT""]",CREATE,CAND:dcb490f7068f3aeab3ab074f,OPP:dcb490f7068f3aeab3ab074f,5003.0,False,CREATE,ACTIVE,OPEN,EVENT_DRIVEN_SETUP_CREATED,2026-07-31T11:03:00+05:30,TORNTPHARM,True,ATR_MULTIPLE
BALANCE_ESCAPE_ACCEPTED,DIRECTIONAL,"[""BAL:BHEL:2026-07-31:001:NEUTRAL:101500:BALANCE_ESCAPE_ACCEPTED:110600""]","[""BALANCE_ESCAPE_ACCEPTED""]",ACCEPTED_OUTSIDE,,[],[],[],,,,,[],519,,,"[""ACCEPTED_BREAKOUT:PERMIT""]",,,,,,NO_ACTION,,,,2026-07-31T11:06:00+05:30,BHEL,,
REVERSAL_WATCH_STARTED,REVERSAL_WATCH,"[""DIR:CHOLAFIN:2026-07-31:003:UP:104500:REVERSAL_WATCH_STARTED:110600""]","[""REVERSAL_WATCH_STARTED""]",NONE,OPPOSED,[],[],[],AUCTION_SIGNAL_DOWNSTREAM_V2,OPEN,HOLD_POSITION,NONE,"[{""action"": ""HOLD"", ""signal_id"": ""aee40fe8-7759-5cec-902a-0db152fe528d"", ""setup"": ""REVERSAL"", ""side"": ""SELL"", ""stage"": ""PROTECT"", ""status"": ""OPEN"", ""status_reason"": ""AUTHORITATIVE_REVERSAL_WATCH"", ""signal_action"": ""HOLD"", ""signal_state"": ""OPEN"", ""trade_action"": ""HOLD_POSITION"", ""management_posture"": ""CAUTION"", ""management_reason_code"": ""AUTHORITATIVE_REVERSAL_WATCH"", ""should_exit_signal"": false}]",520,CAUTION,AUTHORITATIVE_REVERSAL_WATCH,[],HOLD,CAND:c91e30e559c61ae9e4a8e30d,OPP:c91e30e559c61ae9e4a8e30d,1842.1,False,HOLD,PROTECT,OPEN,AUTHORITATIVE_REVERSAL_WATCH,2026-07-31T11:06:00+05:30,CHOLAFIN,False,ATR_MULTIPLE
NO_EVENT,NONE,[],[],FORMING,UNKNOWN,[],[],[],AUCTION_SIGNAL_DOWNSTREAM_V2,OPEN,HOLD_POSITION,NONE,"[{""action"": ""HOLD"", ""signal_id"": ""2afed6e7-898c-5a79-8bf5-1d7891f21ccb"", ""setup"": ""REVERSAL"", ""side"": ""SELL"", ""stage"": ""TRANSITION"", ""status"": ""OPEN"", ""status_reason"": ""NO_CURRENT_CREATION_EVENT"", ""signal_action"": ""HOLD"", ""signal_state"": ""OPEN"", ""trade_action"": ""HOLD_POSITION"", ""management_posture"": ""CAUTION"", ""management_reason_code"": ""NO_CURRENT_CREATION_EVENT"", ""should_exit_signal"": false}]",521,CAUTION,NO_CURRENT_CREATION_EVENT,[],HOLD,CAND:995ee50ff305357125723e26,OPP:995ee50ff305357125723e26,1724.2,False,HOLD,TRANSITION,OPEN,NO_CURRENT_CREATION_EVENT,2026-07-31T11:06:00+05:30,COFORGE,False,ATR_MULTIPLE
BALANCE_COMPLETED,NONE,"[""BAL:DIVISLAB:2026-07-31:002:NEUTRAL:103300:BALANCE_COMPLETED:110600""]","[""BALANCE_COMPLETED""]",COMPLETED,UNKNOWN,[],[],[],AUCTION_SIGNAL_DOWNSTREAM_V2,OPEN,HOLD_POSITION,NONE,"[{""action"": ""HOLD"", ""signal_id"": ""a73cb6c9-a388-53f1-92b2-41820e34edd3"", ""setup"": ""REVERSAL"", ""side"": ""SELL"", ""stage"": ""TRANSITION"", ""status"": ""OPEN"", ""status_reason"": ""NO_CURRENT_CREATION_EVENT"", ""signal_action"": ""HOLD"", ""signal_state"": ""OPEN"", ""trade_action"": ""HOLD_POSITION"", ""management_posture"": ""CAUTION"", ""management_reason_code"": ""NO_CURRENT_CREATION_EVENT"", ""should_exit_signal"": false}]",522,CAUTION,NO_CURRENT_CREATION_EVENT,[],HOLD,CAND:6644484c352c701feebfdf31,OPP:6644484c352c701feebfdf31,8026.5,False,HOLD,TRANSITION,OPEN,NO_CURRENT_CREATION_EVENT,2026-07-31T11:06:00+05:30,DIVISLAB,False,ATR_MULTIPLE
NO_EVENT,NONE,[],[],LOCKED,,[],[],[],,,,,[],523,,,"[""CONTINUATION:BLOCK"", ""REACCELERATION:BLOCK"", ""REVERSAL:BLOCK""]",,,,,,NO_ACTION,,,,2026-07-31T11:06:00+05:30,EXIDEIND,,
DIRECTIONAL_COMPLETED,COMPLETED,"[""DIR:FORCEMOT:2026-07-31:002:UP:105400:DIRECTIONAL_COMPLETED:110600""]","[""DIRECTIONAL_COMPLETED""]",NONE,ALIGNED,[],[],[],AUCTION_SIGNAL_DOWNSTREAM_V2,OPEN,HOLD_POSITION,NONE,"[{""action"": ""HOLD"", ""signal_id"": ""76d65cfd-3f5f-5419-81f1-24a924660ce7"", ""setup"": ""REVERSAL"", ""side"": ""BUY"", ""stage"": ""TRANSITION"", ""status"": ""OPEN"", ""status_reason"": ""NO_CURRENT_CREATION_EVENT"", ""signal_action"": ""HOLD"", ""signal_state"": ""OPEN"", ""trade_action"": ""HOLD_POSITION"", ""management_posture"": ""CAUTION"", ""management_reason_code"": ""NO_CURRENT_CREATION_EVENT"", ""should_exit_signal"": false}]",524,CAUTION,NO_CURRENT_CREATION_EVENT,[],HOLD,CAND:32b3a707960484f98d8399a7,OPP:32b3a707960484f98d8399a7,17907.0,False,HOLD,TRANSITION,OPEN,NO_CURRENT_CREATION_EVENT,2026-07-31T11:06:00+05:30,FORCEMOT,False,ATR_MULTIPLE
NO_EVENT,NONE,[],[],LOCKED,,[],[],[],,,,,[],525,,,"[""CONTINUATION:BLOCK"", ""REACCELERATION:BLOCK"", ""REVERSAL:BLOCK""]",,,,,,NO_ACTION,,,,2026-07-31T11:06:00+05:30,GLENMARK,,
NO_EVENT,REVERSAL_WATCH,[],[],NONE,,[],[],[],,,,,[],526,,,[],,,,,,NO_ACTION,,,,2026-07-31T11:06:00+05:30,INDUSTOWER,,
DIRECTIONAL_STARTED,DIRECTIONAL,"[""DIR:KALYANKJIL:2026-07-31:005:DOWN:110600:DIRECTIONAL_STARTED:110600""]","[""DIRECTIONAL_STARTED""]",PROBABLE,,[],[],[],,,,,[],527,,,[],,,,,,NO_ACTION,,,,2026-07-31T11:06:00+05:30,KALYANKJIL,,
NO_EVENT,REVERSAL_WATCH,[],[],FORMING,,[],[],[],,,,,[],528,,,[],,,,,,NO_ACTION,,,,2026-07-31T11:06:00+05:30,MANAPPURAM,,
BALANCE_ESCAPE_STARTED,NONE,"[""BAL:PERSISTENT:2026-07-31:002:NEUTRAL:103600:BALANCE_ESCAPE_STARTED:110600""]","[""BALANCE_ESCAPE_STARTED""]",ESCAPE_WATCH,UNKNOWN,[],[],[],AUCTION_SIGNAL_DOWNSTREAM_V2,OPEN,CREATE_TRADE,NONE,"[{""action"": ""CREATE"", ""signal_id"": ""cad8805e-c102-57a4-96c7-d70c9c07f5cc"", ""setup"": ""BREAKOUT_INITIATION"", ""side"": ""BUY"", ""stage"": ""ACTIVE"", ""status"": ""OPEN"", ""status_reason"": ""EVENT_DRIVEN_SETUP_CREATED"", ""signal_action"": ""CREATE"", ""signal_state"": ""OPEN"", ""trade_action"": ""CREATE_TRADE"", ""management_posture"": ""STRENGTHEN"", ""management_reason_code"": ""EVENT_DRIVEN_SETUP_CREATED"", ""should_exit_signal"": false}]",529,STRENGTHEN,EVENT_DRIVEN_SETUP_CREATED,"[""ACCEPTED_BREAKOUT:WAIT"", ""BREAKOUT_INITIATION:PERMIT"", ""CONTINUATION:BLOCK"", ""FAILED_BREAKOUT:WAIT"", ""REACCELERATION:BLOCK"", ""REVERSAL:BLOCK""]",CREATE,CAND:6e00ceac84968df1df4d7495,OPP:6e00ceac84968df1df4d7495,5416.9,False,CREATE,ACTIVE,OPEN,EVENT_DRIVEN_SETUP_CREATED,2026-07-31T11:06:00+05:30,PERSISTENT,True,ATR_MULTIPLE
NO_EVENT,DIRECTIONAL,[],[],LOCKED,,[],[],[],,,,,[],530,,,"[""CONTINUATION:BLOCK"", ""REACCELERATION:BLOCK"", ""REVERSAL:BLOCK""]",,,,,,NO_ACTION,,,,2026-07-31T11:06:00+05:30,POWERINDIA,,
NO_EVENT,NONE,[],[],FAILED_BACK_INSIDE,,[],[],[],,,,,[],531,,,"[""CONTINUATION:BLOCK"", ""REACCELERATION:BLOCK"", ""REVERSAL:BLOCK""]",,,,,,NO_ACTION,,,,2026-07-31T11:06:00+05:30,TCS,,
DIRECTIONAL_MATURED,MATURE,"[""DIR:TORNTPHARM:2026-07-31:002:UP:105700:DIRECTIONAL_MATURED:110600""]","[""DIRECTIONAL_MATURED""]",NONE,ALIGNED,[],[],[],AUCTION_SIGNAL_DOWNSTREAM_V2,OPEN,HOLD_POSITION,NONE,"[{""action"": ""HOLD"", ""signal_id"": ""099dd7de-7081-52f9-9bd2-655c56b6256c"", ""setup"": ""REVERSAL"", ""side"": ""BUY"", ""stage"": ""EXPAND"", ""status"": ""OPEN"", ""status_reason"": ""AUTHORITATIVE_DIRECTIONAL_MATURE"", ""signal_action"": ""HOLD"", ""signal_state"": ""OPEN"", ""trade_action"": ""HOLD_POSITION"", ""management_posture"": ""STRENGTHEN"", ""management_reason_code"": ""AUTHORITATIVE_DIRECTIONAL_MATURE"", ""should_exit_signal"": false}]",532,STRENGTHEN,AUTHORITATIVE_DIRECTIONAL_MATURE,[],HOLD,CAND:dcb490f7068f3aeab3ab074f,OPP:dcb490f7068f3aeab3ab074f,5003.0,False,HOLD,EXPAND,OPEN,AUTHORITATIVE_DIRECTIONAL_MATURE,2026-07-31T11:06:00+05:30,TORNTPHARM,True,ATR_MULTIPLE
BALANCE_COMPLETED,DIRECTIONAL,"[""BAL:BHEL:2026-07-31:001:NEUTRAL:101500:BALANCE_COMPLETED:110900""]","[""BALANCE_COMPLETED""]",COMPLETED,,[],[],[],,,,,[],533,,,[],,,,,,NO_ACTION,,,,2026-07-31T11:09:00+05:30,BHEL,,
NO_EVENT,REVERSAL_WATCH,[],[],NONE,OPPOSED,[],[],[],AUCTION_SIGNAL_DOWNSTREAM_V2,OPEN,HOLD_POSITION,NONE,"[{""action"": ""HOLD"", ""signal_id"": ""aee40fe8-7759-5cec-902a-0db152fe528d"", ""setup"": ""REVERSAL"", ""side"": ""SELL"", ""stage"": ""PROTECT"", ""status"": ""OPEN"", ""status_reason"": ""AUTHORITATIVE_REVERSAL_WATCH"", ""signal_action"": ""HOLD"", ""signal_state"": ""OPEN"", ""trade_action"": ""HOLD_POSITION"", ""management_posture"": ""CAUTION"", ""management_reason_code"": ""AUTHORITATIVE_REVERSAL_WATCH"", ""should_exit_signal"": false}]",534,CAUTION,AUTHORITATIVE_REVERSAL_WATCH,[],HOLD,CAND:c91e30e559c61ae9e4a8e30d,OPP:c91e30e559c61ae9e4a8e30d,1842.1,False,HOLD,PROTECT,OPEN,AUTHORITATIVE_REVERSAL_WATCH,2026-07-31T11:09:00+05:30,CHOLAFIN,False,ATR_MULTIPLE
BALANCE_PROBABLE,NONE,"[""BAL:COFORGE:2026-07-31:003:NEUTRAL:105700:BALANCE_PROBABLE:110900""]","[""BALANCE_PROBABLE""]",PROBABLE,UNKNOWN,[],[],[],AUCTION_SIGNAL_DOWNSTREAM_V2,OPEN,HOLD_POSITION,NONE,"[{""action"": ""HOLD"", ""signal_id"": ""2afed6e7-898c-5a79-8bf5-1d7891f21ccb"", ""setup"": ""REVERSAL"", ""side"": ""SELL"", ""stage"": ""TRANSITION"", ""status"": ""OPEN"", ""status_reason"": ""NO_CURRENT_CREATION_EVENT"", ""signal_action"": ""HOLD"", ""signal_state"": ""OPEN"", ""trade_action"": ""HOLD_POSITION"", ""management_posture"": ""CAUTION"", ""management_reason_code"": ""NO_CURRENT_CREATION_EVENT"", ""should_exit_signal"": false}]",535,CAUTION,NO_CURRENT_CREATION_EVENT,[],HOLD,CAND:995ee50ff305357125723e26,OPP:995ee50ff305357125723e26,1724.2,False,HOLD,TRANSITION,OPEN,NO_CURRENT_CREATION_EVENT,2026-07-31T11:09:00+05:30,COFORGE,False,ATR_MULTIPLE
NO_EVENT,NONE,[],[],NONE,UNKNOWN,[],[],[],AUCTION_SIGNAL_DOWNSTREAM_V2,OPEN,HOLD_POSITION,NONE,"[{""action"": ""HOLD"", ""signal_id"": ""a73cb6c9-a388-53f1-92b2-41820e34edd3"", ""setup"": ""REVERSAL"", ""side"": ""SELL"", ""stage"": ""TRANSITION"", ""status"": ""OPEN"", ""status_reason"": ""NO_CURRENT_CREATION_EVENT"", ""signal_action"": ""HOLD"", ""signal_state"": ""OPEN"", ""trade_action"": ""HOLD_POSITION"", ""management_posture"": ""CAUTION"", ""management_reason_code"": ""NO_CURRENT_CREATION_EVENT"", ""should_exit_signal"": false}]",536,CAUTION,NO_CURRENT_CREATION_EVENT,[],HOLD,CAND:6644484c352c701feebfdf31,OPP:6644484c352c701feebfdf31,8026.5,False,HOLD,TRANSITION,OPEN,NO_CURRENT_CREATION_EVENT,2026-07-31T11:09:00+05:30,DIVISLAB,False,ATR_MULTIPLE
NO_EVENT,NONE,[],[],LOCKED,,[],[],[],,,,,[],537,,,"[""CONTINUATION:BLOCK"", ""REACCELERATION:BLOCK"", ""REVERSAL:BLOCK""]",,,,,,NO_ACTION,,,,2026-07-31T11:09:00+05:30,EXIDEIND,,
NO_EVENT,NONE,[],[],NONE,UNKNOWN,[],[],[],AUCTION_SIGNAL_DOWNSTREAM_V2,OPEN,HOLD_POSITION,NONE,"[{""action"": ""HOLD"", ""signal_id"": ""76d65cfd-3f5f-5419-81f1-24a924660ce7"", ""setup"": ""REVERSAL"", ""side"": ""BUY"", ""stage"": ""TRANSITION"", ""status"": ""OPEN"", ""status_reason"": ""NO_CURRENT_CREATION_EVENT"", ""signal_action"": ""HOLD"", ""signal_state"": ""OPEN"", ""trade_action"": ""HOLD_POSITION"", ""management_posture"": ""CAUTION"", ""management_reason_code"": ""NO_CURRENT_CREATION_EVENT"", ""should_exit_signal"": false}]",538,CAUTION,NO_CURRENT_CREATION_EVENT,[],HOLD,CAND:32b3a707960484f98d8399a7,OPP:32b3a707960484f98d8399a7,17907.0,False,HOLD,TRANSITION,OPEN,NO_CURRENT_CREATION_EVENT,2026-07-31T11:09:00+05:30,FORCEMOT,False,ATR_MULTIPLE
NO_EVENT,NONE,[],[],LOCKED,,[],[],[],,,,,[],539,,,"[""CONTINUATION:BLOCK"", ""REACCELERATION:BLOCK"", ""REVERSAL:BLOCK""]",,,,,,NO_ACTION,,,,2026-07-31T11:09:00+05:30,GLENMARK,,
BALANCE_FORMING_STARTED,REVERSAL_WATCH,"[""BAL:INDUSTOWER:2026-07-31:001:NEUTRAL:110900:BALANCE_FORMING_STARTED:110900""]","[""BALANCE_FORMING_STARTED""]",FORMING,,[],[],[],,,,,[],540,,,[],,,,,,NO_ACTION,,,,2026-07-31T11:09:00+05:30,INDUSTOWER,,
DIRECTIONAL_MATURED,MATURE,"[""DIR:KALYANKJIL:2026-07-31:005:DOWN:110600:DIRECTIONAL_MATURED:110900""]","[""DIRECTIONAL_MATURED""]",PROBABLE,,[],[],[],,,,,[],541,,,[],,,,,,NO_ACTION,,,,2026-07-31T11:09:00+05:30,KALYANKJIL,,
NO_EVENT,REVERSAL_WATCH,[],[],FORMING,,[],[],[],,,,,[],542,,,[],,,,,,NO_ACTION,,,,2026-07-31T11:09:00+05:30,MANAPPURAM,,
BALANCE_ESCAPE_ACCEPTED,NONE,"[""BAL:PERSISTENT:2026-07-31:002:NEUTRAL:103600:BALANCE_ESCAPE_ACCEPTED:110900""]","[""BALANCE_ESCAPE_ACCEPTED""]",ACCEPTED_OUTSIDE,UNKNOWN,[],[],[],AUCTION_SIGNAL_DOWNSTREAM_V2,OPEN,HOLD_POSITION,NONE,"[{""action"": ""HOLD"", ""signal_id"": ""cad8805e-c102-57a4-96c7-d70c9c07f5cc"", ""setup"": ""BREAKOUT_INITIATION"", ""side"": ""BUY"", ""stage"": ""TRANSITION"", ""status"": ""OPEN"", ""status_reason"": ""NO_CURRENT_CREATION_EVENT"", ""signal_action"": ""HOLD"", ""signal_state"": ""OPEN"", ""trade_action"": ""HOLD_POSITION"", ""management_posture"": ""CAUTION"", ""management_reason_code"": ""NO_CURRENT_CREATION_EVENT"", ""should_exit_signal"": false}]",543,CAUTION,NO_CURRENT_CREATION_EVENT,"[""ACCEPTED_BREAKOUT:PERMIT""]",HOLD,CAND:6e00ceac84968df1df4d7495,OPP:6e00ceac84968df1df4d7495,5416.9,False,HOLD,TRANSITION,OPEN,NO_CURRENT_CREATION_EVENT,2026-07-31T11:09:00+05:30,PERSISTENT,False,ATR_MULTIPLE
NO_EVENT,DIRECTIONAL,[],[],LOCKED,,[],[],[],,,,,[],544,,,"[""CONTINUATION:BLOCK"", ""REACCELERATION:BLOCK"", ""REVERSAL:BLOCK""]",,,,,,NO_ACTION,,,,2026-07-31T11:09:00+05:30,POWERINDIA,,
NO_EVENT,NONE,[],[],FAILED_BACK_INSIDE,,[],[],[],,,,,[],545,,,"[""CONTINUATION:BLOCK"", ""REACCELERATION:BLOCK"", ""REVERSAL:BLOCK""]",,,,,,NO_ACTION,,,,2026-07-31T11:09:00+05:30,TCS,,
REVERSAL_WATCH_STARTED,REVERSAL_WATCH,"[""DIR:TORNTPHARM:2026-07-31:002:UP:105700:REVERSAL_WATCH_STARTED:110900""]","[""REVERSAL_WATCH_STARTED""]",NONE,ALIGNED,[],[],[],AUCTION_SIGNAL_DOWNSTREAM_V2,OPEN,HOLD_POSITION,NONE,"[{""action"": ""HOLD"", ""signal_id"": ""099dd7de-7081-52f9-9bd2-655c56b6256c"", ""setup"": ""REVERSAL"", ""side"": ""BUY"", ""stage"": ""PROTECT"", ""status"": ""OPEN"", ""status_reason"": ""AUTHORITATIVE_REVERSAL_WATCH"", ""signal_action"": ""HOLD"", ""signal_state"": ""OPEN"", ""trade_action"": ""HOLD_POSITION"", ""management_posture"": ""CAUTION"", ""management_reason_code"": ""AUTHORITATIVE_REVERSAL_WATCH"", ""should_exit_signal"": false}]",546,CAUTION,AUTHORITATIVE_REVERSAL_WATCH,[],HOLD,CAND:dcb490f7068f3aeab3ab074f,OPP:dcb490f7068f3aeab3ab074f,5003.0,False,HOLD,PROTECT,OPEN,AUTHORITATIVE_REVERSAL_WATCH,2026-07-31T11:09:00+05:30,TORNTPHARM,False,ATR_MULTIPLE
DIRECTIONAL_COMPLETED,COMPLETED,"[""DIR:BHEL:2026-07-31:003:UP:102400:DIRECTIONAL_COMPLETED:111200""]","[""DIRECTIONAL_COMPLETED""]",NONE,,[],[],[],,,,,[],547,,,[],,,,,,NO_ACTION,,,,2026-07-31T11:12:00+05:30,BHEL,,
NO_EVENT,REVERSAL_WATCH,[],[],NONE,OPPOSED,[],[],[],AUCTION_SIGNAL_DOWNSTREAM_V2,OPEN,HOLD_POSITION,NONE,"[{""action"": ""HOLD"", ""signal_id"": ""aee40fe8-7759-5cec-902a-0db152fe528d"", ""setup"": ""REVERSAL"", ""side"": ""SELL"", ""stage"": ""PROTECT"", ""status"": ""OPEN"", ""status_reason"": ""AUTHORITATIVE_REVERSAL_WATCH"", ""signal_action"": ""HOLD"", ""signal_state"": ""OPEN"", ""trade_action"": ""HOLD_POSITION"", ""management_posture"": ""CAUTION"", ""management_reason_code"": ""AUTHORITATIVE_REVERSAL_WATCH"", ""should_exit_signal"": false}]",548,CAUTION,AUTHORITATIVE_REVERSAL_WATCH,[],HOLD,CAND:c91e30e559c61ae9e4a8e30d,OPP:c91e30e559c61ae9e4a8e30d,1842.1,False,HOLD,PROTECT,OPEN,AUTHORITATIVE_REVERSAL_WATCH,2026-07-31T11:12:00+05:30,CHOLAFIN,False,ATR_MULTIPLE
NO_EVENT,NONE,[],[],PROBABLE,UNKNOWN,[],[],[],AUCTION_SIGNAL_DOWNSTREAM_V2,OPEN,HOLD_POSITION,NONE,"[{""action"": ""HOLD"", ""signal_id"": ""2afed6e7-898c-5a79-8bf5-1d7891f21ccb"", ""setup"": ""REVERSAL"", ""side"": ""SELL"", ""stage"": ""TRANSITION"", ""status"": ""OPEN"", ""status_reason"": ""NO_CURRENT_CREATION_EVENT"", ""signal_action"": ""HOLD"", ""signal_state"": ""OPEN"", ""trade_action"": ""HOLD_POSITION"", ""management_posture"": ""CAUTION"", ""management_reason_code"": ""NO_CURRENT_CREATION_EVENT"", ""should_exit_signal"": false}]",549,CAUTION,NO_CURRENT_CREATION_EVENT,[],HOLD,CAND:995ee50ff305357125723e26,OPP:995ee50ff305357125723e26,1724.2,False,HOLD,TRANSITION,OPEN,NO_CURRENT_CREATION_EVENT,2026-07-31T11:12:00+05:30,COFORGE,False,ATR_MULTIPLE
NO_EVENT,NONE,[],[],NONE,UNKNOWN,[],[],[],AUCTION_SIGNAL_DOWNSTREAM_V2,OPEN,HOLD_POSITION,NONE,"[{""action"": ""HOLD"", ""signal_id"": ""a73cb6c9-a388-53f1-92b2-41820e34edd3"", ""setup"": ""REVERSAL"", ""side"": ""SELL"", ""stage"": ""TRANSITION"", ""status"": ""OPEN"", ""status_reason"": ""NO_CURRENT_CREATION_EVENT"", ""signal_action"": ""HOLD"", ""signal_state"": ""OPEN"", ""trade_action"": ""HOLD_POSITION"", ""management_posture"": ""CAUTION"", ""management_reason_code"": ""NO_CURRENT_CREATION_EVENT"", ""should_exit_signal"": false}]",550,CAUTION,NO_CURRENT_CREATION_EVENT,[],HOLD,CAND:6644484c352c701feebfdf31,OPP:6644484c352c701feebfdf31,8026.5,False,HOLD,TRANSITION,OPEN,NO_CURRENT_CREATION_EVENT,2026-07-31T11:12:00+05:30,DIVISLAB,False,ATR_MULTIPLE
NO_EVENT,NONE,[],[],LOCKED,,[],[],[],,,,,[],551,,,"[""CONTINUATION:BLOCK"", ""REACCELERATION:BLOCK"", ""REVERSAL:BLOCK""]",,,,,,NO_ACTION,,,,2026-07-31T11:12:00+05:30,EXIDEIND,,
NO_EVENT,NONE,[],[],NONE,UNKNOWN,[],[],[],AUCTION_SIGNAL_DOWNSTREAM_V2,OPEN,HOLD_POSITION,NONE,"[{""action"": ""HOLD"", ""signal_id"": ""76d65cfd-3f5f-5419-81f1-24a924660ce7"", ""setup"": ""REVERSAL"", ""side"": ""BUY"", ""stage"": ""TRANSITION"", ""status"": ""OPEN"", ""status_reason"": ""NO_CURRENT_CREATION_EVENT"", ""signal_action"": ""HOLD"", ""signal_state"": ""OPEN"", ""trade_action"": ""HOLD_POSITION"", ""management_posture"": ""CAUTION"", ""management_reason_code"": ""NO_CURRENT_CREATION_EVENT"", ""should_exit_signal"": false}]",552,CAUTION,NO_CURRENT_CREATION_EVENT,[],HOLD,CAND:32b3a707960484f98d8399a7,OPP:32b3a707960484f98d8399a7,17907.0,False,HOLD,TRANSITION,OPEN,NO_CURRENT_CREATION_EVENT,2026-07-31T11:12:00+05:30,FORCEMOT,False,ATR_MULTIPLE
NO_EVENT,NONE,[],[],LOCKED,,[],[],[],,,,,[],553,,,"[""CONTINUATION:BLOCK"", ""REACCELERATION:BLOCK"", ""REVERSAL:BLOCK""]",,,,,,NO_ACTION,,,,2026-07-31T11:12:00+05:30,GLENMARK,,
NO_EVENT,REVERSAL_WATCH,[],[],FORMING,,[],[],[],,,,,[],554,,,[],,,,,,NO_ACTION,,,,2026-07-31T11:12:00+05:30,INDUSTOWER,,
"BALANCE_LOCKED,REVERSAL_WATCH_STARTED",REVERSAL_WATCH,"[""BAL:KALYANKJIL:2026-07-31:002:NEUTRAL:105100:BALANCE_LOCKED:111200"", ""DIR:KALYANKJIL:2026-07-31:005:DOWN:110600:REVERSAL_WATCH_STARTED:111200""]","[""BALANCE_LOCKED"", ""REVERSAL_WATCH_STARTED""]",LOCKED,,[],[],[],,,,,[],555,,,"[""CONTINUATION:BLOCK"", ""REACCELERATION:BLOCK"", ""REVERSAL:BLOCK""]",,,,,,NO_ACTION,,,,2026-07-31T11:12:00+05:30,KALYANKJIL,,
"BALANCE_PROBABLE,DIRECTIONAL_REVERSAL_CONFIRMED,DIRECTIONAL_COMPLETED,DIRECTIONAL_REVERSAL_LEG_STARTED",REVERSAL_LEG,"[""BAL:MANAPPURAM:2026-07-31:002:NEUTRAL:110000:BALANCE_PROBABLE:111200"", ""DIR:MANAPPURAM:2026-07-31:005:DOWN:104500:DIRECTIONAL_REVERSAL_CONFIRMED:111200"", ""DIR:MANAPPURAM:2026-07-31:005:DOWN:104500:DIRECTIONAL_COMPLETED:111200"", ""DIR:MANAPPURAM:2026-07-31:006:UP:111200:DIRECTIONAL_REVERSAL_LEG_STARTED:111200""]","[""BALANCE_PROBABLE"", ""DIRECTIONAL_REVERSAL_CONFIRMED"", ""DIRECTIONAL_COMPLETED"", ""DIRECTIONAL_REVERSAL_LEG_STARTED""]",PROBABLE,,[],[],[],,,,,[],556,,,"[""REVERSAL:WAIT""]",,,,,,NO_ACTION,,,,2026-07-31T11:12:00+05:30,MANAPPURAM,,
BALANCE_COMPLETED,NONE,"[""BAL:PERSISTENT:2026-07-31:002:NEUTRAL:103600:BALANCE_COMPLETED:111200""]","[""BALANCE_COMPLETED""]",COMPLETED,UNKNOWN,[],[],[],AUCTION_SIGNAL_DOWNSTREAM_V2,OPEN,HOLD_POSITION,NONE,"[{""action"": ""HOLD"", ""signal_id"": ""cad8805e-c102-57a4-96c7-d70c9c07f5cc"", ""setup"": ""BREAKOUT_INITIATION"", ""side"": ""BUY"", ""stage"": ""TRANSITION"", ""status"": ""OPEN"", ""status_reason"": ""NO_CURRENT_CREATION_EVENT"", ""signal_action"": ""HOLD"", ""signal_state"": ""OPEN"", ""trade_action"": ""HOLD_POSITION"", ""management_posture"": ""CAUTION"", ""management_reason_code"": ""NO_CURRENT_CREATION_EVENT"", ""should_exit_signal"": false}]",557,CAUTION,NO_CURRENT_CREATION_EVENT,[],HOLD,CAND:6e00ceac84968df1df4d7495,OPP:6e00ceac84968df1df4d7495,5416.9,False,HOLD,TRANSITION,OPEN,NO_CURRENT_CREATION_EVENT,2026-07-31T11:12:00+05:30,PERSISTENT,False,ATR_MULTIPLE
NO_EVENT,DIRECTIONAL,[],[],LOCKED,,[],[],[],,,,,[],558,,,"[""CONTINUATION:BLOCK"", ""REACCELERATION:BLOCK"", ""REVERSAL:BLOCK""]",,,,,,NO_ACTION,,,,2026-07-31T11:12:00+05:30,POWERINDIA,,
NO_EVENT,NONE,[],[],FAILED_BACK_INSIDE,,[],[],[],,,,,[],559,,,"[""CONTINUATION:BLOCK"", ""REACCELERATION:BLOCK"", ""REVERSAL:BLOCK""]",,,,,,NO_ACTION,,,,2026-07-31T11:12:00+05:30,TCS,,
NO_EVENT,REVERSAL_WATCH,[],[],NONE,ALIGNED,[],[],[],AUCTION_SIGNAL_DOWNSTREAM_V2,OPEN,HOLD_POSITION,NONE,"[{""action"": ""HOLD"", ""signal_id"": ""099dd7de-7081-52f9-9bd2-655c56b6256c"", ""setup"": ""REVERSAL"", ""side"": ""BUY"", ""stage"": ""PROTECT"", ""status"": ""OPEN"", ""status_reason"": ""AUTHORITATIVE_REVERSAL_WATCH"", ""signal_action"": ""HOLD"", ""signal_state"": ""OPEN"", ""trade_action"": ""HOLD_POSITION"", ""management_posture"": ""CAUTION"", ""management_reason_code"": ""AUTHORITATIVE_REVERSAL_WATCH"", ""should_exit_signal"": false}]",560,CAUTION,AUTHORITATIVE_REVERSAL_WATCH,[],HOLD,CAND:dcb490f7068f3aeab3ab074f,OPP:dcb490f7068f3aeab3ab074f,5003.0,False,HOLD,PROTECT,OPEN,AUTHORITATIVE_REVERSAL_WATCH,2026-07-31T11:12:00+05:30,TORNTPHARM,False,ATR_MULTIPLE
NO_EVENT,NONE,[],[],NONE,,[],[],[],,,,,[],561,,,[],,,,,,NO_ACTION,,,,2026-07-31T11:15:00+05:30,BHEL,,
NO_EVENT,REVERSAL_WATCH,[],[],NONE,OPPOSED,[],[],[],AUCTION_SIGNAL_DOWNSTREAM_V2,OPEN,HOLD_POSITION,NONE,"[{""action"": ""HOLD"", ""signal_id"": ""aee40fe8-7759-5cec-902a-0db152fe528d"", ""setup"": ""REVERSAL"", ""side"": ""SELL"", ""stage"": ""PROTECT"", ""status"": ""OPEN"", ""status_reason"": ""AUTHORITATIVE_REVERSAL_WATCH"", ""signal_action"": ""HOLD"", ""signal_state"": ""OPEN"", ""trade_action"": ""HOLD_POSITION"", ""management_posture"": ""CAUTION"", ""management_reason_code"": ""AUTHORITATIVE_REVERSAL_WATCH"", ""should_exit_signal"": false}]",562,CAUTION,AUTHORITATIVE_REVERSAL_WATCH,[],HOLD,CAND:c91e30e559c61ae9e4a8e30d,OPP:c91e30e559c61ae9e4a8e30d,1842.1,False,HOLD,PROTECT,OPEN,AUTHORITATIVE_REVERSAL_WATCH,2026-07-31T11:15:00+05:30,CHOLAFIN,False,ATR_MULTIPLE
NO_EVENT,NONE,[],[],PROBABLE,UNKNOWN,[],[],[],AUCTION_SIGNAL_DOWNSTREAM_V2,OPEN,HOLD_POSITION,NONE,"[{""action"": ""HOLD"", ""signal_id"": ""2afed6e7-898c-5a79-8bf5-1d7891f21ccb"", ""setup"": ""REVERSAL"", ""side"": ""SELL"", ""stage"": ""TRANSITION"", ""status"": ""OPEN"", ""status_reason"": ""NO_CURRENT_CREATION_EVENT"", ""signal_action"": ""HOLD"", ""signal_state"": ""OPEN"", ""trade_action"": ""HOLD_POSITION"", ""management_posture"": ""CAUTION"", ""management_reason_code"": ""NO_CURRENT_CREATION_EVENT"", ""should_exit_signal"": false}]",563,CAUTION,NO_CURRENT_CREATION_EVENT,[],HOLD,CAND:995ee50ff305357125723e26,OPP:995ee50ff305357125723e26,1724.2,False,HOLD,TRANSITION,OPEN,NO_CURRENT_CREATION_EVENT,2026-07-31T11:15:00+05:30,COFORGE,False,ATR_MULTIPLE
NO_EVENT,NONE,[],[],NONE,UNKNOWN,[],[],[],AUCTION_SIGNAL_DOWNSTREAM_V2,OPEN,HOLD_POSITION,NONE,"[{""action"": ""HOLD"", ""signal_id"": ""a73cb6c9-a388-53f1-92b2-41820e34edd3"", ""setup"": ""REVERSAL"", ""side"": ""SELL"", ""stage"": ""TRANSITION"", ""status"": ""OPEN"", ""status_reason"": ""NO_CURRENT_CREATION_EVENT"", ""signal_action"": ""HOLD"", ""signal_state"": ""OPEN"", ""trade_action"": ""HOLD_POSITION"", ""management_posture"": ""CAUTION"", ""management_reason_code"": ""NO_CURRENT_CREATION_EVENT"", ""should_exit_signal"": false}]",564,CAUTION,NO_CURRENT_CREATION_EVENT,[],HOLD,CAND:6644484c352c701feebfdf31,OPP:6644484c352c701feebfdf31,8026.5,False,HOLD,TRANSITION,OPEN,NO_CURRENT_CREATION_EVENT,2026-07-31T11:15:00+05:30,DIVISLAB,False,ATR_MULTIPLE
NO_EVENT,NONE,[],[],LOCKED,,[],[],[],,,,,[],565,,,"[""CONTINUATION:BLOCK"", ""REACCELERATION:BLOCK"", ""REVERSAL:BLOCK""]",,,,,,NO_ACTION,,,,2026-07-31T11:15:00+05:30,EXIDEIND,,
NO_EVENT,NONE,[],[],NONE,UNKNOWN,[],[],[],AUCTION_SIGNAL_DOWNSTREAM_V2,OPEN,HOLD_POSITION,NONE,"[{""action"": ""HOLD"", ""signal_id"": ""76d65cfd-3f5f-5419-81f1-24a924660ce7"", ""setup"": ""REVERSAL"", ""side"": ""BUY"", ""stage"": ""TRANSITION"", ""status"": ""OPEN"", ""status_reason"": ""NO_CURRENT_CREATION_EVENT"", ""signal_action"": ""HOLD"", ""signal_state"": ""OPEN"", ""trade_action"": ""HOLD_POSITION"", ""management_posture"": ""CAUTION"", ""management_reason_code"": ""NO_CURRENT_CREATION_EVENT"", ""should_exit_signal"": false}]",566,CAUTION,NO_CURRENT_CREATION_EVENT,[],HOLD,CAND:32b3a707960484f98d8399a7,OPP:32b3a707960484f98d8399a7,17907.0,False,HOLD,TRANSITION,OPEN,NO_CURRENT_CREATION_EVENT,2026-07-31T11:15:00+05:30,FORCEMOT,False,ATR_MULTIPLE
NO_EVENT,NONE,[],[],LOCKED,,[],[],[],,,,,[],567,,,"[""CONTINUATION:BLOCK"", ""REACCELERATION:BLOCK"", ""REVERSAL:BLOCK""]",,,,,,NO_ACTION,,,,2026-07-31T11:15:00+05:30,GLENMARK,,
NO_EVENT,REVERSAL_WATCH,[],[],FORMING,,[],[],[],,,,,[],568,,,[],,,,,,NO_ACTION,,,,2026-07-31T11:15:00+05:30,INDUSTOWER,,
"DIRECTIONAL_REVERSAL_CONFIRMED,DIRECTIONAL_COMPLETED,DIRECTIONAL_REVERSAL_LEG_STARTED",REVERSAL_LEG,"[""DIR:KALYANKJIL:2026-07-31:005:DOWN:110600:DIRECTIONAL_REVERSAL_CONFIRMED:111500"", ""DIR:KALYANKJIL:2026-07-31:005:DOWN:110600:DIRECTIONAL_COMPLETED:111500"", ""DIR:KALYANKJIL:2026-07-31:006:UP:111500:DIRECTIONAL_REVERSAL_LEG_STARTED:111500""]","[""DIRECTIONAL_REVERSAL_CONFIRMED"", ""DIRECTIONAL_COMPLETED"", ""DIRECTIONAL_REVERSAL_LEG_STARTED""]",LOCKED,,[],[],[],,,,,[],569,,,"[""CONTINUATION:BLOCK"", ""REACCELERATION:BLOCK"", ""REVERSAL:BLOCK""]",,,,,,NO_ACTION,,,,2026-07-31T11:15:00+05:30,KALYANKJIL,,
NO_EVENT,REVERSAL_LEG,[],[],PROBABLE,,[],[],[],,,,,[],570,,,[],,,,,,NO_ACTION,,,,2026-07-31T11:15:00+05:30,MANAPPURAM,,
NO_EVENT,NONE,[],[],NONE,UNKNOWN,[],[],[],AUCTION_SIGNAL_DOWNSTREAM_V2,OPEN,HOLD_POSITION,NONE,"[{""action"": ""HOLD"", ""signal_id"": ""cad8805e-c102-57a4-96c7-d70c9c07f5cc"", ""setup"": ""BREAKOUT_INITIATION"", ""side"": ""BUY"", ""stage"": ""TRANSITION"", ""status"": ""OPEN"", ""status_reason"": ""NO_CURRENT_CREATION_EVENT"", ""signal_action"": ""HOLD"", ""signal_state"": ""OPEN"", ""trade_action"": ""HOLD_POSITION"", ""management_posture"": ""CAUTION"", ""management_reason_code"": ""NO_CURRENT_CREATION_EVENT"", ""should_exit_signal"": false}]",571,CAUTION,NO_CURRENT_CREATION_EVENT,[],HOLD,CAND:6e00ceac84968df1df4d7495,OPP:6e00ceac84968df1df4d7495,5416.9,False,HOLD,TRANSITION,OPEN,NO_CURRENT_CREATION_EVENT,2026-07-31T11:15:00+05:30,PERSISTENT,False,ATR_MULTIPLE
NO_EVENT,DIRECTIONAL,[],[],LOCKED,,[],[],[],,,,,[],572,,,"[""CONTINUATION:BLOCK"", ""REACCELERATION:BLOCK"", ""REVERSAL:BLOCK""]",,,,,,NO_ACTION,,,,2026-07-31T11:15:00+05:30,POWERINDIA,,
NO_EVENT,NONE,[],[],FAILED_BACK_INSIDE,,[],[],[],,,,,[],573,,,"[""CONTINUATION:BLOCK"", ""REACCELERATION:BLOCK"", ""REVERSAL:BLOCK""]",,,,,,NO_ACTION,,,,2026-07-31T11:15:00+05:30,TCS,,
NO_EVENT,REVERSAL_WATCH,[],[],NONE,ALIGNED,[],[],[],AUCTION_SIGNAL_DOWNSTREAM_V2,OPEN,HOLD_POSITION,NONE,"[{""action"": ""HOLD"", ""signal_id"": ""099dd7de-7081-52f9-9bd2-655c56b6256c"", ""setup"": ""REVERSAL"", ""side"": ""BUY"", ""stage"": ""PROTECT"", ""status"": ""OPEN"", ""status_reason"": ""AUTHORITATIVE_REVERSAL_WATCH"", ""signal_action"": ""HOLD"", ""signal_state"": ""OPEN"", ""trade_action"": ""HOLD_POSITION"", ""management_posture"": ""CAUTION"", ""management_reason_code"": ""AUTHORITATIVE_REVERSAL_WATCH"", ""should_exit_signal"": false}]",574,CAUTION,AUTHORITATIVE_REVERSAL_WATCH,[],HOLD,CAND:dcb490f7068f3aeab3ab074f,OPP:dcb490f7068f3aeab3ab074f,5003.0,False,HOLD,PROTECT,OPEN,AUTHORITATIVE_REVERSAL_WATCH,2026-07-31T11:15:00+05:30,TORNTPHARM,False,ATR_MULTIPLE
NO_EVENT,NONE,[],[],NONE,,[],[],[],,,,,[],575,,,[],,,,,,NO_ACTION,,,,2026-07-31T11:18:00+05:30,BHEL,,
NO_EVENT,REVERSAL_WATCH,[],[],NONE,OPPOSED,[],[],[],AUCTION_SIGNAL_DOWNSTREAM_V2,OPEN,HOLD_POSITION,NONE,"[{""action"": ""HOLD"", ""signal_id"": ""aee40fe8-7759-5cec-902a-0db152fe528d"", ""setup"": ""REVERSAL"", ""side"": ""SELL"", ""stage"": ""PROTECT"", ""status"": ""OPEN"", ""status_reason"": ""AUTHORITATIVE_REVERSAL_WATCH"", ""signal_action"": ""HOLD"", ""signal_state"": ""OPEN"", ""trade_action"": ""HOLD_POSITION"", ""management_posture"": ""CAUTION"", ""management_reason_code"": ""AUTHORITATIVE_REVERSAL_WATCH"", ""should_exit_signal"": false}]",576,CAUTION,AUTHORITATIVE_REVERSAL_WATCH,[],HOLD,CAND:c91e30e559c61ae9e4a8e30d,OPP:c91e30e559c61ae9e4a8e30d,1842.1,False,HOLD,PROTECT,OPEN,AUTHORITATIVE_REVERSAL_WATCH,2026-07-31T11:18:00+05:30,CHOLAFIN,False,ATR_MULTIPLE
BALANCE_LOCKED,NONE,"[""BAL:COFORGE:2026-07-31:003:NEUTRAL:105700:BALANCE_LOCKED:111800""]","[""BALANCE_LOCKED""]",LOCKED,UNKNOWN,[],[],[],AUCTION_SIGNAL_DOWNSTREAM_V2,OPEN,HOLD_POSITION,NONE,"[{""action"": ""HOLD"", ""signal_id"": ""2afed6e7-898c-5a79-8bf5-1d7891f21ccb"", ""setup"": ""REVERSAL"", ""side"": ""SELL"", ""stage"": ""TRANSITION"", ""status"": ""OPEN"", ""status_reason"": ""NO_CURRENT_CREATION_EVENT"", ""signal_action"": ""HOLD"", ""signal_state"": ""OPEN"", ""trade_action"": ""HOLD_POSITION"", ""management_posture"": ""CAUTION"", ""management_reason_code"": ""NO_CURRENT_CREATION_EVENT"", ""should_exit_signal"": false}]",577,CAUTION,NO_CURRENT_CREATION_EVENT,"[""CONTINUATION:BLOCK"", ""REACCELERATION:BLOCK"", ""REVERSAL:BLOCK""]",HOLD,CAND:995ee50ff305357125723e26,OPP:995ee50ff305357125723e26,1724.2,False,HOLD,TRANSITION,OPEN,NO_CURRENT_CREATION_EVENT,2026-07-31T11:18:00+05:30,COFORGE,False,ATR_MULTIPLE
NO_EVENT,NONE,[],[],NONE,UNKNOWN,[],[],[],AUCTION_SIGNAL_DOWNSTREAM_V2,OPEN,HOLD_POSITION,NONE,"[{""action"": ""HOLD"", ""signal_id"": ""a73cb6c9-a388-53f1-92b2-41820e34edd3"", ""setup"": ""REVERSAL"", ""side"": ""SELL"", ""stage"": ""TRANSITION"", ""status"": ""OPEN"", ""status_reason"": ""NO_CURRENT_CREATION_EVENT"", ""signal_action"": ""HOLD"", ""signal_state"": ""OPEN"", ""trade_action"": ""HOLD_POSITION"", ""management_posture"": ""CAUTION"", ""management_reason_code"": ""NO_CURRENT_CREATION_EVENT"", ""should_exit_signal"": false}]",578,CAUTION,NO_CURRENT_CREATION_EVENT,[],HOLD,CAND:6644484c352c701feebfdf31,OPP:6644484c352c701feebfdf31,8026.5,False,HOLD,TRANSITION,OPEN,NO_CURRENT_CREATION_EVENT,2026-07-31T11:18:00+05:30,DIVISLAB,False,ATR_MULTIPLE
NO_EVENT,NONE,[],[],LOCKED,,[],[],[],,,,,[],579,,,"[""CONTINUATION:BLOCK"", ""REACCELERATION:BLOCK"", ""REVERSAL:BLOCK""]",,,,,,NO_ACTION,,,,2026-07-31T11:18:00+05:30,EXIDEIND,,
NO_EVENT,NONE,[],[],NONE,UNKNOWN,[],[],[],AUCTION_SIGNAL_DOWNSTREAM_V2,OPEN,HOLD_POSITION,NONE,"[{""action"": ""HOLD"", ""signal_id"": ""76d65cfd-3f5f-5419-81f1-24a924660ce7"", ""setup"": ""REVERSAL"", ""side"": ""BUY"", ""stage"": ""TRANSITION"", ""status"": ""OPEN"", ""status_reason"": ""NO_CURRENT_CREATION_EVENT"", ""signal_action"": ""HOLD"", ""signal_state"": ""OPEN"", ""trade_action"": ""HOLD_POSITION"", ""management_posture"": ""CAUTION"", ""management_reason_code"": ""NO_CURRENT_CREATION_EVENT"", ""should_exit_signal"": false}]",580,CAUTION,NO_CURRENT_CREATION_EVENT,[],HOLD,CAND:32b3a707960484f98d8399a7,OPP:32b3a707960484f98d8399a7,17907.0,False,HOLD,TRANSITION,OPEN,NO_CURRENT_CREATION_EVENT,2026-07-31T11:18:00+05:30,FORCEMOT,False,ATR_MULTIPLE
NO_EVENT,NONE,[],[],LOCKED,,[],[],[],,,,,[],581,,,"[""CONTINUATION:BLOCK"", ""REACCELERATION:BLOCK"", ""REVERSAL:BLOCK""]",,,,,,NO_ACTION,,,,2026-07-31T11:18:00+05:30,GLENMARK,,
NO_EVENT,REVERSAL_WATCH,[],[],FORMING,,[],[],[],,,,,[],582,,,[],,,,,,NO_ACTION,,,,2026-07-31T11:18:00+05:30,INDUSTOWER,,
NO_EVENT,REVERSAL_LEG,[],[],LOCKED,,[],[],[],,,,,[],583,,,"[""CONTINUATION:BLOCK"", ""REACCELERATION:BLOCK"", ""REVERSAL:BLOCK""]",,,,,,NO_ACTION,,,,2026-07-31T11:18:00+05:30,KALYANKJIL,,
NO_EVENT,REVERSAL_LEG,[],[],PROBABLE,,[],[],[],,,,,[],584,,,[],,,,,,NO_ACTION,,,,2026-07-31T11:18:00+05:30,MANAPPURAM,,
NO_EVENT,NONE,[],[],NONE,UNKNOWN,[],[],[],AUCTION_SIGNAL_DOWNSTREAM_V2,OPEN,HOLD_POSITION,NONE,"[{""action"": ""HOLD"", ""signal_id"": ""cad8805e-c102-57a4-96c7-d70c9c07f5cc"", ""setup"": ""BREAKOUT_INITIATION"", ""side"": ""BUY"", ""stage"": ""TRANSITION"", ""status"": ""OPEN"", ""status_reason"": ""NO_CURRENT_CREATION_EVENT"", ""signal_action"": ""HOLD"", ""signal_state"": ""OPEN"", ""trade_action"": ""HOLD_POSITION"", ""management_posture"": ""CAUTION"", ""management_reason_code"": ""NO_CURRENT_CREATION_EVENT"", ""should_exit_signal"": false}]",585,CAUTION,NO_CURRENT_CREATION_EVENT,[],HOLD,CAND:6e00ceac84968df1df4d7495,OPP:6e00ceac84968df1df4d7495,5416.9,False,HOLD,TRANSITION,OPEN,NO_CURRENT_CREATION_EVENT,2026-07-31T11:18:00+05:30,PERSISTENT,False,ATR_MULTIPLE
NO_EVENT,DIRECTIONAL,[],[],LOCKED,,[],[],[],,,,,[],586,,,"[""CONTINUATION:BLOCK"", ""REACCELERATION:BLOCK"", ""REVERSAL:BLOCK""]",,,,,,NO_ACTION,,,,2026-07-31T11:18:00+05:30,POWERINDIA,,
NO_EVENT,NONE,[],[],FAILED_BACK_INSIDE,,[],[],[],,,,,[],587,,,"[""CONTINUATION:BLOCK"", ""REACCELERATION:BLOCK"", ""REVERSAL:BLOCK""]",,,,,,NO_ACTION,,,,2026-07-31T11:18:00+05:30,TCS,,
NO_EVENT,REVERSAL_WATCH,[],[],NONE,ALIGNED,[],[],[],AUCTION_SIGNAL_DOWNSTREAM_V2,OPEN,HOLD_POSITION,NONE,"[{""action"": ""HOLD"", ""signal_id"": ""099dd7de-7081-52f9-9bd2-655c56b6256c"", ""setup"": ""REVERSAL"", ""side"": ""BUY"", ""stage"": ""PROTECT"", ""status"": ""OPEN"", ""status_reason"": ""AUTHORITATIVE_REVERSAL_WATCH"", ""signal_action"": ""HOLD"", ""signal_state"": ""OPEN"", ""trade_action"": ""HOLD_POSITION"", ""management_posture"": ""CAUTION"", ""management_reason_code"": ""AUTHORITATIVE_REVERSAL_WATCH"", ""should_exit_signal"": false}]",588,CAUTION,AUTHORITATIVE_REVERSAL_WATCH,[],HOLD,CAND:dcb490f7068f3aeab3ab074f,OPP:dcb490f7068f3aeab3ab074f,5003.0,False,HOLD,PROTECT,OPEN,AUTHORITATIVE_REVERSAL_WATCH,2026-07-31T11:18:00+05:30,TORNTPHARM,False,ATR_MULTIPLE
DIRECTIONAL_STARTED,DIRECTIONAL,"[""DIR:BHEL:2026-07-31:004:DOWN:112100:DIRECTIONAL_STARTED:112100""]","[""DIRECTIONAL_STARTED""]",NONE,,[],[],[],,,,,[],589,,,[],,,,,,NO_ACTION,,,,2026-07-31T11:21:00+05:30,BHEL,,
NO_EVENT,REVERSAL_WATCH,[],[],NONE,OPPOSED,[],[],[],AUCTION_SIGNAL_DOWNSTREAM_V2,OPEN,HOLD_POSITION,NONE,"[{""action"": ""HOLD"", ""signal_id"": ""aee40fe8-7759-5cec-902a-0db152fe528d"", ""setup"": ""REVERSAL"", ""side"": ""SELL"", ""stage"": ""PROTECT"", ""status"": ""OPEN"", ""status_reason"": ""AUTHORITATIVE_REVERSAL_WATCH"", ""signal_action"": ""HOLD"", ""signal_state"": ""OPEN"", ""trade_action"": ""HOLD_POSITION"", ""management_posture"": ""CAUTION"", ""management_reason_code"": ""AUTHORITATIVE_REVERSAL_WATCH"", ""should_exit_signal"": false}]",590,CAUTION,AUTHORITATIVE_REVERSAL_WATCH,[],HOLD,CAND:c91e30e559c61ae9e4a8e30d,OPP:c91e30e559c61ae9e4a8e30d,1842.1,False,HOLD,PROTECT,OPEN,AUTHORITATIVE_REVERSAL_WATCH,2026-07-31T11:21:00+05:30,CHOLAFIN,False,ATR_MULTIPLE
NO_EVENT,NONE,[],[],LOCKED,UNKNOWN,[],[],[],AUCTION_SIGNAL_DOWNSTREAM_V2,OPEN,HOLD_POSITION,NONE,"[{""action"": ""HOLD"", ""signal_id"": ""2afed6e7-898c-5a79-8bf5-1d7891f21ccb"", ""setup"": ""REVERSAL"", ""side"": ""SELL"", ""stage"": ""TRANSITION"", ""status"": ""OPEN"", ""status_reason"": ""NO_CURRENT_CREATION_EVENT"", ""signal_action"": ""HOLD"", ""signal_state"": ""OPEN"", ""trade_action"": ""HOLD_POSITION"", ""management_posture"": ""CAUTION"", ""management_reason_code"": ""NO_CURRENT_CREATION_EVENT"", ""should_exit_signal"": false}]",591,CAUTION,NO_CURRENT_CREATION_EVENT,"[""CONTINUATION:BLOCK"", ""REACCELERATION:BLOCK"", ""REVERSAL:BLOCK""]",HOLD,CAND:995ee50ff305357125723e26,OPP:995ee50ff305357125723e26,1724.2,False,HOLD,TRANSITION,OPEN,NO_CURRENT_CREATION_EVENT,2026-07-31T11:21:00+05:30,COFORGE,False,ATR_MULTIPLE
NO_EVENT,NONE,[],[],NONE,UNKNOWN,[],[],[],AUCTION_SIGNAL_DOWNSTREAM_V2,OPEN,HOLD_POSITION,NONE,"[{""action"": ""HOLD"", ""signal_id"": ""a73cb6c9-a388-53f1-92b2-41820e34edd3"", ""setup"": ""REVERSAL"", ""side"": ""SELL"", ""stage"": ""TRANSITION"", ""status"": ""OPEN"", ""status_reason"": ""NO_CURRENT_CREATION_EVENT"", ""signal_action"": ""HOLD"", ""signal_state"": ""OPEN"", ""trade_action"": ""HOLD_POSITION"", ""management_posture"": ""CAUTION"", ""management_reason_code"": ""NO_CURRENT_CREATION_EVENT"", ""should_exit_signal"": false}]",592,CAUTION,NO_CURRENT_CREATION_EVENT,[],HOLD,CAND:6644484c352c701feebfdf31,OPP:6644484c352c701feebfdf31,8026.5,False,HOLD,TRANSITION,OPEN,NO_CURRENT_CREATION_EVENT,2026-07-31T11:21:00+05:30,DIVISLAB,False,ATR_MULTIPLE
NO_EVENT,NONE,[],[],LOCKED,,[],[],[],,,,,[],593,,,"[""CONTINUATION:BLOCK"", ""REACCELERATION:BLOCK"", ""REVERSAL:BLOCK""]",,,,,,NO_ACTION,,,,2026-07-31T11:21:00+05:30,EXIDEIND,,
NO_EVENT,NONE,[],[],NONE,UNKNOWN,[],[],[],AUCTION_SIGNAL_DOWNSTREAM_V2,OPEN,HOLD_POSITION,NONE,"[{""action"": ""HOLD"", ""signal_id"": ""76d65cfd-3f5f-5419-81f1-24a924660ce7"", ""setup"": ""REVERSAL"", ""side"": ""BUY"", ""stage"": ""TRANSITION"", ""status"": ""OPEN"", ""status_reason"": ""NO_CURRENT_CREATION_EVENT"", ""signal_action"": ""HOLD"", ""signal_state"": ""OPEN"", ""trade_action"": ""HOLD_POSITION"", ""management_posture"": ""CAUTION"", ""management_reason_code"": ""NO_CURRENT_CREATION_EVENT"", ""should_exit_signal"": false}]",594,CAUTION,NO_CURRENT_CREATION_EVENT,[],HOLD,CAND:32b3a707960484f98d8399a7,OPP:32b3a707960484f98d8399a7,17907.0,False,HOLD,TRANSITION,OPEN,NO_CURRENT_CREATION_EVENT,2026-07-31T11:21:00+05:30,FORCEMOT,False,ATR_MULTIPLE
NO_EVENT,NONE,[],[],LOCKED,,[],[],[],,,,,[],595,,,"[""CONTINUATION:BLOCK"", ""REACCELERATION:BLOCK"", ""REVERSAL:BLOCK""]",,,,,,NO_ACTION,,,,2026-07-31T11:21:00+05:30,GLENMARK,,
NO_EVENT,REVERSAL_WATCH,[],[],FORMING,,[],[],[],,,,,[],596,,,[],,,,,,NO_ACTION,,,,2026-07-31T11:21:00+05:30,INDUSTOWER,,
DIRECTIONAL_REVERSAL_LEG_ESTABLISHED,DIRECTIONAL,"[""DIR:KALYANKJIL:2026-07-31:006:UP:111500:DIRECTIONAL_REVERSAL_LEG_ESTABLISHED:112100""]","[""DIRECTIONAL_REVERSAL_LEG_ESTABLISHED""]",LOCKED,,[],[],[],,,,,[],597,,,"[""CONTINUATION:BLOCK"", ""REACCELERATION:BLOCK"", ""REVERSAL:BLOCK""]",,,,,,NO_ACTION,,,,2026-07-31T11:21:00+05:30,KALYANKJIL,,
"BALANCE_COMPLETED,DIRECTIONAL_REVERSAL_LEG_ESTABLISHED",DIRECTIONAL,"[""BAL:MANAPPURAM:2026-07-31:002:NEUTRAL:110000:BALANCE_COMPLETED:112100"", ""DIR:MANAPPURAM:2026-07-31:006:UP:111200:DIRECTIONAL_REVERSAL_LEG_ESTABLISHED:112100""]","[""BALANCE_COMPLETED"", ""DIRECTIONAL_REVERSAL_LEG_ESTABLISHED""]",COMPLETED,ALIGNED,[],[],[],AUCTION_SIGNAL_DOWNSTREAM_V2,OPEN,CREATE_TRADE,NONE,"[{""action"": ""CREATE"", ""signal_id"": ""50c51811-b112-5f0f-9fcc-a1422ceea97c"", ""setup"": ""REVERSAL"", ""side"": ""BUY"", ""stage"": ""ACTIVE"", ""status"": ""OPEN"", ""status_reason"": ""EVENT_DRIVEN_SETUP_CREATED"", ""signal_action"": ""CREATE"", ""signal_state"": ""OPEN"", ""trade_action"": ""CREATE_TRADE"", ""management_posture"": ""STRENGTHEN"", ""management_reason_code"": ""EVENT_DRIVEN_SETUP_CREATED"", ""should_exit_signal"": false}]",598,STRENGTHEN,EVENT_DRIVEN_SETUP_CREATED,"[""REVERSAL:PERMIT""]",CREATE,CAND:7316c4a2330c742a8803fe6c,OPP:7316c4a2330c742a8803fe6c,369.15,False,CREATE,ACTIVE,OPEN,EVENT_DRIVEN_SETUP_CREATED,2026-07-31T11:21:00+05:30,MANAPPURAM,True,ATR_MULTIPLE
DIRECTIONAL_STARTED,DIRECTIONAL,"[""DIR:PERSISTENT:2026-07-31:003:UP:112100:DIRECTIONAL_STARTED:112100""]","[""DIRECTIONAL_STARTED""]",NONE,ALIGNED,[],[],[],AUCTION_SIGNAL_DOWNSTREAM_V2,OPEN,HOLD_POSITION,NONE,"[{""action"": ""HOLD"", ""signal_id"": ""cad8805e-c102-57a4-96c7-d70c9c07f5cc"", ""setup"": ""BREAKOUT_INITIATION"", ""side"": ""BUY"", ""stage"": ""ACTIVE"", ""status"": ""OPEN"", ""status_reason"": ""AUTHORITATIVE_DIRECTIONAL_ALIGNED"", ""signal_action"": ""HOLD"", ""signal_state"": ""OPEN"", ""trade_action"": ""HOLD_POSITION"", ""management_posture"": ""STRENGTHEN"", ""management_reason_code"": ""AUTHORITATIVE_DIRECTIONAL_ALIGNED"", ""should_exit_signal"": false}]",599,STRENGTHEN,AUTHORITATIVE_DIRECTIONAL_ALIGNED,[],HOLD,CAND:6e00ceac84968df1df4d7495,OPP:6e00ceac84968df1df4d7495,5416.9,False,HOLD,ACTIVE,OPEN,AUTHORITATIVE_DIRECTIONAL_ALIGNED,2026-07-31T11:21:00+05:30,PERSISTENT,True,ATR_MULTIPLE
NO_EVENT,DIRECTIONAL,[],[],LOCKED,,[],[],[],,,,,[],600,,,"[""CONTINUATION:BLOCK"", ""REACCELERATION:BLOCK"", ""REVERSAL:BLOCK""]",,,,,,NO_ACTION,,,,2026-07-31T11:21:00+05:30,POWERINDIA,,
NO_EVENT,NONE,[],[],FAILED_BACK_INSIDE,,[],[],[],,,,,[],601,,,"[""CONTINUATION:BLOCK"", ""REACCELERATION:BLOCK"", ""REVERSAL:BLOCK""]",,,,,,NO_ACTION,,,,2026-07-31T11:21:00+05:30,TCS,,
NO_EVENT,REVERSAL_WATCH,[],[],NONE,ALIGNED,[],[],[],AUCTION_SIGNAL_DOWNSTREAM_V2,OPEN,HOLD_POSITION,NONE,"[{""action"": ""HOLD"", ""signal_id"": ""099dd7de-7081-52f9-9bd2-655c56b6256c"", ""setup"": ""REVERSAL"", ""side"": ""BUY"", ""stage"": ""PROTECT"", ""status"": ""OPEN"", ""status_reason"": ""AUTHORITATIVE_REVERSAL_WATCH"", ""signal_action"": ""HOLD"", ""signal_state"": ""OPEN"", ""trade_action"": ""HOLD_POSITION"", ""management_posture"": ""CAUTION"", ""management_reason_code"": ""AUTHORITATIVE_REVERSAL_WATCH"", ""should_exit_signal"": false}]",602,CAUTION,AUTHORITATIVE_REVERSAL_WATCH,[],HOLD,CAND:dcb490f7068f3aeab3ab074f,OPP:dcb490f7068f3aeab3ab074f,5003.0,False,HOLD,PROTECT,OPEN,AUTHORITATIVE_REVERSAL_WATCH,2026-07-31T11:21:00+05:30,TORNTPHARM,False,ATR_MULTIPLE
DIRECTIONAL_MATURED,MATURE,"[""DIR:BHEL:2026-07-31:004:DOWN:112100:DIRECTIONAL_MATURED:112400""]","[""DIRECTIONAL_MATURED""]",NONE,,[],[],[],,,,,[],603,,,[],,,,,,NO_ACTION,,,,2026-07-31T11:24:00+05:30,BHEL,,
NO_EVENT,REVERSAL_WATCH,[],[],NONE,OPPOSED,[],[],[],AUCTION_SIGNAL_DOWNSTREAM_V2,OPEN,HOLD_POSITION,NONE,"[{""action"": ""HOLD"", ""signal_id"": ""aee40fe8-7759-5cec-902a-0db152fe528d"", ""setup"": ""REVERSAL"", ""side"": ""SELL"", ""stage"": ""PROTECT"", ""status"": ""OPEN"", ""status_reason"": ""AUTHORITATIVE_REVERSAL_WATCH"", ""signal_action"": ""HOLD"", ""signal_state"": ""OPEN"", ""trade_action"": ""HOLD_POSITION"", ""management_posture"": ""CAUTION"", ""management_reason_code"": ""AUTHORITATIVE_REVERSAL_WATCH"", ""should_exit_signal"": false}]",604,CAUTION,AUTHORITATIVE_REVERSAL_WATCH,[],HOLD,CAND:c91e30e559c61ae9e4a8e30d,OPP:c91e30e559c61ae9e4a8e30d,1842.1,False,HOLD,PROTECT,OPEN,AUTHORITATIVE_REVERSAL_WATCH,2026-07-31T11:24:00+05:30,CHOLAFIN,False,ATR_MULTIPLE
NO_EVENT,NONE,[],[],LOCKED,UNKNOWN,[],[],[],AUCTION_SIGNAL_DOWNSTREAM_V2,OPEN,HOLD_POSITION,NONE,"[{""action"": ""HOLD"", ""signal_id"": ""2afed6e7-898c-5a79-8bf5-1d7891f21ccb"", ""setup"": ""REVERSAL"", ""side"": ""SELL"", ""stage"": ""TRANSITION"", ""status"": ""OPEN"", ""status_reason"": ""NO_CURRENT_CREATION_EVENT"", ""signal_action"": ""HOLD"", ""signal_state"": ""OPEN"", ""trade_action"": ""HOLD_POSITION"", ""management_posture"": ""CAUTION"", ""management_reason_code"": ""NO_CURRENT_CREATION_EVENT"", ""should_exit_signal"": false}]",605,CAUTION,NO_CURRENT_CREATION_EVENT,"[""CONTINUATION:BLOCK"", ""REACCELERATION:BLOCK"", ""REVERSAL:BLOCK""]",HOLD,CAND:995ee50ff305357125723e26,OPP:995ee50ff305357125723e26,1724.2,False,HOLD,TRANSITION,OPEN,NO_CURRENT_CREATION_EVENT,2026-07-31T11:24:00+05:30,COFORGE,False,ATR_MULTIPLE
NO_EVENT,NONE,[],[],NONE,UNKNOWN,[],[],[],AUCTION_SIGNAL_DOWNSTREAM_V2,OPEN,HOLD_POSITION,NONE,"[{""action"": ""HOLD"", ""signal_id"": ""a73cb6c9-a388-53f1-92b2-41820e34edd3"", ""setup"": ""REVERSAL"", ""side"": ""SELL"", ""stage"": ""TRANSITION"", ""status"": ""OPEN"", ""status_reason"": ""NO_CURRENT_CREATION_EVENT"", ""signal_action"": ""HOLD"", ""signal_state"": ""OPEN"", ""trade_action"": ""HOLD_POSITION"", ""management_posture"": ""CAUTION"", ""management_reason_code"": ""NO_CURRENT_CREATION_EVENT"", ""should_exit_signal"": false}]",606,CAUTION,NO_CURRENT_CREATION_EVENT,[],HOLD,CAND:6644484c352c701feebfdf31,OPP:6644484c352c701feebfdf31,8026.5,False,HOLD,TRANSITION,OPEN,NO_CURRENT_CREATION_EVENT,2026-07-31T11:24:00+05:30,DIVISLAB,False,ATR_MULTIPLE
NO_EVENT,NONE,[],[],LOCKED,,[],[],[],,,,,[],607,,,"[""CONTINUATION:BLOCK"", ""REACCELERATION:BLOCK"", ""REVERSAL:BLOCK""]",,,,,,NO_ACTION,,,,2026-07-31T11:24:00+05:30,EXIDEIND,,
NO_EVENT,NONE,[],[],NONE,UNKNOWN,[],[],[],AUCTION_SIGNAL_DOWNSTREAM_V2,OPEN,HOLD_POSITION,NONE,"[{""action"": ""HOLD"", ""signal_id"": ""76d65cfd-3f5f-5419-81f1-24a924660ce7"", ""setup"": ""REVERSAL"", ""side"": ""BUY"", ""stage"": ""TRANSITION"", ""status"": ""OPEN"", ""status_reason"": ""NO_CURRENT_CREATION_EVENT"", ""signal_action"": ""HOLD"", ""signal_state"": ""OPEN"", ""trade_action"": ""HOLD_POSITION"", ""management_posture"": ""CAUTION"", ""management_reason_code"": ""NO_CURRENT_CREATION_EVENT"", ""should_exit_signal"": false}]",608,CAUTION,NO_CURRENT_CREATION_EVENT,[],HOLD,CAND:32b3a707960484f98d8399a7,OPP:32b3a707960484f98d8399a7,17907.0,False,HOLD,TRANSITION,OPEN,NO_CURRENT_CREATION_EVENT,2026-07-31T11:24:00+05:30,FORCEMOT,False,ATR_MULTIPLE
NO_EVENT,NONE,[],[],LOCKED,,[],[],[],,,,,[],609,,,"[""CONTINUATION:BLOCK"", ""REACCELERATION:BLOCK"", ""REVERSAL:BLOCK""]",,,,,,NO_ACTION,,,,2026-07-31T11:24:00+05:30,GLENMARK,,
NO_EVENT,REVERSAL_WATCH,[],[],FORMING,,[],[],[],,,,,[],610,,,[],,,,,,NO_ACTION,,,,2026-07-31T11:24:00+05:30,INDUSTOWER,,
NO_EVENT,DIRECTIONAL,[],[],LOCKED,,[],[],[],,,,,[],611,,,"[""CONTINUATION:BLOCK"", ""REACCELERATION:BLOCK"", ""REVERSAL:BLOCK""]",,,,,,NO_ACTION,,,,2026-07-31T11:24:00+05:30,KALYANKJIL,,
NO_EVENT,DIRECTIONAL,[],[],NONE,ALIGNED,[],[],[],AUCTION_SIGNAL_DOWNSTREAM_V2,OPEN,HOLD_POSITION,NONE,"[{""action"": ""HOLD"", ""signal_id"": ""50c51811-b112-5f0f-9fcc-a1422ceea97c"", ""setup"": ""REVERSAL"", ""side"": ""BUY"", ""stage"": ""ACTIVE"", ""status"": ""OPEN"", ""status_reason"": ""AUTHORITATIVE_DIRECTIONAL_ALIGNED"", ""signal_action"": ""HOLD"", ""signal_state"": ""OPEN"", ""trade_action"": ""HOLD_POSITION"", ""management_posture"": ""STRENGTHEN"", ""management_reason_code"": ""AUTHORITATIVE_DIRECTIONAL_ALIGNED"", ""should_exit_signal"": false}]",612,STRENGTHEN,AUTHORITATIVE_DIRECTIONAL_ALIGNED,[],HOLD,CAND:7316c4a2330c742a8803fe6c,OPP:7316c4a2330c742a8803fe6c,369.15,False,HOLD,ACTIVE,OPEN,AUTHORITATIVE_DIRECTIONAL_ALIGNED,2026-07-31T11:24:00+05:30,MANAPPURAM,True,ATR_MULTIPLE
NO_EVENT,DIRECTIONAL,[],[],NONE,ALIGNED,[],[],[],AUCTION_SIGNAL_DOWNSTREAM_V2,OPEN,HOLD_POSITION,NONE,"[{""action"": ""HOLD"", ""signal_id"": ""cad8805e-c102-57a4-96c7-d70c9c07f5cc"", ""setup"": ""BREAKOUT_INITIATION"", ""side"": ""BUY"", ""stage"": ""ACTIVE"", ""status"": ""OPEN"", ""status_reason"": ""AUTHORITATIVE_DIRECTIONAL_ALIGNED"", ""signal_action"": ""HOLD"", ""signal_state"": ""OPEN"", ""trade_action"": ""HOLD_POSITION"", ""management_posture"": ""STRENGTHEN"", ""management_reason_code"": ""AUTHORITATIVE_DIRECTIONAL_ALIGNED"", ""should_exit_signal"": false}]",613,STRENGTHEN,AUTHORITATIVE_DIRECTIONAL_ALIGNED,[],HOLD,CAND:6e00ceac84968df1df4d7495,OPP:6e00ceac84968df1df4d7495,5416.9,False,HOLD,ACTIVE,OPEN,AUTHORITATIVE_DIRECTIONAL_ALIGNED,2026-07-31T11:24:00+05:30,PERSISTENT,True,ATR_MULTIPLE
NO_EVENT,DIRECTIONAL,[],[],LOCKED,,[],[],[],,,,,[],614,,,"[""CONTINUATION:BLOCK"", ""REACCELERATION:BLOCK"", ""REVERSAL:BLOCK""]",,,,,,NO_ACTION,,,,2026-07-31T11:24:00+05:30,POWERINDIA,,
NO_EVENT,NONE,[],[],FAILED_BACK_INSIDE,,[],[],[],,,,,[],615,,,"[""CONTINUATION:BLOCK"", ""REACCELERATION:BLOCK"", ""REVERSAL:BLOCK""]",,,,,,NO_ACTION,,,,2026-07-31T11:24:00+05:30,TCS,,
NO_EVENT,REVERSAL_WATCH,[],[],NONE,ALIGNED,[],[],[],AUCTION_SIGNAL_DOWNSTREAM_V2,OPEN,HOLD_POSITION,NONE,"[{""action"": ""HOLD"", ""signal_id"": ""099dd7de-7081-52f9-9bd2-655c56b6256c"", ""setup"": ""REVERSAL"", ""side"": ""BUY"", ""stage"": ""PROTECT"", ""status"": ""OPEN"", ""status_reason"": ""AUTHORITATIVE_REVERSAL_WATCH"", ""signal_action"": ""HOLD"", ""signal_state"": ""OPEN"", ""trade_action"": ""HOLD_POSITION"", ""management_posture"": ""CAUTION"", ""management_reason_code"": ""AUTHORITATIVE_REVERSAL_WATCH"", ""should_exit_signal"": false}]",616,CAUTION,AUTHORITATIVE_REVERSAL_WATCH,[],HOLD,CAND:dcb490f7068f3aeab3ab074f,OPP:dcb490f7068f3aeab3ab074f,5003.0,False,HOLD,PROTECT,OPEN,AUTHORITATIVE_REVERSAL_WATCH,2026-07-31T11:24:00+05:30,TORNTPHARM,False,ATR_MULTIPLE
REVERSAL_WATCH_STARTED,REVERSAL_WATCH,"[""DIR:BHEL:2026-07-31:004:DOWN:112100:REVERSAL_WATCH_STARTED:112700""]","[""REVERSAL_WATCH_STARTED""]",NONE,,[],[],[],,,,,[],617,,,[],,,,,,NO_ACTION,,,,2026-07-31T11:27:00+05:30,BHEL,,
NO_EVENT,REVERSAL_WATCH,[],[],NONE,OPPOSED,[],[],[],AUCTION_SIGNAL_DOWNSTREAM_V2,OPEN,HOLD_POSITION,NONE,"[{""action"": ""HOLD"", ""signal_id"": ""aee40fe8-7759-5cec-902a-0db152fe528d"", ""setup"": ""REVERSAL"", ""side"": ""SELL"", ""stage"": ""PROTECT"", ""status"": ""OPEN"", ""status_reason"": ""AUTHORITATIVE_REVERSAL_WATCH"", ""signal_action"": ""HOLD"", ""signal_state"": ""OPEN"", ""trade_action"": ""HOLD_POSITION"", ""management_posture"": ""CAUTION"", ""management_reason_code"": ""AUTHORITATIVE_REVERSAL_WATCH"", ""should_exit_signal"": false}]",618,CAUTION,AUTHORITATIVE_REVERSAL_WATCH,[],HOLD,CAND:c91e30e559c61ae9e4a8e30d,OPP:c91e30e559c61ae9e4a8e30d,1842.1,False,HOLD,PROTECT,OPEN,AUTHORITATIVE_REVERSAL_WATCH,2026-07-31T11:27:00+05:30,CHOLAFIN,False,ATR_MULTIPLE
NO_EVENT,NONE,[],[],LOCKED,UNKNOWN,[],[],[],AUCTION_SIGNAL_DOWNSTREAM_V2,OPEN,HOLD_POSITION,NONE,"[{""action"": ""HOLD"", ""signal_id"": ""2afed6e7-898c-5a79-8bf5-1d7891f21ccb"", ""setup"": ""REVERSAL"", ""side"": ""SELL"", ""stage"": ""TRANSITION"", ""status"": ""OPEN"", ""status_reason"": ""NO_CURRENT_CREATION_EVENT"", ""signal_action"": ""HOLD"", ""signal_state"": ""OPEN"", ""trade_action"": ""HOLD_POSITION"", ""management_posture"": ""CAUTION"", ""management_reason_code"": ""NO_CURRENT_CREATION_EVENT"", ""should_exit_signal"": false}]",619,CAUTION,NO_CURRENT_CREATION_EVENT,"[""CONTINUATION:BLOCK"", ""REACCELERATION:BLOCK"", ""REVERSAL:BLOCK""]",HOLD,CAND:995ee50ff305357125723e26,OPP:995ee50ff305357125723e26,1724.2,False,HOLD,TRANSITION,OPEN,NO_CURRENT_CREATION_EVENT,2026-07-31T11:27:00+05:30,COFORGE,False,ATR_MULTIPLE
NO_EVENT,NONE,[],[],NONE,UNKNOWN,[],[],[],AUCTION_SIGNAL_DOWNSTREAM_V2,OPEN,HOLD_POSITION,NONE,"[{""action"": ""HOLD"", ""signal_id"": ""a73cb6c9-a388-53f1-92b2-41820e34edd3"", ""setup"": ""REVERSAL"", ""side"": ""SELL"", ""stage"": ""TRANSITION"", ""status"": ""OPEN"", ""status_reason"": ""NO_CURRENT_CREATION_EVENT"", ""signal_action"": ""HOLD"", ""signal_state"": ""OPEN"", ""trade_action"": ""HOLD_POSITION"", ""management_posture"": ""CAUTION"", ""management_reason_code"": ""NO_CURRENT_CREATION_EVENT"", ""should_exit_signal"": false}]",620,CAUTION,NO_CURRENT_CREATION_EVENT,[],HOLD,CAND:6644484c352c701feebfdf31,OPP:6644484c352c701feebfdf31,8026.5,False,HOLD,TRANSITION,OPEN,NO_CURRENT_CREATION_EVENT,2026-07-31T11:27:00+05:30,DIVISLAB,False,ATR_MULTIPLE
NO_EVENT,NONE,[],[],LOCKED,,[],[],[],,,,,[],621,,,"[""CONTINUATION:BLOCK"", ""REACCELERATION:BLOCK"", ""REVERSAL:BLOCK""]",,,,,,NO_ACTION,,,,2026-07-31T11:27:00+05:30,EXIDEIND,,
NO_EVENT,NONE,[],[],NONE,UNKNOWN,[],[],[],AUCTION_SIGNAL_DOWNSTREAM_V2,OPEN,HOLD_POSITION,NONE,"[{""action"": ""HOLD"", ""signal_id"": ""76d65cfd-3f5f-5419-81f1-24a924660ce7"", ""setup"": ""REVERSAL"", ""side"": ""BUY"", ""stage"": ""TRANSITION"", ""status"": ""OPEN"", ""status_reason"": ""NO_CURRENT_CREATION_EVENT"", ""signal_action"": ""HOLD"", ""signal_state"": ""OPEN"", ""trade_action"": ""HOLD_POSITION"", ""management_posture"": ""CAUTION"", ""management_reason_code"": ""NO_CURRENT_CREATION_EVENT"", ""should_exit_signal"": false}]",622,CAUTION,NO_CURRENT_CREATION_EVENT,[],HOLD,CAND:32b3a707960484f98d8399a7,OPP:32b3a707960484f98d8399a7,17907.0,False,HOLD,TRANSITION,OPEN,NO_CURRENT_CREATION_EVENT,2026-07-31T11:27:00+05:30,FORCEMOT,False,ATR_MULTIPLE
NO_EVENT,NONE,[],[],LOCKED,,[],[],[],,,,,[],623,,,"[""CONTINUATION:BLOCK"", ""REACCELERATION:BLOCK"", ""REVERSAL:BLOCK""]",,,,,,NO_ACTION,,,,2026-07-31T11:27:00+05:30,GLENMARK,,
NO_EVENT,REVERSAL_WATCH,[],[],FORMING,,[],[],[],,,,,[],624,,,[],,,,,,NO_ACTION,,,,2026-07-31T11:27:00+05:30,INDUSTOWER,,
"BALANCE_ESCAPE_STARTED,DIRECTIONAL_COMPLETED",COMPLETED,"[""BAL:KALYANKJIL:2026-07-31:002:NEUTRAL:105100:BALANCE_ESCAPE_STARTED:112700"", ""DIR:KALYANKJIL:2026-07-31:006:UP:111500:DIRECTIONAL_COMPLETED:112700""]","[""BALANCE_ESCAPE_STARTED"", ""DIRECTIONAL_COMPLETED""]",ESCAPE_WATCH,ALIGNED,[],[],[],AUCTION_SIGNAL_DOWNSTREAM_V2,OPEN,CREATE_TRADE,NONE,"[{""action"": ""CREATE"", ""signal_id"": ""fe205a27-ef8f-5bf7-9192-94593d799d94"", ""setup"": ""BREAKOUT_INITIATION"", ""side"": ""BUY"", ""stage"": ""ACTIVE"", ""status"": ""OPEN"", ""status_reason"": ""EVENT_DRIVEN_SETUP_CREATED"", ""signal_action"": ""CREATE"", ""signal_state"": ""OPEN"", ""trade_action"": ""CREATE_TRADE"", ""management_posture"": ""STRENGTHEN"", ""management_reason_code"": ""EVENT_DRIVEN_SETUP_CREATED"", ""should_exit_signal"": false}]",625,STRENGTHEN,EVENT_DRIVEN_SETUP_CREATED,"[""ACCEPTED_BREAKOUT:WAIT"", ""BREAKOUT_INITIATION:PERMIT"", ""CONTINUATION:BLOCK"", ""FAILED_BREAKOUT:WAIT"", ""REACCELERATION:BLOCK"", ""REVERSAL:BLOCK""]",CREATE,CAND:4a3872010c190995b2d63ff8,OPP:4a3872010c190995b2d63ff8,628.95,False,CREATE,ACTIVE,OPEN,EVENT_DRIVEN_SETUP_CREATED,2026-07-31T11:27:00+05:30,KALYANKJIL,True,ATR_MULTIPLE
DIRECTIONAL_COMPLETED,COMPLETED,"[""DIR:MANAPPURAM:2026-07-31:006:UP:111200:DIRECTIONAL_COMPLETED:112700""]","[""DIRECTIONAL_COMPLETED""]",NONE,ALIGNED,[],[],[],AUCTION_SIGNAL_DOWNSTREAM_V2,OPEN,HOLD_POSITION,NONE,"[{""action"": ""HOLD"", ""signal_id"": ""50c51811-b112-5f0f-9fcc-a1422ceea97c"", ""setup"": ""REVERSAL"", ""side"": ""BUY"", ""stage"": ""TRANSITION"", ""status"": ""OPEN"", ""status_reason"": ""NO_CURRENT_CREATION_EVENT"", ""signal_action"": ""HOLD"", ""signal_state"": ""OPEN"", ""trade_action"": ""HOLD_POSITION"", ""management_posture"": ""CAUTION"", ""management_reason_code"": ""NO_CURRENT_CREATION_EVENT"", ""should_exit_signal"": false}]",626,CAUTION,NO_CURRENT_CREATION_EVENT,[],HOLD,CAND:7316c4a2330c742a8803fe6c,OPP:7316c4a2330c742a8803fe6c,369.15,False,HOLD,TRANSITION,OPEN,NO_CURRENT_CREATION_EVENT,2026-07-31T11:27:00+05:30,MANAPPURAM,False,ATR_MULTIPLE
BALANCE_FORMING_STARTED,DIRECTIONAL,"[""BAL:PERSISTENT:2026-07-31:003:NEUTRAL:112700:BALANCE_FORMING_STARTED:112700""]","[""BALANCE_FORMING_STARTED""]",FORMING,ALIGNED,[],[],[],AUCTION_SIGNAL_DOWNSTREAM_V2,OPEN,HOLD_POSITION,NONE,"[{""action"": ""HOLD"", ""signal_id"": ""cad8805e-c102-57a4-96c7-d70c9c07f5cc"", ""setup"": ""BREAKOUT_INITIATION"", ""side"": ""BUY"", ""stage"": ""ACTIVE"", ""status"": ""OPEN"", ""status_reason"": ""AUTHORITATIVE_DIRECTIONAL_ALIGNED"", ""signal_action"": ""HOLD"", ""signal_state"": ""OPEN"", ""trade_action"": ""HOLD_POSITION"", ""management_posture"": ""STRENGTHEN"", ""management_reason_code"": ""AUTHORITATIVE_DIRECTIONAL_ALIGNED"", ""should_exit_signal"": false}]",627,STRENGTHEN,AUTHORITATIVE_DIRECTIONAL_ALIGNED,[],HOLD,CAND:6e00ceac84968df1df4d7495,OPP:6e00ceac84968df1df4d7495,5416.9,False,HOLD,ACTIVE,OPEN,AUTHORITATIVE_DIRECTIONAL_ALIGNED,2026-07-31T11:27:00+05:30,PERSISTENT,True,ATR_MULTIPLE
BALANCE_ESCAPE_STARTED,DIRECTIONAL,"[""BAL:POWERINDIA:2026-07-31:001:NEUTRAL:095100:BALANCE_ESCAPE_STARTED:112700""]","[""BALANCE_ESCAPE_STARTED""]",ESCAPE_WATCH,,[],[],[],,,,,[],628,,,"[""ACCEPTED_BREAKOUT:WAIT"", ""BREAKOUT_INITIATION:PERMIT"", ""CONTINUATION:BLOCK"", ""FAILED_BREAKOUT:WAIT"", ""REACCELERATION:BLOCK"", ""REVERSAL:BLOCK""]",,,,,,NO_ACTION,,,,2026-07-31T11:27:00+05:30,POWERINDIA,,
NO_EVENT,NONE,[],[],FAILED_BACK_INSIDE,,[],[],[],,,,,[],629,,,"[""CONTINUATION:BLOCK"", ""REACCELERATION:BLOCK"", ""REVERSAL:BLOCK""]",,,,,,NO_ACTION,,,,2026-07-31T11:27:00+05:30,TCS,,
NO_EVENT,REVERSAL_WATCH,[],[],NONE,ALIGNED,[],[],[],AUCTION_SIGNAL_DOWNSTREAM_V2,OPEN,HOLD_POSITION,NONE,"[{""action"": ""HOLD"", ""signal_id"": ""099dd7de-7081-52f9-9bd2-655c56b6256c"", ""setup"": ""REVERSAL"", ""side"": ""BUY"", ""stage"": ""PROTECT"", ""status"": ""OPEN"", ""status_reason"": ""AUTHORITATIVE_REVERSAL_WATCH"", ""signal_action"": ""HOLD"", ""signal_state"": ""OPEN"", ""trade_action"": ""HOLD_POSITION"", ""management_posture"": ""CAUTION"", ""management_reason_code"": ""AUTHORITATIVE_REVERSAL_WATCH"", ""should_exit_signal"": false}]",630,CAUTION,AUTHORITATIVE_REVERSAL_WATCH,[],HOLD,CAND:dcb490f7068f3aeab3ab074f,OPP:dcb490f7068f3aeab3ab074f,5003.0,False,HOLD,PROTECT,OPEN,AUTHORITATIVE_REVERSAL_WATCH,2026-07-31T11:27:00+05:30,TORNTPHARM,False,ATR_MULTIPLE
NO_EVENT,REVERSAL_WATCH,[],[],NONE,,[],[],[],,,,,[],631,,,[],,,,,,NO_ACTION,,,,2026-07-31T11:30:00+05:30,BHEL,,
NO_EVENT,REVERSAL_WATCH,[],[],NONE,OPPOSED,[],[],[],AUCTION_SIGNAL_DOWNSTREAM_V2,OPEN,HOLD_POSITION,NONE,"[{""action"": ""HOLD"", ""signal_id"": ""aee40fe8-7759-5cec-902a-0db152fe528d"", ""setup"": ""REVERSAL"", ""side"": ""SELL"", ""stage"": ""PROTECT"", ""status"": ""OPEN"", ""status_reason"": ""AUTHORITATIVE_REVERSAL_WATCH"", ""signal_action"": ""HOLD"", ""signal_state"": ""OPEN"", ""trade_action"": ""HOLD_POSITION"", ""management_posture"": ""CAUTION"", ""management_reason_code"": ""AUTHORITATIVE_REVERSAL_WATCH"", ""should_exit_signal"": false}]",632,CAUTION,AUTHORITATIVE_REVERSAL_WATCH,[],HOLD,CAND:c91e30e559c61ae9e4a8e30d,OPP:c91e30e559c61ae9e4a8e30d,1842.1,False,HOLD,PROTECT,OPEN,AUTHORITATIVE_REVERSAL_WATCH,2026-07-31T11:30:00+05:30,CHOLAFIN,False,ATR_MULTIPLE
NO_EVENT,NONE,[],[],LOCKED,UNKNOWN,[],[],[],AUCTION_SIGNAL_DOWNSTREAM_V2,OPEN,HOLD_POSITION,NONE,"[{""action"": ""HOLD"", ""signal_id"": ""2afed6e7-898c-5a79-8bf5-1d7891f21ccb"", ""setup"": ""REVERSAL"", ""side"": ""SELL"", ""stage"": ""TRANSITION"", ""status"": ""OPEN"", ""status_reason"": ""NO_CURRENT_CREATION_EVENT"", ""signal_action"": ""HOLD"", ""signal_state"": ""OPEN"", ""trade_action"": ""HOLD_POSITION"", ""management_posture"": ""CAUTION"", ""management_reason_code"": ""NO_CURRENT_CREATION_EVENT"", ""should_exit_signal"": false}]",633,CAUTION,NO_CURRENT_CREATION_EVENT,"[""CONTINUATION:BLOCK"", ""REACCELERATION:BLOCK"", ""REVERSAL:BLOCK""]",HOLD,CAND:995ee50ff305357125723e26,OPP:995ee50ff305357125723e26,1724.2,False,HOLD,TRANSITION,OPEN,NO_CURRENT_CREATION_EVENT,2026-07-31T11:30:00+05:30,COFORGE,False,ATR_MULTIPLE
NO_EVENT,NONE,[],[],NONE,UNKNOWN,[],[],[],AUCTION_SIGNAL_DOWNSTREAM_V2,OPEN,HOLD_POSITION,NONE,"[{""action"": ""HOLD"", ""signal_id"": ""a73cb6c9-a388-53f1-92b2-41820e34edd3"", ""setup"": ""REVERSAL"", ""side"": ""SELL"", ""stage"": ""TRANSITION"", ""status"": ""OPEN"", ""status_reason"": ""NO_CURRENT_CREATION_EVENT"", ""signal_action"": ""HOLD"", ""signal_state"": ""OPEN"", ""trade_action"": ""HOLD_POSITION"", ""management_posture"": ""CAUTION"", ""management_reason_code"": ""NO_CURRENT_CREATION_EVENT"", ""should_exit_signal"": false}]",634,CAUTION,NO_CURRENT_CREATION_EVENT,[],HOLD,CAND:6644484c352c701feebfdf31,OPP:6644484c352c701feebfdf31,8026.5,False,HOLD,TRANSITION,OPEN,NO_CURRENT_CREATION_EVENT,2026-07-31T11:30:00+05:30,DIVISLAB,False,ATR_MULTIPLE
BALANCE_ESCAPE_STARTED,NONE,"[""BAL:EXIDEIND:2026-07-31:001:NEUTRAL:100900:BALANCE_ESCAPE_STARTED:113000""]","[""BALANCE_ESCAPE_STARTED""]",ESCAPE_WATCH,,[],[],[],,,,,[],635,,,"[""ACCEPTED_BREAKOUT:WAIT"", ""BREAKOUT_INITIATION:PERMIT"", ""CONTINUATION:BLOCK"", ""FAILED_BREAKOUT:WAIT"", ""REACCELERATION:BLOCK"", ""REVERSAL:BLOCK""]",,,,,,NO_ACTION,,,,2026-07-31T11:30:00+05:30,EXIDEIND,,
NO_EVENT,NONE,[],[],NONE,UNKNOWN,[],[],[],AUCTION_SIGNAL_DOWNSTREAM_V2,OPEN,HOLD_POSITION,NONE,"[{""action"": ""HOLD"", ""signal_id"": ""76d65cfd-3f5f-5419-81f1-24a924660ce7"", ""setup"": ""REVERSAL"", ""side"": ""BUY"", ""stage"": ""TRANSITION"", ""status"": ""OPEN"", ""status_reason"": ""NO_CURRENT_CREATION_EVENT"", ""signal_action"": ""HOLD"", ""signal_state"": ""OPEN"", ""trade_action"": ""HOLD_POSITION"", ""management_posture"": ""CAUTION"", ""management_reason_code"": ""NO_CURRENT_CREATION_EVENT"", ""should_exit_signal"": false}]",636,CAUTION,NO_CURRENT_CREATION_EVENT,[],HOLD,CAND:32b3a707960484f98d8399a7,OPP:32b3a707960484f98d8399a7,17907.0,False,HOLD,TRANSITION,OPEN,NO_CURRENT_CREATION_EVENT,2026-07-31T11:30:00+05:30,FORCEMOT,False,ATR_MULTIPLE
NO_EVENT,NONE,[],[],LOCKED,,[],[],[],,,,,[],637,,,"[""CONTINUATION:BLOCK"", ""REACCELERATION:BLOCK"", ""REVERSAL:BLOCK""]",,,,,,NO_ACTION,,,,2026-07-31T11:30:00+05:30,GLENMARK,,
BALANCE_LOCKED,REVERSAL_WATCH,"[""BAL:INDUSTOWER:2026-07-31:001:NEUTRAL:110900:BALANCE_LOCKED:113000""]","[""BALANCE_LOCKED""]",LOCKED,,[],[],[],,,,,[],638,,,"[""CONTINUATION:BLOCK"", ""REACCELERATION:BLOCK"", ""REVERSAL:BLOCK""]",,,,,,NO_ACTION,,,,2026-07-31T11:30:00+05:30,INDUSTOWER,,
BALANCE_ESCAPE_ACCEPTED,NONE,"[""BAL:KALYANKJIL:2026-07-31:002:NEUTRAL:105100:BALANCE_ESCAPE_ACCEPTED:113000""]","[""BALANCE_ESCAPE_ACCEPTED""]",ACCEPTED_OUTSIDE,UNKNOWN,[],[],[],AUCTION_SIGNAL_DOWNSTREAM_V2,OPEN,HOLD_POSITION,NONE,"[{""action"": ""HOLD"", ""signal_id"": ""fe205a27-ef8f-5bf7-9192-94593d799d94"", ""setup"": ""BREAKOUT_INITIATION"", ""side"": ""BUY"", ""stage"": ""TRANSITION"", ""status"": ""OPEN"", ""status_reason"": ""NO_CURRENT_CREATION_EVENT"", ""signal_action"": ""HOLD"", ""signal_state"": ""OPEN"", ""trade_action"": ""HOLD_POSITION"", ""management_posture"": ""CAUTION"", ""management_reason_code"": ""NO_CURRENT_CREATION_EVENT"", ""should_exit_signal"": false}]",639,CAUTION,NO_CURRENT_CREATION_EVENT,"[""ACCEPTED_BREAKOUT:PERMIT""]",HOLD,CAND:4a3872010c190995b2d63ff8,OPP:4a3872010c190995b2d63ff8,628.95,False,HOLD,TRANSITION,OPEN,NO_CURRENT_CREATION_EVENT,2026-07-31T11:30:00+05:30,KALYANKJIL,False,ATR_MULTIPLE
NO_EVENT,NONE,[],[],NONE,UNKNOWN,[],[],[],AUCTION_SIGNAL_DOWNSTREAM_V2,OPEN,HOLD_POSITION,NONE,"[{""action"": ""HOLD"", ""signal_id"": ""50c51811-b112-5f0f-9fcc-a1422ceea97c"", ""setup"": ""REVERSAL"", ""side"": ""BUY"", ""stage"": ""TRANSITION"", ""status"": ""OPEN"", ""status_reason"": ""NO_CURRENT_CREATION_EVENT"", ""signal_action"": ""HOLD"", ""signal_state"": ""OPEN"", ""trade_action"": ""HOLD_POSITION"", ""management_posture"": ""CAUTION"", ""management_reason_code"": ""NO_CURRENT_CREATION_EVENT"", ""should_exit_signal"": false}]",640,CAUTION,NO_CURRENT_CREATION_EVENT,[],HOLD,CAND:7316c4a2330c742a8803fe6c,OPP:7316c4a2330c742a8803fe6c,369.15,False,HOLD,TRANSITION,OPEN,NO_CURRENT_CREATION_EVENT,2026-07-31T11:30:00+05:30,MANAPPURAM,False,ATR_MULTIPLE
DIRECTIONAL_MATURED,MATURE,"[""DIR:PERSISTENT:2026-07-31:003:UP:112100:DIRECTIONAL_MATURED:113000""]","[""DIRECTIONAL_MATURED""]",FORMING,ALIGNED,[],[],[],AUCTION_SIGNAL_DOWNSTREAM_V2,OPEN,HOLD_POSITION,NONE,"[{""action"": ""HOLD"", ""signal_id"": ""cad8805e-c102-57a4-96c7-d70c9c07f5cc"", ""setup"": ""BREAKOUT_INITIATION"", ""side"": ""BUY"", ""stage"": ""EXPAND"", ""status"": ""OPEN"", ""status_reason"": ""AUTHORITATIVE_DIRECTIONAL_MATURE"", ""signal_action"": ""HOLD"", ""signal_state"": ""OPEN"", ""trade_action"": ""HOLD_POSITION"", ""management_posture"": ""STRENGTHEN"", ""management_reason_code"": ""AUTHORITATIVE_DIRECTIONAL_MATURE"", ""should_exit_signal"": false}]",641,STRENGTHEN,AUTHORITATIVE_DIRECTIONAL_MATURE,[],HOLD,CAND:6e00ceac84968df1df4d7495,OPP:6e00ceac84968df1df4d7495,5416.9,False,HOLD,EXPAND,OPEN,AUTHORITATIVE_DIRECTIONAL_MATURE,2026-07-31T11:30:00+05:30,PERSISTENT,True,ATR_MULTIPLE
BALANCE_ESCAPE_FAILED,DIRECTIONAL,"[""BAL:POWERINDIA:2026-07-31:001:NEUTRAL:095100:BALANCE_ESCAPE_FAILED:113000""]","[""BALANCE_ESCAPE_FAILED""]",FAILED_BACK_INSIDE,ALIGNED,[],[],[],AUCTION_SIGNAL_DOWNSTREAM_V2,OPEN,CREATE_TRADE,NONE,"[{""action"": ""CREATE"", ""signal_id"": ""57fbc3b0-0822-51b7-8515-450ea6586841"", ""setup"": ""FAILED_BREAKOUT"", ""side"": ""BUY"", ""stage"": ""ACTIVE"", ""status"": ""OPEN"", ""status_reason"": ""EVENT_DRIVEN_SETUP_CREATED"", ""signal_action"": ""CREATE"", ""signal_state"": ""OPEN"", ""trade_action"": ""CREATE_TRADE"", ""management_posture"": ""STRENGTHEN"", ""management_reason_code"": ""EVENT_DRIVEN_SETUP_CREATED"", ""should_exit_signal"": false}]",642,STRENGTHEN,EVENT_DRIVEN_SETUP_CREATED,"[""CONTINUATION:BLOCK"", ""FAILED_BREAKOUT:PERMIT"", ""REACCELERATION:BLOCK"", ""REVERSAL:BLOCK""]",CREATE,CAND:dc1ab160fa1ee75a10189da6,OPP:dc1ab160fa1ee75a10189da6,32370.0,False,CREATE,ACTIVE,OPEN,EVENT_DRIVEN_SETUP_CREATED,2026-07-31T11:30:00+05:30,POWERINDIA,True,ATR_MULTIPLE
NO_EVENT,NONE,[],[],FAILED_BACK_INSIDE,,[],[],[],,,,,[],643,,,"[""CONTINUATION:BLOCK"", ""REACCELERATION:BLOCK"", ""REVERSAL:BLOCK""]",,,,,,NO_ACTION,,,,2026-07-31T11:30:00+05:30,TCS,,
NO_EVENT,REVERSAL_WATCH,[],[],NONE,ALIGNED,[],[],[],AUCTION_SIGNAL_DOWNSTREAM_V2,OPEN,HOLD_POSITION,NONE,"[{""action"": ""HOLD"", ""signal_id"": ""099dd7de-7081-52f9-9bd2-655c56b6256c"", ""setup"": ""REVERSAL"", ""side"": ""BUY"", ""stage"": ""PROTECT"", ""status"": ""OPEN"", ""status_reason"": ""AUTHORITATIVE_REVERSAL_WATCH"", ""signal_action"": ""HOLD"", ""signal_state"": ""OPEN"", ""trade_action"": ""HOLD_POSITION"", ""management_posture"": ""CAUTION"", ""management_reason_code"": ""AUTHORITATIVE_REVERSAL_WATCH"", ""should_exit_signal"": false}]",644,CAUTION,AUTHORITATIVE_REVERSAL_WATCH,[],HOLD,CAND:dcb490f7068f3aeab3ab074f,OPP:dcb490f7068f3aeab3ab074f,5003.0,False,HOLD,PROTECT,OPEN,AUTHORITATIVE_REVERSAL_WATCH,2026-07-31T11:30:00+05:30,TORNTPHARM,False,ATR_MULTIPLE
"DIRECTIONAL_REVERSAL_CONFIRMED,DIRECTIONAL_COMPLETED,DIRECTIONAL_REVERSAL_LEG_STARTED",REVERSAL_LEG,"[""DIR:BHEL:2026-07-31:004:DOWN:112100:DIRECTIONAL_REVERSAL_CONFIRMED:113300"", ""DIR:BHEL:2026-07-31:004:DOWN:112100:DIRECTIONAL_COMPLETED:113300"", ""DIR:BHEL:2026-07-31:005:UP:113300:DIRECTIONAL_REVERSAL_LEG_STARTED:113300""]","[""DIRECTIONAL_REVERSAL_CONFIRMED"", ""DIRECTIONAL_COMPLETED"", ""DIRECTIONAL_REVERSAL_LEG_STARTED""]",NONE,,[],[],[],,,,,[],645,,,"[""REVERSAL:WAIT""]",,,,,,NO_ACTION,,,,2026-07-31T11:33:00+05:30,BHEL,,
NO_EVENT,REVERSAL_WATCH,[],[],NONE,OPPOSED,[],[],[],AUCTION_SIGNAL_DOWNSTREAM_V2,OPEN,HOLD_POSITION,NONE,"[{""action"": ""HOLD"", ""signal_id"": ""aee40fe8-7759-5cec-902a-0db152fe528d"", ""setup"": ""REVERSAL"", ""side"": ""SELL"", ""stage"": ""PROTECT"", ""status"": ""OPEN"", ""status_reason"": ""AUTHORITATIVE_REVERSAL_WATCH"", ""signal_action"": ""HOLD"", ""signal_state"": ""OPEN"", ""trade_action"": ""HOLD_POSITION"", ""management_posture"": ""CAUTION"", ""management_reason_code"": ""AUTHORITATIVE_REVERSAL_WATCH"", ""should_exit_signal"": false}]",646,CAUTION,AUTHORITATIVE_REVERSAL_WATCH,[],HOLD,CAND:c91e30e559c61ae9e4a8e30d,OPP:c91e30e559c61ae9e4a8e30d,1842.1,False,HOLD,PROTECT,OPEN,AUTHORITATIVE_REVERSAL_WATCH,2026-07-31T11:33:00+05:30,CHOLAFIN,False,ATR_MULTIPLE
NO_EVENT,NONE,[],[],LOCKED,UNKNOWN,[],[],[],AUCTION_SIGNAL_DOWNSTREAM_V2,OPEN,HOLD_POSITION,NONE,"[{""action"": ""HOLD"", ""signal_id"": ""2afed6e7-898c-5a79-8bf5-1d7891f21ccb"", ""setup"": ""REVERSAL"", ""side"": ""SELL"", ""stage"": ""TRANSITION"", ""status"": ""OPEN"", ""status_reason"": ""NO_CURRENT_CREATION_EVENT"", ""signal_action"": ""HOLD"", ""signal_state"": ""OPEN"", ""trade_action"": ""HOLD_POSITION"", ""management_posture"": ""CAUTION"", ""management_reason_code"": ""NO_CURRENT_CREATION_EVENT"", ""should_exit_signal"": false}]",647,CAUTION,NO_CURRENT_CREATION_EVENT,"[""CONTINUATION:BLOCK"", ""REACCELERATION:BLOCK"", ""REVERSAL:BLOCK""]",HOLD,CAND:995ee50ff305357125723e26,OPP:995ee50ff305357125723e26,1724.2,False,HOLD,TRANSITION,OPEN,NO_CURRENT_CREATION_EVENT,2026-07-31T11:33:00+05:30,COFORGE,False,ATR_MULTIPLE
NO_EVENT,NONE,[],[],NONE,UNKNOWN,[],[],[],AUCTION_SIGNAL_DOWNSTREAM_V2,OPEN,HOLD_POSITION,NONE,"[{""action"": ""HOLD"", ""signal_id"": ""a73cb6c9-a388-53f1-92b2-41820e34edd3"", ""setup"": ""REVERSAL"", ""side"": ""SELL"", ""stage"": ""TRANSITION"", ""status"": ""OPEN"", ""status_reason"": ""NO_CURRENT_CREATION_EVENT"", ""signal_action"": ""HOLD"", ""signal_state"": ""OPEN"", ""trade_action"": ""HOLD_POSITION"", ""management_posture"": ""CAUTION"", ""management_reason_code"": ""NO_CURRENT_CREATION_EVENT"", ""should_exit_signal"": false}]",648,CAUTION,NO_CURRENT_CREATION_EVENT,[],HOLD,CAND:6644484c352c701feebfdf31,OPP:6644484c352c701feebfdf31,8026.5,False,HOLD,TRANSITION,OPEN,NO_CURRENT_CREATION_EVENT,2026-07-31T11:33:00+05:30,DIVISLAB,False,ATR_MULTIPLE
BALANCE_ESCAPE_ACCEPTED,NONE,"[""BAL:EXIDEIND:2026-07-31:001:NEUTRAL:100900:BALANCE_ESCAPE_ACCEPTED:113300""]","[""BALANCE_ESCAPE_ACCEPTED""]",ACCEPTED_OUTSIDE,,[],[],[],,,,,[],649,,,"[""ACCEPTED_BREAKOUT:PERMIT""]",,,,,,NO_ACTION,,,,2026-07-31T11:33:00+05:30,EXIDEIND,,
NO_EVENT,NONE,[],[],NONE,UNKNOWN,[],[],[],AUCTION_SIGNAL_DOWNSTREAM_V2,OPEN,HOLD_POSITION,NONE,"[{""action"": ""HOLD"", ""signal_id"": ""76d65cfd-3f5f-5419-81f1-24a924660ce7"", ""setup"": ""REVERSAL"", ""side"": ""BUY"", ""stage"": ""TRANSITION"", ""status"": ""OPEN"", ""status_reason"": ""NO_CURRENT_CREATION_EVENT"", ""signal_action"": ""HOLD"", ""signal_state"": ""OPEN"", ""trade_action"": ""HOLD_POSITION"", ""management_posture"": ""CAUTION"", ""management_reason_code"": ""NO_CURRENT_CREATION_EVENT"", ""should_exit_signal"": false}]",650,CAUTION,NO_CURRENT_CREATION_EVENT,[],HOLD,CAND:32b3a707960484f98d8399a7,OPP:32b3a707960484f98d8399a7,17907.0,False,HOLD,TRANSITION,OPEN,NO_CURRENT_CREATION_EVENT,2026-07-31T11:33:00+05:30,FORCEMOT,False,ATR_MULTIPLE
NO_EVENT,NONE,[],[],LOCKED,,[],[],[],,,,,[],651,,,"[""CONTINUATION:BLOCK"", ""REACCELERATION:BLOCK"", ""REVERSAL:BLOCK""]",,,,,,NO_ACTION,,,,2026-07-31T11:33:00+05:30,GLENMARK,,
NO_EVENT,REVERSAL_WATCH,[],[],LOCKED,,[],[],[],,,,,[],652,,,"[""CONTINUATION:BLOCK"", ""REACCELERATION:BLOCK"", ""REVERSAL:BLOCK""]",,,,,,NO_ACTION,,,,2026-07-31T11:33:00+05:30,INDUSTOWER,,
BALANCE_COMPLETED,NONE,"[""BAL:KALYANKJIL:2026-07-31:002:NEUTRAL:105100:BALANCE_COMPLETED:113300""]","[""BALANCE_COMPLETED""]",COMPLETED,UNKNOWN,[],[],[],AUCTION_SIGNAL_DOWNSTREAM_V2,OPEN,HOLD_POSITION,NONE,"[{""action"": ""HOLD"", ""signal_id"": ""fe205a27-ef8f-5bf7-9192-94593d799d94"", ""setup"": ""BREAKOUT_INITIATION"", ""side"": ""BUY"", ""stage"": ""TRANSITION"", ""status"": ""OPEN"", ""status_reason"": ""NO_CURRENT_CREATION_EVENT"", ""signal_action"": ""HOLD"", ""signal_state"": ""OPEN"", ""trade_action"": ""HOLD_POSITION"", ""management_posture"": ""CAUTION"", ""management_reason_code"": ""NO_CURRENT_CREATION_EVENT"", ""should_exit_signal"": false}]",653,CAUTION,NO_CURRENT_CREATION_EVENT,[],HOLD,CAND:4a3872010c190995b2d63ff8,OPP:4a3872010c190995b2d63ff8,628.95,False,HOLD,TRANSITION,OPEN,NO_CURRENT_CREATION_EVENT,2026-07-31T11:33:00+05:30,KALYANKJIL,False,ATR_MULTIPLE
NO_EVENT,NONE,[],[],NONE,UNKNOWN,[],[],[],AUCTION_SIGNAL_DOWNSTREAM_V2,OPEN,HOLD_POSITION,NONE,"[{""action"": ""HOLD"", ""signal_id"": ""50c51811-b112-5f0f-9fcc-a1422ceea97c"", ""setup"": ""REVERSAL"", ""side"": ""BUY"", ""stage"": ""TRANSITION"", ""status"": ""OPEN"", ""status_reason"": ""NO_CURRENT_CREATION_EVENT"", ""signal_action"": ""HOLD"", ""signal_state"": ""OPEN"", ""trade_action"": ""HOLD_POSITION"", ""management_posture"": ""CAUTION"", ""management_reason_code"": ""NO_CURRENT_CREATION_EVENT"", ""should_exit_signal"": false}]",654,CAUTION,NO_CURRENT_CREATION_EVENT,[],HOLD,CAND:7316c4a2330c742a8803fe6c,OPP:7316c4a2330c742a8803fe6c,369.15,False,HOLD,TRANSITION,OPEN,NO_CURRENT_CREATION_EVENT,2026-07-31T11:33:00+05:30,MANAPPURAM,False,ATR_MULTIPLE
REVERSAL_WATCH_STARTED,REVERSAL_WATCH,"[""DIR:PERSISTENT:2026-07-31:003:UP:112100:REVERSAL_WATCH_STARTED:113300""]","[""REVERSAL_WATCH_STARTED""]",FORMING,ALIGNED,[],[],[],AUCTION_SIGNAL_DOWNSTREAM_V2,OPEN,HOLD_POSITION,NONE,"[{""action"": ""HOLD"", ""signal_id"": ""cad8805e-c102-57a4-96c7-d70c9c07f5cc"", ""setup"": ""BREAKOUT_INITIATION"", ""side"": ""BUY"", ""stage"": ""PROTECT"", ""status"": ""OPEN"", ""status_reason"": ""AUTHORITATIVE_REVERSAL_WATCH"", ""signal_action"": ""HOLD"", ""signal_state"": ""OPEN"", ""trade_action"": ""HOLD_POSITION"", ""management_posture"": ""CAUTION"", ""management_reason_code"": ""AUTHORITATIVE_REVERSAL_WATCH"", ""should_exit_signal"": false}]",655,CAUTION,AUTHORITATIVE_REVERSAL_WATCH,[],HOLD,CAND:6e00ceac84968df1df4d7495,OPP:6e00ceac84968df1df4d7495,5416.9,False,HOLD,PROTECT,OPEN,AUTHORITATIVE_REVERSAL_WATCH,2026-07-31T11:33:00+05:30,PERSISTENT,False,ATR_MULTIPLE
NO_EVENT,DIRECTIONAL,[],[],FAILED_BACK_INSIDE,ALIGNED,[],[],[],AUCTION_SIGNAL_DOWNSTREAM_V2,OPEN,HOLD_POSITION,NONE,"[{""action"": ""HOLD"", ""signal_id"": ""57fbc3b0-0822-51b7-8515-450ea6586841"", ""setup"": ""FAILED_BREAKOUT"", ""side"": ""BUY"", ""stage"": ""ACTIVE"", ""status"": ""OPEN"", ""status_reason"": ""AUTHORITATIVE_DIRECTIONAL_ALIGNED"", ""signal_action"": ""HOLD"", ""signal_state"": ""OPEN"", ""trade_action"": ""HOLD_POSITION"", ""management_posture"": ""STRENGTHEN"", ""management_reason_code"": ""AUTHORITATIVE_DIRECTIONAL_ALIGNED"", ""should_exit_signal"": false}]",656,STRENGTHEN,AUTHORITATIVE_DIRECTIONAL_ALIGNED,"[""CONTINUATION:BLOCK"", ""REACCELERATION:BLOCK"", ""REVERSAL:BLOCK""]",HOLD,CAND:dc1ab160fa1ee75a10189da6,OPP:dc1ab160fa1ee75a10189da6,32370.0,False,HOLD,ACTIVE,OPEN,AUTHORITATIVE_DIRECTIONAL_ALIGNED,2026-07-31T11:33:00+05:30,POWERINDIA,True,ATR_MULTIPLE
NO_EVENT,NONE,[],[],FAILED_BACK_INSIDE,,[],[],[],,,,,[],657,,,"[""CONTINUATION:BLOCK"", ""REACCELERATION:BLOCK"", ""REVERSAL:BLOCK""]",,,,,,NO_ACTION,,,,2026-07-31T11:33:00+05:30,TCS,,
NO_EVENT,REVERSAL_WATCH,[],[],NONE,ALIGNED,[],[],[],AUCTION_SIGNAL_DOWNSTREAM_V2,OPEN,HOLD_POSITION,NONE,"[{""action"": ""HOLD"", ""signal_id"": ""099dd7de-7081-52f9-9bd2-655c56b6256c"", ""setup"": ""REVERSAL"", ""side"": ""BUY"", ""stage"": ""PROTECT"", ""status"": ""OPEN"", ""status_reason"": ""AUTHORITATIVE_REVERSAL_WATCH"", ""signal_action"": ""HOLD"", ""signal_state"": ""OPEN"", ""trade_action"": ""HOLD_POSITION"", ""management_posture"": ""CAUTION"", ""management_reason_code"": ""AUTHORITATIVE_REVERSAL_WATCH"", ""should_exit_signal"": false}]",658,CAUTION,AUTHORITATIVE_REVERSAL_WATCH,[],HOLD,CAND:dcb490f7068f3aeab3ab074f,OPP:dcb490f7068f3aeab3ab074f,5003.0,False,HOLD,PROTECT,OPEN,AUTHORITATIVE_REVERSAL_WATCH,2026-07-31T11:33:00+05:30,TORNTPHARM,False,ATR_MULTIPLE
NO_EVENT,REVERSAL_LEG,[],[],NONE,,[],[],[],,,,,[],659,,,[],,,,,,NO_ACTION,,,,2026-07-31T11:36:00+05:30,BHEL,,
NO_EVENT,REVERSAL_WATCH,[],[],NONE,OPPOSED,[],[],[],AUCTION_SIGNAL_DOWNSTREAM_V2,OPEN,HOLD_POSITION,NONE,"[{""action"": ""HOLD"", ""signal_id"": ""aee40fe8-7759-5cec-902a-0db152fe528d"", ""setup"": ""REVERSAL"", ""side"": ""SELL"", ""stage"": ""PROTECT"", ""status"": ""OPEN"", ""status_reason"": ""AUTHORITATIVE_REVERSAL_WATCH"", ""signal_action"": ""HOLD"", ""signal_state"": ""OPEN"", ""trade_action"": ""HOLD_POSITION"", ""management_posture"": ""CAUTION"", ""management_reason_code"": ""AUTHORITATIVE_REVERSAL_WATCH"", ""should_exit_signal"": false}]",660,CAUTION,AUTHORITATIVE_REVERSAL_WATCH,[],HOLD,CAND:c91e30e559c61ae9e4a8e30d,OPP:c91e30e559c61ae9e4a8e30d,1842.1,False,HOLD,PROTECT,OPEN,AUTHORITATIVE_REVERSAL_WATCH,2026-07-31T11:36:00+05:30,CHOLAFIN,False,ATR_MULTIPLE
NO_EVENT,NONE,[],[],LOCKED,UNKNOWN,[],[],[],AUCTION_SIGNAL_DOWNSTREAM_V2,OPEN,HOLD_POSITION,NONE,"[{""action"": ""HOLD"", ""signal_id"": ""2afed6e7-898c-5a79-8bf5-1d7891f21ccb"", ""setup"": ""REVERSAL"", ""side"": ""SELL"", ""stage"": ""TRANSITION"", ""status"": ""OPEN"", ""status_reason"": ""NO_CURRENT_CREATION_EVENT"", ""signal_action"": ""HOLD"", ""signal_state"": ""OPEN"", ""trade_action"": ""HOLD_POSITION"", ""management_posture"": ""CAUTION"", ""management_reason_code"": ""NO_CURRENT_CREATION_EVENT"", ""should_exit_signal"": false}]",661,CAUTION,NO_CURRENT_CREATION_EVENT,"[""CONTINUATION:BLOCK"", ""REACCELERATION:BLOCK"", ""REVERSAL:BLOCK""]",HOLD,CAND:995ee50ff305357125723e26,OPP:995ee50ff305357125723e26,1724.2,False,HOLD,TRANSITION,OPEN,NO_CURRENT_CREATION_EVENT,2026-07-31T11:36:00+05:30,COFORGE,False,ATR_MULTIPLE
NO_EVENT,NONE,[],[],NONE,UNKNOWN,[],[],[],AUCTION_SIGNAL_DOWNSTREAM_V2,OPEN,HOLD_POSITION,NONE,"[{""action"": ""HOLD"", ""signal_id"": ""a73cb6c9-a388-53f1-92b2-41820e34edd3"", ""setup"": ""REVERSAL"", ""side"": ""SELL"", ""stage"": ""TRANSITION"", ""status"": ""OPEN"", ""status_reason"": ""NO_CURRENT_CREATION_EVENT"", ""signal_action"": ""HOLD"", ""signal_state"": ""OPEN"", ""trade_action"": ""HOLD_POSITION"", ""management_posture"": ""CAUTION"", ""management_reason_code"": ""NO_CURRENT_CREATION_EVENT"", ""should_exit_signal"": false}]",662,CAUTION,NO_CURRENT_CREATION_EVENT,[],HOLD,CAND:6644484c352c701feebfdf31,OPP:6644484c352c701feebfdf31,8026.5,False,HOLD,TRANSITION,OPEN,NO_CURRENT_CREATION_EVENT,2026-07-31T11:36:00+05:30,DIVISLAB,False,ATR_MULTIPLE
BALANCE_COMPLETED,NONE,"[""BAL:EXIDEIND:2026-07-31:001:NEUTRAL:100900:BALANCE_COMPLETED:113600""]","[""BALANCE_COMPLETED""]",COMPLETED,,[],[],[],,,,,[],663,,,[],,,,,,NO_ACTION,,,,2026-07-31T11:36:00+05:30,EXIDEIND,,
NO_EVENT,NONE,[],[],NONE,UNKNOWN,[],[],[],AUCTION_SIGNAL_DOWNSTREAM_V2,OPEN,HOLD_POSITION,NONE,"[{""action"": ""HOLD"", ""signal_id"": ""76d65cfd-3f5f-5419-81f1-24a924660ce7"", ""setup"": ""REVERSAL"", ""side"": ""BUY"", ""stage"": ""TRANSITION"", ""status"": ""OPEN"", ""status_reason"": ""NO_CURRENT_CREATION_EVENT"", ""signal_action"": ""HOLD"", ""signal_state"": ""OPEN"", ""trade_action"": ""HOLD_POSITION"", ""management_posture"": ""CAUTION"", ""management_reason_code"": ""NO_CURRENT_CREATION_EVENT"", ""should_exit_signal"": false}]",664,CAUTION,NO_CURRENT_CREATION_EVENT,[],HOLD,CAND:32b3a707960484f98d8399a7,OPP:32b3a707960484f98d8399a7,17907.0,False,HOLD,TRANSITION,OPEN,NO_CURRENT_CREATION_EVENT,2026-07-31T11:36:00+05:30,FORCEMOT,False,ATR_MULTIPLE
NO_EVENT,NONE,[],[],LOCKED,,[],[],[],,,,,[],665,,,"[""CONTINUATION:BLOCK"", ""REACCELERATION:BLOCK"", ""REVERSAL:BLOCK""]",,,,,,NO_ACTION,,,,2026-07-31T11:36:00+05:30,GLENMARK,,
NO_EVENT,REVERSAL_WATCH,[],[],LOCKED,,[],[],[],,,,,[],666,,,"[""CONTINUATION:BLOCK"", ""REACCELERATION:BLOCK"", ""REVERSAL:BLOCK""]",,,,,,NO_ACTION,,,,2026-07-31T11:36:00+05:30,INDUSTOWER,,
NO_EVENT,NONE,[],[],NONE,UNKNOWN,[],[],[],AUCTION_SIGNAL_DOWNSTREAM_V2,OPEN,HOLD_POSITION,NONE,"[{""action"": ""HOLD"", ""signal_id"": ""fe205a27-ef8f-5bf7-9192-94593d799d94"", ""setup"": ""BREAKOUT_INITIATION"", ""side"": ""BUY"", ""stage"": ""TRANSITION"", ""status"": ""OPEN"", ""status_reason"": ""NO_CURRENT_CREATION_EVENT"", ""signal_action"": ""HOLD"", ""signal_state"": ""OPEN"", ""trade_action"": ""HOLD_POSITION"", ""management_posture"": ""CAUTION"", ""management_reason_code"": ""NO_CURRENT_CREATION_EVENT"", ""should_exit_signal"": false}]",667,CAUTION,NO_CURRENT_CREATION_EVENT,[],HOLD,CAND:4a3872010c190995b2d63ff8,OPP:4a3872010c190995b2d63ff8,628.95,False,HOLD,TRANSITION,OPEN,NO_CURRENT_CREATION_EVENT,2026-07-31T11:36:00+05:30,KALYANKJIL,False,ATR_MULTIPLE
NO_EVENT,NONE,[],[],NONE,UNKNOWN,[],[],[],AUCTION_SIGNAL_DOWNSTREAM_V2,OPEN,HOLD_POSITION,NONE,"[{""action"": ""HOLD"", ""signal_id"": ""50c51811-b112-5f0f-9fcc-a1422ceea97c"", ""setup"": ""REVERSAL"", ""side"": ""BUY"", ""stage"": ""TRANSITION"", ""status"": ""OPEN"", ""status_reason"": ""NO_CURRENT_CREATION_EVENT"", ""signal_action"": ""HOLD"", ""signal_state"": ""OPEN"", ""trade_action"": ""HOLD_POSITION"", ""management_posture"": ""CAUTION"", ""management_reason_code"": ""NO_CURRENT_CREATION_EVENT"", ""should_exit_signal"": false}]",668,CAUTION,NO_CURRENT_CREATION_EVENT,[],HOLD,CAND:7316c4a2330c742a8803fe6c,OPP:7316c4a2330c742a8803fe6c,369.15,False,HOLD,TRANSITION,OPEN,NO_CURRENT_CREATION_EVENT,2026-07-31T11:36:00+05:30,MANAPPURAM,False,ATR_MULTIPLE
NO_EVENT,REVERSAL_WATCH,[],[],FORMING,ALIGNED,[],[],[],AUCTION_SIGNAL_DOWNSTREAM_V2,OPEN,HOLD_POSITION,NONE,"[{""action"": ""HOLD"", ""signal_id"": ""cad8805e-c102-57a4-96c7-d70c9c07f5cc"", ""setup"": ""BREAKOUT_INITIATION"", ""side"": ""BUY"", ""stage"": ""PROTECT"", ""status"": ""OPEN"", ""status_reason"": ""AUTHORITATIVE_REVERSAL_WATCH"", ""signal_action"": ""HOLD"", ""signal_state"": ""OPEN"", ""trade_action"": ""HOLD_POSITION"", ""management_posture"": ""CAUTION"", ""management_reason_code"": ""AUTHORITATIVE_REVERSAL_WATCH"", ""should_exit_signal"": false}]",669,CAUTION,AUTHORITATIVE_REVERSAL_WATCH,[],HOLD,CAND:6e00ceac84968df1df4d7495,OPP:6e00ceac84968df1df4d7495,5416.9,False,HOLD,PROTECT,OPEN,AUTHORITATIVE_REVERSAL_WATCH,2026-07-31T11:36:00+05:30,PERSISTENT,False,ATR_MULTIPLE
NO_EVENT,DIRECTIONAL,[],[],FAILED_BACK_INSIDE,ALIGNED,[],[],[],AUCTION_SIGNAL_DOWNSTREAM_V2,OPEN,HOLD_POSITION,NONE,"[{""action"": ""HOLD"", ""signal_id"": ""57fbc3b0-0822-51b7-8515-450ea6586841"", ""setup"": ""FAILED_BREAKOUT"", ""side"": ""BUY"", ""stage"": ""ACTIVE"", ""status"": ""OPEN"", ""status_reason"": ""AUTHORITATIVE_DIRECTIONAL_ALIGNED"", ""signal_action"": ""HOLD"", ""signal_state"": ""OPEN"", ""trade_action"": ""HOLD_POSITION"", ""management_posture"": ""STRENGTHEN"", ""management_reason_code"": ""AUTHORITATIVE_DIRECTIONAL_ALIGNED"", ""should_exit_signal"": false}]",670,STRENGTHEN,AUTHORITATIVE_DIRECTIONAL_ALIGNED,"[""CONTINUATION:BLOCK"", ""REACCELERATION:BLOCK"", ""REVERSAL:BLOCK""]",HOLD,CAND:dc1ab160fa1ee75a10189da6,OPP:dc1ab160fa1ee75a10189da6,32370.0,False,HOLD,ACTIVE,OPEN,AUTHORITATIVE_DIRECTIONAL_ALIGNED,2026-07-31T11:36:00+05:30,POWERINDIA,True,ATR_MULTIPLE
NO_EVENT,NONE,[],[],FAILED_BACK_INSIDE,,[],[],[],,,,,[],671,,,"[""CONTINUATION:BLOCK"", ""REACCELERATION:BLOCK"", ""REVERSAL:BLOCK""]",,,,,,NO_ACTION,,,,2026-07-31T11:36:00+05:30,TCS,,
"BALANCE_FORMING_STARTED,DIRECTIONAL_TREND_RESTORED",DIRECTIONAL,"[""BAL:TORNTPHARM:2026-07-31:003:NEUTRAL:113600:BALANCE_FORMING_STARTED:113600"", ""DIR:TORNTPHARM:2026-07-31:002:UP:105700:DIRECTIONAL_TREND_RESTORED:113600""]","[""BALANCE_FORMING_STARTED"", ""DIRECTIONAL_TREND_RESTORED""]",FORMING,ALIGNED,"[""CLOSE""]","[""099dd7de-7081-52f9-9bd2-655c56b6256c""]","[""FORCE_EXIT""]",AUCTION_SIGNAL_DOWNSTREAM_V2,TERMINAL,FORCE_EXIT,HIGH,"[{""action"": ""CLOSE"", ""signal_id"": ""099dd7de-7081-52f9-9bd2-655c56b6256c"", ""setup"": ""REVERSAL"", ""side"": ""BUY"", ""stage"": ""FORCE_EXIT"", ""status"": ""INVALIDATED"", ""status_reason"": ""DIRECTIONAL_TREND_RESTORED_INVALIDATED_SETUP"", ""signal_action"": ""CLOSE"", ""signal_state"": ""TERMINAL"", ""trade_action"": ""FORCE_EXIT"", ""management_posture"": ""EXIT"", ""management_reason_code"": ""DIRECTIONAL_TREND_RESTORED_INVALIDATED_SETUP"", ""should_exit_signal"": true}]",672,EXIT,DIRECTIONAL_TREND_RESTORED_INVALIDATED_SETUP,"[""CONTINUATION:PERMIT""]",CLOSE,CAND:dcb490f7068f3aeab3ab074f,OPP:dcb490f7068f3aeab3ab074f,5003.0,True,CLOSE,FORCE_EXIT,INVALIDATED,DIRECTIONAL_TREND_RESTORED_INVALIDATED_SETUP,2026-07-31T11:36:00+05:30,TORNTPHARM,False,ATR_MULTIPLE
NO_EVENT,REVERSAL_LEG,[],[],NONE,,[],[],[],,,,,[],673,,,[],,,,,,NO_ACTION,,,,2026-07-31T11:39:00+05:30,BHEL,,
NO_EVENT,REVERSAL_WATCH,[],[],NONE,OPPOSED,[],[],[],AUCTION_SIGNAL_DOWNSTREAM_V2,OPEN,HOLD_POSITION,NONE,"[{""action"": ""HOLD"", ""signal_id"": ""aee40fe8-7759-5cec-902a-0db152fe528d"", ""setup"": ""REVERSAL"", ""side"": ""SELL"", ""stage"": ""PROTECT"", ""status"": ""OPEN"", ""status_reason"": ""AUTHORITATIVE_REVERSAL_WATCH"", ""signal_action"": ""HOLD"", ""signal_state"": ""OPEN"", ""trade_action"": ""HOLD_POSITION"", ""management_posture"": ""CAUTION"", ""management_reason_code"": ""AUTHORITATIVE_REVERSAL_WATCH"", ""should_exit_signal"": false}]",674,CAUTION,AUTHORITATIVE_REVERSAL_WATCH,[],HOLD,CAND:c91e30e559c61ae9e4a8e30d,OPP:c91e30e559c61ae9e4a8e30d,1842.1,False,HOLD,PROTECT,OPEN,AUTHORITATIVE_REVERSAL_WATCH,2026-07-31T11:39:00+05:30,CHOLAFIN,False,ATR_MULTIPLE
NO_EVENT,NONE,[],[],LOCKED,UNKNOWN,[],[],[],AUCTION_SIGNAL_DOWNSTREAM_V2,OPEN,HOLD_POSITION,NONE,"[{""action"": ""HOLD"", ""signal_id"": ""2afed6e7-898c-5a79-8bf5-1d7891f21ccb"", ""setup"": ""REVERSAL"", ""side"": ""SELL"", ""stage"": ""TRANSITION"", ""status"": ""OPEN"", ""status_reason"": ""NO_CURRENT_CREATION_EVENT"", ""signal_action"": ""HOLD"", ""signal_state"": ""OPEN"", ""trade_action"": ""HOLD_POSITION"", ""management_posture"": ""CAUTION"", ""management_reason_code"": ""NO_CURRENT_CREATION_EVENT"", ""should_exit_signal"": false}]",675,CAUTION,NO_CURRENT_CREATION_EVENT,"[""CONTINUATION:BLOCK"", ""REACCELERATION:BLOCK"", ""REVERSAL:BLOCK""]",HOLD,CAND:995ee50ff305357125723e26,OPP:995ee50ff305357125723e26,1724.2,False,HOLD,TRANSITION,OPEN,NO_CURRENT_CREATION_EVENT,2026-07-31T11:39:00+05:30,COFORGE,False,ATR_MULTIPLE
NO_EVENT,NONE,[],[],NONE,UNKNOWN,[],[],[],AUCTION_SIGNAL_DOWNSTREAM_V2,OPEN,HOLD_POSITION,NONE,"[{""action"": ""HOLD"", ""signal_id"": ""a73cb6c9-a388-53f1-92b2-41820e34edd3"", ""setup"": ""REVERSAL"", ""side"": ""SELL"", ""stage"": ""TRANSITION"", ""status"": ""OPEN"", ""status_reason"": ""NO_CURRENT_CREATION_EVENT"", ""signal_action"": ""HOLD"", ""signal_state"": ""OPEN"", ""trade_action"": ""HOLD_POSITION"", ""management_posture"": ""CAUTION"", ""management_reason_code"": ""NO_CURRENT_CREATION_EVENT"", ""should_exit_signal"": false}]",676,CAUTION,NO_CURRENT_CREATION_EVENT,[],HOLD,CAND:6644484c352c701feebfdf31,OPP:6644484c352c701feebfdf31,8026.5,False,HOLD,TRANSITION,OPEN,NO_CURRENT_CREATION_EVENT,2026-07-31T11:39:00+05:30,DIVISLAB,False,ATR_MULTIPLE
NO_EVENT,NONE,[],[],NONE,,[],[],[],,,,,[],677,,,[],,,,,,NO_ACTION,,,,2026-07-31T11:39:00+05:30,EXIDEIND,,
NO_EVENT,NONE,[],[],NONE,UNKNOWN,[],[],[],AUCTION_SIGNAL_DOWNSTREAM_V2,OPEN,HOLD_POSITION,NONE,"[{""action"": ""HOLD"", ""signal_id"": ""76d65cfd-3f5f-5419-81f1-24a924660ce7"", ""setup"": ""REVERSAL"", ""side"": ""BUY"", ""stage"": ""TRANSITION"", ""status"": ""OPEN"", ""status_reason"": ""NO_CURRENT_CREATION_EVENT"", ""signal_action"": ""HOLD"", ""signal_state"": ""OPEN"", ""trade_action"": ""HOLD_POSITION"", ""management_posture"": ""CAUTION"", ""management_reason_code"": ""NO_CURRENT_CREATION_EVENT"", ""should_exit_signal"": false}]",678,CAUTION,NO_CURRENT_CREATION_EVENT,[],HOLD,CAND:32b3a707960484f98d8399a7,OPP:32b3a707960484f98d8399a7,17907.0,False,HOLD,TRANSITION,OPEN,NO_CURRENT_CREATION_EVENT,2026-07-31T11:39:00+05:30,FORCEMOT,False,ATR_MULTIPLE
NO_EVENT,NONE,[],[],LOCKED,,[],[],[],,,,,[],679,,,"[""CONTINUATION:BLOCK"", ""REACCELERATION:BLOCK"", ""REVERSAL:BLOCK""]",,,,,,NO_ACTION,,,,2026-07-31T11:39:00+05:30,GLENMARK,,
NO_EVENT,REVERSAL_WATCH,[],[],LOCKED,,[],[],[],,,,,[],680,,,"[""CONTINUATION:BLOCK"", ""REACCELERATION:BLOCK"", ""REVERSAL:BLOCK""]",,,,,,NO_ACTION,,,,2026-07-31T11:39:00+05:30,INDUSTOWER,,
NO_EVENT,NONE,[],[],NONE,UNKNOWN,[],[],[],AUCTION_SIGNAL_DOWNSTREAM_V2,OPEN,HOLD_POSITION,NONE,"[{""action"": ""HOLD"", ""signal_id"": ""fe205a27-ef8f-5bf7-9192-94593d799d94"", ""setup"": ""BREAKOUT_INITIATION"", ""side"": ""BUY"", ""stage"": ""TRANSITION"", ""status"": ""OPEN"", ""status_reason"": ""NO_CURRENT_CREATION_EVENT"", ""signal_action"": ""HOLD"", ""signal_state"": ""OPEN"", ""trade_action"": ""HOLD_POSITION"", ""management_posture"": ""CAUTION"", ""management_reason_code"": ""NO_CURRENT_CREATION_EVENT"", ""should_exit_signal"": false}]",681,CAUTION,NO_CURRENT_CREATION_EVENT,[],HOLD,CAND:4a3872010c190995b2d63ff8,OPP:4a3872010c190995b2d63ff8,628.95,False,HOLD,TRANSITION,OPEN,NO_CURRENT_CREATION_EVENT,2026-07-31T11:39:00+05:30,KALYANKJIL,False,ATR_MULTIPLE
BALANCE_FORMING_STARTED,NONE,"[""BAL:MANAPPURAM:2026-07-31:003:NEUTRAL:113900:BALANCE_FORMING_STARTED:113900""]","[""BALANCE_FORMING_STARTED""]",FORMING,UNKNOWN,[],[],[],AUCTION_SIGNAL_DOWNSTREAM_V2,OPEN,HOLD_POSITION,NONE,"[{""action"": ""HOLD"", ""signal_id"": ""50c51811-b112-5f0f-9fcc-a1422ceea97c"", ""setup"": ""REVERSAL"", ""side"": ""BUY"", ""stage"": ""TRANSITION"", ""status"": ""OPEN"", ""status_reason"": ""NO_CURRENT_CREATION_EVENT"", ""signal_action"": ""HOLD"", ""signal_state"": ""OPEN"", ""trade_action"": ""HOLD_POSITION"", ""management_posture"": ""CAUTION"", ""management_reason_code"": ""NO_CURRENT_CREATION_EVENT"", ""should_exit_signal"": false}]",682,CAUTION,NO_CURRENT_CREATION_EVENT,[],HOLD,CAND:7316c4a2330c742a8803fe6c,OPP:7316c4a2330c742a8803fe6c,369.15,False,HOLD,TRANSITION,OPEN,NO_CURRENT_CREATION_EVENT,2026-07-31T11:39:00+05:30,MANAPPURAM,False,ATR_MULTIPLE
NO_EVENT,REVERSAL_WATCH,[],[],FORMING,ALIGNED,[],[],[],AUCTION_SIGNAL_DOWNSTREAM_V2,OPEN,HOLD_POSITION,NONE,"[{""action"": ""HOLD"", ""signal_id"": ""cad8805e-c102-57a4-96c7-d70c9c07f5cc"", ""setup"": ""BREAKOUT_INITIATION"", ""side"": ""BUY"", ""stage"": ""PROTECT"", ""status"": ""OPEN"", ""status_reason"": ""AUTHORITATIVE_REVERSAL_WATCH"", ""signal_action"": ""HOLD"", ""signal_state"": ""OPEN"", ""trade_action"": ""HOLD_POSITION"", ""management_posture"": ""CAUTION"", ""management_reason_code"": ""AUTHORITATIVE_REVERSAL_WATCH"", ""should_exit_signal"": false}]",683,CAUTION,AUTHORITATIVE_REVERSAL_WATCH,[],HOLD,CAND:6e00ceac84968df1df4d7495,OPP:6e00ceac84968df1df4d7495,5416.9,False,HOLD,PROTECT,OPEN,AUTHORITATIVE_REVERSAL_WATCH,2026-07-31T11:39:00+05:30,PERSISTENT,False,ATR_MULTIPLE
NO_EVENT,DIRECTIONAL,[],[],FAILED_BACK_INSIDE,ALIGNED,[],[],[],AUCTION_SIGNAL_DOWNSTREAM_V2,OPEN,HOLD_POSITION,NONE,"[{""action"": ""HOLD"", ""signal_id"": ""57fbc3b0-0822-51b7-8515-450ea6586841"", ""setup"": ""FAILED_BREAKOUT"", ""side"": ""BUY"", ""stage"": ""ACTIVE"", ""status"": ""OPEN"", ""status_reason"": ""AUTHORITATIVE_DIRECTIONAL_ALIGNED"", ""signal_action"": ""HOLD"", ""signal_state"": ""OPEN"", ""trade_action"": ""HOLD_POSITION"", ""management_posture"": ""STRENGTHEN"", ""management_reason_code"": ""AUTHORITATIVE_DIRECTIONAL_ALIGNED"", ""should_exit_signal"": false}]",684,STRENGTHEN,AUTHORITATIVE_DIRECTIONAL_ALIGNED,"[""CONTINUATION:BLOCK"", ""REACCELERATION:BLOCK"", ""REVERSAL:BLOCK""]",HOLD,CAND:dc1ab160fa1ee75a10189da6,OPP:dc1ab160fa1ee75a10189da6,32370.0,False,HOLD,ACTIVE,OPEN,AUTHORITATIVE_DIRECTIONAL_ALIGNED,2026-07-31T11:39:00+05:30,POWERINDIA,True,ATR_MULTIPLE
NO_EVENT,NONE,[],[],FAILED_BACK_INSIDE,,[],[],[],,,,,[],685,,,"[""CONTINUATION:BLOCK"", ""REACCELERATION:BLOCK"", ""REVERSAL:BLOCK""]",,,,,,NO_ACTION,,,,2026-07-31T11:39:00+05:30,TCS,,
DIRECTIONAL_MATURED,MATURE,"[""DIR:TORNTPHARM:2026-07-31:002:UP:105700:DIRECTIONAL_MATURED:113900""]","[""DIRECTIONAL_MATURED""]",FORMING,,[],[],[],,,,,[],686,,,[],,,,,,NO_ACTION,,,,2026-07-31T11:39:00+05:30,TORNTPHARM,,
BALANCE_FORMING_STARTED,REVERSAL_LEG,"[""BAL:BHEL:2026-07-31:002:NEUTRAL:114200:BALANCE_FORMING_STARTED:114200""]","[""BALANCE_FORMING_STARTED""]",FORMING,,[],[],[],,,,,[],687,,,[],,,,,,NO_ACTION,,,,2026-07-31T11:42:00+05:30,BHEL,,
NO_EVENT,REVERSAL_WATCH,[],[],NONE,OPPOSED,[],[],[],AUCTION_SIGNAL_DOWNSTREAM_V2,OPEN,HOLD_POSITION,NONE,"[{""action"": ""HOLD"", ""signal_id"": ""aee40fe8-7759-5cec-902a-0db152fe528d"", ""setup"": ""REVERSAL"", ""side"": ""SELL"", ""stage"": ""PROTECT"", ""status"": ""OPEN"", ""status_reason"": ""AUTHORITATIVE_REVERSAL_WATCH"", ""signal_action"": ""HOLD"", ""signal_state"": ""OPEN"", ""trade_action"": ""HOLD_POSITION"", ""management_posture"": ""CAUTION"", ""management_reason_code"": ""AUTHORITATIVE_REVERSAL_WATCH"", ""should_exit_signal"": false}]",688,CAUTION,AUTHORITATIVE_REVERSAL_WATCH,[],HOLD,CAND:c91e30e559c61ae9e4a8e30d,OPP:c91e30e559c61ae9e4a8e30d,1842.1,False,HOLD,PROTECT,OPEN,AUTHORITATIVE_REVERSAL_WATCH,2026-07-31T11:42:00+05:30,CHOLAFIN,False,ATR_MULTIPLE
NO_EVENT,NONE,[],[],LOCKED,UNKNOWN,[],[],[],AUCTION_SIGNAL_DOWNSTREAM_V2,OPEN,HOLD_POSITION,NONE,"[{""action"": ""HOLD"", ""signal_id"": ""2afed6e7-898c-5a79-8bf5-1d7891f21ccb"", ""setup"": ""REVERSAL"", ""side"": ""SELL"", ""stage"": ""TRANSITION"", ""status"": ""OPEN"", ""status_reason"": ""NO_CURRENT_CREATION_EVENT"", ""signal_action"": ""HOLD"", ""signal_state"": ""OPEN"", ""trade_action"": ""HOLD_POSITION"", ""management_posture"": ""CAUTION"", ""management_reason_code"": ""NO_CURRENT_CREATION_EVENT"", ""should_exit_signal"": false}]",689,CAUTION,NO_CURRENT_CREATION_EVENT,"[""CONTINUATION:BLOCK"", ""REACCELERATION:BLOCK"", ""REVERSAL:BLOCK""]",HOLD,CAND:995ee50ff305357125723e26,OPP:995ee50ff305357125723e26,1724.2,False,HOLD,TRANSITION,OPEN,NO_CURRENT_CREATION_EVENT,2026-07-31T11:42:00+05:30,COFORGE,False,ATR_MULTIPLE
NO_EVENT,NONE,[],[],NONE,UNKNOWN,[],[],[],AUCTION_SIGNAL_DOWNSTREAM_V2,OPEN,HOLD_POSITION,NONE,"[{""action"": ""HOLD"", ""signal_id"": ""a73cb6c9-a388-53f1-92b2-41820e34edd3"", ""setup"": ""REVERSAL"", ""side"": ""SELL"", ""stage"": ""TRANSITION"", ""status"": ""OPEN"", ""status_reason"": ""NO_CURRENT_CREATION_EVENT"", ""signal_action"": ""HOLD"", ""signal_state"": ""OPEN"", ""trade_action"": ""HOLD_POSITION"", ""management_posture"": ""CAUTION"", ""management_reason_code"": ""NO_CURRENT_CREATION_EVENT"", ""should_exit_signal"": false}]",690,CAUTION,NO_CURRENT_CREATION_EVENT,[],HOLD,CAND:6644484c352c701feebfdf31,OPP:6644484c352c701feebfdf31,8026.5,False,HOLD,TRANSITION,OPEN,NO_CURRENT_CREATION_EVENT,2026-07-31T11:42:00+05:30,DIVISLAB,False,ATR_MULTIPLE
NO_EVENT,NONE,[],[],NONE,,[],[],[],,,,,[],691,,,[],,,,,,NO_ACTION,,,,2026-07-31T11:42:00+05:30,EXIDEIND,,
NO_EVENT,NONE,[],[],NONE,UNKNOWN,[],[],[],AUCTION_SIGNAL_DOWNSTREAM_V2,OPEN,HOLD_POSITION,NONE,"[{""action"": ""HOLD"", ""signal_id"": ""76d65cfd-3f5f-5419-81f1-24a924660ce7"", ""setup"": ""REVERSAL"", ""side"": ""BUY"", ""stage"": ""TRANSITION"", ""status"": ""OPEN"", ""status_reason"": ""NO_CURRENT_CREATION_EVENT"", ""signal_action"": ""HOLD"", ""signal_state"": ""OPEN"", ""trade_action"": ""HOLD_POSITION"", ""management_posture"": ""CAUTION"", ""management_reason_code"": ""NO_CURRENT_CREATION_EVENT"", ""should_exit_signal"": false}]",692,CAUTION,NO_CURRENT_CREATION_EVENT,[],HOLD,CAND:32b3a707960484f98d8399a7,OPP:32b3a707960484f98d8399a7,17907.0,False,HOLD,TRANSITION,OPEN,NO_CURRENT_CREATION_EVENT,2026-07-31T11:42:00+05:30,FORCEMOT,False,ATR_MULTIPLE
NO_EVENT,NONE,[],[],LOCKED,,[],[],[],,,,,[],693,,,"[""CONTINUATION:BLOCK"", ""REACCELERATION:BLOCK"", ""REVERSAL:BLOCK""]",,,,,,NO_ACTION,,,,2026-07-31T11:42:00+05:30,GLENMARK,,
NO_EVENT,REVERSAL_WATCH,[],[],LOCKED,,[],[],[],,,,,[],694,,,"[""CONTINUATION:BLOCK"", ""REACCELERATION:BLOCK"", ""REVERSAL:BLOCK""]",,,,,,NO_ACTION,,,,2026-07-31T11:42:00+05:30,INDUSTOWER,,
DIRECTIONAL_STARTED,DIRECTIONAL,"[""DIR:KALYANKJIL:2026-07-31:007:UP:114200:DIRECTIONAL_STARTED:114200""]","[""DIRECTIONAL_STARTED""]",NONE,ALIGNED,[],[],[],AUCTION_SIGNAL_DOWNSTREAM_V2,OPEN,HOLD_POSITION,NONE,"[{""action"": ""HOLD"", ""signal_id"": ""fe205a27-ef8f-5bf7-9192-94593d799d94"", ""setup"": ""BREAKOUT_INITIATION"", ""side"": ""BUY"", ""stage"": ""ACTIVE"", ""status"": ""OPEN"", ""status_reason"": ""AUTHORITATIVE_DIRECTIONAL_ALIGNED"", ""signal_action"": ""HOLD"", ""signal_state"": ""OPEN"", ""trade_action"": ""HOLD_POSITION"", ""management_posture"": ""STRENGTHEN"", ""management_reason_code"": ""AUTHORITATIVE_DIRECTIONAL_ALIGNED"", ""should_exit_signal"": false}]",695,STRENGTHEN,AUTHORITATIVE_DIRECTIONAL_ALIGNED,[],HOLD,CAND:4a3872010c190995b2d63ff8,OPP:4a3872010c190995b2d63ff8,628.95,False,HOLD,ACTIVE,OPEN,AUTHORITATIVE_DIRECTIONAL_ALIGNED,2026-07-31T11:42:00+05:30,KALYANKJIL,True,ATR_MULTIPLE
NO_EVENT,NONE,[],[],FORMING,UNKNOWN,[],[],[],AUCTION_SIGNAL_DOWNSTREAM_V2,OPEN,HOLD_POSITION,NONE,"[{""action"": ""HOLD"", ""signal_id"": ""50c51811-b112-5f0f-9fcc-a1422ceea97c"", ""setup"": ""REVERSAL"", ""side"": ""BUY"", ""stage"": ""TRANSITION"", ""status"": ""OPEN"", ""status_reason"": ""NO_CURRENT_CREATION_EVENT"", ""signal_action"": ""HOLD"", ""signal_state"": ""OPEN"", ""trade_action"": ""HOLD_POSITION"", ""management_posture"": ""CAUTION"", ""management_reason_code"": ""NO_CURRENT_CREATION_EVENT"", ""should_exit_signal"": false}]",696,CAUTION,NO_CURRENT_CREATION_EVENT,[],HOLD,CAND:7316c4a2330c742a8803fe6c,OPP:7316c4a2330c742a8803fe6c,369.15,False,HOLD,TRANSITION,OPEN,NO_CURRENT_CREATION_EVENT,2026-07-31T11:42:00+05:30,MANAPPURAM,False,ATR_MULTIPLE
BALANCE_COMPLETED,REVERSAL_WATCH,"[""BAL:PERSISTENT:2026-07-31:003:NEUTRAL:112700:BALANCE_COMPLETED:114200""]","[""BALANCE_COMPLETED""]",COMPLETED,ALIGNED,[],[],[],AUCTION_SIGNAL_DOWNSTREAM_V2,OPEN,HOLD_POSITION,NONE,"[{""action"": ""HOLD"", ""signal_id"": ""cad8805e-c102-57a4-96c7-d70c9c07f5cc"", ""setup"": ""BREAKOUT_INITIATION"", ""side"": ""BUY"", ""stage"": ""PROTECT"", ""status"": ""OPEN"", ""status_reason"": ""AUTHORITATIVE_REVERSAL_WATCH"", ""signal_action"": ""HOLD"", ""signal_state"": ""OPEN"", ""trade_action"": ""HOLD_POSITION"", ""management_posture"": ""CAUTION"", ""management_reason_code"": ""AUTHORITATIVE_REVERSAL_WATCH"", ""should_exit_signal"": false}]",697,CAUTION,AUTHORITATIVE_REVERSAL_WATCH,[],HOLD,CAND:6e00ceac84968df1df4d7495,OPP:6e00ceac84968df1df4d7495,5416.9,False,HOLD,PROTECT,OPEN,AUTHORITATIVE_REVERSAL_WATCH,2026-07-31T11:42:00+05:30,PERSISTENT,False,ATR_MULTIPLE
DIRECTIONAL_MATURED,MATURE,"[""DIR:POWERINDIA:2026-07-31:003:UP:100300:DIRECTIONAL_MATURED:114200""]","[""DIRECTIONAL_MATURED""]",FAILED_BACK_INSIDE,ALIGNED,[],[],[],AUCTION_SIGNAL_DOWNSTREAM_V2,OPEN,HOLD_POSITION,NONE,"[{""action"": ""HOLD"", ""signal_id"": ""57fbc3b0-0822-51b7-8515-450ea6586841"", ""setup"": ""FAILED_BREAKOUT"", ""side"": ""BUY"", ""stage"": ""EXPAND"", ""status"": ""OPEN"", ""status_reason"": ""AUTHORITATIVE_DIRECTIONAL_MATURE"", ""signal_action"": ""HOLD"", ""signal_state"": ""OPEN"", ""trade_action"": ""HOLD_POSITION"", ""management_posture"": ""STRENGTHEN"", ""management_reason_code"": ""AUTHORITATIVE_DIRECTIONAL_MATURE"", ""should_exit_signal"": false}]",698,STRENGTHEN,AUTHORITATIVE_DIRECTIONAL_MATURE,"[""CONTINUATION:BLOCK"", ""REACCELERATION:BLOCK"", ""REVERSAL:BLOCK""]",HOLD,CAND:dc1ab160fa1ee75a10189da6,OPP:dc1ab160fa1ee75a10189da6,32370.0,False,HOLD,EXPAND,OPEN,AUTHORITATIVE_DIRECTIONAL_MATURE,2026-07-31T11:42:00+05:30,POWERINDIA,True,ATR_MULTIPLE
NO_EVENT,NONE,[],[],FAILED_BACK_INSIDE,,[],[],[],,,,,[],699,,,"[""CONTINUATION:BLOCK"", ""REACCELERATION:BLOCK"", ""REVERSAL:BLOCK""]",,,,,,NO_ACTION,,,,2026-07-31T11:42:00+05:30,TCS,,
"BALANCE_COMPLETED,REVERSAL_WATCH_STARTED",REVERSAL_WATCH,"[""BAL:TORNTPHARM:2026-07-31:003:NEUTRAL:113600:BALANCE_COMPLETED:114200"", ""DIR:TORNTPHARM:2026-07-31:002:UP:105700:REVERSAL_WATCH_STARTED:114200""]","[""BALANCE_COMPLETED"", ""REVERSAL_WATCH_STARTED""]",COMPLETED,,[],[],[],,,,,[],700,,,[],,,,,,NO_ACTION,,,,2026-07-31T11:42:00+05:30,TORNTPHARM,,
NO_EVENT,REVERSAL_LEG,[],[],FORMING,,[],[],[],,,,,[],701,,,[],,,,,,NO_ACTION,,,,2026-07-31T11:45:00+05:30,BHEL,,
NO_EVENT,REVERSAL_WATCH,[],[],NONE,OPPOSED,[],[],[],AUCTION_SIGNAL_DOWNSTREAM_V2,OPEN,HOLD_POSITION,NONE,"[{""action"": ""HOLD"", ""signal_id"": ""aee40fe8-7759-5cec-902a-0db152fe528d"", ""setup"": ""REVERSAL"", ""side"": ""SELL"", ""stage"": ""PROTECT"", ""status"": ""OPEN"", ""status_reason"": ""AUTHORITATIVE_REVERSAL_WATCH"", ""signal_action"": ""HOLD"", ""signal_state"": ""OPEN"", ""trade_action"": ""HOLD_POSITION"", ""management_posture"": ""CAUTION"", ""management_reason_code"": ""AUTHORITATIVE_REVERSAL_WATCH"", ""should_exit_signal"": false}]",702,CAUTION,AUTHORITATIVE_REVERSAL_WATCH,[],HOLD,CAND:c91e30e559c61ae9e4a8e30d,OPP:c91e30e559c61ae9e4a8e30d,1842.1,False,HOLD,PROTECT,OPEN,AUTHORITATIVE_REVERSAL_WATCH,2026-07-31T11:45:00+05:30,CHOLAFIN,False,ATR_MULTIPLE
NO_EVENT,NONE,[],[],LOCKED,UNKNOWN,[],[],[],AUCTION_SIGNAL_DOWNSTREAM_V2,OPEN,HOLD_POSITION,NONE,"[{""action"": ""HOLD"", ""signal_id"": ""2afed6e7-898c-5a79-8bf5-1d7891f21ccb"", ""setup"": ""REVERSAL"", ""side"": ""SELL"", ""stage"": ""TRANSITION"", ""status"": ""OPEN"", ""status_reason"": ""NO_CURRENT_CREATION_EVENT"", ""signal_action"": ""HOLD"", ""signal_state"": ""OPEN"", ""trade_action"": ""HOLD_POSITION"", ""management_posture"": ""CAUTION"", ""management_reason_code"": ""NO_CURRENT_CREATION_EVENT"", ""should_exit_signal"": false}]",703,CAUTION,NO_CURRENT_CREATION_EVENT,"[""CONTINUATION:BLOCK"", ""REACCELERATION:BLOCK"", ""REVERSAL:BLOCK""]",HOLD,CAND:995ee50ff305357125723e26,OPP:995ee50ff305357125723e26,1724.2,False,HOLD,TRANSITION,OPEN,NO_CURRENT_CREATION_EVENT,2026-07-31T11:45:00+05:30,COFORGE,False,ATR_MULTIPLE
NO_EVENT,NONE,[],[],NONE,UNKNOWN,[],[],[],AUCTION_SIGNAL_DOWNSTREAM_V2,OPEN,HOLD_POSITION,NONE,"[{""action"": ""HOLD"", ""signal_id"": ""a73cb6c9-a388-53f1-92b2-41820e34edd3"", ""setup"": ""REVERSAL"", ""side"": ""SELL"", ""stage"": ""TRANSITION"", ""status"": ""OPEN"", ""status_reason"": ""NO_CURRENT_CREATION_EVENT"", ""signal_action"": ""HOLD"", ""signal_state"": ""OPEN"", ""trade_action"": ""HOLD_POSITION"", ""management_posture"": ""CAUTION"", ""management_reason_code"": ""NO_CURRENT_CREATION_EVENT"", ""should_exit_signal"": false}]",704,CAUTION,NO_CURRENT_CREATION_EVENT,[],HOLD,CAND:6644484c352c701feebfdf31,OPP:6644484c352c701feebfdf31,8026.5,False,HOLD,TRANSITION,OPEN,NO_CURRENT_CREATION_EVENT,2026-07-31T11:45:00+05:30,DIVISLAB,False,ATR_MULTIPLE
NO_EVENT,NONE,[],[],NONE,,[],[],[],,,,,[],705,,,[],,,,,,NO_ACTION,,,,2026-07-31T11:45:00+05:30,EXIDEIND,,
BALANCE_FORMING_STARTED,NONE,"[""BAL:FORCEMOT:2026-07-31:002:NEUTRAL:114500:BALANCE_FORMING_STARTED:114500""]","[""BALANCE_FORMING_STARTED""]",FORMING,UNKNOWN,[],[],[],AUCTION_SIGNAL_DOWNSTREAM_V2,OPEN,HOLD_POSITION,NONE,"[{""action"": ""HOLD"", ""signal_id"": ""76d65cfd-3f5f-5419-81f1-24a924660ce7"", ""setup"": ""REVERSAL"", ""side"": ""BUY"", ""stage"": ""TRANSITION"", ""status"": ""OPEN"", ""status_reason"": ""NO_CURRENT_CREATION_EVENT"", ""signal_action"": ""HOLD"", ""signal_state"": ""OPEN"", ""trade_action"": ""HOLD_POSITION"", ""management_posture"": ""CAUTION"", ""management_reason_code"": ""NO_CURRENT_CREATION_EVENT"", ""should_exit_signal"": false}]",706,CAUTION,NO_CURRENT_CREATION_EVENT,[],HOLD,CAND:32b3a707960484f98d8399a7,OPP:32b3a707960484f98d8399a7,17907.0,False,HOLD,TRANSITION,OPEN,NO_CURRENT_CREATION_EVENT,2026-07-31T11:45:00+05:30,FORCEMOT,False,ATR_MULTIPLE
NO_EVENT,NONE,[],[],LOCKED,,[],[],[],,,,,[],707,,,"[""CONTINUATION:BLOCK"", ""REACCELERATION:BLOCK"", ""REVERSAL:BLOCK""]",,,,,,NO_ACTION,,,,2026-07-31T11:45:00+05:30,GLENMARK,,
NO_EVENT,REVERSAL_WATCH,[],[],LOCKED,,[],[],[],,,,,[],708,,,"[""CONTINUATION:BLOCK"", ""REACCELERATION:BLOCK"", ""REVERSAL:BLOCK""]",,,,,,NO_ACTION,,,,2026-07-31T11:45:00+05:30,INDUSTOWER,,
NO_EVENT,DIRECTIONAL,[],[],NONE,ALIGNED,[],[],[],AUCTION_SIGNAL_DOWNSTREAM_V2,OPEN,HOLD_POSITION,NONE,"[{""action"": ""HOLD"", ""signal_id"": ""fe205a27-ef8f-5bf7-9192-94593d799d94"", ""setup"": ""BREAKOUT_INITIATION"", ""side"": ""BUY"", ""stage"": ""ACTIVE"", ""status"": ""OPEN"", ""status_reason"": ""AUTHORITATIVE_DIRECTIONAL_ALIGNED"", ""signal_action"": ""HOLD"", ""signal_state"": ""OPEN"", ""trade_action"": ""HOLD_POSITION"", ""management_posture"": ""STRENGTHEN"", ""management_reason_code"": ""AUTHORITATIVE_DIRECTIONAL_ALIGNED"", ""should_exit_signal"": false}]",709,STRENGTHEN,AUTHORITATIVE_DIRECTIONAL_ALIGNED,[],HOLD,CAND:4a3872010c190995b2d63ff8,OPP:4a3872010c190995b2d63ff8,628.95,False,HOLD,ACTIVE,OPEN,AUTHORITATIVE_DIRECTIONAL_ALIGNED,2026-07-31T11:45:00+05:30,KALYANKJIL,True,ATR_MULTIPLE
NO_EVENT,NONE,[],[],FORMING,UNKNOWN,[],[],[],AUCTION_SIGNAL_DOWNSTREAM_V2,OPEN,HOLD_POSITION,NONE,"[{""action"": ""HOLD"", ""signal_id"": ""50c51811-b112-5f0f-9fcc-a1422ceea97c"", ""setup"": ""REVERSAL"", ""side"": ""BUY"", ""stage"": ""TRANSITION"", ""status"": ""OPEN"", ""status_reason"": ""NO_CURRENT_CREATION_EVENT"", ""signal_action"": ""HOLD"", ""signal_state"": ""OPEN"", ""trade_action"": ""HOLD_POSITION"", ""management_posture"": ""CAUTION"", ""management_reason_code"": ""NO_CURRENT_CREATION_EVENT"", ""should_exit_signal"": false}]",710,CAUTION,NO_CURRENT_CREATION_EVENT,[],HOLD,CAND:7316c4a2330c742a8803fe6c,OPP:7316c4a2330c742a8803fe6c,369.15,False,HOLD,TRANSITION,OPEN,NO_CURRENT_CREATION_EVENT,2026-07-31T11:45:00+05:30,MANAPPURAM,False,ATR_MULTIPLE
NO_EVENT,REVERSAL_WATCH,[],[],NONE,ALIGNED,[],[],[],AUCTION_SIGNAL_DOWNSTREAM_V2,OPEN,HOLD_POSITION,NONE,"[{""action"": ""HOLD"", ""signal_id"": ""cad8805e-c102-57a4-96c7-d70c9c07f5cc"", ""setup"": ""BREAKOUT_INITIATION"", ""side"": ""BUY"", ""stage"": ""PROTECT"", ""status"": ""OPEN"", ""status_reason"": ""AUTHORITATIVE_REVERSAL_WATCH"", ""signal_action"": ""HOLD"", ""signal_state"": ""OPEN"", ""trade_action"": ""HOLD_POSITION"", ""management_posture"": ""CAUTION"", ""management_reason_code"": ""AUTHORITATIVE_REVERSAL_WATCH"", ""should_exit_signal"": false}]",711,CAUTION,AUTHORITATIVE_REVERSAL_WATCH,[],HOLD,CAND:6e00ceac84968df1df4d7495,OPP:6e00ceac84968df1df4d7495,5416.9,False,HOLD,PROTECT,OPEN,AUTHORITATIVE_REVERSAL_WATCH,2026-07-31T11:45:00+05:30,PERSISTENT,False,ATR_MULTIPLE
REVERSAL_WATCH_STARTED,REVERSAL_WATCH,"[""DIR:POWERINDIA:2026-07-31:003:UP:100300:REVERSAL_WATCH_STARTED:114500""]","[""REVERSAL_WATCH_STARTED""]",FAILED_BACK_INSIDE,ALIGNED,[],[],[],AUCTION_SIGNAL_DOWNSTREAM_V2,OPEN,HOLD_POSITION,NONE,"[{""action"": ""HOLD"", ""signal_id"": ""57fbc3b0-0822-51b7-8515-450ea6586841"", ""setup"": ""FAILED_BREAKOUT"", ""side"": ""BUY"", ""stage"": ""PROTECT"", ""status"": ""OPEN"", ""status_reason"": ""AUTHORITATIVE_REVERSAL_WATCH"", ""signal_action"": ""HOLD"", ""signal_state"": ""OPEN"", ""trade_action"": ""HOLD_POSITION"", ""management_posture"": ""CAUTION"", ""management_reason_code"": ""AUTHORITATIVE_REVERSAL_WATCH"", ""should_exit_signal"": false}]",712,CAUTION,AUTHORITATIVE_REVERSAL_WATCH,"[""CONTINUATION:BLOCK"", ""REACCELERATION:BLOCK"", ""REVERSAL:BLOCK""]",HOLD,CAND:dc1ab160fa1ee75a10189da6,OPP:dc1ab160fa1ee75a10189da6,32370.0,False,HOLD,PROTECT,OPEN,AUTHORITATIVE_REVERSAL_WATCH,2026-07-31T11:45:00+05:30,POWERINDIA,False,ATR_MULTIPLE
NO_EVENT,NONE,[],[],FAILED_BACK_INSIDE,,[],[],[],,,,,[],713,,,"[""CONTINUATION:BLOCK"", ""REACCELERATION:BLOCK"", ""REVERSAL:BLOCK""]",,,,,,NO_ACTION,,,,2026-07-31T11:45:00+05:30,TCS,,
NO_EVENT,REVERSAL_WATCH,[],[],NONE,,[],[],[],,,,,[],714,,,[],,,,,,NO_ACTION,,,,2026-07-31T11:45:00+05:30,TORNTPHARM,,
NO_EVENT,REVERSAL_LEG,[],[],FORMING,,[],[],[],,,,,[],715,,,[],,,,,,NO_ACTION,,,,2026-07-31T11:48:00+05:30,BHEL,,
DIRECTIONAL_TREND_RESTORED,DIRECTIONAL,"[""DIR:CHOLAFIN:2026-07-31:003:UP:104500:DIRECTIONAL_TREND_RESTORED:114800""]","[""DIRECTIONAL_TREND_RESTORED""]",NONE,OPPOSED,"[""CLOSE""]","[""aee40fe8-7759-5cec-902a-0db152fe528d""]","[""FORCE_EXIT""]",AUCTION_SIGNAL_DOWNSTREAM_V2,TERMINAL,FORCE_EXIT,HIGH,"[{""action"": ""CLOSE"", ""signal_id"": ""aee40fe8-7759-5cec-902a-0db152fe528d"", ""setup"": ""REVERSAL"", ""side"": ""SELL"", ""stage"": ""FORCE_EXIT"", ""status"": ""INVALIDATED"", ""status_reason"": ""DIRECTIONAL_TREND_RESTORED_INVALIDATED_OPPOSITE_ACTIVE_SIGNAL"", ""signal_action"": ""CLOSE"", ""signal_state"": ""TERMINAL"", ""trade_action"": ""FORCE_EXIT"", ""management_posture"": ""EXIT"", ""management_reason_code"": ""DIRECTIONAL_TREND_RESTORED_INVALIDATED_OPPOSITE_ACTIVE_SIGNAL"", ""should_exit_signal"": true}]",716,EXIT,DIRECTIONAL_TREND_RESTORED_INVALIDATED_OPPOSITE_ACTIVE_SIGNAL,"[""CONTINUATION:PERMIT""]",CLOSE,CAND:c91e30e559c61ae9e4a8e30d,OPP:c91e30e559c61ae9e4a8e30d,1842.1,True,CLOSE,FORCE_EXIT,INVALIDATED,DIRECTIONAL_TREND_RESTORED_INVALIDATED_OPPOSITE_ACTIVE_SIGNAL,2026-07-31T11:48:00+05:30,CHOLAFIN,False,ATR_MULTIPLE
NO_EVENT,NONE,[],[],LOCKED,UNKNOWN,[],[],[],AUCTION_SIGNAL_DOWNSTREAM_V2,OPEN,HOLD_POSITION,NONE,"[{""action"": ""HOLD"", ""signal_id"": ""2afed6e7-898c-5a79-8bf5-1d7891f21ccb"", ""setup"": ""REVERSAL"", ""side"": ""SELL"", ""stage"": ""TRANSITION"", ""status"": ""OPEN"", ""status_reason"": ""NO_CURRENT_CREATION_EVENT"", ""signal_action"": ""HOLD"", ""signal_state"": ""OPEN"", ""trade_action"": ""HOLD_POSITION"", ""management_posture"": ""CAUTION"", ""management_reason_code"": ""NO_CURRENT_CREATION_EVENT"", ""should_exit_signal"": false}]",717,CAUTION,NO_CURRENT_CREATION_EVENT,"[""CONTINUATION:BLOCK"", ""REACCELERATION:BLOCK"", ""REVERSAL:BLOCK""]",HOLD,CAND:995ee50ff305357125723e26,OPP:995ee50ff305357125723e26,1724.2,False,HOLD,TRANSITION,OPEN,NO_CURRENT_CREATION_EVENT,2026-07-31T11:48:00+05:30,COFORGE,False,ATR_MULTIPLE
NO_EVENT,NONE,[],[],NONE,UNKNOWN,[],[],[],AUCTION_SIGNAL_DOWNSTREAM_V2,OPEN,HOLD_POSITION,NONE,"[{""action"": ""HOLD"", ""signal_id"": ""a73cb6c9-a388-53f1-92b2-41820e34edd3"", ""setup"": ""REVERSAL"", ""side"": ""SELL"", ""stage"": ""TRANSITION"", ""status"": ""OPEN"", ""status_reason"": ""NO_CURRENT_CREATION_EVENT"", ""signal_action"": ""HOLD"", ""signal_state"": ""OPEN"", ""trade_action"": ""HOLD_POSITION"", ""management_posture"": ""CAUTION"", ""management_reason_code"": ""NO_CURRENT_CREATION_EVENT"", ""should_exit_signal"": false}]",718,CAUTION,NO_CURRENT_CREATION_EVENT,[],HOLD,CAND:6644484c352c701feebfdf31,OPP:6644484c352c701feebfdf31,8026.5,False,HOLD,TRANSITION,OPEN,NO_CURRENT_CREATION_EVENT,2026-07-31T11:48:00+05:30,DIVISLAB,False,ATR_MULTIPLE
NO_EVENT,NONE,[],[],NONE,,[],[],[],,,,,[],719,,,[],,,,,,NO_ACTION,,,,2026-07-31T11:48:00+05:30,EXIDEIND,,
NO_EVENT,NONE,[],[],FORMING,UNKNOWN,[],[],[],AUCTION_SIGNAL_DOWNSTREAM_V2,OPEN,HOLD_POSITION,NONE,"[{""action"": ""HOLD"", ""signal_id"": ""76d65cfd-3f5f-5419-81f1-24a924660ce7"", ""setup"": ""REVERSAL"", ""side"": ""BUY"", ""stage"": ""TRANSITION"", ""status"": ""OPEN"", ""status_reason"": ""NO_CURRENT_CREATION_EVENT"", ""signal_action"": ""HOLD"", ""signal_state"": ""OPEN"", ""trade_action"": ""HOLD_POSITION"", ""management_posture"": ""CAUTION"", ""management_reason_code"": ""NO_CURRENT_CREATION_EVENT"", ""should_exit_signal"": false}]",720,CAUTION,NO_CURRENT_CREATION_EVENT,[],HOLD,CAND:32b3a707960484f98d8399a7,OPP:32b3a707960484f98d8399a7,17907.0,False,HOLD,TRANSITION,OPEN,NO_CURRENT_CREATION_EVENT,2026-07-31T11:48:00+05:30,FORCEMOT,False,ATR_MULTIPLE
NO_EVENT,NONE,[],[],LOCKED,,[],[],[],,,,,[],721,,,"[""CONTINUATION:BLOCK"", ""REACCELERATION:BLOCK"", ""REVERSAL:BLOCK""]",,,,,,NO_ACTION,,,,2026-07-31T11:48:00+05:30,GLENMARK,,
BALANCE_ESCAPE_STARTED,REVERSAL_WATCH,"[""BAL:INDUSTOWER:2026-07-31:001:NEUTRAL:110900:BALANCE_ESCAPE_STARTED:114800""]","[""BALANCE_ESCAPE_STARTED""]",ESCAPE_WATCH,,[],[],[],,,,,[],722,,,"[""ACCEPTED_BREAKOUT:WAIT"", ""BREAKOUT_INITIATION:PERMIT"", ""CONTINUATION:BLOCK"", ""FAILED_BREAKOUT:WAIT"", ""REACCELERATION:BLOCK"", ""REVERSAL:BLOCK""]",,,,,,NO_ACTION,,,,2026-07-31T11:48:00+05:30,INDUSTOWER,,
NO_EVENT,DIRECTIONAL,[],[],NONE,ALIGNED,[],[],[],AUCTION_SIGNAL_DOWNSTREAM_V2,OPEN,HOLD_POSITION,NONE,"[{""action"": ""HOLD"", ""signal_id"": ""fe205a27-ef8f-5bf7-9192-94593d799d94"", ""setup"": ""BREAKOUT_INITIATION"", ""side"": ""BUY"", ""stage"": ""ACTIVE"", ""status"": ""OPEN"", ""status_reason"": ""AUTHORITATIVE_DIRECTIONAL_ALIGNED"", ""signal_action"": ""HOLD"", ""signal_state"": ""OPEN"", ""trade_action"": ""HOLD_POSITION"", ""management_posture"": ""STRENGTHEN"", ""management_reason_code"": ""AUTHORITATIVE_DIRECTIONAL_ALIGNED"", ""should_exit_signal"": false}]",723,STRENGTHEN,AUTHORITATIVE_DIRECTIONAL_ALIGNED,[],HOLD,CAND:4a3872010c190995b2d63ff8,OPP:4a3872010c190995b2d63ff8,628.95,False,HOLD,ACTIVE,OPEN,AUTHORITATIVE_DIRECTIONAL_ALIGNED,2026-07-31T11:48:00+05:30,KALYANKJIL,True,ATR_MULTIPLE
NO_EVENT,NONE,[],[],FORMING,UNKNOWN,[],[],[],AUCTION_SIGNAL_DOWNSTREAM_V2,OPEN,HOLD_POSITION,NONE,"[{""action"": ""HOLD"", ""signal_id"": ""50c51811-b112-5f0f-9fcc-a1422ceea97c"", ""setup"": ""REVERSAL"", ""side"": ""BUY"", ""stage"": ""TRANSITION"", ""status"": ""OPEN"", ""status_reason"": ""NO_CURRENT_CREATION_EVENT"", ""signal_action"": ""HOLD"", ""signal_state"": ""OPEN"", ""trade_action"": ""HOLD_POSITION"", ""management_posture"": ""CAUTION"", ""management_reason_code"": ""NO_CURRENT_CREATION_EVENT"", ""should_exit_signal"": false}]",724,CAUTION,NO_CURRENT_CREATION_EVENT,[],HOLD,CAND:7316c4a2330c742a8803fe6c,OPP:7316c4a2330c742a8803fe6c,369.15,False,HOLD,TRANSITION,OPEN,NO_CURRENT_CREATION_EVENT,2026-07-31T11:48:00+05:30,MANAPPURAM,False,ATR_MULTIPLE
DIRECTIONAL_TREND_RESTORED,DIRECTIONAL,"[""DIR:PERSISTENT:2026-07-31:003:UP:112100:DIRECTIONAL_TREND_RESTORED:114800""]","[""DIRECTIONAL_TREND_RESTORED""]",NONE,ALIGNED,[],[],[],AUCTION_SIGNAL_DOWNSTREAM_V2,OPEN,HOLD_POSITION,NONE,"[{""action"": ""HOLD"", ""signal_id"": ""cad8805e-c102-57a4-96c7-d70c9c07f5cc"", ""setup"": ""BREAKOUT_INITIATION"", ""side"": ""BUY"", ""stage"": ""ACTIVE"", ""status"": ""OPEN"", ""status_reason"": ""AUTHORITATIVE_DIRECTIONAL_ALIGNED"", ""signal_action"": ""HOLD"", ""signal_state"": ""OPEN"", ""trade_action"": ""HOLD_POSITION"", ""management_posture"": ""STRENGTHEN"", ""management_reason_code"": ""AUTHORITATIVE_DIRECTIONAL_ALIGNED"", ""should_exit_signal"": false}]",725,STRENGTHEN,AUTHORITATIVE_DIRECTIONAL_ALIGNED,"[""CONTINUATION:PERMIT""]",HOLD,CAND:6e00ceac84968df1df4d7495,OPP:6e00ceac84968df1df4d7495,5416.9,False,HOLD,ACTIVE,OPEN,AUTHORITATIVE_DIRECTIONAL_ALIGNED,2026-07-31T11:48:00+05:30,PERSISTENT,True,ATR_MULTIPLE
NO_EVENT,REVERSAL_WATCH,[],[],FAILED_BACK_INSIDE,ALIGNED,[],[],[],AUCTION_SIGNAL_DOWNSTREAM_V2,OPEN,HOLD_POSITION,NONE,"[{""action"": ""HOLD"", ""signal_id"": ""57fbc3b0-0822-51b7-8515-450ea6586841"", ""setup"": ""FAILED_BREAKOUT"", ""side"": ""BUY"", ""stage"": ""PROTECT"", ""status"": ""OPEN"", ""status_reason"": ""AUTHORITATIVE_REVERSAL_WATCH"", ""signal_action"": ""HOLD"", ""signal_state"": ""OPEN"", ""trade_action"": ""HOLD_POSITION"", ""management_posture"": ""CAUTION"", ""management_reason_code"": ""AUTHORITATIVE_REVERSAL_WATCH"", ""should_exit_signal"": false}]",726,CAUTION,AUTHORITATIVE_REVERSAL_WATCH,"[""CONTINUATION:BLOCK"", ""REACCELERATION:BLOCK"", ""REVERSAL:BLOCK""]",HOLD,CAND:dc1ab160fa1ee75a10189da6,OPP:dc1ab160fa1ee75a10189da6,32370.0,False,HOLD,PROTECT,OPEN,AUTHORITATIVE_REVERSAL_WATCH,2026-07-31T11:48:00+05:30,POWERINDIA,False,ATR_MULTIPLE
NO_EVENT,NONE,[],[],FAILED_BACK_INSIDE,,[],[],[],,,,,[],727,,,"[""CONTINUATION:BLOCK"", ""REACCELERATION:BLOCK"", ""REVERSAL:BLOCK""]",,,,,,NO_ACTION,,,,2026-07-31T11:48:00+05:30,TCS,,
DIRECTIONAL_TREND_RESTORED,DIRECTIONAL,"[""DIR:TORNTPHARM:2026-07-31:002:UP:105700:DIRECTIONAL_TREND_RESTORED:114800""]","[""DIRECTIONAL_TREND_RESTORED""]",NONE,,[],[],[],,,,,[],728,,,"[""CONTINUATION:PERMIT""]",,,,,,NO_ACTION,,,,2026-07-31T11:48:00+05:30,TORNTPHARM,,
NO_EVENT,REVERSAL_LEG,[],[],FORMING,,[],[],[],,,,,[],729,,,[],,,,,,NO_ACTION,,,,2026-07-31T11:51:00+05:30,BHEL,,
DIRECTIONAL_MATURED,MATURE,"[""DIR:CHOLAFIN:2026-07-31:003:UP:104500:DIRECTIONAL_MATURED:115100""]","[""DIRECTIONAL_MATURED""]",NONE,,[],[],[],,,,,[],730,,,[],,,,,,NO_ACTION,,,,2026-07-31T11:51:00+05:30,CHOLAFIN,,
NO_EVENT,NONE,[],[],LOCKED,UNKNOWN,[],[],[],AUCTION_SIGNAL_DOWNSTREAM_V2,OPEN,HOLD_POSITION,NONE,"[{""action"": ""HOLD"", ""signal_id"": ""2afed6e7-898c-5a79-8bf5-1d7891f21ccb"", ""setup"": ""REVERSAL"", ""side"": ""SELL"", ""stage"": ""TRANSITION"", ""status"": ""OPEN"", ""status_reason"": ""NO_CURRENT_CREATION_EVENT"", ""signal_action"": ""HOLD"", ""signal_state"": ""OPEN"", ""trade_action"": ""HOLD_POSITION"", ""management_posture"": ""CAUTION"", ""management_reason_code"": ""NO_CURRENT_CREATION_EVENT"", ""should_exit_signal"": false}]",731,CAUTION,NO_CURRENT_CREATION_EVENT,"[""CONTINUATION:BLOCK"", ""REACCELERATION:BLOCK"", ""REVERSAL:BLOCK""]",HOLD,CAND:995ee50ff305357125723e26,OPP:995ee50ff305357125723e26,1724.2,False,HOLD,TRANSITION,OPEN,NO_CURRENT_CREATION_EVENT,2026-07-31T11:51:00+05:30,COFORGE,False,ATR_MULTIPLE
NO_EVENT,NONE,[],[],NONE,UNKNOWN,[],[],[],AUCTION_SIGNAL_DOWNSTREAM_V2,OPEN,HOLD_POSITION,NONE,"[{""action"": ""HOLD"", ""signal_id"": ""a73cb6c9-a388-53f1-92b2-41820e34edd3"", ""setup"": ""REVERSAL"", ""side"": ""SELL"", ""stage"": ""TRANSITION"", ""status"": ""OPEN"", ""status_reason"": ""NO_CURRENT_CREATION_EVENT"", ""signal_action"": ""HOLD"", ""signal_state"": ""OPEN"", ""trade_action"": ""HOLD_POSITION"", ""management_posture"": ""CAUTION"", ""management_reason_code"": ""NO_CURRENT_CREATION_EVENT"", ""should_exit_signal"": false}]",732,CAUTION,NO_CURRENT_CREATION_EVENT,[],HOLD,CAND:6644484c352c701feebfdf31,OPP:6644484c352c701feebfdf31,8026.5,False,HOLD,TRANSITION,OPEN,NO_CURRENT_CREATION_EVENT,2026-07-31T11:51:00+05:30,DIVISLAB,False,ATR_MULTIPLE
NO_EVENT,NONE,[],[],NONE,,[],[],[],,,,,[],733,,,[],,,,,,NO_ACTION,,,,2026-07-31T11:51:00+05:30,EXIDEIND,,
NO_EVENT,NONE,[],[],FORMING,UNKNOWN,[],[],[],AUCTION_SIGNAL_DOWNSTREAM_V2,OPEN,HOLD_POSITION,NONE,"[{""action"": ""HOLD"", ""signal_id"": ""76d65cfd-3f5f-5419-81f1-24a924660ce7"", ""setup"": ""REVERSAL"", ""side"": ""BUY"", ""stage"": ""TRANSITION"", ""status"": ""OPEN"", ""status_reason"": ""NO_CURRENT_CREATION_EVENT"", ""signal_action"": ""HOLD"", ""signal_state"": ""OPEN"", ""trade_action"": ""HOLD_POSITION"", ""management_posture"": ""CAUTION"", ""management_reason_code"": ""NO_CURRENT_CREATION_EVENT"", ""should_exit_signal"": false}]",734,CAUTION,NO_CURRENT_CREATION_EVENT,[],HOLD,CAND:32b3a707960484f98d8399a7,OPP:32b3a707960484f98d8399a7,17907.0,False,HOLD,TRANSITION,OPEN,NO_CURRENT_CREATION_EVENT,2026-07-31T11:51:00+05:30,FORCEMOT,False,ATR_MULTIPLE
NO_EVENT,NONE,[],[],LOCKED,,[],[],[],,,,,[],735,,,"[""CONTINUATION:BLOCK"", ""REACCELERATION:BLOCK"", ""REVERSAL:BLOCK""]",,,,,,NO_ACTION,,,,2026-07-31T11:51:00+05:30,GLENMARK,,
NO_EVENT,REVERSAL_WATCH,[],[],ESCAPE_WATCH,,[],[],[],,,,,[],736,,,"[""ACCEPTED_BREAKOUT:WAIT"", ""CONTINUATION:BLOCK"", ""FAILED_BREAKOUT:WAIT"", ""REACCELERATION:BLOCK"", ""REVERSAL:BLOCK""]",,,,,,NO_ACTION,,,,2026-07-31T11:51:00+05:30,INDUSTOWER,,
NO_EVENT,DIRECTIONAL,[],[],NONE,ALIGNED,[],[],[],AUCTION_SIGNAL_DOWNSTREAM_V2,OPEN,HOLD_POSITION,NONE,"[{""action"": ""HOLD"", ""signal_id"": ""fe205a27-ef8f-5bf7-9192-94593d799d94"", ""setup"": ""BREAKOUT_INITIATION"", ""side"": ""BUY"", ""stage"": ""ACTIVE"", ""status"": ""OPEN"", ""status_reason"": ""AUTHORITATIVE_DIRECTIONAL_ALIGNED"", ""signal_action"": ""HOLD"", ""signal_state"": ""OPEN"", ""trade_action"": ""HOLD_POSITION"", ""management_posture"": ""STRENGTHEN"", ""management_reason_code"": ""AUTHORITATIVE_DIRECTIONAL_ALIGNED"", ""should_exit_signal"": false}]",737,STRENGTHEN,AUTHORITATIVE_DIRECTIONAL_ALIGNED,[],HOLD,CAND:4a3872010c190995b2d63ff8,OPP:4a3872010c190995b2d63ff8,628.95,False,HOLD,ACTIVE,OPEN,AUTHORITATIVE_DIRECTIONAL_ALIGNED,2026-07-31T11:51:00+05:30,KALYANKJIL,True,ATR_MULTIPLE
NO_EVENT,NONE,[],[],FORMING,UNKNOWN,[],[],[],AUCTION_SIGNAL_DOWNSTREAM_V2,OPEN,HOLD_POSITION,NONE,"[{""action"": ""HOLD"", ""signal_id"": ""50c51811-b112-5f0f-9fcc-a1422ceea97c"", ""setup"": ""REVERSAL"", ""side"": ""BUY"", ""stage"": ""TRANSITION"", ""status"": ""OPEN"", ""status_reason"": ""NO_CURRENT_CREATION_EVENT"", ""signal_action"": ""HOLD"", ""signal_state"": ""OPEN"", ""trade_action"": ""HOLD_POSITION"", ""management_posture"": ""CAUTION"", ""management_reason_code"": ""NO_CURRENT_CREATION_EVENT"", ""should_exit_signal"": false}]",738,CAUTION,NO_CURRENT_CREATION_EVENT,[],HOLD,CAND:7316c4a2330c742a8803fe6c,OPP:7316c4a2330c742a8803fe6c,369.15,False,HOLD,TRANSITION,OPEN,NO_CURRENT_CREATION_EVENT,2026-07-31T11:51:00+05:30,MANAPPURAM,False,ATR_MULTIPLE
NO_EVENT,DIRECTIONAL,[],[],NONE,ALIGNED,[],[],[],AUCTION_SIGNAL_DOWNSTREAM_V2,OPEN,HOLD_POSITION,NONE,"[{""action"": ""HOLD"", ""signal_id"": ""cad8805e-c102-57a4-96c7-d70c9c07f5cc"", ""setup"": ""BREAKOUT_INITIATION"", ""side"": ""BUY"", ""stage"": ""ACTIVE"", ""status"": ""OPEN"", ""status_reason"": ""AUTHORITATIVE_DIRECTIONAL_ALIGNED"", ""signal_action"": ""HOLD"", ""signal_state"": ""OPEN"", ""trade_action"": ""HOLD_POSITION"", ""management_posture"": ""STRENGTHEN"", ""management_reason_code"": ""AUTHORITATIVE_DIRECTIONAL_ALIGNED"", ""should_exit_signal"": false}]",739,STRENGTHEN,AUTHORITATIVE_DIRECTIONAL_ALIGNED,[],HOLD,CAND:6e00ceac84968df1df4d7495,OPP:6e00ceac84968df1df4d7495,5416.9,False,HOLD,ACTIVE,OPEN,AUTHORITATIVE_DIRECTIONAL_ALIGNED,2026-07-31T11:51:00+05:30,PERSISTENT,True,ATR_MULTIPLE
NO_EVENT,REVERSAL_WATCH,[],[],FAILED_BACK_INSIDE,ALIGNED,[],[],[],AUCTION_SIGNAL_DOWNSTREAM_V2,OPEN,HOLD_POSITION,NONE,"[{""action"": ""HOLD"", ""signal_id"": ""57fbc3b0-0822-51b7-8515-450ea6586841"", ""setup"": ""FAILED_BREAKOUT"", ""side"": ""BUY"", ""stage"": ""PROTECT"", ""status"": ""OPEN"", ""status_reason"": ""AUTHORITATIVE_REVERSAL_WATCH"", ""signal_action"": ""HOLD"", ""signal_state"": ""OPEN"", ""trade_action"": ""HOLD_POSITION"", ""management_posture"": ""CAUTION"", ""management_reason_code"": ""AUTHORITATIVE_REVERSAL_WATCH"", ""should_exit_signal"": false}]",740,CAUTION,AUTHORITATIVE_REVERSAL_WATCH,"[""CONTINUATION:BLOCK"", ""REACCELERATION:BLOCK"", ""REVERSAL:BLOCK""]",HOLD,CAND:dc1ab160fa1ee75a10189da6,OPP:dc1ab160fa1ee75a10189da6,32370.0,False,HOLD,PROTECT,OPEN,AUTHORITATIVE_REVERSAL_WATCH,2026-07-31T11:51:00+05:30,POWERINDIA,False,ATR_MULTIPLE
NO_EVENT,NONE,[],[],FAILED_BACK_INSIDE,,[],[],[],,,,,[],741,,,"[""CONTINUATION:BLOCK"", ""REACCELERATION:BLOCK"", ""REVERSAL:BLOCK""]",,,,,,NO_ACTION,,,,2026-07-31T11:51:00+05:30,TCS,,
DIRECTIONAL_MATURED,MATURE,"[""DIR:TORNTPHARM:2026-07-31:002:UP:105700:DIRECTIONAL_MATURED:115100""]","[""DIRECTIONAL_MATURED""]",NONE,,[],[],[],,,,,[],742,,,[],,,,,,NO_ACTION,,,,2026-07-31T11:51:00+05:30,TORNTPHARM,,
BALANCE_PROBABLE,REVERSAL_LEG,"[""BAL:BHEL:2026-07-31:002:NEUTRAL:114200:BALANCE_PROBABLE:115400""]","[""BALANCE_PROBABLE""]",PROBABLE,,[],[],[],,,,,[],743,,,[],,,,,,NO_ACTION,,,,2026-07-31T11:54:00+05:30,BHEL,,
REVERSAL_WATCH_STARTED,REVERSAL_WATCH,"[""DIR:CHOLAFIN:2026-07-31:003:UP:104500:REVERSAL_WATCH_STARTED:115400""]","[""REVERSAL_WATCH_STARTED""]",NONE,,[],[],[],,,,,[],744,,,[],,,,,,NO_ACTION,,,,2026-07-31T11:54:00+05:30,CHOLAFIN,,
NO_EVENT,NONE,[],[],LOCKED,UNKNOWN,[],[],[],AUCTION_SIGNAL_DOWNSTREAM_V2,OPEN,HOLD_POSITION,NONE,"[{""action"": ""HOLD"", ""signal_id"": ""2afed6e7-898c-5a79-8bf5-1d7891f21ccb"", ""setup"": ""REVERSAL"", ""side"": ""SELL"", ""stage"": ""TRANSITION"", ""status"": ""OPEN"", ""status_reason"": ""NO_CURRENT_CREATION_EVENT"", ""signal_action"": ""HOLD"", ""signal_state"": ""OPEN"", ""trade_action"": ""HOLD_POSITION"", ""management_posture"": ""CAUTION"", ""management_reason_code"": ""NO_CURRENT_CREATION_EVENT"", ""should_exit_signal"": false}]",745,CAUTION,NO_CURRENT_CREATION_EVENT,"[""CONTINUATION:BLOCK"", ""REACCELERATION:BLOCK"", ""REVERSAL:BLOCK""]",HOLD,CAND:995ee50ff305357125723e26,OPP:995ee50ff305357125723e26,1724.2,False,HOLD,TRANSITION,OPEN,NO_CURRENT_CREATION_EVENT,2026-07-31T11:54:00+05:30,COFORGE,False,ATR_MULTIPLE
DIRECTIONAL_STARTED,DIRECTIONAL,"[""DIR:DIVISLAB:2026-07-31:003:UP:115400:DIRECTIONAL_STARTED:115400""]","[""DIRECTIONAL_STARTED""]",NONE,OPPOSED,[],[],[],AUCTION_SIGNAL_DOWNSTREAM_V2,OPEN,HOLD_POSITION,NONE,"[{""action"": ""HOLD"", ""signal_id"": ""a73cb6c9-a388-53f1-92b2-41820e34edd3"", ""setup"": ""REVERSAL"", ""side"": ""SELL"", ""stage"": ""WEAKENING"", ""status"": ""OPEN"", ""status_reason"": ""AUTHORITATIVE_DIRECTION_OPPOSED"", ""signal_action"": ""HOLD"", ""signal_state"": ""OPEN"", ""trade_action"": ""HOLD_POSITION"", ""management_posture"": ""CAUTION"", ""management_reason_code"": ""AUTHORITATIVE_DIRECTION_OPPOSED"", ""should_exit_signal"": false}]",746,CAUTION,AUTHORITATIVE_DIRECTION_OPPOSED,[],HOLD,CAND:6644484c352c701feebfdf31,OPP:6644484c352c701feebfdf31,8026.5,False,HOLD,WEAKENING,OPEN,AUTHORITATIVE_DIRECTION_OPPOSED,2026-07-31T11:54:00+05:30,DIVISLAB,False,ATR_MULTIPLE
NO_EVENT,NONE,[],[],NONE,,[],[],[],,,,,[],747,,,[],,,,,,NO_ACTION,,,,2026-07-31T11:54:00+05:30,EXIDEIND,,
NO_EVENT,NONE,[],[],FORMING,UNKNOWN,[],[],[],AUCTION_SIGNAL_DOWNSTREAM_V2,OPEN,HOLD_POSITION,NONE,"[{""action"": ""HOLD"", ""signal_id"": ""76d65cfd-3f5f-5419-81f1-24a924660ce7"", ""setup"": ""REVERSAL"", ""side"": ""BUY"", ""stage"": ""TRANSITION"", ""status"": ""OPEN"", ""status_reason"": ""NO_CURRENT_CREATION_EVENT"", ""signal_action"": ""HOLD"", ""signal_state"": ""OPEN"", ""trade_action"": ""HOLD_POSITION"", ""management_posture"": ""CAUTION"", ""management_reason_code"": ""NO_CURRENT_CREATION_EVENT"", ""should_exit_signal"": false}]",748,CAUTION,NO_CURRENT_CREATION_EVENT,[],HOLD,CAND:32b3a707960484f98d8399a7,OPP:32b3a707960484f98d8399a7,17907.0,False,HOLD,TRANSITION,OPEN,NO_CURRENT_CREATION_EVENT,2026-07-31T11:54:00+05:30,FORCEMOT,False,ATR_MULTIPLE
NO_EVENT,NONE,[],[],LOCKED,,[],[],[],,,,,[],749,,,"[""CONTINUATION:BLOCK"", ""REACCELERATION:BLOCK"", ""REVERSAL:BLOCK""]",,,,,,NO_ACTION,,,,2026-07-31T11:54:00+05:30,GLENMARK,,
"BALANCE_ESCAPE_FAILED,DIRECTIONAL_REVERSAL_CONFIRMED,DIRECTIONAL_COMPLETED,DIRECTIONAL_REVERSAL_LEG_STARTED",REVERSAL_LEG,"[""BAL:INDUSTOWER:2026-07-31:001:NEUTRAL:110900:BALANCE_ESCAPE_FAILED:115400"", ""DIR:INDUSTOWER:2026-07-31:003:UP:105100:DIRECTIONAL_REVERSAL_CONFIRMED:115400"", ""DIR:INDUSTOWER:2026-07-31:003:UP:105100:DIRECTIONAL_COMPLETED:115400"", ""DIR:INDUSTOWER:2026-07-31:004:DOWN:115400:DIRECTIONAL_REVERSAL_LEG_STARTED:115400""]","[""BALANCE_ESCAPE_FAILED"", ""DIRECTIONAL_REVERSAL_CONFIRMED"", ""DIRECTIONAL_COMPLETED"", ""DIRECTIONAL_REVERSAL_LEG_STARTED""]",FAILED_BACK_INSIDE,ALIGNED,[],[],[],AUCTION_SIGNAL_DOWNSTREAM_V2,OPEN,CREATE_TRADE,NONE,"[{""action"": ""CREATE"", ""signal_id"": ""6c1d311c-b1e4-503d-9f2d-3a50df29da5d"", ""setup"": ""FAILED_BREAKOUT"", ""side"": ""SELL"", ""stage"": ""ACTIVE"", ""status"": ""OPEN"", ""status_reason"": ""EVENT_DRIVEN_SETUP_CREATED"", ""signal_action"": ""CREATE"", ""signal_state"": ""OPEN"", ""trade_action"": ""CREATE_TRADE"", ""management_posture"": ""STRENGTHEN"", ""management_reason_code"": ""EVENT_DRIVEN_SETUP_CREATED"", ""should_exit_signal"": false}]",750,STRENGTHEN,EVENT_DRIVEN_SETUP_CREATED,"[""CONTINUATION:BLOCK"", ""FAILED_BREAKOUT:PERMIT"", ""REACCELERATION:BLOCK"", ""REVERSAL:BLOCK""]",CREATE,CAND:296c26607039b07e87c6f497,OPP:296c26607039b07e87c6f497,388.0,False,CREATE,ACTIVE,OPEN,EVENT_DRIVEN_SETUP_CREATED,2026-07-31T11:54:00+05:30,INDUSTOWER,True,ATR_MULTIPLE
NO_EVENT,DIRECTIONAL,[],[],NONE,ALIGNED,[],[],[],AUCTION_SIGNAL_DOWNSTREAM_V2,OPEN,HOLD_POSITION,NONE,"[{""action"": ""HOLD"", ""signal_id"": ""fe205a27-ef8f-5bf7-9192-94593d799d94"", ""setup"": ""BREAKOUT_INITIATION"", ""side"": ""BUY"", ""stage"": ""ACTIVE"", ""status"": ""OPEN"", ""status_reason"": ""AUTHORITATIVE_DIRECTIONAL_ALIGNED"", ""signal_action"": ""HOLD"", ""signal_state"": ""OPEN"", ""trade_action"": ""HOLD_POSITION"", ""management_posture"": ""STRENGTHEN"", ""management_reason_code"": ""AUTHORITATIVE_DIRECTIONAL_ALIGNED"", ""should_exit_signal"": false}]",751,STRENGTHEN,AUTHORITATIVE_DIRECTIONAL_ALIGNED,[],HOLD,CAND:4a3872010c190995b2d63ff8,OPP:4a3872010c190995b2d63ff8,628.95,False,HOLD,ACTIVE,OPEN,AUTHORITATIVE_DIRECTIONAL_ALIGNED,2026-07-31T11:54:00+05:30,KALYANKJIL,True,ATR_MULTIPLE
NO_EVENT,NONE,[],[],FORMING,UNKNOWN,[],[],[],AUCTION_SIGNAL_DOWNSTREAM_V2,OPEN,HOLD_POSITION,NONE,"[{""action"": ""HOLD"", ""signal_id"": ""50c51811-b112-5f0f-9fcc-a1422ceea97c"", ""setup"": ""REVERSAL"", ""side"": ""BUY"", ""stage"": ""TRANSITION"", ""status"": ""OPEN"", ""status_reason"": ""NO_CURRENT_CREATION_EVENT"", ""signal_action"": ""HOLD"", ""signal_state"": ""OPEN"", ""trade_action"": ""HOLD_POSITION"", ""management_posture"": ""CAUTION"", ""management_reason_code"": ""NO_CURRENT_CREATION_EVENT"", ""should_exit_signal"": false}]",752,CAUTION,NO_CURRENT_CREATION_EVENT,[],HOLD,CAND:7316c4a2330c742a8803fe6c,OPP:7316c4a2330c742a8803fe6c,369.15,False,HOLD,TRANSITION,OPEN,NO_CURRENT_CREATION_EVENT,2026-07-31T11:54:00+05:30,MANAPPURAM,False,ATR_MULTIPLE
NO_EVENT,DIRECTIONAL,[],[],NONE,ALIGNED,[],[],[],AUCTION_SIGNAL_DOWNSTREAM_V2,OPEN,HOLD_POSITION,NONE,"[{""action"": ""HOLD"", ""signal_id"": ""cad8805e-c102-57a4-96c7-d70c9c07f5cc"", ""setup"": ""BREAKOUT_INITIATION"", ""side"": ""BUY"", ""stage"": ""ACTIVE"", ""status"": ""OPEN"", ""status_reason"": ""AUTHORITATIVE_DIRECTIONAL_ALIGNED"", ""signal_action"": ""HOLD"", ""signal_state"": ""OPEN"", ""trade_action"": ""HOLD_POSITION"", ""management_posture"": ""STRENGTHEN"", ""management_reason_code"": ""AUTHORITATIVE_DIRECTIONAL_ALIGNED"", ""should_exit_signal"": false}]",753,STRENGTHEN,AUTHORITATIVE_DIRECTIONAL_ALIGNED,[],HOLD,CAND:6e00ceac84968df1df4d7495,OPP:6e00ceac84968df1df4d7495,5416.9,False,HOLD,ACTIVE,OPEN,AUTHORITATIVE_DIRECTIONAL_ALIGNED,2026-07-31T11:54:00+05:30,PERSISTENT,True,ATR_MULTIPLE
NO_EVENT,REVERSAL_WATCH,[],[],FAILED_BACK_INSIDE,ALIGNED,[],[],[],AUCTION_SIGNAL_DOWNSTREAM_V2,OPEN,HOLD_POSITION,NONE,"[{""action"": ""HOLD"", ""signal_id"": ""57fbc3b0-0822-51b7-8515-450ea6586841"", ""setup"": ""FAILED_BREAKOUT"", ""side"": ""BUY"", ""stage"": ""PROTECT"", ""status"": ""OPEN"", ""status_reason"": ""AUTHORITATIVE_REVERSAL_WATCH"", ""signal_action"": ""HOLD"", ""signal_state"": ""OPEN"", ""trade_action"": ""HOLD_POSITION"", ""management_posture"": ""CAUTION"", ""management_reason_code"": ""AUTHORITATIVE_REVERSAL_WATCH"", ""should_exit_signal"": false}]",754,CAUTION,AUTHORITATIVE_REVERSAL_WATCH,"[""CONTINUATION:BLOCK"", ""REACCELERATION:BLOCK"", ""REVERSAL:BLOCK""]",HOLD,CAND:dc1ab160fa1ee75a10189da6,OPP:dc1ab160fa1ee75a10189da6,32370.0,False,HOLD,PROTECT,OPEN,AUTHORITATIVE_REVERSAL_WATCH,2026-07-31T11:54:00+05:30,POWERINDIA,False,ATR_MULTIPLE
NO_EVENT,NONE,[],[],FAILED_BACK_INSIDE,,[],[],[],,,,,[],755,,,"[""CONTINUATION:BLOCK"", ""REACCELERATION:BLOCK"", ""REVERSAL:BLOCK""]",,,,,,NO_ACTION,,,,2026-07-31T11:54:00+05:30,TCS,,
REVERSAL_WATCH_STARTED,REVERSAL_WATCH,"[""DIR:TORNTPHARM:2026-07-31:002:UP:105700:REVERSAL_WATCH_STARTED:115400""]","[""REVERSAL_WATCH_STARTED""]",NONE,,[],[],[],,,,,[],756,,,[],,,,,,NO_ACTION,,,,2026-07-31T11:54:00+05:30,TORNTPHARM,,
NO_EVENT,REVERSAL_LEG,[],[],PROBABLE,,[],[],[],,,,,[],757,,,[],,,,,,NO_ACTION,,,,2026-07-31T11:57:00+05:30,BHEL,,
NO_EVENT,REVERSAL_WATCH,[],[],NONE,,[],[],[],,,,,[],758,,,[],,,,,,NO_ACTION,,,,2026-07-31T11:57:00+05:30,CHOLAFIN,,
NO_EVENT,NONE,[],[],LOCKED,UNKNOWN,[],[],[],AUCTION_SIGNAL_DOWNSTREAM_V2,OPEN,HOLD_POSITION,NONE,"[{""action"": ""HOLD"", ""signal_id"": ""2afed6e7-898c-5a79-8bf5-1d7891f21ccb"", ""setup"": ""REVERSAL"", ""side"": ""SELL"", ""stage"": ""TRANSITION"", ""status"": ""OPEN"", ""status_reason"": ""NO_CURRENT_CREATION_EVENT"", ""signal_action"": ""HOLD"", ""signal_state"": ""OPEN"", ""trade_action"": ""HOLD_POSITION"", ""management_posture"": ""CAUTION"", ""management_reason_code"": ""NO_CURRENT_CREATION_EVENT"", ""should_exit_signal"": false}]",759,CAUTION,NO_CURRENT_CREATION_EVENT,"[""CONTINUATION:BLOCK"", ""REACCELERATION:BLOCK"", ""REVERSAL:BLOCK""]",HOLD,CAND:995ee50ff305357125723e26,OPP:995ee50ff305357125723e26,1724.2,False,HOLD,TRANSITION,OPEN,NO_CURRENT_CREATION_EVENT,2026-07-31T11:57:00+05:30,COFORGE,False,ATR_MULTIPLE
NO_EVENT,DIRECTIONAL,[],[],NONE,OPPOSED,[],[],[],AUCTION_SIGNAL_DOWNSTREAM_V2,OPEN,HOLD_POSITION,NONE,"[{""action"": ""HOLD"", ""signal_id"": ""a73cb6c9-a388-53f1-92b2-41820e34edd3"", ""setup"": ""REVERSAL"", ""side"": ""SELL"", ""stage"": ""WEAKENING"", ""status"": ""OPEN"", ""status_reason"": ""AUTHORITATIVE_DIRECTION_OPPOSED"", ""signal_action"": ""HOLD"", ""signal_state"": ""OPEN"", ""trade_action"": ""HOLD_POSITION"", ""management_posture"": ""CAUTION"", ""management_reason_code"": ""AUTHORITATIVE_DIRECTION_OPPOSED"", ""should_exit_signal"": false}]",760,CAUTION,AUTHORITATIVE_DIRECTION_OPPOSED,[],HOLD,CAND:6644484c352c701feebfdf31,OPP:6644484c352c701feebfdf31,8026.5,False,HOLD,WEAKENING,OPEN,AUTHORITATIVE_DIRECTION_OPPOSED,2026-07-31T11:57:00+05:30,DIVISLAB,False,ATR_MULTIPLE
NO_EVENT,NONE,[],[],NONE,,[],[],[],,,,,[],761,,,[],,,,,,NO_ACTION,,,,2026-07-31T11:57:00+05:30,EXIDEIND,,
BALANCE_PROBABLE,NONE,"[""BAL:FORCEMOT:2026-07-31:002:NEUTRAL:114500:BALANCE_PROBABLE:115700""]","[""BALANCE_PROBABLE""]",PROBABLE,UNKNOWN,[],[],[],AUCTION_SIGNAL_DOWNSTREAM_V2,OPEN,HOLD_POSITION,NONE,"[{""action"": ""HOLD"", ""signal_id"": ""76d65cfd-3f5f-5419-81f1-24a924660ce7"", ""setup"": ""REVERSAL"", ""side"": ""BUY"", ""stage"": ""TRANSITION"", ""status"": ""OPEN"", ""status_reason"": ""NO_CURRENT_CREATION_EVENT"", ""signal_action"": ""HOLD"", ""signal_state"": ""OPEN"", ""trade_action"": ""HOLD_POSITION"", ""management_posture"": ""CAUTION"", ""management_reason_code"": ""NO_CURRENT_CREATION_EVENT"", ""should_exit_signal"": false}]",762,CAUTION,NO_CURRENT_CREATION_EVENT,[],HOLD,CAND:32b3a707960484f98d8399a7,OPP:32b3a707960484f98d8399a7,17907.0,False,HOLD,TRANSITION,OPEN,NO_CURRENT_CREATION_EVENT,2026-07-31T11:57:00+05:30,FORCEMOT,False,ATR_MULTIPLE
NO_EVENT,NONE,[],[],LOCKED,,[],[],[],,,,,[],763,,,"[""CONTINUATION:BLOCK"", ""REACCELERATION:BLOCK"", ""REVERSAL:BLOCK""]",,,,,,NO_ACTION,,,,2026-07-31T11:57:00+05:30,GLENMARK,,
NO_EVENT,REVERSAL_LEG,[],[],FAILED_BACK_INSIDE,ALIGNED,[],[],[],AUCTION_SIGNAL_DOWNSTREAM_V2,OPEN,HOLD_POSITION,NONE,"[{""action"": ""HOLD"", ""signal_id"": ""6c1d311c-b1e4-503d-9f2d-3a50df29da5d"", ""setup"": ""FAILED_BREAKOUT"", ""side"": ""SELL"", ""stage"": ""ACTIVE"", ""status"": ""OPEN"", ""status_reason"": ""AUTHORITATIVE_DIRECTIONAL_ALIGNED"", ""signal_action"": ""HOLD"", ""signal_state"": ""OPEN"", ""trade_action"": ""HOLD_POSITION"", ""management_posture"": ""STRENGTHEN"", ""management_reason_code"": ""AUTHORITATIVE_DIRECTIONAL_ALIGNED"", ""should_exit_signal"": false}]",764,STRENGTHEN,AUTHORITATIVE_DIRECTIONAL_ALIGNED,"[""CONTINUATION:BLOCK"", ""REACCELERATION:BLOCK"", ""REVERSAL:BLOCK""]",HOLD,CAND:296c26607039b07e87c6f497,OPP:296c26607039b07e87c6f497,388.0,False,HOLD,ACTIVE,OPEN,AUTHORITATIVE_DIRECTIONAL_ALIGNED,2026-07-31T11:57:00+05:30,INDUSTOWER,True,ATR_MULTIPLE
NO_EVENT,DIRECTIONAL,[],[],NONE,ALIGNED,[],[],[],AUCTION_SIGNAL_DOWNSTREAM_V2,OPEN,HOLD_POSITION,NONE,"[{""action"": ""HOLD"", ""signal_id"": ""fe205a27-ef8f-5bf7-9192-94593d799d94"", ""setup"": ""BREAKOUT_INITIATION"", ""side"": ""BUY"", ""stage"": ""ACTIVE"", ""status"": ""OPEN"", ""status_reason"": ""AUTHORITATIVE_DIRECTIONAL_ALIGNED"", ""signal_action"": ""HOLD"", ""signal_state"": ""OPEN"", ""trade_action"": ""HOLD_POSITION"", ""management_posture"": ""STRENGTHEN"", ""management_reason_code"": ""AUTHORITATIVE_DIRECTIONAL_ALIGNED"", ""should_exit_signal"": false}]",765,STRENGTHEN,AUTHORITATIVE_DIRECTIONAL_ALIGNED,[],HOLD,CAND:4a3872010c190995b2d63ff8,OPP:4a3872010c190995b2d63ff8,628.95,False,HOLD,ACTIVE,OPEN,AUTHORITATIVE_DIRECTIONAL_ALIGNED,2026-07-31T11:57:00+05:30,KALYANKJIL,True,ATR_MULTIPLE
NO_EVENT,NONE,[],[],FORMING,UNKNOWN,[],[],[],AUCTION_SIGNAL_DOWNSTREAM_V2,OPEN,HOLD_POSITION,NONE,"[{""action"": ""HOLD"", ""signal_id"": ""50c51811-b112-5f0f-9fcc-a1422ceea97c"", ""setup"": ""REVERSAL"", ""side"": ""BUY"", ""stage"": ""TRANSITION"", ""status"": ""OPEN"", ""status_reason"": ""NO_CURRENT_CREATION_EVENT"", ""signal_action"": ""HOLD"", ""signal_state"": ""OPEN"", ""trade_action"": ""HOLD_POSITION"", ""management_posture"": ""CAUTION"", ""management_reason_code"": ""NO_CURRENT_CREATION_EVENT"", ""should_exit_signal"": false}]",766,CAUTION,NO_CURRENT_CREATION_EVENT,[],HOLD,CAND:7316c4a2330c742a8803fe6c,OPP:7316c4a2330c742a8803fe6c,369.15,False,HOLD,TRANSITION,OPEN,NO_CURRENT_CREATION_EVENT,2026-07-31T11:57:00+05:30,MANAPPURAM,False,ATR_MULTIPLE
NO_EVENT,DIRECTIONAL,[],[],NONE,ALIGNED,[],[],[],AUCTION_SIGNAL_DOWNSTREAM_V2,OPEN,HOLD_POSITION,NONE,"[{""action"": ""HOLD"", ""signal_id"": ""cad8805e-c102-57a4-96c7-d70c9c07f5cc"", ""setup"": ""BREAKOUT_INITIATION"", ""side"": ""BUY"", ""stage"": ""ACTIVE"", ""status"": ""OPEN"", ""status_reason"": ""AUTHORITATIVE_DIRECTIONAL_ALIGNED"", ""signal_action"": ""HOLD"", ""signal_state"": ""OPEN"", ""trade_action"": ""HOLD_POSITION"", ""management_posture"": ""STRENGTHEN"", ""management_reason_code"": ""AUTHORITATIVE_DIRECTIONAL_ALIGNED"", ""should_exit_signal"": false}]",767,STRENGTHEN,AUTHORITATIVE_DIRECTIONAL_ALIGNED,[],HOLD,CAND:6e00ceac84968df1df4d7495,OPP:6e00ceac84968df1df4d7495,5416.9,False,HOLD,ACTIVE,OPEN,AUTHORITATIVE_DIRECTIONAL_ALIGNED,2026-07-31T11:57:00+05:30,PERSISTENT,True,ATR_MULTIPLE
NO_EVENT,REVERSAL_WATCH,[],[],FAILED_BACK_INSIDE,ALIGNED,[],[],[],AUCTION_SIGNAL_DOWNSTREAM_V2,OPEN,HOLD_POSITION,NONE,"[{""action"": ""HOLD"", ""signal_id"": ""57fbc3b0-0822-51b7-8515-450ea6586841"", ""setup"": ""FAILED_BREAKOUT"", ""side"": ""BUY"", ""stage"": ""PROTECT"", ""status"": ""OPEN"", ""status_reason"": ""AUTHORITATIVE_REVERSAL_WATCH"", ""signal_action"": ""HOLD"", ""signal_state"": ""OPEN"", ""trade_action"": ""HOLD_POSITION"", ""management_posture"": ""CAUTION"", ""management_reason_code"": ""AUTHORITATIVE_REVERSAL_WATCH"", ""should_exit_signal"": false}]",768,CAUTION,AUTHORITATIVE_REVERSAL_WATCH,"[""CONTINUATION:BLOCK"", ""REACCELERATION:BLOCK"", ""REVERSAL:BLOCK""]",HOLD,CAND:dc1ab160fa1ee75a10189da6,OPP:dc1ab160fa1ee75a10189da6,32370.0,False,HOLD,PROTECT,OPEN,AUTHORITATIVE_REVERSAL_WATCH,2026-07-31T11:57:00+05:30,POWERINDIA,False,ATR_MULTIPLE
NO_EVENT,NONE,[],[],FAILED_BACK_INSIDE,,[],[],[],,,,,[],769,,,"[""CONTINUATION:BLOCK"", ""REACCELERATION:BLOCK"", ""REVERSAL:BLOCK""]",,,,,,NO_ACTION,,,,2026-07-31T11:57:00+05:30,TCS,,
NO_EVENT,REVERSAL_WATCH,[],[],NONE,,[],[],[],,,,,[],770,,,[],,,,,,NO_ACTION,,,,2026-07-31T11:57:00+05:30,TORNTPHARM,,
DIRECTIONAL_REVERSAL_LEG_ESTABLISHED,DIRECTIONAL,"[""DIR:BHEL:2026-07-31:005:UP:113300:DIRECTIONAL_REVERSAL_LEG_ESTABLISHED:120000""]","[""DIRECTIONAL_REVERSAL_LEG_ESTABLISHED""]",PROBABLE,,[],[],[],,,,,[],771,,,"[""REVERSAL:PERMIT""]",,,,,,NO_ACTION,,,,2026-07-31T12:00:00+05:30,BHEL,,
DIRECTIONAL_TREND_RESTORED,DIRECTIONAL,"[""DIR:CHOLAFIN:2026-07-31:003:UP:104500:DIRECTIONAL_TREND_RESTORED:120000""]","[""DIRECTIONAL_TREND_RESTORED""]",NONE,,[],[],[],,,,,[],772,,,"[""CONTINUATION:PERMIT""]",,,,,,NO_ACTION,,,,2026-07-31T12:00:00+05:30,CHOLAFIN,,
NO_EVENT,NONE,[],[],LOCKED,UNKNOWN,[],[],[],AUCTION_SIGNAL_DOWNSTREAM_V2,OPEN,HOLD_POSITION,NONE,"[{""action"": ""HOLD"", ""signal_id"": ""2afed6e7-898c-5a79-8bf5-1d7891f21ccb"", ""setup"": ""REVERSAL"", ""side"": ""SELL"", ""stage"": ""TRANSITION"", ""status"": ""OPEN"", ""status_reason"": ""NO_CURRENT_CREATION_EVENT"", ""signal_action"": ""HOLD"", ""signal_state"": ""OPEN"", ""trade_action"": ""HOLD_POSITION"", ""management_posture"": ""CAUTION"", ""management_reason_code"": ""NO_CURRENT_CREATION_EVENT"", ""should_exit_signal"": false}]",773,CAUTION,NO_CURRENT_CREATION_EVENT,"[""CONTINUATION:BLOCK"", ""REACCELERATION:BLOCK"", ""REVERSAL:BLOCK""]",HOLD,CAND:995ee50ff305357125723e26,OPP:995ee50ff305357125723e26,1724.2,False,HOLD,TRANSITION,OPEN,NO_CURRENT_CREATION_EVENT,2026-07-31T12:00:00+05:30,COFORGE,False,ATR_MULTIPLE
NO_EVENT,DIRECTIONAL,[],[],NONE,OPPOSED,[],[],[],AUCTION_SIGNAL_DOWNSTREAM_V2,OPEN,HOLD_POSITION,NONE,"[{""action"": ""HOLD"", ""signal_id"": ""a73cb6c9-a388-53f1-92b2-41820e34edd3"", ""setup"": ""REVERSAL"", ""side"": ""SELL"", ""stage"": ""WEAKENING"", ""status"": ""OPEN"", ""status_reason"": ""AUTHORITATIVE_DIRECTION_OPPOSED"", ""signal_action"": ""HOLD"", ""signal_state"": ""OPEN"", ""trade_action"": ""HOLD_POSITION"", ""management_posture"": ""CAUTION"", ""management_reason_code"": ""AUTHORITATIVE_DIRECTION_OPPOSED"", ""should_exit_signal"": false}]",774,CAUTION,AUTHORITATIVE_DIRECTION_OPPOSED,[],HOLD,CAND:6644484c352c701feebfdf31,OPP:6644484c352c701feebfdf31,8026.5,False,HOLD,WEAKENING,OPEN,AUTHORITATIVE_DIRECTION_OPPOSED,2026-07-31T12:00:00+05:30,DIVISLAB,False,ATR_MULTIPLE
NO_EVENT,NONE,[],[],NONE,,[],[],[],,,,,[],775,,,[],,,,,,NO_ACTION,,,,2026-07-31T12:00:00+05:30,EXIDEIND,,
NO_EVENT,NONE,[],[],PROBABLE,UNKNOWN,[],[],[],AUCTION_SIGNAL_DOWNSTREAM_V2,OPEN,HOLD_POSITION,NONE,"[{""action"": ""HOLD"", ""signal_id"": ""76d65cfd-3f5f-5419-81f1-24a924660ce7"", ""setup"": ""REVERSAL"", ""side"": ""BUY"", ""stage"": ""TRANSITION"", ""status"": ""OPEN"", ""status_reason"": ""NO_CURRENT_CREATION_EVENT"", ""signal_action"": ""HOLD"", ""signal_state"": ""OPEN"", ""trade_action"": ""HOLD_POSITION"", ""management_posture"": ""CAUTION"", ""management_reason_code"": ""NO_CURRENT_CREATION_EVENT"", ""should_exit_signal"": false}]",776,CAUTION,NO_CURRENT_CREATION_EVENT,[],HOLD,CAND:32b3a707960484f98d8399a7,OPP:32b3a707960484f98d8399a7,17907.0,False,HOLD,TRANSITION,OPEN,NO_CURRENT_CREATION_EVENT,2026-07-31T12:00:00+05:30,FORCEMOT,False,ATR_MULTIPLE
NO_EVENT,NONE,[],[],LOCKED,,[],[],[],,,,,[],777,,,"[""CONTINUATION:BLOCK"", ""REACCELERATION:BLOCK"", ""REVERSAL:BLOCK""]",,,,,,NO_ACTION,,,,2026-07-31T12:00:00+05:30,GLENMARK,,
"DIRECTIONAL_REVERSAL_LEG_FAILED,DIRECTIONAL_COMPLETED",COMPLETED,"[""DIR:INDUSTOWER:2026-07-31:004:DOWN:115400:DIRECTIONAL_REVERSAL_LEG_FAILED:120000"", ""DIR:INDUSTOWER:2026-07-31:004:DOWN:115400:DIRECTIONAL_COMPLETED:120000""]","[""DIRECTIONAL_REVERSAL_LEG_FAILED"", ""DIRECTIONAL_COMPLETED""]",FAILED_BACK_INSIDE,ALIGNED,[],[],[],AUCTION_SIGNAL_DOWNSTREAM_V2,OPEN,HOLD_POSITION,NONE,"[{""action"": ""HOLD"", ""signal_id"": ""6c1d311c-b1e4-503d-9f2d-3a50df29da5d"", ""setup"": ""FAILED_BREAKOUT"", ""side"": ""SELL"", ""stage"": ""TRANSITION"", ""status"": ""OPEN"", ""status_reason"": ""NO_CURRENT_CREATION_EVENT"", ""signal_action"": ""HOLD"", ""signal_state"": ""OPEN"", ""trade_action"": ""HOLD_POSITION"", ""management_posture"": ""CAUTION"", ""management_reason_code"": ""NO_CURRENT_CREATION_EVENT"", ""should_exit_signal"": false}]",778,CAUTION,NO_CURRENT_CREATION_EVENT,"[""CONTINUATION:BLOCK"", ""REACCELERATION:BLOCK"", ""REVERSAL:BLOCK""]",HOLD,CAND:296c26607039b07e87c6f497,OPP:296c26607039b07e87c6f497,388.0,False,HOLD,TRANSITION,OPEN,NO_CURRENT_CREATION_EVENT,2026-07-31T12:00:00+05:30,INDUSTOWER,False,ATR_MULTIPLE
NO_EVENT,DIRECTIONAL,[],[],NONE,ALIGNED,[],[],[],AUCTION_SIGNAL_DOWNSTREAM_V2,OPEN,HOLD_POSITION,NONE,"[{""action"": ""HOLD"", ""signal_id"": ""fe205a27-ef8f-5bf7-9192-94593d799d94"", ""setup"": ""BREAKOUT_INITIATION"", ""side"": ""BUY"", ""stage"": ""ACTIVE"", ""status"": ""OPEN"", ""status_reason"": ""AUTHORITATIVE_DIRECTIONAL_ALIGNED"", ""signal_action"": ""HOLD"", ""signal_state"": ""OPEN"", ""trade_action"": ""HOLD_POSITION"", ""management_posture"": ""STRENGTHEN"", ""management_reason_code"": ""AUTHORITATIVE_DIRECTIONAL_ALIGNED"", ""should_exit_signal"": false}]",779,STRENGTHEN,AUTHORITATIVE_DIRECTIONAL_ALIGNED,[],HOLD,CAND:4a3872010c190995b2d63ff8,OPP:4a3872010c190995b2d63ff8,628.95,False,HOLD,ACTIVE,OPEN,AUTHORITATIVE_DIRECTIONAL_ALIGNED,2026-07-31T12:00:00+05:30,KALYANKJIL,True,ATR_MULTIPLE
NO_EVENT,NONE,[],[],FORMING,UNKNOWN,[],[],[],AUCTION_SIGNAL_DOWNSTREAM_V2,OPEN,HOLD_POSITION,NONE,"[{""action"": ""HOLD"", ""signal_id"": ""50c51811-b112-5f0f-9fcc-a1422ceea97c"", ""setup"": ""REVERSAL"", ""side"": ""BUY"", ""stage"": ""TRANSITION"", ""status"": ""OPEN"", ""status_reason"": ""NO_CURRENT_CREATION_EVENT"", ""signal_action"": ""HOLD"", ""signal_state"": ""OPEN"", ""trade_action"": ""HOLD_POSITION"", ""management_posture"": ""CAUTION"", ""management_reason_code"": ""NO_CURRENT_CREATION_EVENT"", ""should_exit_signal"": false}]",780,CAUTION,NO_CURRENT_CREATION_EVENT,[],HOLD,CAND:7316c4a2330c742a8803fe6c,OPP:7316c4a2330c742a8803fe6c,369.15,False,HOLD,TRANSITION,OPEN,NO_CURRENT_CREATION_EVENT,2026-07-31T12:00:00+05:30,MANAPPURAM,False,ATR_MULTIPLE
NO_EVENT,DIRECTIONAL,[],[],NONE,ALIGNED,[],[],[],AUCTION_SIGNAL_DOWNSTREAM_V2,OPEN,HOLD_POSITION,NONE,"[{""action"": ""HOLD"", ""signal_id"": ""cad8805e-c102-57a4-96c7-d70c9c07f5cc"", ""setup"": ""BREAKOUT_INITIATION"", ""side"": ""BUY"", ""stage"": ""ACTIVE"", ""status"": ""OPEN"", ""status_reason"": ""AUTHORITATIVE_DIRECTIONAL_ALIGNED"", ""signal_action"": ""HOLD"", ""signal_state"": ""OPEN"", ""trade_action"": ""HOLD_POSITION"", ""management_posture"": ""STRENGTHEN"", ""management_reason_code"": ""AUTHORITATIVE_DIRECTIONAL_ALIGNED"", ""should_exit_signal"": false}]",781,STRENGTHEN,AUTHORITATIVE_DIRECTIONAL_ALIGNED,[],HOLD,CAND:6e00ceac84968df1df4d7495,OPP:6e00ceac84968df1df4d7495,5416.9,False,HOLD,ACTIVE,OPEN,AUTHORITATIVE_DIRECTIONAL_ALIGNED,2026-07-31T12:00:00+05:30,PERSISTENT,True,ATR_MULTIPLE
NO_EVENT,REVERSAL_WATCH,[],[],FAILED_BACK_INSIDE,ALIGNED,[],[],[],AUCTION_SIGNAL_DOWNSTREAM_V2,OPEN,HOLD_POSITION,NONE,"[{""action"": ""HOLD"", ""signal_id"": ""57fbc3b0-0822-51b7-8515-450ea6586841"", ""setup"": ""FAILED_BREAKOUT"", ""side"": ""BUY"", ""stage"": ""PROTECT"", ""status"": ""OPEN"", ""status_reason"": ""AUTHORITATIVE_REVERSAL_WATCH"", ""signal_action"": ""HOLD"", ""signal_state"": ""OPEN"", ""trade_action"": ""HOLD_POSITION"", ""management_posture"": ""CAUTION"", ""management_reason_code"": ""AUTHORITATIVE_REVERSAL_WATCH"", ""should_exit_signal"": false}]",782,CAUTION,AUTHORITATIVE_REVERSAL_WATCH,"[""CONTINUATION:BLOCK"", ""REACCELERATION:BLOCK"", ""REVERSAL:BLOCK""]",HOLD,CAND:dc1ab160fa1ee75a10189da6,OPP:dc1ab160fa1ee75a10189da6,32370.0,False,HOLD,PROTECT,OPEN,AUTHORITATIVE_REVERSAL_WATCH,2026-07-31T12:00:00+05:30,POWERINDIA,False,ATR_MULTIPLE
NO_EVENT,NONE,[],[],FAILED_BACK_INSIDE,,[],[],[],,,,,[],783,,,"[""CONTINUATION:BLOCK"", ""REACCELERATION:BLOCK"", ""REVERSAL:BLOCK""]",,,,,,NO_ACTION,,,,2026-07-31T12:00:00+05:30,TCS,,
"DIRECTIONAL_REVERSAL_CONFIRMED,DIRECTIONAL_COMPLETED,DIRECTIONAL_REVERSAL_LEG_STARTED",REVERSAL_LEG,"[""DIR:TORNTPHARM:2026-07-31:002:UP:105700:DIRECTIONAL_REVERSAL_CONFIRMED:120000"", ""DIR:TORNTPHARM:2026-07-31:002:UP:105700:DIRECTIONAL_COMPLETED:120000"", ""DIR:TORNTPHARM:2026-07-31:003:DOWN:120000:DIRECTIONAL_REVERSAL_LEG_STARTED:120000""]","[""DIRECTIONAL_REVERSAL_CONFIRMED"", ""DIRECTIONAL_COMPLETED"", ""DIRECTIONAL_REVERSAL_LEG_STARTED""]",NONE,,[],[],[],,,,,[],784,,,"[""REVERSAL:WAIT""]",,,,,,NO_ACTION,,,,2026-07-31T12:00:00+05:30,TORNTPHARM,,
BALANCE_LOCKED,DIRECTIONAL,"[""BAL:BHEL:2026-07-31:002:NEUTRAL:114200:BALANCE_LOCKED:120300""]","[""BALANCE_LOCKED""]",LOCKED,,[],[],[],,,,,[],785,,,"[""CONTINUATION:BLOCK"", ""REACCELERATION:BLOCK"", ""REVERSAL:BLOCK""]",,,,,,NO_ACTION,,,,2026-07-31T12:03:00+05:30,BHEL,,
NO_EVENT,DIRECTIONAL,[],[],NONE,,[],[],[],,,,,[],786,,,[],,,,,,NO_ACTION,,,,2026-07-31T12:03:00+05:30,CHOLAFIN,,
NO_EVENT,NONE,[],[],LOCKED,UNKNOWN,[],[],[],AUCTION_SIGNAL_DOWNSTREAM_V2,OPEN,HOLD_POSITION,NONE,"[{""action"": ""HOLD"", ""signal_id"": ""2afed6e7-898c-5a79-8bf5-1d7891f21ccb"", ""setup"": ""REVERSAL"", ""side"": ""SELL"", ""stage"": ""TRANSITION"", ""status"": ""OPEN"", ""status_reason"": ""NO_CURRENT_CREATION_EVENT"", ""signal_action"": ""HOLD"", ""signal_state"": ""OPEN"", ""trade_action"": ""HOLD_POSITION"", ""management_posture"": ""CAUTION"", ""management_reason_code"": ""NO_CURRENT_CREATION_EVENT"", ""should_exit_signal"": false}]",787,CAUTION,NO_CURRENT_CREATION_EVENT,"[""CONTINUATION:BLOCK"", ""REACCELERATION:BLOCK"", ""REVERSAL:BLOCK""]",HOLD,CAND:995ee50ff305357125723e26,OPP:995ee50ff305357125723e26,1724.2,False,HOLD,TRANSITION,OPEN,NO_CURRENT_CREATION_EVENT,2026-07-31T12:03:00+05:30,COFORGE,False,ATR_MULTIPLE
NO_EVENT,DIRECTIONAL,[],[],NONE,OPPOSED,[],[],[],AUCTION_SIGNAL_DOWNSTREAM_V2,OPEN,HOLD_POSITION,NONE,"[{""action"": ""HOLD"", ""signal_id"": ""a73cb6c9-a388-53f1-92b2-41820e34edd3"", ""setup"": ""REVERSAL"", ""side"": ""SELL"", ""stage"": ""WEAKENING"", ""status"": ""OPEN"", ""status_reason"": ""AUTHORITATIVE_DIRECTION_OPPOSED"", ""signal_action"": ""HOLD"", ""signal_state"": ""OPEN"", ""trade_action"": ""HOLD_POSITION"", ""management_posture"": ""CAUTION"", ""management_reason_code"": ""AUTHORITATIVE_DIRECTION_OPPOSED"", ""should_exit_signal"": false}]",788,CAUTION,AUTHORITATIVE_DIRECTION_OPPOSED,[],HOLD,CAND:6644484c352c701feebfdf31,OPP:6644484c352c701feebfdf31,8026.5,False,HOLD,WEAKENING,OPEN,AUTHORITATIVE_DIRECTION_OPPOSED,2026-07-31T12:03:00+05:30,DIVISLAB,False,ATR_MULTIPLE
BALANCE_FORMING_STARTED,NONE,"[""BAL:EXIDEIND:2026-07-31:002:NEUTRAL:120300:BALANCE_FORMING_STARTED:120300""]","[""BALANCE_FORMING_STARTED""]",FORMING,,[],[],[],,,,,[],789,,,[],,,,,,NO_ACTION,,,,2026-07-31T12:03:00+05:30,EXIDEIND,,
NO_EVENT,NONE,[],[],PROBABLE,UNKNOWN,[],[],[],AUCTION_SIGNAL_DOWNSTREAM_V2,OPEN,HOLD_POSITION,NONE,"[{""action"": ""HOLD"", ""signal_id"": ""76d65cfd-3f5f-5419-81f1-24a924660ce7"", ""setup"": ""REVERSAL"", ""side"": ""BUY"", ""stage"": ""TRANSITION"", ""status"": ""OPEN"", ""status_reason"": ""NO_CURRENT_CREATION_EVENT"", ""signal_action"": ""HOLD"", ""signal_state"": ""OPEN"", ""trade_action"": ""HOLD_POSITION"", ""management_posture"": ""CAUTION"", ""management_reason_code"": ""NO_CURRENT_CREATION_EVENT"", ""should_exit_signal"": false}]",790,CAUTION,NO_CURRENT_CREATION_EVENT,[],HOLD,CAND:32b3a707960484f98d8399a7,OPP:32b3a707960484f98d8399a7,17907.0,False,HOLD,TRANSITION,OPEN,NO_CURRENT_CREATION_EVENT,2026-07-31T12:03:00+05:30,FORCEMOT,False,ATR_MULTIPLE
NO_EVENT,NONE,[],[],LOCKED,,[],[],[],,,,,[],791,,,"[""CONTINUATION:BLOCK"", ""REACCELERATION:BLOCK"", ""REVERSAL:BLOCK""]",,,,,,NO_ACTION,,,,2026-07-31T12:03:00+05:30,GLENMARK,,
NO_EVENT,NONE,[],[],FAILED_BACK_INSIDE,UNKNOWN,[],[],[],AUCTION_SIGNAL_DOWNSTREAM_V2,OPEN,HOLD_POSITION,NONE,"[{""action"": ""HOLD"", ""signal_id"": ""6c1d311c-b1e4-503d-9f2d-3a50df29da5d"", ""setup"": ""FAILED_BREAKOUT"", ""side"": ""SELL"", ""stage"": ""TRANSITION"", ""status"": ""OPEN"", ""status_reason"": ""NO_CURRENT_CREATION_EVENT"", ""signal_action"": ""HOLD"", ""signal_state"": ""OPEN"", ""trade_action"": ""HOLD_POSITION"", ""management_posture"": ""CAUTION"", ""management_reason_code"": ""NO_CURRENT_CREATION_EVENT"", ""should_exit_signal"": false}]",792,CAUTION,NO_CURRENT_CREATION_EVENT,"[""CONTINUATION:BLOCK"", ""REACCELERATION:BLOCK"", ""REVERSAL:BLOCK""]",HOLD,CAND:296c26607039b07e87c6f497,OPP:296c26607039b07e87c6f497,388.0,False,HOLD,TRANSITION,OPEN,NO_CURRENT_CREATION_EVENT,2026-07-31T12:03:00+05:30,INDUSTOWER,False,ATR_MULTIPLE
NO_EVENT,DIRECTIONAL,[],[],NONE,ALIGNED,[],[],[],AUCTION_SIGNAL_DOWNSTREAM_V2,OPEN,HOLD_POSITION,NONE,"[{""action"": ""HOLD"", ""signal_id"": ""fe205a27-ef8f-5bf7-9192-94593d799d94"", ""setup"": ""BREAKOUT_INITIATION"", ""side"": ""BUY"", ""stage"": ""ACTIVE"", ""status"": ""OPEN"", ""status_reason"": ""AUTHORITATIVE_DIRECTIONAL_ALIGNED"", ""signal_action"": ""HOLD"", ""signal_state"": ""OPEN"", ""trade_action"": ""HOLD_POSITION"", ""management_posture"": ""STRENGTHEN"", ""management_reason_code"": ""AUTHORITATIVE_DIRECTIONAL_ALIGNED"", ""should_exit_signal"": false}]",793,STRENGTHEN,AUTHORITATIVE_DIRECTIONAL_ALIGNED,[],HOLD,CAND:4a3872010c190995b2d63ff8,OPP:4a3872010c190995b2d63ff8,628.95,False,HOLD,ACTIVE,OPEN,AUTHORITATIVE_DIRECTIONAL_ALIGNED,2026-07-31T12:03:00+05:30,KALYANKJIL,True,ATR_MULTIPLE
NO_EVENT,NONE,[],[],FORMING,UNKNOWN,[],[],[],AUCTION_SIGNAL_DOWNSTREAM_V2,OPEN,HOLD_POSITION,NONE,"[{""action"": ""HOLD"", ""signal_id"": ""50c51811-b112-5f0f-9fcc-a1422ceea97c"", ""setup"": ""REVERSAL"", ""side"": ""BUY"", ""stage"": ""TRANSITION"", ""status"": ""OPEN"", ""status_reason"": ""NO_CURRENT_CREATION_EVENT"", ""signal_action"": ""HOLD"", ""signal_state"": ""OPEN"", ""trade_action"": ""HOLD_POSITION"", ""management_posture"": ""CAUTION"", ""management_reason_code"": ""NO_CURRENT_CREATION_EVENT"", ""should_exit_signal"": false}]",794,CAUTION,NO_CURRENT_CREATION_EVENT,[],HOLD,CAND:7316c4a2330c742a8803fe6c,OPP:7316c4a2330c742a8803fe6c,369.15,False,HOLD,TRANSITION,OPEN,NO_CURRENT_CREATION_EVENT,2026-07-31T12:03:00+05:30,MANAPPURAM,False,ATR_MULTIPLE
NO_EVENT,DIRECTIONAL,[],[],NONE,ALIGNED,[],[],[],AUCTION_SIGNAL_DOWNSTREAM_V2,OPEN,HOLD_POSITION,NONE,"[{""action"": ""HOLD"", ""signal_id"": ""cad8805e-c102-57a4-96c7-d70c9c07f5cc"", ""setup"": ""BREAKOUT_INITIATION"", ""side"": ""BUY"", ""stage"": ""ACTIVE"", ""status"": ""OPEN"", ""status_reason"": ""AUTHORITATIVE_DIRECTIONAL_ALIGNED"", ""signal_action"": ""HOLD"", ""signal_state"": ""OPEN"", ""trade_action"": ""HOLD_POSITION"", ""management_posture"": ""STRENGTHEN"", ""management_reason_code"": ""AUTHORITATIVE_DIRECTIONAL_ALIGNED"", ""should_exit_signal"": false}]",795,STRENGTHEN,AUTHORITATIVE_DIRECTIONAL_ALIGNED,[],HOLD,CAND:6e00ceac84968df1df4d7495,OPP:6e00ceac84968df1df4d7495,5416.9,False,HOLD,ACTIVE,OPEN,AUTHORITATIVE_DIRECTIONAL_ALIGNED,2026-07-31T12:03:00+05:30,PERSISTENT,True,ATR_MULTIPLE
NO_EVENT,REVERSAL_WATCH,[],[],FAILED_BACK_INSIDE,ALIGNED,[],[],[],AUCTION_SIGNAL_DOWNSTREAM_V2,OPEN,HOLD_POSITION,NONE,"[{""action"": ""HOLD"", ""signal_id"": ""57fbc3b0-0822-51b7-8515-450ea6586841"", ""setup"": ""FAILED_BREAKOUT"", ""side"": ""BUY"", ""stage"": ""PROTECT"", ""status"": ""OPEN"", ""status_reason"": ""AUTHORITATIVE_REVERSAL_WATCH"", ""signal_action"": ""HOLD"", ""signal_state"": ""OPEN"", ""trade_action"": ""HOLD_POSITION"", ""management_posture"": ""CAUTION"", ""management_reason_code"": ""AUTHORITATIVE_REVERSAL_WATCH"", ""should_exit_signal"": false}]",796,CAUTION,AUTHORITATIVE_REVERSAL_WATCH,"[""CONTINUATION:BLOCK"", ""REACCELERATION:BLOCK"", ""REVERSAL:BLOCK""]",HOLD,CAND:dc1ab160fa1ee75a10189da6,OPP:dc1ab160fa1ee75a10189da6,32370.0,False,HOLD,PROTECT,OPEN,AUTHORITATIVE_REVERSAL_WATCH,2026-07-31T12:03:00+05:30,POWERINDIA,False,ATR_MULTIPLE
NO_EVENT,NONE,[],[],FAILED_BACK_INSIDE,,[],[],[],,,,,[],797,,,"[""CONTINUATION:BLOCK"", ""REACCELERATION:BLOCK"", ""REVERSAL:BLOCK""]",,,,,,NO_ACTION,,,,2026-07-31T12:03:00+05:30,TCS,,
NO_EVENT,REVERSAL_LEG,[],[],NONE,,[],[],[],,,,,[],798,,,[],,,,,,NO_ACTION,,,,2026-07-31T12:03:00+05:30,TORNTPHARM,,
DIRECTIONAL_COMPLETED,COMPLETED,"[""DIR:BHEL:2026-07-31:005:UP:113300:DIRECTIONAL_COMPLETED:120600""]","[""DIRECTIONAL_COMPLETED""]",LOCKED,,[],[],[],,,,,[],799,,,"[""CONTINUATION:BLOCK"", ""REACCELERATION:BLOCK"", ""REVERSAL:BLOCK""]",,,,,,NO_ACTION,,,,2026-07-31T12:06:00+05:30,BHEL,,
DIRECTIONAL_MATURED,MATURE,"[""DIR:CHOLAFIN:2026-07-31:003:UP:104500:DIRECTIONAL_MATURED:120600""]","[""DIRECTIONAL_MATURED""]",NONE,,[],[],[],,,,,[],800,,,[],,,,,,NO_ACTION,,,,2026-07-31T12:06:00+05:30,CHOLAFIN,,
NO_EVENT,NONE,[],[],LOCKED,UNKNOWN,[],[],[],AUCTION_SIGNAL_DOWNSTREAM_V2,OPEN,HOLD_POSITION,NONE,"[{""action"": ""HOLD"", ""signal_id"": ""2afed6e7-898c-5a79-8bf5-1d7891f21ccb"", ""setup"": ""REVERSAL"", ""side"": ""SELL"", ""stage"": ""TRANSITION"", ""status"": ""OPEN"", ""status_reason"": ""NO_CURRENT_CREATION_EVENT"", ""signal_action"": ""HOLD"", ""signal_state"": ""OPEN"", ""trade_action"": ""HOLD_POSITION"", ""management_posture"": ""CAUTION"", ""management_reason_code"": ""NO_CURRENT_CREATION_EVENT"", ""should_exit_signal"": false}]",801,CAUTION,NO_CURRENT_CREATION_EVENT,"[""CONTINUATION:BLOCK"", ""REACCELERATION:BLOCK"", ""REVERSAL:BLOCK""]",HOLD,CAND:995ee50ff305357125723e26,OPP:995ee50ff305357125723e26,1724.2,False,HOLD,TRANSITION,OPEN,NO_CURRENT_CREATION_EVENT,2026-07-31T12:06:00+05:30,COFORGE,False,ATR_MULTIPLE
NO_EVENT,DIRECTIONAL,[],[],NONE,OPPOSED,[],[],[],AUCTION_SIGNAL_DOWNSTREAM_V2,OPEN,HOLD_POSITION,NONE,"[{""action"": ""HOLD"", ""signal_id"": ""a73cb6c9-a388-53f1-92b2-41820e34edd3"", ""setup"": ""REVERSAL"", ""side"": ""SELL"", ""stage"": ""WEAKENING"", ""status"": ""OPEN"", ""status_reason"": ""AUTHORITATIVE_DIRECTION_OPPOSED"", ""signal_action"": ""HOLD"", ""signal_state"": ""OPEN"", ""trade_action"": ""HOLD_POSITION"", ""management_posture"": ""CAUTION"", ""management_reason_code"": ""AUTHORITATIVE_DIRECTION_OPPOSED"", ""should_exit_signal"": false}]",802,CAUTION,AUTHORITATIVE_DIRECTION_OPPOSED,[],HOLD,CAND:6644484c352c701feebfdf31,OPP:6644484c352c701feebfdf31,8026.5,False,HOLD,WEAKENING,OPEN,AUTHORITATIVE_DIRECTION_OPPOSED,2026-07-31T12:06:00+05:30,DIVISLAB,False,ATR_MULTIPLE
NO_EVENT,NONE,[],[],FORMING,,[],[],[],,,,,[],803,,,[],,,,,,NO_ACTION,,,,2026-07-31T12:06:00+05:30,EXIDEIND,,
BALANCE_LOCKED,NONE,"[""BAL:FORCEMOT:2026-07-31:002:NEUTRAL:114500:BALANCE_LOCKED:120600""]","[""BALANCE_LOCKED""]",LOCKED,UNKNOWN,[],[],[],AUCTION_SIGNAL_DOWNSTREAM_V2,OPEN,HOLD_POSITION,NONE,"[{""action"": ""HOLD"", ""signal_id"": ""76d65cfd-3f5f-5419-81f1-24a924660ce7"", ""setup"": ""REVERSAL"", ""side"": ""BUY"", ""stage"": ""TRANSITION"", ""status"": ""OPEN"", ""status_reason"": ""NO_CURRENT_CREATION_EVENT"", ""signal_action"": ""HOLD"", ""signal_state"": ""OPEN"", ""trade_action"": ""HOLD_POSITION"", ""management_posture"": ""CAUTION"", ""management_reason_code"": ""NO_CURRENT_CREATION_EVENT"", ""should_exit_signal"": false}]",804,CAUTION,NO_CURRENT_CREATION_EVENT,"[""CONTINUATION:BLOCK"", ""REACCELERATION:BLOCK"", ""REVERSAL:BLOCK""]",HOLD,CAND:32b3a707960484f98d8399a7,OPP:32b3a707960484f98d8399a7,17907.0,False,HOLD,TRANSITION,OPEN,NO_CURRENT_CREATION_EVENT,2026-07-31T12:06:00+05:30,FORCEMOT,False,ATR_MULTIPLE
NO_EVENT,NONE,[],[],LOCKED,,[],[],[],,,,,[],805,,,"[""CONTINUATION:BLOCK"", ""REACCELERATION:BLOCK"", ""REVERSAL:BLOCK""]",,,,,,NO_ACTION,,,,2026-07-31T12:06:00+05:30,GLENMARK,,
NO_EVENT,NONE,[],[],FAILED_BACK_INSIDE,UNKNOWN,[],[],[],AUCTION_SIGNAL_DOWNSTREAM_V2,OPEN,HOLD_POSITION,NONE,"[{""action"": ""HOLD"", ""signal_id"": ""6c1d311c-b1e4-503d-9f2d-3a50df29da5d"", ""setup"": ""FAILED_BREAKOUT"", ""side"": ""SELL"", ""stage"": ""TRANSITION"", ""status"": ""OPEN"", ""status_reason"": ""NO_CURRENT_CREATION_EVENT"", ""signal_action"": ""HOLD"", ""signal_state"": ""OPEN"", ""trade_action"": ""HOLD_POSITION"", ""management_posture"": ""CAUTION"", ""management_reason_code"": ""NO_CURRENT_CREATION_EVENT"", ""should_exit_signal"": false}]",806,CAUTION,NO_CURRENT_CREATION_EVENT,"[""CONTINUATION:BLOCK"", ""REACCELERATION:BLOCK"", ""REVERSAL:BLOCK""]",HOLD,CAND:296c26607039b07e87c6f497,OPP:296c26607039b07e87c6f497,388.0,False,HOLD,TRANSITION,OPEN,NO_CURRENT_CREATION_EVENT,2026-07-31T12:06:00+05:30,INDUSTOWER,False,ATR_MULTIPLE
NO_EVENT,DIRECTIONAL,[],[],NONE,ALIGNED,[],[],[],AUCTION_SIGNAL_DOWNSTREAM_V2,OPEN,HOLD_POSITION,NONE,"[{""action"": ""HOLD"", ""signal_id"": ""fe205a27-ef8f-5bf7-9192-94593d799d94"", ""setup"": ""BREAKOUT_INITIATION"", ""side"": ""BUY"", ""stage"": ""ACTIVE"", ""status"": ""OPEN"", ""status_reason"": ""AUTHORITATIVE_DIRECTIONAL_ALIGNED"", ""signal_action"": ""HOLD"", ""signal_state"": ""OPEN"", ""trade_action"": ""HOLD_POSITION"", ""management_posture"": ""STRENGTHEN"", ""management_reason_code"": ""AUTHORITATIVE_DIRECTIONAL_ALIGNED"", ""should_exit_signal"": false}]",807,STRENGTHEN,AUTHORITATIVE_DIRECTIONAL_ALIGNED,[],HOLD,CAND:4a3872010c190995b2d63ff8,OPP:4a3872010c190995b2d63ff8,628.95,False,HOLD,ACTIVE,OPEN,AUTHORITATIVE_DIRECTIONAL_ALIGNED,2026-07-31T12:06:00+05:30,KALYANKJIL,True,ATR_MULTIPLE
NO_EVENT,NONE,[],[],FORMING,UNKNOWN,[],[],[],AUCTION_SIGNAL_DOWNSTREAM_V2,OPEN,HOLD_POSITION,NONE,"[{""action"": ""HOLD"", ""signal_id"": ""50c51811-b112-5f0f-9fcc-a1422ceea97c"", ""setup"": ""REVERSAL"", ""side"": ""BUY"", ""stage"": ""TRANSITION"", ""status"": ""OPEN"", ""status_reason"": ""NO_CURRENT_CREATION_EVENT"", ""signal_action"": ""HOLD"", ""signal_state"": ""OPEN"", ""trade_action"": ""HOLD_POSITION"", ""management_posture"": ""CAUTION"", ""management_reason_code"": ""NO_CURRENT_CREATION_EVENT"", ""should_exit_signal"": false}]",808,CAUTION,NO_CURRENT_CREATION_EVENT,[],HOLD,CAND:7316c4a2330c742a8803fe6c,OPP:7316c4a2330c742a8803fe6c,369.15,False,HOLD,TRANSITION,OPEN,NO_CURRENT_CREATION_EVENT,2026-07-31T12:06:00+05:30,MANAPPURAM,False,ATR_MULTIPLE
DIRECTIONAL_MATURED,MATURE,"[""DIR:PERSISTENT:2026-07-31:003:UP:112100:DIRECTIONAL_MATURED:120600""]","[""DIRECTIONAL_MATURED""]",NONE,ALIGNED,[],[],[],AUCTION_SIGNAL_DOWNSTREAM_V2,OPEN,HOLD_POSITION,NONE,"[{""action"": ""HOLD"", ""signal_id"": ""cad8805e-c102-57a4-96c7-d70c9c07f5cc"", ""setup"": ""BREAKOUT_INITIATION"", ""side"": ""BUY"", ""stage"": ""EXPAND"", ""status"": ""OPEN"", ""status_reason"": ""AUTHORITATIVE_DIRECTIONAL_MATURE"", ""signal_action"": ""HOLD"", ""signal_state"": ""OPEN"", ""trade_action"": ""HOLD_POSITION"", ""management_posture"": ""STRENGTHEN"", ""management_reason_code"": ""AUTHORITATIVE_DIRECTIONAL_MATURE"", ""should_exit_signal"": false}]",809,STRENGTHEN,AUTHORITATIVE_DIRECTIONAL_MATURE,[],HOLD,CAND:6e00ceac84968df1df4d7495,OPP:6e00ceac84968df1df4d7495,5416.9,False,HOLD,EXPAND,OPEN,AUTHORITATIVE_DIRECTIONAL_MATURE,2026-07-31T12:06:00+05:30,PERSISTENT,True,ATR_MULTIPLE
NO_EVENT,REVERSAL_WATCH,[],[],FAILED_BACK_INSIDE,ALIGNED,[],[],[],AUCTION_SIGNAL_DOWNSTREAM_V2,OPEN,HOLD_POSITION,NONE,"[{""action"": ""HOLD"", ""signal_id"": ""57fbc3b0-0822-51b7-8515-450ea6586841"", ""setup"": ""FAILED_BREAKOUT"", ""side"": ""BUY"", ""stage"": ""PROTECT"", ""status"": ""OPEN"", ""status_reason"": ""AUTHORITATIVE_REVERSAL_WATCH"", ""signal_action"": ""HOLD"", ""signal_state"": ""OPEN"", ""trade_action"": ""HOLD_POSITION"", ""management_posture"": ""CAUTION"", ""management_reason_code"": ""AUTHORITATIVE_REVERSAL_WATCH"", ""should_exit_signal"": false}]",810,CAUTION,AUTHORITATIVE_REVERSAL_WATCH,"[""CONTINUATION:BLOCK"", ""REACCELERATION:BLOCK"", ""REVERSAL:BLOCK""]",HOLD,CAND:dc1ab160fa1ee75a10189da6,OPP:dc1ab160fa1ee75a10189da6,32370.0,False,HOLD,PROTECT,OPEN,AUTHORITATIVE_REVERSAL_WATCH,2026-07-31T12:06:00+05:30,POWERINDIA,False,ATR_MULTIPLE
NO_EVENT,NONE,[],[],FAILED_BACK_INSIDE,,[],[],[],,,,,[],811,,,"[""CONTINUATION:BLOCK"", ""REACCELERATION:BLOCK"", ""REVERSAL:BLOCK""]",,,,,,NO_ACTION,,,,2026-07-31T12:06:00+05:30,TCS,,
NO_EVENT,REVERSAL_LEG,[],[],NONE,,[],[],[],,,,,[],812,,,[],,,,,,NO_ACTION,,,,2026-07-31T12:06:00+05:30,TORNTPHARM,,
BALANCE_ESCAPE_STARTED,NONE,"[""BAL:BHEL:2026-07-31:002:NEUTRAL:114200:BALANCE_ESCAPE_STARTED:120900""]","[""BALANCE_ESCAPE_STARTED""]",ESCAPE_WATCH,,[],[],[],,,,,[],813,,,"[""ACCEPTED_BREAKOUT:WAIT"", ""BREAKOUT_INITIATION:PERMIT"", ""CONTINUATION:BLOCK"", ""FAILED_BREAKOUT:WAIT"", ""REACCELERATION:BLOCK"", ""REVERSAL:BLOCK""]",,,,,,NO_ACTION,,,,2026-07-31T12:09:00+05:30,BHEL,,
REVERSAL_WATCH_STARTED,REVERSAL_WATCH,"[""DIR:CHOLAFIN:2026-07-31:003:UP:104500:REVERSAL_WATCH_STARTED:120900""]","[""REVERSAL_WATCH_STARTED""]",NONE,,[],[],[],,,,,[],814,,,[],,,,,,NO_ACTION,,,,2026-07-31T12:09:00+05:30,CHOLAFIN,,
NO_EVENT,NONE,[],[],LOCKED,UNKNOWN,[],[],[],AUCTION_SIGNAL_DOWNSTREAM_V2,OPEN,HOLD_POSITION,NONE,"[{""action"": ""HOLD"", ""signal_id"": ""2afed6e7-898c-5a79-8bf5-1d7891f21ccb"", ""setup"": ""REVERSAL"", ""side"": ""SELL"", ""stage"": ""TRANSITION"", ""status"": ""OPEN"", ""status_reason"": ""NO_CURRENT_CREATION_EVENT"", ""signal_action"": ""HOLD"", ""signal_state"": ""OPEN"", ""trade_action"": ""HOLD_POSITION"", ""management_posture"": ""CAUTION"", ""management_reason_code"": ""NO_CURRENT_CREATION_EVENT"", ""should_exit_signal"": false}]",815,CAUTION,NO_CURRENT_CREATION_EVENT,"[""CONTINUATION:BLOCK"", ""REACCELERATION:BLOCK"", ""REVERSAL:BLOCK""]",HOLD,CAND:995ee50ff305357125723e26,OPP:995ee50ff305357125723e26,1724.2,False,HOLD,TRANSITION,OPEN,NO_CURRENT_CREATION_EVENT,2026-07-31T12:09:00+05:30,COFORGE,False,ATR_MULTIPLE
DIRECTIONAL_MATURED,MATURE,"[""DIR:DIVISLAB:2026-07-31:003:UP:115400:DIRECTIONAL_MATURED:120900""]","[""DIRECTIONAL_MATURED""]",NONE,OPPOSED,[],[],[],AUCTION_SIGNAL_DOWNSTREAM_V2,OPEN,HOLD_POSITION,NONE,"[{""action"": ""HOLD"", ""signal_id"": ""a73cb6c9-a388-53f1-92b2-41820e34edd3"", ""setup"": ""REVERSAL"", ""side"": ""SELL"", ""stage"": ""WEAKENING"", ""status"": ""OPEN"", ""status_reason"": ""AUTHORITATIVE_DIRECTION_OPPOSED"", ""signal_action"": ""HOLD"", ""signal_state"": ""OPEN"", ""trade_action"": ""HOLD_POSITION"", ""management_posture"": ""CAUTION"", ""management_reason_code"": ""AUTHORITATIVE_DIRECTION_OPPOSED"", ""should_exit_signal"": false}]",816,CAUTION,AUTHORITATIVE_DIRECTION_OPPOSED,[],HOLD,CAND:6644484c352c701feebfdf31,OPP:6644484c352c701feebfdf31,8026.5,False,HOLD,WEAKENING,OPEN,AUTHORITATIVE_DIRECTION_OPPOSED,2026-07-31T12:09:00+05:30,DIVISLAB,False,ATR_MULTIPLE
NO_EVENT,NONE,[],[],FORMING,,[],[],[],,,,,[],817,,,[],,,,,,NO_ACTION,,,,2026-07-31T12:09:00+05:30,EXIDEIND,,
BALANCE_ESCAPE_STARTED,NONE,"[""BAL:FORCEMOT:2026-07-31:002:NEUTRAL:114500:BALANCE_ESCAPE_STARTED:120900""]","[""BALANCE_ESCAPE_STARTED""]",ESCAPE_WATCH,UNKNOWN,[],[],[],AUCTION_SIGNAL_DOWNSTREAM_V2,OPEN,HOLD_POSITION,NONE,"[{""action"": ""HOLD"", ""signal_id"": ""76d65cfd-3f5f-5419-81f1-24a924660ce7"", ""setup"": ""REVERSAL"", ""side"": ""BUY"", ""stage"": ""TRANSITION"", ""status"": ""OPEN"", ""status_reason"": ""NO_CURRENT_CREATION_EVENT"", ""signal_action"": ""HOLD"", ""signal_state"": ""OPEN"", ""trade_action"": ""HOLD_POSITION"", ""management_posture"": ""CAUTION"", ""management_reason_code"": ""NO_CURRENT_CREATION_EVENT"", ""should_exit_signal"": false}]",818,CAUTION,NO_CURRENT_CREATION_EVENT,"[""ACCEPTED_BREAKOUT:WAIT"", ""BREAKOUT_INITIATION:PERMIT"", ""CONTINUATION:BLOCK"", ""FAILED_BREAKOUT:WAIT"", ""REACCELERATION:BLOCK"", ""REVERSAL:BLOCK""]",HOLD,CAND:32b3a707960484f98d8399a7,OPP:32b3a707960484f98d8399a7,17907.0,False,HOLD,TRANSITION,OPEN,NO_CURRENT_CREATION_EVENT,2026-07-31T12:09:00+05:30,FORCEMOT,False,ATR_MULTIPLE
NO_EVENT,NONE,[],[],LOCKED,,[],[],[],,,,,[],819,,,"[""CONTINUATION:BLOCK"", ""REACCELERATION:BLOCK"", ""REVERSAL:BLOCK""]",,,,,,NO_ACTION,,,,2026-07-31T12:09:00+05:30,GLENMARK,,
NO_EVENT,NONE,[],[],FAILED_BACK_INSIDE,UNKNOWN,[],[],[],AUCTION_SIGNAL_DOWNSTREAM_V2,OPEN,HOLD_POSITION,NONE,"[{""action"": ""HOLD"", ""signal_id"": ""6c1d311c-b1e4-503d-9f2d-3a50df29da5d"", ""setup"": ""FAILED_BREAKOUT"", ""side"": ""SELL"", ""stage"": ""TRANSITION"", ""status"": ""OPEN"", ""status_reason"": ""NO_CURRENT_CREATION_EVENT"", ""signal_action"": ""HOLD"", ""signal_state"": ""OPEN"", ""trade_action"": ""HOLD_POSITION"", ""management_posture"": ""CAUTION"", ""management_reason_code"": ""NO_CURRENT_CREATION_EVENT"", ""should_exit_signal"": false}]",820,CAUTION,NO_CURRENT_CREATION_EVENT,"[""CONTINUATION:BLOCK"", ""REACCELERATION:BLOCK"", ""REVERSAL:BLOCK""]",HOLD,CAND:296c26607039b07e87c6f497,OPP:296c26607039b07e87c6f497,388.0,False,HOLD,TRANSITION,OPEN,NO_CURRENT_CREATION_EVENT,2026-07-31T12:09:00+05:30,INDUSTOWER,False,ATR_MULTIPLE
NO_EVENT,DIRECTIONAL,[],[],NONE,ALIGNED,[],[],[],AUCTION_SIGNAL_DOWNSTREAM_V2,OPEN,HOLD_POSITION,NONE,"[{""action"": ""HOLD"", ""signal_id"": ""fe205a27-ef8f-5bf7-9192-94593d799d94"", ""setup"": ""BREAKOUT_INITIATION"", ""side"": ""BUY"", ""stage"": ""ACTIVE"", ""status"": ""OPEN"", ""status_reason"": ""AUTHORITATIVE_DIRECTIONAL_ALIGNED"", ""signal_action"": ""HOLD"", ""signal_state"": ""OPEN"", ""trade_action"": ""HOLD_POSITION"", ""management_posture"": ""STRENGTHEN"", ""management_reason_code"": ""AUTHORITATIVE_DIRECTIONAL_ALIGNED"", ""should_exit_signal"": false}]",821,STRENGTHEN,AUTHORITATIVE_DIRECTIONAL_ALIGNED,[],HOLD,CAND:4a3872010c190995b2d63ff8,OPP:4a3872010c190995b2d63ff8,628.95,False,HOLD,ACTIVE,OPEN,AUTHORITATIVE_DIRECTIONAL_ALIGNED,2026-07-31T12:09:00+05:30,KALYANKJIL,True,ATR_MULTIPLE
NO_EVENT,NONE,[],[],FORMING,UNKNOWN,[],[],[],AUCTION_SIGNAL_DOWNSTREAM_V2,OPEN,HOLD_POSITION,NONE,"[{""action"": ""HOLD"", ""signal_id"": ""50c51811-b112-5f0f-9fcc-a1422ceea97c"", ""setup"": ""REVERSAL"", ""side"": ""BUY"", ""stage"": ""TRANSITION"", ""status"": ""OPEN"", ""status_reason"": ""NO_CURRENT_CREATION_EVENT"", ""signal_action"": ""HOLD"", ""signal_state"": ""OPEN"", ""trade_action"": ""HOLD_POSITION"", ""management_posture"": ""CAUTION"", ""management_reason_code"": ""NO_CURRENT_CREATION_EVENT"", ""should_exit_signal"": false}]",822,CAUTION,NO_CURRENT_CREATION_EVENT,[],HOLD,CAND:7316c4a2330c742a8803fe6c,OPP:7316c4a2330c742a8803fe6c,369.15,False,HOLD,TRANSITION,OPEN,NO_CURRENT_CREATION_EVENT,2026-07-31T12:09:00+05:30,MANAPPURAM,False,ATR_MULTIPLE
REVERSAL_WATCH_STARTED,REVERSAL_WATCH,"[""DIR:PERSISTENT:2026-07-31:003:UP:112100:REVERSAL_WATCH_STARTED:120900""]","[""REVERSAL_WATCH_STARTED""]",NONE,ALIGNED,[],[],[],AUCTION_SIGNAL_DOWNSTREAM_V2,OPEN,HOLD_POSITION,NONE,"[{""action"": ""HOLD"", ""signal_id"": ""cad8805e-c102-57a4-96c7-d70c9c07f5cc"", ""setup"": ""BREAKOUT_INITIATION"", ""side"": ""BUY"", ""stage"": ""PROTECT"", ""status"": ""OPEN"", ""status_reason"": ""AUTHORITATIVE_REVERSAL_WATCH"", ""signal_action"": ""HOLD"", ""signal_state"": ""OPEN"", ""trade_action"": ""HOLD_POSITION"", ""management_posture"": ""CAUTION"", ""management_reason_code"": ""AUTHORITATIVE_REVERSAL_WATCH"", ""should_exit_signal"": false}]",823,CAUTION,AUTHORITATIVE_REVERSAL_WATCH,[],HOLD,CAND:6e00ceac84968df1df4d7495,OPP:6e00ceac84968df1df4d7495,5416.9,False,HOLD,PROTECT,OPEN,AUTHORITATIVE_REVERSAL_WATCH,2026-07-31T12:09:00+05:30,PERSISTENT,False,ATR_MULTIPLE
NO_EVENT,REVERSAL_WATCH,[],[],FAILED_BACK_INSIDE,ALIGNED,[],[],[],AUCTION_SIGNAL_DOWNSTREAM_V2,OPEN,HOLD_POSITION,NONE,"[{""action"": ""HOLD"", ""signal_id"": ""57fbc3b0-0822-51b7-8515-450ea6586841"", ""setup"": ""FAILED_BREAKOUT"", ""side"": ""BUY"", ""stage"": ""PROTECT"", ""status"": ""OPEN"", ""status_reason"": ""AUTHORITATIVE_REVERSAL_WATCH"", ""signal_action"": ""HOLD"", ""signal_state"": ""OPEN"", ""trade_action"": ""HOLD_POSITION"", ""management_posture"": ""CAUTION"", ""management_reason_code"": ""AUTHORITATIVE_REVERSAL_WATCH"", ""should_exit_signal"": false}]",824,CAUTION,AUTHORITATIVE_REVERSAL_WATCH,"[""CONTINUATION:BLOCK"", ""REACCELERATION:BLOCK"", ""REVERSAL:BLOCK""]",HOLD,CAND:dc1ab160fa1ee75a10189da6,OPP:dc1ab160fa1ee75a10189da6,32370.0,False,HOLD,PROTECT,OPEN,AUTHORITATIVE_REVERSAL_WATCH,2026-07-31T12:09:00+05:30,POWERINDIA,False,ATR_MULTIPLE
NO_EVENT,NONE,[],[],FAILED_BACK_INSIDE,,[],[],[],,,,,[],825,,,"[""CONTINUATION:BLOCK"", ""REACCELERATION:BLOCK"", ""REVERSAL:BLOCK""]",,,,,,NO_ACTION,,,,2026-07-31T12:09:00+05:30,TCS,,
"DIRECTIONAL_REVERSAL_LEG_FAILED,DIRECTIONAL_COMPLETED",COMPLETED,"[""DIR:TORNTPHARM:2026-07-31:003:DOWN:120000:DIRECTIONAL_REVERSAL_LEG_FAILED:120900"", ""DIR:TORNTPHARM:2026-07-31:003:DOWN:120000:DIRECTIONAL_COMPLETED:120900""]","[""DIRECTIONAL_REVERSAL_LEG_FAILED"", ""DIRECTIONAL_COMPLETED""]",NONE,,[],[],[],,,,,[],826,,,[],,,,,,NO_ACTION,,,,2026-07-31T12:09:00+05:30,TORNTPHARM,,
BALANCE_ESCAPE_ACCEPTED,NONE,"[""BAL:BHEL:2026-07-31:002:NEUTRAL:114200:BALANCE_ESCAPE_ACCEPTED:121200""]","[""BALANCE_ESCAPE_ACCEPTED""]",ACCEPTED_OUTSIDE,,[],[],[],,,,,[],827,,,"[""ACCEPTED_BREAKOUT:PERMIT""]",,,,,,NO_ACTION,,,,2026-07-31T12:12:00+05:30,BHEL,,
NO_EVENT,REVERSAL_WATCH,[],[],NONE,,[],[],[],,,,,[],828,,,[],,,,,,NO_ACTION,,,,2026-07-31T12:12:00+05:30,CHOLAFIN,,
NO_EVENT,NONE,[],[],LOCKED,UNKNOWN,[],[],[],AUCTION_SIGNAL_DOWNSTREAM_V2,OPEN,HOLD_POSITION,NONE,"[{""action"": ""HOLD"", ""signal_id"": ""2afed6e7-898c-5a79-8bf5-1d7891f21ccb"", ""setup"": ""REVERSAL"", ""side"": ""SELL"", ""stage"": ""TRANSITION"", ""status"": ""OPEN"", ""status_reason"": ""NO_CURRENT_CREATION_EVENT"", ""signal_action"": ""HOLD"", ""signal_state"": ""OPEN"", ""trade_action"": ""HOLD_POSITION"", ""management_posture"": ""CAUTION"", ""management_reason_code"": ""NO_CURRENT_CREATION_EVENT"", ""should_exit_signal"": false}]",829,CAUTION,NO_CURRENT_CREATION_EVENT,"[""CONTINUATION:BLOCK"", ""REACCELERATION:BLOCK"", ""REVERSAL:BLOCK""]",HOLD,CAND:995ee50ff305357125723e26,OPP:995ee50ff305357125723e26,1724.2,False,HOLD,TRANSITION,OPEN,NO_CURRENT_CREATION_EVENT,2026-07-31T12:12:00+05:30,COFORGE,False,ATR_MULTIPLE
REVERSAL_WATCH_STARTED,REVERSAL_WATCH,"[""DIR:DIVISLAB:2026-07-31:003:UP:115400:REVERSAL_WATCH_STARTED:121200""]","[""REVERSAL_WATCH_STARTED""]",NONE,OPPOSED,[],[],[],AUCTION_SIGNAL_DOWNSTREAM_V2,OPEN,HOLD_POSITION,NONE,"[{""action"": ""HOLD"", ""signal_id"": ""a73cb6c9-a388-53f1-92b2-41820e34edd3"", ""setup"": ""REVERSAL"", ""side"": ""SELL"", ""stage"": ""PROTECT"", ""status"": ""OPEN"", ""status_reason"": ""AUTHORITATIVE_REVERSAL_WATCH"", ""signal_action"": ""HOLD"", ""signal_state"": ""OPEN"", ""trade_action"": ""HOLD_POSITION"", ""management_posture"": ""CAUTION"", ""management_reason_code"": ""AUTHORITATIVE_REVERSAL_WATCH"", ""should_exit_signal"": false}]",830,CAUTION,AUTHORITATIVE_REVERSAL_WATCH,[],HOLD,CAND:6644484c352c701feebfdf31,OPP:6644484c352c701feebfdf31,8026.5,False,HOLD,PROTECT,OPEN,AUTHORITATIVE_REVERSAL_WATCH,2026-07-31T12:12:00+05:30,DIVISLAB,False,ATR_MULTIPLE
NO_EVENT,NONE,[],[],FORMING,,[],[],[],,,,,[],831,,,[],,,,,,NO_ACTION,,,,2026-07-31T12:12:00+05:30,EXIDEIND,,
BALANCE_ESCAPE_FAILED,NONE,"[""BAL:FORCEMOT:2026-07-31:002:NEUTRAL:114500:BALANCE_ESCAPE_FAILED:121200""]","[""BALANCE_ESCAPE_FAILED""]",FAILED_BACK_INSIDE,UNKNOWN,[],[],[],AUCTION_SIGNAL_DOWNSTREAM_V2,OPEN,HOLD_POSITION,NONE,"[{""action"": ""HOLD"", ""signal_id"": ""76d65cfd-3f5f-5419-81f1-24a924660ce7"", ""setup"": ""REVERSAL"", ""side"": ""BUY"", ""stage"": ""TRANSITION"", ""status"": ""OPEN"", ""status_reason"": ""NO_CURRENT_CREATION_EVENT"", ""signal_action"": ""HOLD"", ""signal_state"": ""OPEN"", ""trade_action"": ""HOLD_POSITION"", ""management_posture"": ""CAUTION"", ""management_reason_code"": ""NO_CURRENT_CREATION_EVENT"", ""should_exit_signal"": false}]",832,CAUTION,NO_CURRENT_CREATION_EVENT,"[""CONTINUATION:BLOCK"", ""FAILED_BREAKOUT:PERMIT"", ""REACCELERATION:BLOCK"", ""REVERSAL:BLOCK""]",HOLD,CAND:32b3a707960484f98d8399a7,OPP:32b3a707960484f98d8399a7,17907.0,False,HOLD,TRANSITION,OPEN,NO_CURRENT_CREATION_EVENT,2026-07-31T12:12:00+05:30,FORCEMOT,False,ATR_MULTIPLE
NO_EVENT,NONE,[],[],LOCKED,,[],[],[],,,,,[],833,,,"[""CONTINUATION:BLOCK"", ""REACCELERATION:BLOCK"", ""REVERSAL:BLOCK""]",,,,,,NO_ACTION,,,,2026-07-31T12:12:00+05:30,GLENMARK,,
NO_EVENT,NONE,[],[],FAILED_BACK_INSIDE,UNKNOWN,[],[],[],AUCTION_SIGNAL_DOWNSTREAM_V2,OPEN,HOLD_POSITION,NONE,"[{""action"": ""HOLD"", ""signal_id"": ""6c1d311c-b1e4-503d-9f2d-3a50df29da5d"", ""setup"": ""FAILED_BREAKOUT"", ""side"": ""SELL"", ""stage"": ""TRANSITION"", ""status"": ""OPEN"", ""status_reason"": ""NO_CURRENT_CREATION_EVENT"", ""signal_action"": ""HOLD"", ""signal_state"": ""OPEN"", ""trade_action"": ""HOLD_POSITION"", ""management_posture"": ""CAUTION"", ""management_reason_code"": ""NO_CURRENT_CREATION_EVENT"", ""should_exit_signal"": false}]",834,CAUTION,NO_CURRENT_CREATION_EVENT,"[""CONTINUATION:BLOCK"", ""REACCELERATION:BLOCK"", ""REVERSAL:BLOCK""]",HOLD,CAND:296c26607039b07e87c6f497,OPP:296c26607039b07e87c6f497,388.0,False,HOLD,TRANSITION,OPEN,NO_CURRENT_CREATION_EVENT,2026-07-31T12:12:00+05:30,INDUSTOWER,False,ATR_MULTIPLE
NO_EVENT,DIRECTIONAL,[],[],NONE,ALIGNED,[],[],[],AUCTION_SIGNAL_DOWNSTREAM_V2,OPEN,HOLD_POSITION,NONE,"[{""action"": ""HOLD"", ""signal_id"": ""fe205a27-ef8f-5bf7-9192-94593d799d94"", ""setup"": ""BREAKOUT_INITIATION"", ""side"": ""BUY"", ""stage"": ""ACTIVE"", ""status"": ""OPEN"", ""status_reason"": ""AUTHORITATIVE_DIRECTIONAL_ALIGNED"", ""signal_action"": ""HOLD"", ""signal_state"": ""OPEN"", ""trade_action"": ""HOLD_POSITION"", ""management_posture"": ""STRENGTHEN"", ""management_reason_code"": ""AUTHORITATIVE_DIRECTIONAL_ALIGNED"", ""should_exit_signal"": false}]",835,STRENGTHEN,AUTHORITATIVE_DIRECTIONAL_ALIGNED,[],HOLD,CAND:4a3872010c190995b2d63ff8,OPP:4a3872010c190995b2d63ff8,628.95,False,HOLD,ACTIVE,OPEN,AUTHORITATIVE_DIRECTIONAL_ALIGNED,2026-07-31T12:12:00+05:30,KALYANKJIL,True,ATR_MULTIPLE
NO_EVENT,NONE,[],[],FORMING,UNKNOWN,[],[],[],AUCTION_SIGNAL_DOWNSTREAM_V2,OPEN,HOLD_POSITION,NONE,"[{""action"": ""HOLD"", ""signal_id"": ""50c51811-b112-5f0f-9fcc-a1422ceea97c"", ""setup"": ""REVERSAL"", ""side"": ""BUY"", ""stage"": ""TRANSITION"", ""status"": ""OPEN"", ""status_reason"": ""NO_CURRENT_CREATION_EVENT"", ""signal_action"": ""HOLD"", ""signal_state"": ""OPEN"", ""trade_action"": ""HOLD_POSITION"", ""management_posture"": ""CAUTION"", ""management_reason_code"": ""NO_CURRENT_CREATION_EVENT"", ""should_exit_signal"": false}]",836,CAUTION,NO_CURRENT_CREATION_EVENT,[],HOLD,CAND:7316c4a2330c742a8803fe6c,OPP:7316c4a2330c742a8803fe6c,369.15,False,HOLD,TRANSITION,OPEN,NO_CURRENT_CREATION_EVENT,2026-07-31T12:12:00+05:30,MANAPPURAM,False,ATR_MULTIPLE
NO_EVENT,REVERSAL_WATCH,[],[],NONE,ALIGNED,[],[],[],AUCTION_SIGNAL_DOWNSTREAM_V2,OPEN,HOLD_POSITION,NONE,"[{""action"": ""HOLD"", ""signal_id"": ""cad8805e-c102-57a4-96c7-d70c9c07f5cc"", ""setup"": ""BREAKOUT_INITIATION"", ""side"": ""BUY"", ""stage"": ""PROTECT"", ""status"": ""OPEN"", ""status_reason"": ""AUTHORITATIVE_REVERSAL_WATCH"", ""signal_action"": ""HOLD"", ""signal_state"": ""OPEN"", ""trade_action"": ""HOLD_POSITION"", ""management_posture"": ""CAUTION"", ""management_reason_code"": ""AUTHORITATIVE_REVERSAL_WATCH"", ""should_exit_signal"": false}]",837,CAUTION,AUTHORITATIVE_REVERSAL_WATCH,[],HOLD,CAND:6e00ceac84968df1df4d7495,OPP:6e00ceac84968df1df4d7495,5416.9,False,HOLD,PROTECT,OPEN,AUTHORITATIVE_REVERSAL_WATCH,2026-07-31T12:12:00+05:30,PERSISTENT,False,ATR_MULTIPLE
NO_EVENT,REVERSAL_WATCH,[],[],FAILED_BACK_INSIDE,ALIGNED,[],[],[],AUCTION_SIGNAL_DOWNSTREAM_V2,OPEN,HOLD_POSITION,NONE,"[{""action"": ""HOLD"", ""signal_id"": ""57fbc3b0-0822-51b7-8515-450ea6586841"", ""setup"": ""FAILED_BREAKOUT"", ""side"": ""BUY"", ""stage"": ""PROTECT"", ""status"": ""OPEN"", ""status_reason"": ""AUTHORITATIVE_REVERSAL_WATCH"", ""signal_action"": ""HOLD"", ""signal_state"": ""OPEN"", ""trade_action"": ""HOLD_POSITION"", ""management_posture"": ""CAUTION"", ""management_reason_code"": ""AUTHORITATIVE_REVERSAL_WATCH"", ""should_exit_signal"": false}]",838,CAUTION,AUTHORITATIVE_REVERSAL_WATCH,"[""CONTINUATION:BLOCK"", ""REACCELERATION:BLOCK"", ""REVERSAL:BLOCK""]",HOLD,CAND:dc1ab160fa1ee75a10189da6,OPP:dc1ab160fa1ee75a10189da6,32370.0,False,HOLD,PROTECT,OPEN,AUTHORITATIVE_REVERSAL_WATCH,2026-07-31T12:12:00+05:30,POWERINDIA,False,ATR_MULTIPLE
NO_EVENT,NONE,[],[],FAILED_BACK_INSIDE,,[],[],[],,,,,[],839,,,"[""CONTINUATION:BLOCK"", ""REACCELERATION:BLOCK"", ""REVERSAL:BLOCK""]",,,,,,NO_ACTION,,,,2026-07-31T12:12:00+05:30,TCS,,
NO_EVENT,NONE,[],[],NONE,,[],[],[],,,,,[],840,,,[],,,,,,NO_ACTION,,,,2026-07-31T12:12:00+05:30,TORNTPHARM,,
BALANCE_COMPLETED,NONE,"[""BAL:BHEL:2026-07-31:002:NEUTRAL:114200:BALANCE_COMPLETED:121500""]","[""BALANCE_COMPLETED""]",COMPLETED,,[],[],[],,,,,[],841,,,[],,,,,,NO_ACTION,,,,2026-07-31T12:15:00+05:30,BHEL,,
NO_EVENT,REVERSAL_WATCH,[],[],NONE,,[],[],[],,,,,[],842,,,[],,,,,,NO_ACTION,,,,2026-07-31T12:15:00+05:30,CHOLAFIN,,
NO_EVENT,NONE,[],[],LOCKED,UNKNOWN,[],[],[],AUCTION_SIGNAL_DOWNSTREAM_V2,OPEN,HOLD_POSITION,NONE,"[{""action"": ""HOLD"", ""signal_id"": ""2afed6e7-898c-5a79-8bf5-1d7891f21ccb"", ""setup"": ""REVERSAL"", ""side"": ""SELL"", ""stage"": ""TRANSITION"", ""status"": ""OPEN"", ""status_reason"": ""NO_CURRENT_CREATION_EVENT"", ""signal_action"": ""HOLD"", ""signal_state"": ""OPEN"", ""trade_action"": ""HOLD_POSITION"", ""management_posture"": ""CAUTION"", ""management_reason_code"": ""NO_CURRENT_CREATION_EVENT"", ""should_exit_signal"": false}]",843,CAUTION,NO_CURRENT_CREATION_EVENT,"[""CONTINUATION:BLOCK"", ""REACCELERATION:BLOCK"", ""REVERSAL:BLOCK""]",HOLD,CAND:995ee50ff305357125723e26,OPP:995ee50ff305357125723e26,1724.2,False,HOLD,TRANSITION,OPEN,NO_CURRENT_CREATION_EVENT,2026-07-31T12:15:00+05:30,COFORGE,False,ATR_MULTIPLE
NO_EVENT,REVERSAL_WATCH,[],[],NONE,OPPOSED,[],[],[],AUCTION_SIGNAL_DOWNSTREAM_V2,OPEN,HOLD_POSITION,NONE,"[{""action"": ""HOLD"", ""signal_id"": ""a73cb6c9-a388-53f1-92b2-41820e34edd3"", ""setup"": ""REVERSAL"", ""side"": ""SELL"", ""stage"": ""PROTECT"", ""status"": ""OPEN"", ""status_reason"": ""AUTHORITATIVE_REVERSAL_WATCH"", ""signal_action"": ""HOLD"", ""signal_state"": ""OPEN"", ""trade_action"": ""HOLD_POSITION"", ""management_posture"": ""CAUTION"", ""management_reason_code"": ""AUTHORITATIVE_REVERSAL_WATCH"", ""should_exit_signal"": false}]",844,CAUTION,AUTHORITATIVE_REVERSAL_WATCH,[],HOLD,CAND:6644484c352c701feebfdf31,OPP:6644484c352c701feebfdf31,8026.5,False,HOLD,PROTECT,OPEN,AUTHORITATIVE_REVERSAL_WATCH,2026-07-31T12:15:00+05:30,DIVISLAB,False,ATR_MULTIPLE
BALANCE_PROBABLE,NONE,"[""BAL:EXIDEIND:2026-07-31:002:NEUTRAL:120300:BALANCE_PROBABLE:121500""]","[""BALANCE_PROBABLE""]",PROBABLE,,[],[],[],,,,,[],845,,,[],,,,,,NO_ACTION,,,,2026-07-31T12:15:00+05:30,EXIDEIND,,
NO_EVENT,NONE,[],[],FAILED_BACK_INSIDE,UNKNOWN,[],[],[],AUCTION_SIGNAL_DOWNSTREAM_V2,OPEN,HOLD_POSITION,NONE,"[{""action"": ""HOLD"", ""signal_id"": ""76d65cfd-3f5f-5419-81f1-24a924660ce7"", ""setup"": ""REVERSAL"", ""side"": ""BUY"", ""stage"": ""TRANSITION"", ""status"": ""OPEN"", ""status_reason"": ""NO_CURRENT_CREATION_EVENT"", ""signal_action"": ""HOLD"", ""signal_state"": ""OPEN"", ""trade_action"": ""HOLD_POSITION"", ""management_posture"": ""CAUTION"", ""management_reason_code"": ""NO_CURRENT_CREATION_EVENT"", ""should_exit_signal"": false}]",846,CAUTION,NO_CURRENT_CREATION_EVENT,"[""CONTINUATION:BLOCK"", ""REACCELERATION:BLOCK"", ""REVERSAL:BLOCK""]",HOLD,CAND:32b3a707960484f98d8399a7,OPP:32b3a707960484f98d8399a7,17907.0,False,HOLD,TRANSITION,OPEN,NO_CURRENT_CREATION_EVENT,2026-07-31T12:15:00+05:30,FORCEMOT,False,ATR_MULTIPLE
NO_EVENT,NONE,[],[],LOCKED,,[],[],[],,,,,[],847,,,"[""CONTINUATION:BLOCK"", ""REACCELERATION:BLOCK"", ""REVERSAL:BLOCK""]",,,,,,NO_ACTION,,,,2026-07-31T12:15:00+05:30,GLENMARK,,
NO_EVENT,NONE,[],[],FAILED_BACK_INSIDE,UNKNOWN,[],[],[],AUCTION_SIGNAL_DOWNSTREAM_V2,OPEN,HOLD_POSITION,NONE,"[{""action"": ""HOLD"", ""signal_id"": ""6c1d311c-b1e4-503d-9f2d-3a50df29da5d"", ""setup"": ""FAILED_BREAKOUT"", ""side"": ""SELL"", ""stage"": ""TRANSITION"", ""status"": ""OPEN"", ""status_reason"": ""NO_CURRENT_CREATION_EVENT"", ""signal_action"": ""HOLD"", ""signal_state"": ""OPEN"", ""trade_action"": ""HOLD_POSITION"", ""management_posture"": ""CAUTION"", ""management_reason_code"": ""NO_CURRENT_CREATION_EVENT"", ""should_exit_signal"": false}]",848,CAUTION,NO_CURRENT_CREATION_EVENT,"[""CONTINUATION:BLOCK"", ""REACCELERATION:BLOCK"", ""REVERSAL:BLOCK""]",HOLD,CAND:296c26607039b07e87c6f497,OPP:296c26607039b07e87c6f497,388.0,False,HOLD,TRANSITION,OPEN,NO_CURRENT_CREATION_EVENT,2026-07-31T12:15:00+05:30,INDUSTOWER,False,ATR_MULTIPLE
NO_EVENT,DIRECTIONAL,[],[],NONE,ALIGNED,[],[],[],AUCTION_SIGNAL_DOWNSTREAM_V2,OPEN,HOLD_POSITION,NONE,"[{""action"": ""HOLD"", ""signal_id"": ""fe205a27-ef8f-5bf7-9192-94593d799d94"", ""setup"": ""BREAKOUT_INITIATION"", ""side"": ""BUY"", ""stage"": ""ACTIVE"", ""status"": ""OPEN"", ""status_reason"": ""AUTHORITATIVE_DIRECTIONAL_ALIGNED"", ""signal_action"": ""HOLD"", ""signal_state"": ""OPEN"", ""trade_action"": ""HOLD_POSITION"", ""management_posture"": ""STRENGTHEN"", ""management_reason_code"": ""AUTHORITATIVE_DIRECTIONAL_ALIGNED"", ""should_exit_signal"": false}]",849,STRENGTHEN,AUTHORITATIVE_DIRECTIONAL_ALIGNED,[],HOLD,CAND:4a3872010c190995b2d63ff8,OPP:4a3872010c190995b2d63ff8,628.95,False,HOLD,ACTIVE,OPEN,AUTHORITATIVE_DIRECTIONAL_ALIGNED,2026-07-31T12:15:00+05:30,KALYANKJIL,True,ATR_MULTIPLE
NO_EVENT,NONE,[],[],FORMING,UNKNOWN,[],[],[],AUCTION_SIGNAL_DOWNSTREAM_V2,OPEN,HOLD_POSITION,NONE,"[{""action"": ""HOLD"", ""signal_id"": ""50c51811-b112-5f0f-9fcc-a1422ceea97c"", ""setup"": ""REVERSAL"", ""side"": ""BUY"", ""stage"": ""TRANSITION"", ""status"": ""OPEN"", ""status_reason"": ""NO_CURRENT_CREATION_EVENT"", ""signal_action"": ""HOLD"", ""signal_state"": ""OPEN"", ""trade_action"": ""HOLD_POSITION"", ""management_posture"": ""CAUTION"", ""management_reason_code"": ""NO_CURRENT_CREATION_EVENT"", ""should_exit_signal"": false}]",850,CAUTION,NO_CURRENT_CREATION_EVENT,[],HOLD,CAND:7316c4a2330c742a8803fe6c,OPP:7316c4a2330c742a8803fe6c,369.15,False,HOLD,TRANSITION,OPEN,NO_CURRENT_CREATION_EVENT,2026-07-31T12:15:00+05:30,MANAPPURAM,False,ATR_MULTIPLE
NO_EVENT,REVERSAL_WATCH,[],[],NONE,ALIGNED,[],[],[],AUCTION_SIGNAL_DOWNSTREAM_V2,OPEN,HOLD_POSITION,NONE,"[{""action"": ""HOLD"", ""signal_id"": ""cad8805e-c102-57a4-96c7-d70c9c07f5cc"", ""setup"": ""BREAKOUT_INITIATION"", ""side"": ""BUY"", ""stage"": ""PROTECT"", ""status"": ""OPEN"", ""status_reason"": ""AUTHORITATIVE_REVERSAL_WATCH"", ""signal_action"": ""HOLD"", ""signal_state"": ""OPEN"", ""trade_action"": ""HOLD_POSITION"", ""management_posture"": ""CAUTION"", ""management_reason_code"": ""AUTHORITATIVE_REVERSAL_WATCH"", ""should_exit_signal"": false}]",851,CAUTION,AUTHORITATIVE_REVERSAL_WATCH,[],HOLD,CAND:6e00ceac84968df1df4d7495,OPP:6e00ceac84968df1df4d7495,5416.9,False,HOLD,PROTECT,OPEN,AUTHORITATIVE_REVERSAL_WATCH,2026-07-31T12:15:00+05:30,PERSISTENT,False,ATR_MULTIPLE
NO_EVENT,REVERSAL_WATCH,[],[],FAILED_BACK_INSIDE,ALIGNED,[],[],[],AUCTION_SIGNAL_DOWNSTREAM_V2,OPEN,HOLD_POSITION,NONE,"[{""action"": ""HOLD"", ""signal_id"": ""57fbc3b0-0822-51b7-8515-450ea6586841"", ""setup"": ""FAILED_BREAKOUT"", ""side"": ""BUY"", ""stage"": ""PROTECT"", ""status"": ""OPEN"", ""status_reason"": ""AUTHORITATIVE_REVERSAL_WATCH"", ""signal_action"": ""HOLD"", ""signal_state"": ""OPEN"", ""trade_action"": ""HOLD_POSITION"", ""management_posture"": ""CAUTION"", ""management_reason_code"": ""AUTHORITATIVE_REVERSAL_WATCH"", ""should_exit_signal"": false}]",852,CAUTION,AUTHORITATIVE_REVERSAL_WATCH,"[""CONTINUATION:BLOCK"", ""REACCELERATION:BLOCK"", ""REVERSAL:BLOCK""]",HOLD,CAND:dc1ab160fa1ee75a10189da6,OPP:dc1ab160fa1ee75a10189da6,32370.0,False,HOLD,PROTECT,OPEN,AUTHORITATIVE_REVERSAL_WATCH,2026-07-31T12:15:00+05:30,POWERINDIA,False,ATR_MULTIPLE
NO_EVENT,NONE,[],[],FAILED_BACK_INSIDE,,[],[],[],,,,,[],853,,,"[""CONTINUATION:BLOCK"", ""REACCELERATION:BLOCK"", ""REVERSAL:BLOCK""]",,,,,,NO_ACTION,,,,2026-07-31T12:15:00+05:30,TCS,,
"BALANCE_FORMING_STARTED,DIRECTIONAL_STARTED",DIRECTIONAL,"[""BAL:TORNTPHARM:2026-07-31:004:NEUTRAL:121500:BALANCE_FORMING_STARTED:121500"", ""DIR:TORNTPHARM:2026-07-31:004:UP:121500:DIRECTIONAL_STARTED:121500""]","[""BALANCE_FORMING_STARTED"", ""DIRECTIONAL_STARTED""]",FORMING,,[],[],[],,,,,[],854,,,[],,,,,,NO_ACTION,,,,2026-07-31T12:15:00+05:30,TORNTPHARM,,
NO_EVENT,NONE,[],[],NONE,,[],[],[],,,,,[],855,,,[],,,,,,NO_ACTION,,,,2026-07-31T12:18:00+05:30,BHEL,,
NO_EVENT,REVERSAL_WATCH,[],[],NONE,,[],[],[],,,,,[],856,,,[],,,,,,NO_ACTION,,,,2026-07-31T12:18:00+05:30,CHOLAFIN,,
NO_EVENT,NONE,[],[],LOCKED,UNKNOWN,[],[],[],AUCTION_SIGNAL_DOWNSTREAM_V2,OPEN,HOLD_POSITION,NONE,"[{""action"": ""HOLD"", ""signal_id"": ""2afed6e7-898c-5a79-8bf5-1d7891f21ccb"", ""setup"": ""REVERSAL"", ""side"": ""SELL"", ""stage"": ""TRANSITION"", ""status"": ""OPEN"", ""status_reason"": ""NO_CURRENT_CREATION_EVENT"", ""signal_action"": ""HOLD"", ""signal_state"": ""OPEN"", ""trade_action"": ""HOLD_POSITION"", ""management_posture"": ""CAUTION"", ""management_reason_code"": ""NO_CURRENT_CREATION_EVENT"", ""should_exit_signal"": false}]",857,CAUTION,NO_CURRENT_CREATION_EVENT,"[""CONTINUATION:BLOCK"", ""REACCELERATION:BLOCK"", ""REVERSAL:BLOCK""]",HOLD,CAND:995ee50ff305357125723e26,OPP:995ee50ff305357125723e26,1724.2,False,HOLD,TRANSITION,OPEN,NO_CURRENT_CREATION_EVENT,2026-07-31T12:18:00+05:30,COFORGE,False,ATR_MULTIPLE
NO_EVENT,REVERSAL_WATCH,[],[],NONE,OPPOSED,[],[],[],AUCTION_SIGNAL_DOWNSTREAM_V2,OPEN,HOLD_POSITION,NONE,"[{""action"": ""HOLD"", ""signal_id"": ""a73cb6c9-a388-53f1-92b2-41820e34edd3"", ""setup"": ""REVERSAL"", ""side"": ""SELL"", ""stage"": ""PROTECT"", ""status"": ""OPEN"", ""status_reason"": ""AUTHORITATIVE_REVERSAL_WATCH"", ""signal_action"": ""HOLD"", ""signal_state"": ""OPEN"", ""trade_action"": ""HOLD_POSITION"", ""management_posture"": ""CAUTION"", ""management_reason_code"": ""AUTHORITATIVE_REVERSAL_WATCH"", ""should_exit_signal"": false}]",858,CAUTION,AUTHORITATIVE_REVERSAL_WATCH,[],HOLD,CAND:6644484c352c701feebfdf31,OPP:6644484c352c701feebfdf31,8026.5,False,HOLD,PROTECT,OPEN,AUTHORITATIVE_REVERSAL_WATCH,2026-07-31T12:18:00+05:30,DIVISLAB,False,ATR_MULTIPLE
NO_EVENT,NONE,[],[],PROBABLE,,[],[],[],,,,,[],859,,,[],,,,,,NO_ACTION,,,,2026-07-31T12:18:00+05:30,EXIDEIND,,
NO_EVENT,NONE,[],[],FAILED_BACK_INSIDE,UNKNOWN,[],[],[],AUCTION_SIGNAL_DOWNSTREAM_V2,OPEN,HOLD_POSITION,NONE,"[{""action"": ""HOLD"", ""signal_id"": ""76d65cfd-3f5f-5419-81f1-24a924660ce7"", ""setup"": ""REVERSAL"", ""side"": ""BUY"", ""stage"": ""TRANSITION"", ""status"": ""OPEN"", ""status_reason"": ""NO_CURRENT_CREATION_EVENT"", ""signal_action"": ""HOLD"", ""signal_state"": ""OPEN"", ""trade_action"": ""HOLD_POSITION"", ""management_posture"": ""CAUTION"", ""management_reason_code"": ""NO_CURRENT_CREATION_EVENT"", ""should_exit_signal"": false}]",860,CAUTION,NO_CURRENT_CREATION_EVENT,"[""CONTINUATION:BLOCK"", ""REACCELERATION:BLOCK"", ""REVERSAL:BLOCK""]",HOLD,CAND:32b3a707960484f98d8399a7,OPP:32b3a707960484f98d8399a7,17907.0,False,HOLD,TRANSITION,OPEN,NO_CURRENT_CREATION_EVENT,2026-07-31T12:18:00+05:30,FORCEMOT,False,ATR_MULTIPLE
NO_EVENT,NONE,[],[],LOCKED,,[],[],[],,,,,[],861,,,"[""CONTINUATION:BLOCK"", ""REACCELERATION:BLOCK"", ""REVERSAL:BLOCK""]",,,,,,NO_ACTION,,,,2026-07-31T12:18:00+05:30,GLENMARK,,
NO_EVENT,NONE,[],[],FAILED_BACK_INSIDE,UNKNOWN,[],[],[],AUCTION_SIGNAL_DOWNSTREAM_V2,OPEN,HOLD_POSITION,NONE,"[{""action"": ""HOLD"", ""signal_id"": ""6c1d311c-b1e4-503d-9f2d-3a50df29da5d"", ""setup"": ""FAILED_BREAKOUT"", ""side"": ""SELL"", ""stage"": ""TRANSITION"", ""status"": ""OPEN"", ""status_reason"": ""NO_CURRENT_CREATION_EVENT"", ""signal_action"": ""HOLD"", ""signal_state"": ""OPEN"", ""trade_action"": ""HOLD_POSITION"", ""management_posture"": ""CAUTION"", ""management_reason_code"": ""NO_CURRENT_CREATION_EVENT"", ""should_exit_signal"": false}]",862,CAUTION,NO_CURRENT_CREATION_EVENT,"[""CONTINUATION:BLOCK"", ""REACCELERATION:BLOCK"", ""REVERSAL:BLOCK""]",HOLD,CAND:296c26607039b07e87c6f497,OPP:296c26607039b07e87c6f497,388.0,False,HOLD,TRANSITION,OPEN,NO_CURRENT_CREATION_EVENT,2026-07-31T12:18:00+05:30,INDUSTOWER,False,ATR_MULTIPLE
DIRECTIONAL_MATURED,MATURE,"[""DIR:KALYANKJIL:2026-07-31:007:UP:114200:DIRECTIONAL_MATURED:121800""]","[""DIRECTIONAL_MATURED""]",NONE,ALIGNED,[],[],[],AUCTION_SIGNAL_DOWNSTREAM_V2,OPEN,HOLD_POSITION,NONE,"[{""action"": ""HOLD"", ""signal_id"": ""fe205a27-ef8f-5bf7-9192-94593d799d94"", ""setup"": ""BREAKOUT_INITIATION"", ""side"": ""BUY"", ""stage"": ""EXPAND"", ""status"": ""OPEN"", ""status_reason"": ""AUTHORITATIVE_DIRECTIONAL_MATURE"", ""signal_action"": ""HOLD"", ""signal_state"": ""OPEN"", ""trade_action"": ""HOLD_POSITION"", ""management_posture"": ""STRENGTHEN"", ""management_reason_code"": ""AUTHORITATIVE_DIRECTIONAL_MATURE"", ""should_exit_signal"": false}]",863,STRENGTHEN,AUTHORITATIVE_DIRECTIONAL_MATURE,[],HOLD,CAND:4a3872010c190995b2d63ff8,OPP:4a3872010c190995b2d63ff8,628.95,False,HOLD,EXPAND,OPEN,AUTHORITATIVE_DIRECTIONAL_MATURE,2026-07-31T12:18:00+05:30,KALYANKJIL,True,ATR_MULTIPLE
NO_EVENT,NONE,[],[],FORMING,UNKNOWN,[],[],[],AUCTION_SIGNAL_DOWNSTREAM_V2,OPEN,HOLD_POSITION,NONE,"[{""action"": ""HOLD"", ""signal_id"": ""50c51811-b112-5f0f-9fcc-a1422ceea97c"", ""setup"": ""REVERSAL"", ""side"": ""BUY"", ""stage"": ""TRANSITION"", ""status"": ""OPEN"", ""status_reason"": ""NO_CURRENT_CREATION_EVENT"", ""signal_action"": ""HOLD"", ""signal_state"": ""OPEN"", ""trade_action"": ""HOLD_POSITION"", ""management_posture"": ""CAUTION"", ""management_reason_code"": ""NO_CURRENT_CREATION_EVENT"", ""should_exit_signal"": false}]",864,CAUTION,NO_CURRENT_CREATION_EVENT,[],HOLD,CAND:7316c4a2330c742a8803fe6c,OPP:7316c4a2330c742a8803fe6c,369.15,False,HOLD,TRANSITION,OPEN,NO_CURRENT_CREATION_EVENT,2026-07-31T12:18:00+05:30,MANAPPURAM,False,ATR_MULTIPLE
DIRECTIONAL_TREND_RESTORED,DIRECTIONAL,"[""DIR:PERSISTENT:2026-07-31:003:UP:112100:DIRECTIONAL_TREND_RESTORED:121800""]","[""DIRECTIONAL_TREND_RESTORED""]",NONE,ALIGNED,[],[],[],AUCTION_SIGNAL_DOWNSTREAM_V2,OPEN,HOLD_POSITION,NONE,"[{""action"": ""HOLD"", ""signal_id"": ""cad8805e-c102-57a4-96c7-d70c9c07f5cc"", ""setup"": ""BREAKOUT_INITIATION"", ""side"": ""BUY"", ""stage"": ""ACTIVE"", ""status"": ""OPEN"", ""status_reason"": ""AUTHORITATIVE_DIRECTIONAL_ALIGNED"", ""signal_action"": ""HOLD"", ""signal_state"": ""OPEN"", ""trade_action"": ""HOLD_POSITION"", ""management_posture"": ""STRENGTHEN"", ""management_reason_code"": ""AUTHORITATIVE_DIRECTIONAL_ALIGNED"", ""should_exit_signal"": false}]",865,STRENGTHEN,AUTHORITATIVE_DIRECTIONAL_ALIGNED,"[""CONTINUATION:PERMIT""]",HOLD,CAND:6e00ceac84968df1df4d7495,OPP:6e00ceac84968df1df4d7495,5416.9,False,HOLD,ACTIVE,OPEN,AUTHORITATIVE_DIRECTIONAL_ALIGNED,2026-07-31T12:18:00+05:30,PERSISTENT,True,ATR_MULTIPLE
NO_EVENT,REVERSAL_WATCH,[],[],FAILED_BACK_INSIDE,ALIGNED,[],[],[],AUCTION_SIGNAL_DOWNSTREAM_V2,OPEN,HOLD_POSITION,NONE,"[{""action"": ""HOLD"", ""signal_id"": ""57fbc3b0-0822-51b7-8515-450ea6586841"", ""setup"": ""FAILED_BREAKOUT"", ""side"": ""BUY"", ""stage"": ""PROTECT"", ""status"": ""OPEN"", ""status_reason"": ""AUTHORITATIVE_REVERSAL_WATCH"", ""signal_action"": ""HOLD"", ""signal_state"": ""OPEN"", ""trade_action"": ""HOLD_POSITION"", ""management_posture"": ""CAUTION"", ""management_reason_code"": ""AUTHORITATIVE_REVERSAL_WATCH"", ""should_exit_signal"": false}]",866,CAUTION,AUTHORITATIVE_REVERSAL_WATCH,"[""CONTINUATION:BLOCK"", ""REACCELERATION:BLOCK"", ""REVERSAL:BLOCK""]",HOLD,CAND:dc1ab160fa1ee75a10189da6,OPP:dc1ab160fa1ee75a10189da6,32370.0,False,HOLD,PROTECT,OPEN,AUTHORITATIVE_REVERSAL_WATCH,2026-07-31T12:18:00+05:30,POWERINDIA,False,ATR_MULTIPLE
NO_EVENT,NONE,[],[],FAILED_BACK_INSIDE,,[],[],[],,,,,[],867,,,"[""CONTINUATION:BLOCK"", ""REACCELERATION:BLOCK"", ""REVERSAL:BLOCK""]",,,,,,NO_ACTION,,,,2026-07-31T12:18:00+05:30,TCS,,
DIRECTIONAL_MATURED,MATURE,"[""DIR:TORNTPHARM:2026-07-31:004:UP:121500:DIRECTIONAL_MATURED:121800""]","[""DIRECTIONAL_MATURED""]",FORMING,,[],[],[],,,,,[],868,,,[],,,,,,NO_ACTION,,,,2026-07-31T12:18:00+05:30,TORNTPHARM,,
NO_EVENT,NONE,[],[],NONE,,[],[],[],,,,,[],869,,,[],,,,,,NO_ACTION,,,,2026-07-31T12:21:00+05:30,BHEL,,
DIRECTIONAL_TREND_RESTORED,DIRECTIONAL,"[""DIR:CHOLAFIN:2026-07-31:003:UP:104500:DIRECTIONAL_TREND_RESTORED:122100""]","[""DIRECTIONAL_TREND_RESTORED""]",NONE,,[],[],[],,,,,[],870,,,"[""CONTINUATION:PERMIT""]",,,,,,NO_ACTION,,,,2026-07-31T12:21:00+05:30,CHOLAFIN,,
NO_EVENT,NONE,[],[],LOCKED,UNKNOWN,[],[],[],AUCTION_SIGNAL_DOWNSTREAM_V2,OPEN,HOLD_POSITION,NONE,"[{""action"": ""HOLD"", ""signal_id"": ""2afed6e7-898c-5a79-8bf5-1d7891f21ccb"", ""setup"": ""REVERSAL"", ""side"": ""SELL"", ""stage"": ""TRANSITION"", ""status"": ""OPEN"", ""status_reason"": ""NO_CURRENT_CREATION_EVENT"", ""signal_action"": ""HOLD"", ""signal_state"": ""OPEN"", ""trade_action"": ""HOLD_POSITION"", ""management_posture"": ""CAUTION"", ""management_reason_code"": ""NO_CURRENT_CREATION_EVENT"", ""should_exit_signal"": false}]",871,CAUTION,NO_CURRENT_CREATION_EVENT,"[""CONTINUATION:BLOCK"", ""REACCELERATION:BLOCK"", ""REVERSAL:BLOCK""]",HOLD,CAND:995ee50ff305357125723e26,OPP:995ee50ff305357125723e26,1724.2,False,HOLD,TRANSITION,OPEN,NO_CURRENT_CREATION_EVENT,2026-07-31T12:21:00+05:30,COFORGE,False,ATR_MULTIPLE
NO_EVENT,REVERSAL_WATCH,[],[],NONE,OPPOSED,[],[],[],AUCTION_SIGNAL_DOWNSTREAM_V2,OPEN,HOLD_POSITION,NONE,"[{""action"": ""HOLD"", ""signal_id"": ""a73cb6c9-a388-53f1-92b2-41820e34edd3"", ""setup"": ""REVERSAL"", ""side"": ""SELL"", ""stage"": ""PROTECT"", ""status"": ""OPEN"", ""status_reason"": ""AUTHORITATIVE_REVERSAL_WATCH"", ""signal_action"": ""HOLD"", ""signal_state"": ""OPEN"", ""trade_action"": ""HOLD_POSITION"", ""management_posture"": ""CAUTION"", ""management_reason_code"": ""AUTHORITATIVE_REVERSAL_WATCH"", ""should_exit_signal"": false}]",872,CAUTION,AUTHORITATIVE_REVERSAL_WATCH,[],HOLD,CAND:6644484c352c701feebfdf31,OPP:6644484c352c701feebfdf31,8026.5,False,HOLD,PROTECT,OPEN,AUTHORITATIVE_REVERSAL_WATCH,2026-07-31T12:21:00+05:30,DIVISLAB,False,ATR_MULTIPLE
BALANCE_COMPLETED,NONE,"[""BAL:EXIDEIND:2026-07-31:002:NEUTRAL:120300:BALANCE_COMPLETED:122100""]","[""BALANCE_COMPLETED""]",COMPLETED,,[],[],[],,,,,[],873,,,[],,,,,,NO_ACTION,,,,2026-07-31T12:21:00+05:30,EXIDEIND,,
NO_EVENT,NONE,[],[],FAILED_BACK_INSIDE,UNKNOWN,[],[],[],AUCTION_SIGNAL_DOWNSTREAM_V2,OPEN,HOLD_POSITION,NONE,"[{""action"": ""HOLD"", ""signal_id"": ""76d65cfd-3f5f-5419-81f1-24a924660ce7"", ""setup"": ""REVERSAL"", ""side"": ""BUY"", ""stage"": ""TRANSITION"", ""status"": ""OPEN"", ""status_reason"": ""NO_CURRENT_CREATION_EVENT"", ""signal_action"": ""HOLD"", ""signal_state"": ""OPEN"", ""trade_action"": ""HOLD_POSITION"", ""management_posture"": ""CAUTION"", ""management_reason_code"": ""NO_CURRENT_CREATION_EVENT"", ""should_exit_signal"": false}]",874,CAUTION,NO_CURRENT_CREATION_EVENT,"[""CONTINUATION:BLOCK"", ""REACCELERATION:BLOCK"", ""REVERSAL:BLOCK""]",HOLD,CAND:32b3a707960484f98d8399a7,OPP:32b3a707960484f98d8399a7,17907.0,False,HOLD,TRANSITION,OPEN,NO_CURRENT_CREATION_EVENT,2026-07-31T12:21:00+05:30,FORCEMOT,False,ATR_MULTIPLE
NO_EVENT,NONE,[],[],LOCKED,,[],[],[],,,,,[],875,,,"[""CONTINUATION:BLOCK"", ""REACCELERATION:BLOCK"", ""REVERSAL:BLOCK""]",,,,,,NO_ACTION,,,,2026-07-31T12:21:00+05:30,GLENMARK,,
NO_EVENT,NONE,[],[],FAILED_BACK_INSIDE,UNKNOWN,[],[],[],AUCTION_SIGNAL_DOWNSTREAM_V2,OPEN,HOLD_POSITION,NONE,"[{""action"": ""HOLD"", ""signal_id"": ""6c1d311c-b1e4-503d-9f2d-3a50df29da5d"", ""setup"": ""FAILED_BREAKOUT"", ""side"": ""SELL"", ""stage"": ""TRANSITION"", ""status"": ""OPEN"", ""status_reason"": ""NO_CURRENT_CREATION_EVENT"", ""signal_action"": ""HOLD"", ""signal_state"": ""OPEN"", ""trade_action"": ""HOLD_POSITION"", ""management_posture"": ""CAUTION"", ""management_reason_code"": ""NO_CURRENT_CREATION_EVENT"", ""should_exit_signal"": false}]",876,CAUTION,NO_CURRENT_CREATION_EVENT,"[""CONTINUATION:BLOCK"", ""REACCELERATION:BLOCK"", ""REVERSAL:BLOCK""]",HOLD,CAND:296c26607039b07e87c6f497,OPP:296c26607039b07e87c6f497,388.0,False,HOLD,TRANSITION,OPEN,NO_CURRENT_CREATION_EVENT,2026-07-31T12:21:00+05:30,INDUSTOWER,False,ATR_MULTIPLE
REVERSAL_WATCH_STARTED,REVERSAL_WATCH,"[""DIR:KALYANKJIL:2026-07-31:007:UP:114200:REVERSAL_WATCH_STARTED:122100""]","[""REVERSAL_WATCH_STARTED""]",NONE,ALIGNED,[],[],[],AUCTION_SIGNAL_DOWNSTREAM_V2,OPEN,HOLD_POSITION,NONE,"[{""action"": ""HOLD"", ""signal_id"": ""fe205a27-ef8f-5bf7-9192-94593d799d94"", ""setup"": ""BREAKOUT_INITIATION"", ""side"": ""BUY"", ""stage"": ""PROTECT"", ""status"": ""OPEN"", ""status_reason"": ""AUTHORITATIVE_REVERSAL_WATCH"", ""signal_action"": ""HOLD"", ""signal_state"": ""OPEN"", ""trade_action"": ""HOLD_POSITION"", ""management_posture"": ""CAUTION"", ""management_reason_code"": ""AUTHORITATIVE_REVERSAL_WATCH"", ""should_exit_signal"": false}]",877,CAUTION,AUTHORITATIVE_REVERSAL_WATCH,[],HOLD,CAND:4a3872010c190995b2d63ff8,OPP:4a3872010c190995b2d63ff8,628.95,False,HOLD,PROTECT,OPEN,AUTHORITATIVE_REVERSAL_WATCH,2026-07-31T12:21:00+05:30,KALYANKJIL,False,ATR_MULTIPLE
NO_EVENT,NONE,[],[],FORMING,UNKNOWN,[],[],[],AUCTION_SIGNAL_DOWNSTREAM_V2,OPEN,HOLD_POSITION,NONE,"[{""action"": ""HOLD"", ""signal_id"": ""50c51811-b112-5f0f-9fcc-a1422ceea97c"", ""setup"": ""REVERSAL"", ""side"": ""BUY"", ""stage"": ""TRANSITION"", ""status"": ""OPEN"", ""status_reason"": ""NO_CURRENT_CREATION_EVENT"", ""signal_action"": ""HOLD"", ""signal_state"": ""OPEN"", ""trade_action"": ""HOLD_POSITION"", ""management_posture"": ""CAUTION"", ""management_reason_code"": ""NO_CURRENT_CREATION_EVENT"", ""should_exit_signal"": false}]",878,CAUTION,NO_CURRENT_CREATION_EVENT,[],HOLD,CAND:7316c4a2330c742a8803fe6c,OPP:7316c4a2330c742a8803fe6c,369.15,False,HOLD,TRANSITION,OPEN,NO_CURRENT_CREATION_EVENT,2026-07-31T12:21:00+05:30,MANAPPURAM,False,ATR_MULTIPLE
DIRECTIONAL_MATURED,MATURE,"[""DIR:PERSISTENT:2026-07-31:003:UP:112100:DIRECTIONAL_MATURED:122100""]","[""DIRECTIONAL_MATURED""]",NONE,ALIGNED,[],[],[],AUCTION_SIGNAL_DOWNSTREAM_V2,OPEN,HOLD_POSITION,NONE,"[{""action"": ""HOLD"", ""signal_id"": ""cad8805e-c102-57a4-96c7-d70c9c07f5cc"", ""setup"": ""BREAKOUT_INITIATION"", ""side"": ""BUY"", ""stage"": ""EXPAND"", ""status"": ""OPEN"", ""status_reason"": ""AUTHORITATIVE_DIRECTIONAL_MATURE"", ""signal_action"": ""HOLD"", ""signal_state"": ""OPEN"", ""trade_action"": ""HOLD_POSITION"", ""management_posture"": ""STRENGTHEN"", ""management_reason_code"": ""AUTHORITATIVE_DIRECTIONAL_MATURE"", ""should_exit_signal"": false}]",879,STRENGTHEN,AUTHORITATIVE_DIRECTIONAL_MATURE,[],HOLD,CAND:6e00ceac84968df1df4d7495,OPP:6e00ceac84968df1df4d7495,5416.9,False,HOLD,EXPAND,OPEN,AUTHORITATIVE_DIRECTIONAL_MATURE,2026-07-31T12:21:00+05:30,PERSISTENT,True,ATR_MULTIPLE
NO_EVENT,REVERSAL_WATCH,[],[],FAILED_BACK_INSIDE,ALIGNED,[],[],[],AUCTION_SIGNAL_DOWNSTREAM_V2,OPEN,HOLD_POSITION,NONE,"[{""action"": ""HOLD"", ""signal_id"": ""57fbc3b0-0822-51b7-8515-450ea6586841"", ""setup"": ""FAILED_BREAKOUT"", ""side"": ""BUY"", ""stage"": ""PROTECT"", ""status"": ""OPEN"", ""status_reason"": ""AUTHORITATIVE_REVERSAL_WATCH"", ""signal_action"": ""HOLD"", ""signal_state"": ""OPEN"", ""trade_action"": ""HOLD_POSITION"", ""management_posture"": ""CAUTION"", ""management_reason_code"": ""AUTHORITATIVE_REVERSAL_WATCH"", ""should_exit_signal"": false}]",880,CAUTION,AUTHORITATIVE_REVERSAL_WATCH,"[""CONTINUATION:BLOCK"", ""REACCELERATION:BLOCK"", ""REVERSAL:BLOCK""]",HOLD,CAND:dc1ab160fa1ee75a10189da6,OPP:dc1ab160fa1ee75a10189da6,32370.0,False,HOLD,PROTECT,OPEN,AUTHORITATIVE_REVERSAL_WATCH,2026-07-31T12:21:00+05:30,POWERINDIA,False,ATR_MULTIPLE
NO_EVENT,NONE,[],[],FAILED_BACK_INSIDE,,[],[],[],,,,,[],881,,,"[""CONTINUATION:BLOCK"", ""REACCELERATION:BLOCK"", ""REVERSAL:BLOCK""]",,,,,,NO_ACTION,,,,2026-07-31T12:21:00+05:30,TCS,,
REVERSAL_WATCH_STARTED,REVERSAL_WATCH,"[""DIR:TORNTPHARM:2026-07-31:004:UP:121500:REVERSAL_WATCH_STARTED:122100""]","[""REVERSAL_WATCH_STARTED""]",FORMING,,[],[],[],,,,,[],882,,,[],,,,,,NO_ACTION,,,,2026-07-31T12:21:00+05:30,TORNTPHARM,,
NO_EVENT,NONE,[],[],NONE,,[],[],[],,,,,[],883,,,[],,,,,,NO_ACTION,,,,2026-07-31T12:24:00+05:30,BHEL,,
DIRECTIONAL_MATURED,MATURE,"[""DIR:CHOLAFIN:2026-07-31:003:UP:104500:DIRECTIONAL_MATURED:122400""]","[""DIRECTIONAL_MATURED""]",NONE,,[],[],[],,,,,[],884,,,[],,,,,,NO_ACTION,,,,2026-07-31T12:24:00+05:30,CHOLAFIN,,
NO_EVENT,NONE,[],[],LOCKED,UNKNOWN,[],[],[],AUCTION_SIGNAL_DOWNSTREAM_V2,OPEN,HOLD_POSITION,NONE,"[{""action"": ""HOLD"", ""signal_id"": ""2afed6e7-898c-5a79-8bf5-1d7891f21ccb"", ""setup"": ""REVERSAL"", ""side"": ""SELL"", ""stage"": ""TRANSITION"", ""status"": ""OPEN"", ""status_reason"": ""NO_CURRENT_CREATION_EVENT"", ""signal_action"": ""HOLD"", ""signal_state"": ""OPEN"", ""trade_action"": ""HOLD_POSITION"", ""management_posture"": ""CAUTION"", ""management_reason_code"": ""NO_CURRENT_CREATION_EVENT"", ""should_exit_signal"": false}]",885,CAUTION,NO_CURRENT_CREATION_EVENT,"[""CONTINUATION:BLOCK"", ""REACCELERATION:BLOCK"", ""REVERSAL:BLOCK""]",HOLD,CAND:995ee50ff305357125723e26,OPP:995ee50ff305357125723e26,1724.2,False,HOLD,TRANSITION,OPEN,NO_CURRENT_CREATION_EVENT,2026-07-31T12:24:00+05:30,COFORGE,False,ATR_MULTIPLE
NO_EVENT,REVERSAL_WATCH,[],[],NONE,OPPOSED,[],[],[],AUCTION_SIGNAL_DOWNSTREAM_V2,OPEN,HOLD_POSITION,NONE,"[{""action"": ""HOLD"", ""signal_id"": ""a73cb6c9-a388-53f1-92b2-41820e34edd3"", ""setup"": ""REVERSAL"", ""side"": ""SELL"", ""stage"": ""PROTECT"", ""status"": ""OPEN"", ""status_reason"": ""AUTHORITATIVE_REVERSAL_WATCH"", ""signal_action"": ""HOLD"", ""signal_state"": ""OPEN"", ""trade_action"": ""HOLD_POSITION"", ""management_posture"": ""CAUTION"", ""management_reason_code"": ""AUTHORITATIVE_REVERSAL_WATCH"", ""should_exit_signal"": false}]",886,CAUTION,AUTHORITATIVE_REVERSAL_WATCH,[],HOLD,CAND:6644484c352c701feebfdf31,OPP:6644484c352c701feebfdf31,8026.5,False,HOLD,PROTECT,OPEN,AUTHORITATIVE_REVERSAL_WATCH,2026-07-31T12:24:00+05:30,DIVISLAB,False,ATR_MULTIPLE
NO_EVENT,NONE,[],[],NONE,,[],[],[],,,,,[],887,,,[],,,,,,NO_ACTION,,,,2026-07-31T12:24:00+05:30,EXIDEIND,,
NO_EVENT,NONE,[],[],FAILED_BACK_INSIDE,UNKNOWN,[],[],[],AUCTION_SIGNAL_DOWNSTREAM_V2,OPEN,HOLD_POSITION,NONE,"[{""action"": ""HOLD"", ""signal_id"": ""76d65cfd-3f5f-5419-81f1-24a924660ce7"", ""setup"": ""REVERSAL"", ""side"": ""BUY"", ""stage"": ""TRANSITION"", ""status"": ""OPEN"", ""status_reason"": ""NO_CURRENT_CREATION_EVENT"", ""signal_action"": ""HOLD"", ""signal_state"": ""OPEN"", ""trade_action"": ""HOLD_POSITION"", ""management_posture"": ""CAUTION"", ""management_reason_code"": ""NO_CURRENT_CREATION_EVENT"", ""should_exit_signal"": false}]",888,CAUTION,NO_CURRENT_CREATION_EVENT,"[""CONTINUATION:BLOCK"", ""REACCELERATION:BLOCK"", ""REVERSAL:BLOCK""]",HOLD,CAND:32b3a707960484f98d8399a7,OPP:32b3a707960484f98d8399a7,17907.0,False,HOLD,TRANSITION,OPEN,NO_CURRENT_CREATION_EVENT,2026-07-31T12:24:00+05:30,FORCEMOT,False,ATR_MULTIPLE
NO_EVENT,NONE,[],[],LOCKED,,[],[],[],,,,,[],889,,,"[""CONTINUATION:BLOCK"", ""REACCELERATION:BLOCK"", ""REVERSAL:BLOCK""]",,,,,,NO_ACTION,,,,2026-07-31T12:24:00+05:30,GLENMARK,,
NO_EVENT,NONE,[],[],FAILED_BACK_INSIDE,UNKNOWN,[],[],[],AUCTION_SIGNAL_DOWNSTREAM_V2,OPEN,HOLD_POSITION,NONE,"[{""action"": ""HOLD"", ""signal_id"": ""6c1d311c-b1e4-503d-9f2d-3a50df29da5d"", ""setup"": ""FAILED_BREAKOUT"", ""side"": ""SELL"", ""stage"": ""TRANSITION"", ""status"": ""OPEN"", ""status_reason"": ""NO_CURRENT_CREATION_EVENT"", ""signal_action"": ""HOLD"", ""signal_state"": ""OPEN"", ""trade_action"": ""HOLD_POSITION"", ""management_posture"": ""CAUTION"", ""management_reason_code"": ""NO_CURRENT_CREATION_EVENT"", ""should_exit_signal"": false}]",890,CAUTION,NO_CURRENT_CREATION_EVENT,"[""CONTINUATION:BLOCK"", ""REACCELERATION:BLOCK"", ""REVERSAL:BLOCK""]",HOLD,CAND:296c26607039b07e87c6f497,OPP:296c26607039b07e87c6f497,388.0,False,HOLD,TRANSITION,OPEN,NO_CURRENT_CREATION_EVENT,2026-07-31T12:24:00+05:30,INDUSTOWER,False,ATR_MULTIPLE
"DIRECTIONAL_REVERSAL_CONFIRMED,DIRECTIONAL_COMPLETED,DIRECTIONAL_REVERSAL_LEG_STARTED",REVERSAL_LEG,"[""DIR:KALYANKJIL:2026-07-31:007:UP:114200:DIRECTIONAL_REVERSAL_CONFIRMED:122400"", ""DIR:KALYANKJIL:2026-07-31:007:UP:114200:DIRECTIONAL_COMPLETED:122400"", ""DIR:KALYANKJIL:2026-07-31:008:DOWN:122400:DIRECTIONAL_REVERSAL_LEG_STARTED:122400""]","[""DIRECTIONAL_REVERSAL_CONFIRMED"", ""DIRECTIONAL_COMPLETED"", ""DIRECTIONAL_REVERSAL_LEG_STARTED""]",NONE,OPPOSED,[],[],[],AUCTION_SIGNAL_DOWNSTREAM_V2,OPEN,HOLD_POSITION,NONE,"[{""action"": ""HOLD"", ""signal_id"": ""fe205a27-ef8f-5bf7-9192-94593d799d94"", ""setup"": ""BREAKOUT_INITIATION"", ""side"": ""BUY"", ""stage"": ""WEAKENING"", ""status"": ""OPEN"", ""status_reason"": ""AUTHORITATIVE_DIRECTION_OPPOSED"", ""signal_action"": ""HOLD"", ""signal_state"": ""OPEN"", ""trade_action"": ""HOLD_POSITION"", ""management_posture"": ""CAUTION"", ""management_reason_code"": ""AUTHORITATIVE_DIRECTION_OPPOSED"", ""should_exit_signal"": false}]",891,CAUTION,AUTHORITATIVE_DIRECTION_OPPOSED,"[""REVERSAL:WAIT""]",HOLD,CAND:4a3872010c190995b2d63ff8,OPP:4a3872010c190995b2d63ff8,628.95,False,HOLD,WEAKENING,OPEN,AUTHORITATIVE_DIRECTION_OPPOSED,2026-07-31T12:24:00+05:30,KALYANKJIL,False,ATR_MULTIPLE
NO_EVENT,NONE,[],[],FORMING,UNKNOWN,[],[],[],AUCTION_SIGNAL_DOWNSTREAM_V2,OPEN,HOLD_POSITION,NONE,"[{""action"": ""HOLD"", ""signal_id"": ""50c51811-b112-5f0f-9fcc-a1422ceea97c"", ""setup"": ""REVERSAL"", ""side"": ""BUY"", ""stage"": ""TRANSITION"", ""status"": ""OPEN"", ""status_reason"": ""NO_CURRENT_CREATION_EVENT"", ""signal_action"": ""HOLD"", ""signal_state"": ""OPEN"", ""trade_action"": ""HOLD_POSITION"", ""management_posture"": ""CAUTION"", ""management_reason_code"": ""NO_CURRENT_CREATION_EVENT"", ""should_exit_signal"": false}]",892,CAUTION,NO_CURRENT_CREATION_EVENT,[],HOLD,CAND:7316c4a2330c742a8803fe6c,OPP:7316c4a2330c742a8803fe6c,369.15,False,HOLD,TRANSITION,OPEN,NO_CURRENT_CREATION_EVENT,2026-07-31T12:24:00+05:30,MANAPPURAM,False,ATR_MULTIPLE
REVERSAL_WATCH_STARTED,REVERSAL_WATCH,"[""DIR:PERSISTENT:2026-07-31:003:UP:112100:REVERSAL_WATCH_STARTED:122400""]","[""REVERSAL_WATCH_STARTED""]",NONE,ALIGNED,[],[],[],AUCTION_SIGNAL_DOWNSTREAM_V2,OPEN,HOLD_POSITION,NONE,"[{""action"": ""HOLD"", ""signal_id"": ""cad8805e-c102-57a4-96c7-d70c9c07f5cc"", ""setup"": ""BREAKOUT_INITIATION"", ""side"": ""BUY"", ""stage"": ""PROTECT"", ""status"": ""OPEN"", ""status_reason"": ""AUTHORITATIVE_REVERSAL_WATCH"", ""signal_action"": ""HOLD"", ""signal_state"": ""OPEN"", ""trade_action"": ""HOLD_POSITION"", ""management_posture"": ""CAUTION"", ""management_reason_code"": ""AUTHORITATIVE_REVERSAL_WATCH"", ""should_exit_signal"": false}]",893,CAUTION,AUTHORITATIVE_REVERSAL_WATCH,[],HOLD,CAND:6e00ceac84968df1df4d7495,OPP:6e00ceac84968df1df4d7495,5416.9,False,HOLD,PROTECT,OPEN,AUTHORITATIVE_REVERSAL_WATCH,2026-07-31T12:24:00+05:30,PERSISTENT,False,ATR_MULTIPLE
NO_EVENT,REVERSAL_WATCH,[],[],FAILED_BACK_INSIDE,ALIGNED,[],[],[],AUCTION_SIGNAL_DOWNSTREAM_V2,OPEN,HOLD_POSITION,NONE,"[{""action"": ""HOLD"", ""signal_id"": ""57fbc3b0-0822-51b7-8515-450ea6586841"", ""setup"": ""FAILED_BREAKOUT"", ""side"": ""BUY"", ""stage"": ""PROTECT"", ""status"": ""OPEN"", ""status_reason"": ""AUTHORITATIVE_REVERSAL_WATCH"", ""signal_action"": ""HOLD"", ""signal_state"": ""OPEN"", ""trade_action"": ""HOLD_POSITION"", ""management_posture"": ""CAUTION"", ""management_reason_code"": ""AUTHORITATIVE_REVERSAL_WATCH"", ""should_exit_signal"": false}]",894,CAUTION,AUTHORITATIVE_REVERSAL_WATCH,"[""CONTINUATION:BLOCK"", ""REACCELERATION:BLOCK"", ""REVERSAL:BLOCK""]",HOLD,CAND:dc1ab160fa1ee75a10189da6,OPP:dc1ab160fa1ee75a10189da6,32370.0,False,HOLD,PROTECT,OPEN,AUTHORITATIVE_REVERSAL_WATCH,2026-07-31T12:24:00+05:30,POWERINDIA,False,ATR_MULTIPLE
NO_EVENT,NONE,[],[],FAILED_BACK_INSIDE,,[],[],[],,,,,[],895,,,"[""CONTINUATION:BLOCK"", ""REACCELERATION:BLOCK"", ""REVERSAL:BLOCK""]",,,,,,NO_ACTION,,,,2026-07-31T12:24:00+05:30,TCS,,
NO_EVENT,REVERSAL_WATCH,[],[],FORMING,,[],[],[],,,,,[],896,,,[],,,,,,NO_ACTION,,,,2026-07-31T12:24:00+05:30,TORNTPHARM,,
DIRECTIONAL_STARTED,DIRECTIONAL,"[""DIR:BHEL:2026-07-31:006:UP:122700:DIRECTIONAL_STARTED:122700""]","[""DIRECTIONAL_STARTED""]",NONE,,[],[],[],,,,,[],897,,,[],,,,,,NO_ACTION,,,,2026-07-31T12:27:00+05:30,BHEL,,
NO_EVENT,MATURE,[],[],NONE,,[],[],[],,,,,[],898,,,[],,,,,,NO_ACTION,,,,2026-07-31T12:27:00+05:30,CHOLAFIN,,
NO_EVENT,NONE,[],[],LOCKED,UNKNOWN,[],[],[],AUCTION_SIGNAL_DOWNSTREAM_V2,OPEN,HOLD_POSITION,NONE,"[{""action"": ""HOLD"", ""signal_id"": ""2afed6e7-898c-5a79-8bf5-1d7891f21ccb"", ""setup"": ""REVERSAL"", ""side"": ""SELL"", ""stage"": ""TRANSITION"", ""status"": ""OPEN"", ""status_reason"": ""NO_CURRENT_CREATION_EVENT"", ""signal_action"": ""HOLD"", ""signal_state"": ""OPEN"", ""trade_action"": ""HOLD_POSITION"", ""management_posture"": ""CAUTION"", ""management_reason_code"": ""NO_CURRENT_CREATION_EVENT"", ""should_exit_signal"": false}]",899,CAUTION,NO_CURRENT_CREATION_EVENT,"[""CONTINUATION:BLOCK"", ""REACCELERATION:BLOCK"", ""REVERSAL:BLOCK""]",HOLD,CAND:995ee50ff305357125723e26,OPP:995ee50ff305357125723e26,1724.2,False,HOLD,TRANSITION,OPEN,NO_CURRENT_CREATION_EVENT,2026-07-31T12:27:00+05:30,COFORGE,False,ATR_MULTIPLE
NO_EVENT,REVERSAL_WATCH,[],[],NONE,OPPOSED,[],[],[],AUCTION_SIGNAL_DOWNSTREAM_V2,OPEN,HOLD_POSITION,NONE,"[{""action"": ""HOLD"", ""signal_id"": ""a73cb6c9-a388-53f1-92b2-41820e34edd3"", ""setup"": ""REVERSAL"", ""side"": ""SELL"", ""stage"": ""PROTECT"", ""status"": ""OPEN"", ""status_reason"": ""AUTHORITATIVE_REVERSAL_WATCH"", ""signal_action"": ""HOLD"", ""signal_state"": ""OPEN"", ""trade_action"": ""HOLD_POSITION"", ""management_posture"": ""CAUTION"", ""management_reason_code"": ""AUTHORITATIVE_REVERSAL_WATCH"", ""should_exit_signal"": false}]",900,CAUTION,AUTHORITATIVE_REVERSAL_WATCH,[],HOLD,CAND:6644484c352c701feebfdf31,OPP:6644484c352c701feebfdf31,8026.5,False,HOLD,PROTECT,OPEN,AUTHORITATIVE_REVERSAL_WATCH,2026-07-31T12:27:00+05:30,DIVISLAB,False,ATR_MULTIPLE
NO_EVENT,NONE,[],[],NONE,,[],[],[],,,,,[],901,,,[],,,,,,NO_ACTION,,,,2026-07-31T12:27:00+05:30,EXIDEIND,,
NO_EVENT,NONE,[],[],FAILED_BACK_INSIDE,UNKNOWN,[],[],[],AUCTION_SIGNAL_DOWNSTREAM_V2,OPEN,HOLD_POSITION,NONE,"[{""action"": ""HOLD"", ""signal_id"": ""76d65cfd-3f5f-5419-81f1-24a924660ce7"", ""setup"": ""REVERSAL"", ""side"": ""BUY"", ""stage"": ""TRANSITION"", ""status"": ""OPEN"", ""status_reason"": ""NO_CURRENT_CREATION_EVENT"", ""signal_action"": ""HOLD"", ""signal_state"": ""OPEN"", ""trade_action"": ""HOLD_POSITION"", ""management_posture"": ""CAUTION"", ""management_reason_code"": ""NO_CURRENT_CREATION_EVENT"", ""should_exit_signal"": false}]",902,CAUTION,NO_CURRENT_CREATION_EVENT,"[""CONTINUATION:BLOCK"", ""REACCELERATION:BLOCK"", ""REVERSAL:BLOCK""]",HOLD,CAND:32b3a707960484f98d8399a7,OPP:32b3a707960484f98d8399a7,17907.0,False,HOLD,TRANSITION,OPEN,NO_CURRENT_CREATION_EVENT,2026-07-31T12:27:00+05:30,FORCEMOT,False,ATR_MULTIPLE
NO_EVENT,NONE,[],[],LOCKED,,[],[],[],,,,,[],903,,,"[""CONTINUATION:BLOCK"", ""REACCELERATION:BLOCK"", ""REVERSAL:BLOCK""]",,,,,,NO_ACTION,,,,2026-07-31T12:27:00+05:30,GLENMARK,,
NO_EVENT,NONE,[],[],FAILED_BACK_INSIDE,UNKNOWN,[],[],[],AUCTION_SIGNAL_DOWNSTREAM_V2,OPEN,HOLD_POSITION,NONE,"[{""action"": ""HOLD"", ""signal_id"": ""6c1d311c-b1e4-503d-9f2d-3a50df29da5d"", ""setup"": ""FAILED_BREAKOUT"", ""side"": ""SELL"", ""stage"": ""TRANSITION"", ""status"": ""OPEN"", ""status_reason"": ""NO_CURRENT_CREATION_EVENT"", ""signal_action"": ""HOLD"", ""signal_state"": ""OPEN"", ""trade_action"": ""HOLD_POSITION"", ""management_posture"": ""CAUTION"", ""management_reason_code"": ""NO_CURRENT_CREATION_EVENT"", ""should_exit_signal"": false}]",904,CAUTION,NO_CURRENT_CREATION_EVENT,"[""CONTINUATION:BLOCK"", ""REACCELERATION:BLOCK"", ""REVERSAL:BLOCK""]",HOLD,CAND:296c26607039b07e87c6f497,OPP:296c26607039b07e87c6f497,388.0,False,HOLD,TRANSITION,OPEN,NO_CURRENT_CREATION_EVENT,2026-07-31T12:27:00+05:30,INDUSTOWER,False,ATR_MULTIPLE
NO_EVENT,REVERSAL_LEG,[],[],NONE,OPPOSED,[],[],[],AUCTION_SIGNAL_DOWNSTREAM_V2,OPEN,HOLD_POSITION,NONE,"[{""action"": ""HOLD"", ""signal_id"": ""fe205a27-ef8f-5bf7-9192-94593d799d94"", ""setup"": ""BREAKOUT_INITIATION"", ""side"": ""BUY"", ""stage"": ""WEAKENING"", ""status"": ""OPEN"", ""status_reason"": ""AUTHORITATIVE_DIRECTION_OPPOSED"", ""signal_action"": ""HOLD"", ""signal_state"": ""OPEN"", ""trade_action"": ""HOLD_POSITION"", ""management_posture"": ""CAUTION"", ""management_reason_code"": ""AUTHORITATIVE_DIRECTION_OPPOSED"", ""should_exit_signal"": false}]",905,CAUTION,AUTHORITATIVE_DIRECTION_OPPOSED,[],HOLD,CAND:4a3872010c190995b2d63ff8,OPP:4a3872010c190995b2d63ff8,628.95,False,HOLD,WEAKENING,OPEN,AUTHORITATIVE_DIRECTION_OPPOSED,2026-07-31T12:27:00+05:30,KALYANKJIL,False,ATR_MULTIPLE
NO_EVENT,NONE,[],[],FORMING,UNKNOWN,[],[],[],AUCTION_SIGNAL_DOWNSTREAM_V2,OPEN,HOLD_POSITION,NONE,"[{""action"": ""HOLD"", ""signal_id"": ""50c51811-b112-5f0f-9fcc-a1422ceea97c"", ""setup"": ""REVERSAL"", ""side"": ""BUY"", ""stage"": ""TRANSITION"", ""status"": ""OPEN"", ""status_reason"": ""NO_CURRENT_CREATION_EVENT"", ""signal_action"": ""HOLD"", ""signal_state"": ""OPEN"", ""trade_action"": ""HOLD_POSITION"", ""management_posture"": ""CAUTION"", ""management_reason_code"": ""NO_CURRENT_CREATION_EVENT"", ""should_exit_signal"": false}]",906,CAUTION,NO_CURRENT_CREATION_EVENT,[],HOLD,CAND:7316c4a2330c742a8803fe6c,OPP:7316c4a2330c742a8803fe6c,369.15,False,HOLD,TRANSITION,OPEN,NO_CURRENT_CREATION_EVENT,2026-07-31T12:27:00+05:30,MANAPPURAM,False,ATR_MULTIPLE
NO_EVENT,REVERSAL_WATCH,[],[],NONE,ALIGNED,[],[],[],AUCTION_SIGNAL_DOWNSTREAM_V2,OPEN,HOLD_POSITION,NONE,"[{""action"": ""HOLD"", ""signal_id"": ""cad8805e-c102-57a4-96c7-d70c9c07f5cc"", ""setup"": ""BREAKOUT_INITIATION"", ""side"": ""BUY"", ""stage"": ""PROTECT"", ""status"": ""OPEN"", ""status_reason"": ""AUTHORITATIVE_REVERSAL_WATCH"", ""signal_action"": ""HOLD"", ""signal_state"": ""OPEN"", ""trade_action"": ""HOLD_POSITION"", ""management_posture"": ""CAUTION"", ""management_reason_code"": ""AUTHORITATIVE_REVERSAL_WATCH"", ""should_exit_signal"": false}]",907,CAUTION,AUTHORITATIVE_REVERSAL_WATCH,[],HOLD,CAND:6e00ceac84968df1df4d7495,OPP:6e00ceac84968df1df4d7495,5416.9,False,HOLD,PROTECT,OPEN,AUTHORITATIVE_REVERSAL_WATCH,2026-07-31T12:27:00+05:30,PERSISTENT,False,ATR_MULTIPLE
BALANCE_REARMED,REVERSAL_WATCH,"[""BAL:POWERINDIA:2026-07-31:001:NEUTRAL:095100:BALANCE_REARMED:122700""]","[""BALANCE_REARMED""]",LOCKED,ALIGNED,[],[],[],AUCTION_SIGNAL_DOWNSTREAM_V2,OPEN,HOLD_POSITION,NONE,"[{""action"": ""HOLD"", ""signal_id"": ""57fbc3b0-0822-51b7-8515-450ea6586841"", ""setup"": ""FAILED_BREAKOUT"", ""side"": ""BUY"", ""stage"": ""PROTECT"", ""status"": ""OPEN"", ""status_reason"": ""AUTHORITATIVE_REVERSAL_WATCH"", ""signal_action"": ""HOLD"", ""signal_state"": ""OPEN"", ""trade_action"": ""HOLD_POSITION"", ""management_posture"": ""CAUTION"", ""management_reason_code"": ""AUTHORITATIVE_REVERSAL_WATCH"", ""should_exit_signal"": false}]",908,CAUTION,AUTHORITATIVE_REVERSAL_WATCH,"[""CONTINUATION:BLOCK"", ""REACCELERATION:BLOCK"", ""REVERSAL:BLOCK""]",HOLD,CAND:dc1ab160fa1ee75a10189da6,OPP:dc1ab160fa1ee75a10189da6,32370.0,False,HOLD,PROTECT,OPEN,AUTHORITATIVE_REVERSAL_WATCH,2026-07-31T12:27:00+05:30,POWERINDIA,False,ATR_MULTIPLE
NO_EVENT,NONE,[],[],FAILED_BACK_INSIDE,,[],[],[],,,,,[],909,,,"[""CONTINUATION:BLOCK"", ""REACCELERATION:BLOCK"", ""REVERSAL:BLOCK""]",,,,,,NO_ACTION,,,,2026-07-31T12:27:00+05:30,TCS,,
BALANCE_PROBABLE,REVERSAL_WATCH,"[""BAL:TORNTPHARM:2026-07-31:004:NEUTRAL:121500:BALANCE_PROBABLE:122700""]","[""BALANCE_PROBABLE""]",PROBABLE,,[],[],[],,,,,[],910,,,[],,,,,,NO_ACTION,,,,2026-07-31T12:27:00+05:30,TORNTPHARM,,
NO_EVENT,DIRECTIONAL,[],[],NONE,,[],[],[],,,,,[],911,,,[],,,,,,NO_ACTION,,,,2026-07-31T12:30:00+05:30,BHEL,,
NO_EVENT,MATURE,[],[],NONE,,[],[],[],,,,,[],912,,,[],,,,,,NO_ACTION,,,,2026-07-31T12:30:00+05:30,CHOLAFIN,,
NO_EVENT,NONE,[],[],LOCKED,UNKNOWN,[],[],[],AUCTION_SIGNAL_DOWNSTREAM_V2,OPEN,HOLD_POSITION,NONE,"[{""action"": ""HOLD"", ""signal_id"": ""2afed6e7-898c-5a79-8bf5-1d7891f21ccb"", ""setup"": ""REVERSAL"", ""side"": ""SELL"", ""stage"": ""TRANSITION"", ""status"": ""OPEN"", ""status_reason"": ""NO_CURRENT_CREATION_EVENT"", ""signal_action"": ""HOLD"", ""signal_state"": ""OPEN"", ""trade_action"": ""HOLD_POSITION"", ""management_posture"": ""CAUTION"", ""management_reason_code"": ""NO_CURRENT_CREATION_EVENT"", ""should_exit_signal"": false}]",913,CAUTION,NO_CURRENT_CREATION_EVENT,"[""CONTINUATION:BLOCK"", ""REACCELERATION:BLOCK"", ""REVERSAL:BLOCK""]",HOLD,CAND:995ee50ff305357125723e26,OPP:995ee50ff305357125723e26,1724.2,False,HOLD,TRANSITION,OPEN,NO_CURRENT_CREATION_EVENT,2026-07-31T12:30:00+05:30,COFORGE,False,ATR_MULTIPLE
"DIRECTIONAL_REVERSAL_CONFIRMED,DIRECTIONAL_COMPLETED,DIRECTIONAL_REVERSAL_LEG_STARTED",REVERSAL_LEG,"[""DIR:DIVISLAB:2026-07-31:003:UP:115400:DIRECTIONAL_REVERSAL_CONFIRMED:123000"", ""DIR:DIVISLAB:2026-07-31:003:UP:115400:DIRECTIONAL_COMPLETED:123000"", ""DIR:DIVISLAB:2026-07-31:004:DOWN:123000:DIRECTIONAL_REVERSAL_LEG_STARTED:123000""]","[""DIRECTIONAL_REVERSAL_CONFIRMED"", ""DIRECTIONAL_COMPLETED"", ""DIRECTIONAL_REVERSAL_LEG_STARTED""]",NONE,ALIGNED,[],[],[],AUCTION_SIGNAL_DOWNSTREAM_V2,OPEN,HOLD_POSITION,NONE,"[{""action"": ""HOLD"", ""signal_id"": ""a73cb6c9-a388-53f1-92b2-41820e34edd3"", ""setup"": ""REVERSAL"", ""side"": ""SELL"", ""stage"": ""ACTIVE"", ""status"": ""OPEN"", ""status_reason"": ""AUTHORITATIVE_DIRECTIONAL_ALIGNED"", ""signal_action"": ""HOLD"", ""signal_state"": ""OPEN"", ""trade_action"": ""HOLD_POSITION"", ""management_posture"": ""STRENGTHEN"", ""management_reason_code"": ""AUTHORITATIVE_DIRECTIONAL_ALIGNED"", ""should_exit_signal"": false}]",914,STRENGTHEN,AUTHORITATIVE_DIRECTIONAL_ALIGNED,"[""REVERSAL:WAIT""]",HOLD,CAND:6644484c352c701feebfdf31,OPP:6644484c352c701feebfdf31,8026.5,False,HOLD,ACTIVE,OPEN,AUTHORITATIVE_DIRECTIONAL_ALIGNED,2026-07-31T12:30:00+05:30,DIVISLAB,True,ATR_MULTIPLE
NO_EVENT,NONE,[],[],NONE,,[],[],[],,,,,[],915,,,[],,,,,,NO_ACTION,,,,2026-07-31T12:30:00+05:30,EXIDEIND,,
NO_EVENT,NONE,[],[],FAILED_BACK_INSIDE,UNKNOWN,[],[],[],AUCTION_SIGNAL_DOWNSTREAM_V2,OPEN,HOLD_POSITION,NONE,"[{""action"": ""HOLD"", ""signal_id"": ""76d65cfd-3f5f-5419-81f1-24a924660ce7"", ""setup"": ""REVERSAL"", ""side"": ""BUY"", ""stage"": ""TRANSITION"", ""status"": ""OPEN"", ""status_reason"": ""NO_CURRENT_CREATION_EVENT"", ""signal_action"": ""HOLD"", ""signal_state"": ""OPEN"", ""trade_action"": ""HOLD_POSITION"", ""management_posture"": ""CAUTION"", ""management_reason_code"": ""NO_CURRENT_CREATION_EVENT"", ""should_exit_signal"": false}]",916,CAUTION,NO_CURRENT_CREATION_EVENT,"[""CONTINUATION:BLOCK"", ""REACCELERATION:BLOCK"", ""REVERSAL:BLOCK""]",HOLD,CAND:32b3a707960484f98d8399a7,OPP:32b3a707960484f98d8399a7,17907.0,False,HOLD,TRANSITION,OPEN,NO_CURRENT_CREATION_EVENT,2026-07-31T12:30:00+05:30,FORCEMOT,False,ATR_MULTIPLE
NO_EVENT,NONE,[],[],LOCKED,,[],[],[],,,,,[],917,,,"[""CONTINUATION:BLOCK"", ""REACCELERATION:BLOCK"", ""REVERSAL:BLOCK""]",,,,,,NO_ACTION,,,,2026-07-31T12:30:00+05:30,GLENMARK,,
NO_EVENT,NONE,[],[],FAILED_BACK_INSIDE,UNKNOWN,[],[],[],AUCTION_SIGNAL_DOWNSTREAM_V2,OPEN,HOLD_POSITION,NONE,"[{""action"": ""HOLD"", ""signal_id"": ""6c1d311c-b1e4-503d-9f2d-3a50df29da5d"", ""setup"": ""FAILED_BREAKOUT"", ""side"": ""SELL"", ""stage"": ""TRANSITION"", ""status"": ""OPEN"", ""status_reason"": ""NO_CURRENT_CREATION_EVENT"", ""signal_action"": ""HOLD"", ""signal_state"": ""OPEN"", ""trade_action"": ""HOLD_POSITION"", ""management_posture"": ""CAUTION"", ""management_reason_code"": ""NO_CURRENT_CREATION_EVENT"", ""should_exit_signal"": false}]",918,CAUTION,NO_CURRENT_CREATION_EVENT,"[""CONTINUATION:BLOCK"", ""REACCELERATION:BLOCK"", ""REVERSAL:BLOCK""]",HOLD,CAND:296c26607039b07e87c6f497,OPP:296c26607039b07e87c6f497,388.0,False,HOLD,TRANSITION,OPEN,NO_CURRENT_CREATION_EVENT,2026-07-31T12:30:00+05:30,INDUSTOWER,False,ATR_MULTIPLE
DIRECTIONAL_REVERSAL_LEG_ESTABLISHED,DIRECTIONAL,"[""DIR:KALYANKJIL:2026-07-31:008:DOWN:122400:DIRECTIONAL_REVERSAL_LEG_ESTABLISHED:123000""]","[""DIRECTIONAL_REVERSAL_LEG_ESTABLISHED""]",NONE,OPPOSED,[],[],[],AUCTION_SIGNAL_DOWNSTREAM_V2,OPEN,HOLD_POSITION,NONE,"[{""action"": ""HOLD"", ""signal_id"": ""fe205a27-ef8f-5bf7-9192-94593d799d94"", ""setup"": ""BREAKOUT_INITIATION"", ""side"": ""BUY"", ""stage"": ""WEAKENING"", ""status"": ""OPEN"", ""status_reason"": ""AUTHORITATIVE_DIRECTION_OPPOSED"", ""signal_action"": ""HOLD"", ""signal_state"": ""OPEN"", ""trade_action"": ""HOLD_POSITION"", ""management_posture"": ""CAUTION"", ""management_reason_code"": ""AUTHORITATIVE_DIRECTION_OPPOSED"", ""should_exit_signal"": false}]",919,CAUTION,AUTHORITATIVE_DIRECTION_OPPOSED,"[""REVERSAL:PERMIT""]",HOLD,CAND:4a3872010c190995b2d63ff8,OPP:4a3872010c190995b2d63ff8,628.95,False,HOLD,WEAKENING,OPEN,AUTHORITATIVE_DIRECTION_OPPOSED,2026-07-31T12:30:00+05:30,KALYANKJIL,False,ATR_MULTIPLE
BALANCE_PROBABLE,NONE,"[""BAL:MANAPPURAM:2026-07-31:003:NEUTRAL:113900:BALANCE_PROBABLE:123000""]","[""BALANCE_PROBABLE""]",PROBABLE,UNKNOWN,[],[],[],AUCTION_SIGNAL_DOWNSTREAM_V2,OPEN,HOLD_POSITION,NONE,"[{""action"": ""HOLD"", ""signal_id"": ""50c51811-b112-5f0f-9fcc-a1422ceea97c"", ""setup"": ""REVERSAL"", ""side"": ""BUY"", ""stage"": ""TRANSITION"", ""status"": ""OPEN"", ""status_reason"": ""NO_CURRENT_CREATION_EVENT"", ""signal_action"": ""HOLD"", ""signal_state"": ""OPEN"", ""trade_action"": ""HOLD_POSITION"", ""management_posture"": ""CAUTION"", ""management_reason_code"": ""NO_CURRENT_CREATION_EVENT"", ""should_exit_signal"": false}]",920,CAUTION,NO_CURRENT_CREATION_EVENT,[],HOLD,CAND:7316c4a2330c742a8803fe6c,OPP:7316c4a2330c742a8803fe6c,369.15,False,HOLD,TRANSITION,OPEN,NO_CURRENT_CREATION_EVENT,2026-07-31T12:30:00+05:30,MANAPPURAM,False,ATR_MULTIPLE
NO_EVENT,REVERSAL_WATCH,[],[],NONE,ALIGNED,[],[],[],AUCTION_SIGNAL_DOWNSTREAM_V2,OPEN,HOLD_POSITION,NONE,"[{""action"": ""HOLD"", ""signal_id"": ""cad8805e-c102-57a4-96c7-d70c9c07f5cc"", ""setup"": ""BREAKOUT_INITIATION"", ""side"": ""BUY"", ""stage"": ""PROTECT"", ""status"": ""OPEN"", ""status_reason"": ""AUTHORITATIVE_REVERSAL_WATCH"", ""signal_action"": ""HOLD"", ""signal_state"": ""OPEN"", ""trade_action"": ""HOLD_POSITION"", ""management_posture"": ""CAUTION"", ""management_reason_code"": ""AUTHORITATIVE_REVERSAL_WATCH"", ""should_exit_signal"": false}]",921,CAUTION,AUTHORITATIVE_REVERSAL_WATCH,[],HOLD,CAND:6e00ceac84968df1df4d7495,OPP:6e00ceac84968df1df4d7495,5416.9,False,HOLD,PROTECT,OPEN,AUTHORITATIVE_REVERSAL_WATCH,2026-07-31T12:30:00+05:30,PERSISTENT,False,ATR_MULTIPLE
NO_EVENT,REVERSAL_WATCH,[],[],LOCKED,ALIGNED,[],[],[],AUCTION_SIGNAL_DOWNSTREAM_V2,OPEN,HOLD_POSITION,NONE,"[{""action"": ""HOLD"", ""signal_id"": ""57fbc3b0-0822-51b7-8515-450ea6586841"", ""setup"": ""FAILED_BREAKOUT"", ""side"": ""BUY"", ""stage"": ""PROTECT"", ""status"": ""OPEN"", ""status_reason"": ""AUTHORITATIVE_REVERSAL_WATCH"", ""signal_action"": ""HOLD"", ""signal_state"": ""OPEN"", ""trade_action"": ""HOLD_POSITION"", ""management_posture"": ""CAUTION"", ""management_reason_code"": ""AUTHORITATIVE_REVERSAL_WATCH"", ""should_exit_signal"": false}]",922,CAUTION,AUTHORITATIVE_REVERSAL_WATCH,"[""CONTINUATION:BLOCK"", ""REACCELERATION:BLOCK"", ""REVERSAL:BLOCK""]",HOLD,CAND:dc1ab160fa1ee75a10189da6,OPP:dc1ab160fa1ee75a10189da6,32370.0,False,HOLD,PROTECT,OPEN,AUTHORITATIVE_REVERSAL_WATCH,2026-07-31T12:30:00+05:30,POWERINDIA,False,ATR_MULTIPLE
NO_EVENT,NONE,[],[],FAILED_BACK_INSIDE,,[],[],[],,,,,[],923,,,"[""CONTINUATION:BLOCK"", ""REACCELERATION:BLOCK"", ""REVERSAL:BLOCK""]",,,,,,NO_ACTION,,,,2026-07-31T12:30:00+05:30,TCS,,
"DIRECTIONAL_REVERSAL_CONFIRMED,DIRECTIONAL_COMPLETED,DIRECTIONAL_REVERSAL_LEG_STARTED",REVERSAL_LEG,"[""DIR:TORNTPHARM:2026-07-31:004:UP:121500:DIRECTIONAL_REVERSAL_CONFIRMED:123000"", ""DIR:TORNTPHARM:2026-07-31:004:UP:121500:DIRECTIONAL_COMPLETED:123000"", ""DIR:TORNTPHARM:2026-07-31:005:DOWN:123000:DIRECTIONAL_REVERSAL_LEG_STARTED:123000""]","[""DIRECTIONAL_REVERSAL_CONFIRMED"", ""DIRECTIONAL_COMPLETED"", ""DIRECTIONAL_REVERSAL_LEG_STARTED""]",PROBABLE,,[],[],[],,,,,[],924,,,"[""REVERSAL:WAIT""]",,,,,,NO_ACTION,,,,2026-07-31T12:30:00+05:30,TORNTPHARM,,
NO_EVENT,DIRECTIONAL,[],[],NONE,,[],[],[],,,,,[],925,,,[],,,,,,NO_ACTION,,,,2026-07-31T12:33:00+05:30,BHEL,,
NO_EVENT,MATURE,[],[],NONE,,[],[],[],,,,,[],926,,,[],,,,,,NO_ACTION,,,,2026-07-31T12:33:00+05:30,CHOLAFIN,,
NO_EVENT,NONE,[],[],LOCKED,UNKNOWN,[],[],[],AUCTION_SIGNAL_DOWNSTREAM_V2,OPEN,HOLD_POSITION,NONE,"[{""action"": ""HOLD"", ""signal_id"": ""2afed6e7-898c-5a79-8bf5-1d7891f21ccb"", ""setup"": ""REVERSAL"", ""side"": ""SELL"", ""stage"": ""TRANSITION"", ""status"": ""OPEN"", ""status_reason"": ""NO_CURRENT_CREATION_EVENT"", ""signal_action"": ""HOLD"", ""signal_state"": ""OPEN"", ""trade_action"": ""HOLD_POSITION"", ""management_posture"": ""CAUTION"", ""management_reason_code"": ""NO_CURRENT_CREATION_EVENT"", ""should_exit_signal"": false}]",927,CAUTION,NO_CURRENT_CREATION_EVENT,"[""CONTINUATION:BLOCK"", ""REACCELERATION:BLOCK"", ""REVERSAL:BLOCK""]",HOLD,CAND:995ee50ff305357125723e26,OPP:995ee50ff305357125723e26,1724.2,False,HOLD,TRANSITION,OPEN,NO_CURRENT_CREATION_EVENT,2026-07-31T12:33:00+05:30,COFORGE,False,ATR_MULTIPLE
NO_EVENT,REVERSAL_LEG,[],[],NONE,ALIGNED,[],[],[],AUCTION_SIGNAL_DOWNSTREAM_V2,OPEN,HOLD_POSITION,NONE,"[{""action"": ""HOLD"", ""signal_id"": ""a73cb6c9-a388-53f1-92b2-41820e34edd3"", ""setup"": ""REVERSAL"", ""side"": ""SELL"", ""stage"": ""ACTIVE"", ""status"": ""OPEN"", ""status_reason"": ""AUTHORITATIVE_DIRECTIONAL_ALIGNED"", ""signal_action"": ""HOLD"", ""signal_state"": ""OPEN"", ""trade_action"": ""HOLD_POSITION"", ""management_posture"": ""STRENGTHEN"", ""management_reason_code"": ""AUTHORITATIVE_DIRECTIONAL_ALIGNED"", ""should_exit_signal"": false}]",928,STRENGTHEN,AUTHORITATIVE_DIRECTIONAL_ALIGNED,[],HOLD,CAND:6644484c352c701feebfdf31,OPP:6644484c352c701feebfdf31,8026.5,False,HOLD,ACTIVE,OPEN,AUTHORITATIVE_DIRECTIONAL_ALIGNED,2026-07-31T12:33:00+05:30,DIVISLAB,True,ATR_MULTIPLE
NO_EVENT,NONE,[],[],NONE,,[],[],[],,,,,[],929,,,[],,,,,,NO_ACTION,,,,2026-07-31T12:33:00+05:30,EXIDEIND,,
NO_EVENT,NONE,[],[],FAILED_BACK_INSIDE,UNKNOWN,[],[],[],AUCTION_SIGNAL_DOWNSTREAM_V2,OPEN,HOLD_POSITION,NONE,"[{""action"": ""HOLD"", ""signal_id"": ""76d65cfd-3f5f-5419-81f1-24a924660ce7"", ""setup"": ""REVERSAL"", ""side"": ""BUY"", ""stage"": ""TRANSITION"", ""status"": ""OPEN"", ""status_reason"": ""NO_CURRENT_CREATION_EVENT"", ""signal_action"": ""HOLD"", ""signal_state"": ""OPEN"", ""trade_action"": ""HOLD_POSITION"", ""management_posture"": ""CAUTION"", ""management_reason_code"": ""NO_CURRENT_CREATION_EVENT"", ""should_exit_signal"": false}]",930,CAUTION,NO_CURRENT_CREATION_EVENT,"[""CONTINUATION:BLOCK"", ""REACCELERATION:BLOCK"", ""REVERSAL:BLOCK""]",HOLD,CAND:32b3a707960484f98d8399a7,OPP:32b3a707960484f98d8399a7,17907.0,False,HOLD,TRANSITION,OPEN,NO_CURRENT_CREATION_EVENT,2026-07-31T12:33:00+05:30,FORCEMOT,False,ATR_MULTIPLE
NO_EVENT,NONE,[],[],LOCKED,,[],[],[],,,,,[],931,,,"[""CONTINUATION:BLOCK"", ""REACCELERATION:BLOCK"", ""REVERSAL:BLOCK""]",,,,,,NO_ACTION,,,,2026-07-31T12:33:00+05:30,GLENMARK,,
NO_EVENT,NONE,[],[],FAILED_BACK_INSIDE,UNKNOWN,[],[],[],AUCTION_SIGNAL_DOWNSTREAM_V2,OPEN,HOLD_POSITION,NONE,"[{""action"": ""HOLD"", ""signal_id"": ""6c1d311c-b1e4-503d-9f2d-3a50df29da5d"", ""setup"": ""FAILED_BREAKOUT"", ""side"": ""SELL"", ""stage"": ""TRANSITION"", ""status"": ""OPEN"", ""status_reason"": ""NO_CURRENT_CREATION_EVENT"", ""signal_action"": ""HOLD"", ""signal_state"": ""OPEN"", ""trade_action"": ""HOLD_POSITION"", ""management_posture"": ""CAUTION"", ""management_reason_code"": ""NO_CURRENT_CREATION_EVENT"", ""should_exit_signal"": false}]",932,CAUTION,NO_CURRENT_CREATION_EVENT,"[""CONTINUATION:BLOCK"", ""REACCELERATION:BLOCK"", ""REVERSAL:BLOCK""]",HOLD,CAND:296c26607039b07e87c6f497,OPP:296c26607039b07e87c6f497,388.0,False,HOLD,TRANSITION,OPEN,NO_CURRENT_CREATION_EVENT,2026-07-31T12:33:00+05:30,INDUSTOWER,False,ATR_MULTIPLE
NO_EVENT,DIRECTIONAL,[],[],NONE,OPPOSED,[],[],[],AUCTION_SIGNAL_DOWNSTREAM_V2,OPEN,HOLD_POSITION,NONE,"[{""action"": ""HOLD"", ""signal_id"": ""fe205a27-ef8f-5bf7-9192-94593d799d94"", ""setup"": ""BREAKOUT_INITIATION"", ""side"": ""BUY"", ""stage"": ""WEAKENING"", ""status"": ""OPEN"", ""status_reason"": ""AUTHORITATIVE_DIRECTION_OPPOSED"", ""signal_action"": ""HOLD"", ""signal_state"": ""OPEN"", ""trade_action"": ""HOLD_POSITION"", ""management_posture"": ""CAUTION"", ""management_reason_code"": ""AUTHORITATIVE_DIRECTION_OPPOSED"", ""should_exit_signal"": false}]",933,CAUTION,AUTHORITATIVE_DIRECTION_OPPOSED,[],HOLD,CAND:4a3872010c190995b2d63ff8,OPP:4a3872010c190995b2d63ff8,628.95,False,HOLD,WEAKENING,OPEN,AUTHORITATIVE_DIRECTION_OPPOSED,2026-07-31T12:33:00+05:30,KALYANKJIL,False,ATR_MULTIPLE
NO_EVENT,NONE,[],[],PROBABLE,UNKNOWN,[],[],[],AUCTION_SIGNAL_DOWNSTREAM_V2,OPEN,HOLD_POSITION,NONE,"[{""action"": ""HOLD"", ""signal_id"": ""50c51811-b112-5f0f-9fcc-a1422ceea97c"", ""setup"": ""REVERSAL"", ""side"": ""BUY"", ""stage"": ""TRANSITION"", ""status"": ""OPEN"", ""status_reason"": ""NO_CURRENT_CREATION_EVENT"", ""signal_action"": ""HOLD"", ""signal_state"": ""OPEN"", ""trade_action"": ""HOLD_POSITION"", ""management_posture"": ""CAUTION"", ""management_reason_code"": ""NO_CURRENT_CREATION_EVENT"", ""should_exit_signal"": false}]",934,CAUTION,NO_CURRENT_CREATION_EVENT,[],HOLD,CAND:7316c4a2330c742a8803fe6c,OPP:7316c4a2330c742a8803fe6c,369.15,False,HOLD,TRANSITION,OPEN,NO_CURRENT_CREATION_EVENT,2026-07-31T12:33:00+05:30,MANAPPURAM,False,ATR_MULTIPLE
DIRECTIONAL_TREND_RESTORED,DIRECTIONAL,"[""DIR:PERSISTENT:2026-07-31:003:UP:112100:DIRECTIONAL_TREND_RESTORED:123300""]","[""DIRECTIONAL_TREND_RESTORED""]",NONE,ALIGNED,[],[],[],AUCTION_SIGNAL_DOWNSTREAM_V2,OPEN,HOLD_POSITION,NONE,"[{""action"": ""HOLD"", ""signal_id"": ""cad8805e-c102-57a4-96c7-d70c9c07f5cc"", ""setup"": ""BREAKOUT_INITIATION"", ""side"": ""BUY"", ""stage"": ""ACTIVE"", ""status"": ""OPEN"", ""status_reason"": ""AUTHORITATIVE_DIRECTIONAL_ALIGNED"", ""signal_action"": ""HOLD"", ""signal_state"": ""OPEN"", ""trade_action"": ""HOLD_POSITION"", ""management_posture"": ""STRENGTHEN"", ""management_reason_code"": ""AUTHORITATIVE_DIRECTIONAL_ALIGNED"", ""should_exit_signal"": false}]",935,STRENGTHEN,AUTHORITATIVE_DIRECTIONAL_ALIGNED,"[""CONTINUATION:PERMIT""]",HOLD,CAND:6e00ceac84968df1df4d7495,OPP:6e00ceac84968df1df4d7495,5416.9,False,HOLD,ACTIVE,OPEN,AUTHORITATIVE_DIRECTIONAL_ALIGNED,2026-07-31T12:33:00+05:30,PERSISTENT,True,ATR_MULTIPLE
NO_EVENT,REVERSAL_WATCH,[],[],LOCKED,ALIGNED,[],[],[],AUCTION_SIGNAL_DOWNSTREAM_V2,OPEN,HOLD_POSITION,NONE,"[{""action"": ""HOLD"", ""signal_id"": ""57fbc3b0-0822-51b7-8515-450ea6586841"", ""setup"": ""FAILED_BREAKOUT"", ""side"": ""BUY"", ""stage"": ""PROTECT"", ""status"": ""OPEN"", ""status_reason"": ""AUTHORITATIVE_REVERSAL_WATCH"", ""signal_action"": ""HOLD"", ""signal_state"": ""OPEN"", ""trade_action"": ""HOLD_POSITION"", ""management_posture"": ""CAUTION"", ""management_reason_code"": ""AUTHORITATIVE_REVERSAL_WATCH"", ""should_exit_signal"": false}]",936,CAUTION,AUTHORITATIVE_REVERSAL_WATCH,"[""CONTINUATION:BLOCK"", ""REACCELERATION:BLOCK"", ""REVERSAL:BLOCK""]",HOLD,CAND:dc1ab160fa1ee75a10189da6,OPP:dc1ab160fa1ee75a10189da6,32370.0,False,HOLD,PROTECT,OPEN,AUTHORITATIVE_REVERSAL_WATCH,2026-07-31T12:33:00+05:30,POWERINDIA,False,ATR_MULTIPLE
NO_EVENT,NONE,[],[],FAILED_BACK_INSIDE,,[],[],[],,,,,[],937,,,"[""CONTINUATION:BLOCK"", ""REACCELERATION:BLOCK"", ""REVERSAL:BLOCK""]",,,,,,NO_ACTION,,,,2026-07-31T12:33:00+05:30,TCS,,
NO_EVENT,REVERSAL_LEG,[],[],PROBABLE,,[],[],[],,,,,[],938,,,[],,,,,,NO_ACTION,,,,2026-07-31T12:33:00+05:30,TORNTPHARM,,
DIRECTIONAL_MATURED,MATURE,"[""DIR:BHEL:2026-07-31:006:UP:122700:DIRECTIONAL_MATURED:123600""]","[""DIRECTIONAL_MATURED""]",NONE,,[],[],[],,,,,[],939,,,[],,,,,,NO_ACTION,,,,2026-07-31T12:36:00+05:30,BHEL,,
NO_EVENT,MATURE,[],[],NONE,,[],[],[],,,,,[],940,,,[],,,,,,NO_ACTION,,,,2026-07-31T12:36:00+05:30,CHOLAFIN,,
NO_EVENT,NONE,[],[],LOCKED,UNKNOWN,[],[],[],AUCTION_SIGNAL_DOWNSTREAM_V2,OPEN,HOLD_POSITION,NONE,"[{""action"": ""HOLD"", ""signal_id"": ""2afed6e7-898c-5a79-8bf5-1d7891f21ccb"", ""setup"": ""REVERSAL"", ""side"": ""SELL"", ""stage"": ""TRANSITION"", ""status"": ""OPEN"", ""status_reason"": ""NO_CURRENT_CREATION_EVENT"", ""signal_action"": ""HOLD"", ""signal_state"": ""OPEN"", ""trade_action"": ""HOLD_POSITION"", ""management_posture"": ""CAUTION"", ""management_reason_code"": ""NO_CURRENT_CREATION_EVENT"", ""should_exit_signal"": false}]",941,CAUTION,NO_CURRENT_CREATION_EVENT,"[""CONTINUATION:BLOCK"", ""REACCELERATION:BLOCK"", ""REVERSAL:BLOCK""]",HOLD,CAND:995ee50ff305357125723e26,OPP:995ee50ff305357125723e26,1724.2,False,HOLD,TRANSITION,OPEN,NO_CURRENT_CREATION_EVENT,2026-07-31T12:36:00+05:30,COFORGE,False,ATR_MULTIPLE
NO_EVENT,REVERSAL_LEG,[],[],NONE,ALIGNED,[],[],[],AUCTION_SIGNAL_DOWNSTREAM_V2,OPEN,HOLD_POSITION,NONE,"[{""action"": ""HOLD"", ""signal_id"": ""a73cb6c9-a388-53f1-92b2-41820e34edd3"", ""setup"": ""REVERSAL"", ""side"": ""SELL"", ""stage"": ""ACTIVE"", ""status"": ""OPEN"", ""status_reason"": ""AUTHORITATIVE_DIRECTIONAL_ALIGNED"", ""signal_action"": ""HOLD"", ""signal_state"": ""OPEN"", ""trade_action"": ""HOLD_POSITION"", ""management_posture"": ""STRENGTHEN"", ""management_reason_code"": ""AUTHORITATIVE_DIRECTIONAL_ALIGNED"", ""should_exit_signal"": false}]",942,STRENGTHEN,AUTHORITATIVE_DIRECTIONAL_ALIGNED,[],HOLD,CAND:6644484c352c701feebfdf31,OPP:6644484c352c701feebfdf31,8026.5,False,HOLD,ACTIVE,OPEN,AUTHORITATIVE_DIRECTIONAL_ALIGNED,2026-07-31T12:36:00+05:30,DIVISLAB,True,ATR_MULTIPLE
NO_EVENT,NONE,[],[],NONE,,[],[],[],,,,,[],943,,,[],,,,,,NO_ACTION,,,,2026-07-31T12:36:00+05:30,EXIDEIND,,
NO_EVENT,NONE,[],[],FAILED_BACK_INSIDE,UNKNOWN,[],[],[],AUCTION_SIGNAL_DOWNSTREAM_V2,OPEN,HOLD_POSITION,NONE,"[{""action"": ""HOLD"", ""signal_id"": ""76d65cfd-3f5f-5419-81f1-24a924660ce7"", ""setup"": ""REVERSAL"", ""side"": ""BUY"", ""stage"": ""TRANSITION"", ""status"": ""OPEN"", ""status_reason"": ""NO_CURRENT_CREATION_EVENT"", ""signal_action"": ""HOLD"", ""signal_state"": ""OPEN"", ""trade_action"": ""HOLD_POSITION"", ""management_posture"": ""CAUTION"", ""management_reason_code"": ""NO_CURRENT_CREATION_EVENT"", ""should_exit_signal"": false}]",944,CAUTION,NO_CURRENT_CREATION_EVENT,"[""CONTINUATION:BLOCK"", ""REACCELERATION:BLOCK"", ""REVERSAL:BLOCK""]",HOLD,CAND:32b3a707960484f98d8399a7,OPP:32b3a707960484f98d8399a7,17907.0,False,HOLD,TRANSITION,OPEN,NO_CURRENT_CREATION_EVENT,2026-07-31T12:36:00+05:30,FORCEMOT,False,ATR_MULTIPLE
NO_EVENT,NONE,[],[],LOCKED,,[],[],[],,,,,[],945,,,"[""CONTINUATION:BLOCK"", ""REACCELERATION:BLOCK"", ""REVERSAL:BLOCK""]",,,,,,NO_ACTION,,,,2026-07-31T12:36:00+05:30,GLENMARK,,
NO_EVENT,NONE,[],[],FAILED_BACK_INSIDE,UNKNOWN,[],[],[],AUCTION_SIGNAL_DOWNSTREAM_V2,OPEN,HOLD_POSITION,NONE,"[{""action"": ""HOLD"", ""signal_id"": ""6c1d311c-b1e4-503d-9f2d-3a50df29da5d"", ""setup"": ""FAILED_BREAKOUT"", ""side"": ""SELL"", ""stage"": ""TRANSITION"", ""status"": ""OPEN"", ""status_reason"": ""NO_CURRENT_CREATION_EVENT"", ""signal_action"": ""HOLD"", ""signal_state"": ""OPEN"", ""trade_action"": ""HOLD_POSITION"", ""management_posture"": ""CAUTION"", ""management_reason_code"": ""NO_CURRENT_CREATION_EVENT"", ""should_exit_signal"": false}]",946,CAUTION,NO_CURRENT_CREATION_EVENT,"[""CONTINUATION:BLOCK"", ""REACCELERATION:BLOCK"", ""REVERSAL:BLOCK""]",HOLD,CAND:296c26607039b07e87c6f497,OPP:296c26607039b07e87c6f497,388.0,False,HOLD,TRANSITION,OPEN,NO_CURRENT_CREATION_EVENT,2026-07-31T12:36:00+05:30,INDUSTOWER,False,ATR_MULTIPLE
NO_EVENT,DIRECTIONAL,[],[],NONE,OPPOSED,[],[],[],AUCTION_SIGNAL_DOWNSTREAM_V2,OPEN,HOLD_POSITION,NONE,"[{""action"": ""HOLD"", ""signal_id"": ""fe205a27-ef8f-5bf7-9192-94593d799d94"", ""setup"": ""BREAKOUT_INITIATION"", ""side"": ""BUY"", ""stage"": ""WEAKENING"", ""status"": ""OPEN"", ""status_reason"": ""AUTHORITATIVE_DIRECTION_OPPOSED"", ""signal_action"": ""HOLD"", ""signal_state"": ""OPEN"", ""trade_action"": ""HOLD_POSITION"", ""management_posture"": ""CAUTION"", ""management_reason_code"": ""AUTHORITATIVE_DIRECTION_OPPOSED"", ""should_exit_signal"": false}]",947,CAUTION,AUTHORITATIVE_DIRECTION_OPPOSED,[],HOLD,CAND:4a3872010c190995b2d63ff8,OPP:4a3872010c190995b2d63ff8,628.95,False,HOLD,WEAKENING,OPEN,AUTHORITATIVE_DIRECTION_OPPOSED,2026-07-31T12:36:00+05:30,KALYANKJIL,False,ATR_MULTIPLE
NO_EVENT,NONE,[],[],PROBABLE,UNKNOWN,[],[],[],AUCTION_SIGNAL_DOWNSTREAM_V2,OPEN,HOLD_POSITION,NONE,"[{""action"": ""HOLD"", ""signal_id"": ""50c51811-b112-5f0f-9fcc-a1422ceea97c"", ""setup"": ""REVERSAL"", ""side"": ""BUY"", ""stage"": ""TRANSITION"", ""status"": ""OPEN"", ""status_reason"": ""NO_CURRENT_CREATION_EVENT"", ""signal_action"": ""HOLD"", ""signal_state"": ""OPEN"", ""trade_action"": ""HOLD_POSITION"", ""management_posture"": ""CAUTION"", ""management_reason_code"": ""NO_CURRENT_CREATION_EVENT"", ""should_exit_signal"": false}]",948,CAUTION,NO_CURRENT_CREATION_EVENT,[],HOLD,CAND:7316c4a2330c742a8803fe6c,OPP:7316c4a2330c742a8803fe6c,369.15,False,HOLD,TRANSITION,OPEN,NO_CURRENT_CREATION_EVENT,2026-07-31T12:36:00+05:30,MANAPPURAM,False,ATR_MULTIPLE
DIRECTIONAL_MATURED,MATURE,"[""DIR:PERSISTENT:2026-07-31:003:UP:112100:DIRECTIONAL_MATURED:123600""]","[""DIRECTIONAL_MATURED""]",NONE,ALIGNED,[],[],[],AUCTION_SIGNAL_DOWNSTREAM_V2,OPEN,HOLD_POSITION,NONE,"[{""action"": ""HOLD"", ""signal_id"": ""cad8805e-c102-57a4-96c7-d70c9c07f5cc"", ""setup"": ""BREAKOUT_INITIATION"", ""side"": ""BUY"", ""stage"": ""EXPAND"", ""status"": ""OPEN"", ""status_reason"": ""AUTHORITATIVE_DIRECTIONAL_MATURE"", ""signal_action"": ""HOLD"", ""signal_state"": ""OPEN"", ""trade_action"": ""HOLD_POSITION"", ""management_posture"": ""STRENGTHEN"", ""management_reason_code"": ""AUTHORITATIVE_DIRECTIONAL_MATURE"", ""should_exit_signal"": false}]",949,STRENGTHEN,AUTHORITATIVE_DIRECTIONAL_MATURE,[],HOLD,CAND:6e00ceac84968df1df4d7495,OPP:6e00ceac84968df1df4d7495,5416.9,False,HOLD,EXPAND,OPEN,AUTHORITATIVE_DIRECTIONAL_MATURE,2026-07-31T12:36:00+05:30,PERSISTENT,True,ATR_MULTIPLE
NO_EVENT,REVERSAL_WATCH,[],[],LOCKED,ALIGNED,[],[],[],AUCTION_SIGNAL_DOWNSTREAM_V2,OPEN,HOLD_POSITION,NONE,"[{""action"": ""HOLD"", ""signal_id"": ""57fbc3b0-0822-51b7-8515-450ea6586841"", ""setup"": ""FAILED_BREAKOUT"", ""side"": ""BUY"", ""stage"": ""PROTECT"", ""status"": ""OPEN"", ""status_reason"": ""AUTHORITATIVE_REVERSAL_WATCH"", ""signal_action"": ""HOLD"", ""signal_state"": ""OPEN"", ""trade_action"": ""HOLD_POSITION"", ""management_posture"": ""CAUTION"", ""management_reason_code"": ""AUTHORITATIVE_REVERSAL_WATCH"", ""should_exit_signal"": false}]",950,CAUTION,AUTHORITATIVE_REVERSAL_WATCH,"[""CONTINUATION:BLOCK"", ""REACCELERATION:BLOCK"", ""REVERSAL:BLOCK""]",HOLD,CAND:dc1ab160fa1ee75a10189da6,OPP:dc1ab160fa1ee75a10189da6,32370.0,False,HOLD,PROTECT,OPEN,AUTHORITATIVE_REVERSAL_WATCH,2026-07-31T12:36:00+05:30,POWERINDIA,False,ATR_MULTIPLE
NO_EVENT,NONE,[],[],FAILED_BACK_INSIDE,,[],[],[],,,,,[],951,,,"[""CONTINUATION:BLOCK"", ""REACCELERATION:BLOCK"", ""REVERSAL:BLOCK""]",,,,,,NO_ACTION,,,,2026-07-31T12:36:00+05:30,TCS,,
BALANCE_COMPLETED,REVERSAL_LEG,"[""BAL:TORNTPHARM:2026-07-31:004:NEUTRAL:121500:BALANCE_COMPLETED:123600""]","[""BALANCE_COMPLETED""]",COMPLETED,,[],[],[],,,,,[],952,,,[],,,,,,NO_ACTION,,,,2026-07-31T12:36:00+05:30,TORNTPHARM,,
REVERSAL_WATCH_STARTED,REVERSAL_WATCH,"[""DIR:BHEL:2026-07-31:006:UP:122700:REVERSAL_WATCH_STARTED:123900""]","[""REVERSAL_WATCH_STARTED""]",NONE,,[],[],[],,,,,[],953,,,[],,,,,,NO_ACTION,,,,2026-07-31T12:39:00+05:30,BHEL,,
REVERSAL_WATCH_STARTED,REVERSAL_WATCH,"[""DIR:CHOLAFIN:2026-07-31:003:UP:104500:REVERSAL_WATCH_STARTED:123900""]","[""REVERSAL_WATCH_STARTED""]",NONE,,[],[],[],,,,,[],954,,,[],,,,,,NO_ACTION,,,,2026-07-31T12:39:00+05:30,CHOLAFIN,,
NO_EVENT,NONE,[],[],LOCKED,UNKNOWN,[],[],[],AUCTION_SIGNAL_DOWNSTREAM_V2,OPEN,HOLD_POSITION,NONE,"[{""action"": ""HOLD"", ""signal_id"": ""2afed6e7-898c-5a79-8bf5-1d7891f21ccb"", ""setup"": ""REVERSAL"", ""side"": ""SELL"", ""stage"": ""TRANSITION"", ""status"": ""OPEN"", ""status_reason"": ""NO_CURRENT_CREATION_EVENT"", ""signal_action"": ""HOLD"", ""signal_state"": ""OPEN"", ""trade_action"": ""HOLD_POSITION"", ""management_posture"": ""CAUTION"", ""management_reason_code"": ""NO_CURRENT_CREATION_EVENT"", ""should_exit_signal"": false}]",955,CAUTION,NO_CURRENT_CREATION_EVENT,"[""CONTINUATION:BLOCK"", ""REACCELERATION:BLOCK"", ""REVERSAL:BLOCK""]",HOLD,CAND:995ee50ff305357125723e26,OPP:995ee50ff305357125723e26,1724.2,False,HOLD,TRANSITION,OPEN,NO_CURRENT_CREATION_EVENT,2026-07-31T12:39:00+05:30,COFORGE,False,ATR_MULTIPLE
"DIRECTIONAL_REVERSAL_LEG_FAILED,DIRECTIONAL_COMPLETED",COMPLETED,"[""DIR:DIVISLAB:2026-07-31:004:DOWN:123000:DIRECTIONAL_REVERSAL_LEG_FAILED:123900"", ""DIR:DIVISLAB:2026-07-31:004:DOWN:123000:DIRECTIONAL_COMPLETED:123900""]","[""DIRECTIONAL_REVERSAL_LEG_FAILED"", ""DIRECTIONAL_COMPLETED""]",NONE,ALIGNED,"[""CLOSE""]","[""a73cb6c9-a388-53f1-92b2-41820e34edd3""]","[""FORCE_EXIT""]",AUCTION_SIGNAL_DOWNSTREAM_V2,TERMINAL,FORCE_EXIT,HIGH,"[{""action"": ""CLOSE"", ""signal_id"": ""a73cb6c9-a388-53f1-92b2-41820e34edd3"", ""setup"": ""REVERSAL"", ""side"": ""SELL"", ""stage"": ""FORCE_EXIT"", ""status"": ""INVALIDATED"", ""status_reason"": ""DIRECTIONAL_REVERSAL_LEG_FAILED_INVALIDATED_OPPOSITE_ACTIVE_SIGNAL"", ""signal_action"": ""CLOSE"", ""signal_state"": ""TERMINAL"", ""trade_action"": ""FORCE_EXIT"", ""management_posture"": ""EXIT"", ""management_reason_code"": ""DIRECTIONAL_REVERSAL_LEG_FAILED_INVALIDATED_OPPOSITE_ACTIVE_SIGNAL"", ""should_exit_signal"": true}]",956,EXIT,DIRECTIONAL_REVERSAL_LEG_FAILED_INVALIDATED_OPPOSITE_ACTIVE_SIGNAL,[],CLOSE,CAND:6644484c352c701feebfdf31,OPP:6644484c352c701feebfdf31,8026.5,True,CLOSE,FORCE_EXIT,INVALIDATED,DIRECTIONAL_REVERSAL_LEG_FAILED_INVALIDATED_OPPOSITE_ACTIVE_SIGNAL,2026-07-31T12:39:00+05:30,DIVISLAB,False,ATR_MULTIPLE
NO_EVENT,NONE,[],[],NONE,,[],[],[],,,,,[],957,,,[],,,,,,NO_ACTION,,,,2026-07-31T12:39:00+05:30,EXIDEIND,,
NO_EVENT,NONE,[],[],FAILED_BACK_INSIDE,UNKNOWN,[],[],[],AUCTION_SIGNAL_DOWNSTREAM_V2,OPEN,HOLD_POSITION,NONE,"[{""action"": ""HOLD"", ""signal_id"": ""76d65cfd-3f5f-5419-81f1-24a924660ce7"", ""setup"": ""REVERSAL"", ""side"": ""BUY"", ""stage"": ""TRANSITION"", ""status"": ""OPEN"", ""status_reason"": ""NO_CURRENT_CREATION_EVENT"", ""signal_action"": ""HOLD"", ""signal_state"": ""OPEN"", ""trade_action"": ""HOLD_POSITION"", ""management_posture"": ""CAUTION"", ""management_reason_code"": ""NO_CURRENT_CREATION_EVENT"", ""should_exit_signal"": false}]",958,CAUTION,NO_CURRENT_CREATION_EVENT,"[""CONTINUATION:BLOCK"", ""REACCELERATION:BLOCK"", ""REVERSAL:BLOCK""]",HOLD,CAND:32b3a707960484f98d8399a7,OPP:32b3a707960484f98d8399a7,17907.0,False,HOLD,TRANSITION,OPEN,NO_CURRENT_CREATION_EVENT,2026-07-31T12:39:00+05:30,FORCEMOT,False,ATR_MULTIPLE
NO_EVENT,NONE,[],[],LOCKED,,[],[],[],,,,,[],959,,,"[""CONTINUATION:BLOCK"", ""REACCELERATION:BLOCK"", ""REVERSAL:BLOCK""]",,,,,,NO_ACTION,,,,2026-07-31T12:39:00+05:30,GLENMARK,,
NO_EVENT,NONE,[],[],FAILED_BACK_INSIDE,UNKNOWN,[],[],[],AUCTION_SIGNAL_DOWNSTREAM_V2,OPEN,HOLD_POSITION,NONE,"[{""action"": ""HOLD"", ""signal_id"": ""6c1d311c-b1e4-503d-9f2d-3a50df29da5d"", ""setup"": ""FAILED_BREAKOUT"", ""side"": ""SELL"", ""stage"": ""TRANSITION"", ""status"": ""OPEN"", ""status_reason"": ""NO_CURRENT_CREATION_EVENT"", ""signal_action"": ""HOLD"", ""signal_state"": ""OPEN"", ""trade_action"": ""HOLD_POSITION"", ""management_posture"": ""CAUTION"", ""management_reason_code"": ""NO_CURRENT_CREATION_EVENT"", ""should_exit_signal"": false}]",960,CAUTION,NO_CURRENT_CREATION_EVENT,"[""CONTINUATION:BLOCK"", ""REACCELERATION:BLOCK"", ""REVERSAL:BLOCK""]",HOLD,CAND:296c26607039b07e87c6f497,OPP:296c26607039b07e87c6f497,388.0,False,HOLD,TRANSITION,OPEN,NO_CURRENT_CREATION_EVENT,2026-07-31T12:39:00+05:30,INDUSTOWER,False,ATR_MULTIPLE
NO_EVENT,DIRECTIONAL,[],[],NONE,OPPOSED,[],[],[],AUCTION_SIGNAL_DOWNSTREAM_V2,OPEN,HOLD_POSITION,NONE,"[{""action"": ""HOLD"", ""signal_id"": ""fe205a27-ef8f-5bf7-9192-94593d799d94"", ""setup"": ""BREAKOUT_INITIATION"", ""side"": ""BUY"", ""stage"": ""WEAKENING"", ""status"": ""OPEN"", ""status_reason"": ""AUTHORITATIVE_DIRECTION_OPPOSED"", ""signal_action"": ""HOLD"", ""signal_state"": ""OPEN"", ""trade_action"": ""HOLD_POSITION"", ""management_posture"": ""CAUTION"", ""management_reason_code"": ""AUTHORITATIVE_DIRECTION_OPPOSED"", ""should_exit_signal"": false}]",961,CAUTION,AUTHORITATIVE_DIRECTION_OPPOSED,[],HOLD,CAND:4a3872010c190995b2d63ff8,OPP:4a3872010c190995b2d63ff8,628.95,False,HOLD,WEAKENING,OPEN,AUTHORITATIVE_DIRECTION_OPPOSED,2026-07-31T12:39:00+05:30,KALYANKJIL,False,ATR_MULTIPLE
NO_EVENT,NONE,[],[],PROBABLE,UNKNOWN,[],[],[],AUCTION_SIGNAL_DOWNSTREAM_V2,OPEN,HOLD_POSITION,NONE,"[{""action"": ""HOLD"", ""signal_id"": ""50c51811-b112-5f0f-9fcc-a1422ceea97c"", ""setup"": ""REVERSAL"", ""side"": ""BUY"", ""stage"": ""TRANSITION"", ""status"": ""OPEN"", ""status_reason"": ""NO_CURRENT_CREATION_EVENT"", ""signal_action"": ""HOLD"", ""signal_state"": ""OPEN"", ""trade_action"": ""HOLD_POSITION"", ""management_posture"": ""CAUTION"", ""management_reason_code"": ""NO_CURRENT_CREATION_EVENT"", ""should_exit_signal"": false}]",962,CAUTION,NO_CURRENT_CREATION_EVENT,[],HOLD,CAND:7316c4a2330c742a8803fe6c,OPP:7316c4a2330c742a8803fe6c,369.15,False,HOLD,TRANSITION,OPEN,NO_CURRENT_CREATION_EVENT,2026-07-31T12:39:00+05:30,MANAPPURAM,False,ATR_MULTIPLE
"BALANCE_FORMING_STARTED,REVERSAL_WATCH_STARTED",REVERSAL_WATCH,"[""BAL:PERSISTENT:2026-07-31:004:NEUTRAL:123900:BALANCE_FORMING_STARTED:123900"", ""DIR:PERSISTENT:2026-07-31:003:UP:112100:REVERSAL_WATCH_STARTED:123900""]","[""BALANCE_FORMING_STARTED"", ""REVERSAL_WATCH_STARTED""]",FORMING,ALIGNED,[],[],[],AUCTION_SIGNAL_DOWNSTREAM_V2,OPEN,HOLD_POSITION,NONE,"[{""action"": ""HOLD"", ""signal_id"": ""cad8805e-c102-57a4-96c7-d70c9c07f5cc"", ""setup"": ""BREAKOUT_INITIATION"", ""side"": ""BUY"", ""stage"": ""PROTECT"", ""status"": ""OPEN"", ""status_reason"": ""AUTHORITATIVE_REVERSAL_WATCH"", ""signal_action"": ""HOLD"", ""signal_state"": ""OPEN"", ""trade_action"": ""HOLD_POSITION"", ""management_posture"": ""CAUTION"", ""management_reason_code"": ""AUTHORITATIVE_REVERSAL_WATCH"", ""should_exit_signal"": false}]",963,CAUTION,AUTHORITATIVE_REVERSAL_WATCH,[],HOLD,CAND:6e00ceac84968df1df4d7495,OPP:6e00ceac84968df1df4d7495,5416.9,False,HOLD,PROTECT,OPEN,AUTHORITATIVE_REVERSAL_WATCH,2026-07-31T12:39:00+05:30,PERSISTENT,False,ATR_MULTIPLE
BALANCE_ESCAPE_STARTED,REVERSAL_WATCH,"[""BAL:POWERINDIA:2026-07-31:001:NEUTRAL:095100:BALANCE_ESCAPE_STARTED:123900""]","[""BALANCE_ESCAPE_STARTED""]",ESCAPE_WATCH,ALIGNED,[],[],[],AUCTION_SIGNAL_DOWNSTREAM_V2,OPEN,HOLD_POSITION,NONE,"[{""action"": ""HOLD"", ""signal_id"": ""57fbc3b0-0822-51b7-8515-450ea6586841"", ""setup"": ""FAILED_BREAKOUT"", ""side"": ""BUY"", ""stage"": ""PROTECT"", ""status"": ""OPEN"", ""status_reason"": ""AUTHORITATIVE_REVERSAL_WATCH"", ""signal_action"": ""HOLD"", ""signal_state"": ""OPEN"", ""trade_action"": ""HOLD_POSITION"", ""management_posture"": ""CAUTION"", ""management_reason_code"": ""AUTHORITATIVE_REVERSAL_WATCH"", ""should_exit_signal"": false}]",964,CAUTION,AUTHORITATIVE_REVERSAL_WATCH,"[""ACCEPTED_BREAKOUT:WAIT"", ""BREAKOUT_INITIATION:PERMIT"", ""CONTINUATION:BLOCK"", ""FAILED_BREAKOUT:WAIT"", ""REACCELERATION:BLOCK"", ""REVERSAL:BLOCK""]",HOLD,CAND:dc1ab160fa1ee75a10189da6,OPP:dc1ab160fa1ee75a10189da6,32370.0,False,HOLD,PROTECT,OPEN,AUTHORITATIVE_REVERSAL_WATCH,2026-07-31T12:39:00+05:30,POWERINDIA,False,ATR_MULTIPLE
NO_EVENT,NONE,[],[],FAILED_BACK_INSIDE,,[],[],[],,,,,[],965,,,"[""CONTINUATION:BLOCK"", ""REACCELERATION:BLOCK"", ""REVERSAL:BLOCK""]",,,,,,NO_ACTION,,,,2026-07-31T12:39:00+05:30,TCS,,
NO_EVENT,REVERSAL_LEG,[],[],NONE,,[],[],[],,,,,[],966,,,[],,,,,,NO_ACTION,,,,2026-07-31T12:39:00+05:30,TORNTPHARM,,
NO_EVENT,REVERSAL_WATCH,[],[],NONE,,[],[],[],,,,,[],967,,,[],,,,,,NO_ACTION,,,,2026-07-31T12:42:00+05:30,BHEL,,
NO_EVENT,REVERSAL_WATCH,[],[],NONE,,[],[],[],,,,,[],968,,,[],,,,,,NO_ACTION,,,,2026-07-31T12:42:00+05:30,CHOLAFIN,,
NO_EVENT,NONE,[],[],LOCKED,UNKNOWN,[],[],[],AUCTION_SIGNAL_DOWNSTREAM_V2,OPEN,HOLD_POSITION,NONE,"[{""action"": ""HOLD"", ""signal_id"": ""2afed6e7-898c-5a79-8bf5-1d7891f21ccb"", ""setup"": ""REVERSAL"", ""side"": ""SELL"", ""stage"": ""TRANSITION"", ""status"": ""OPEN"", ""status_reason"": ""NO_CURRENT_CREATION_EVENT"", ""signal_action"": ""HOLD"", ""signal_state"": ""OPEN"", ""trade_action"": ""HOLD_POSITION"", ""management_posture"": ""CAUTION"", ""management_reason_code"": ""NO_CURRENT_CREATION_EVENT"", ""should_exit_signal"": false}]",969,CAUTION,NO_CURRENT_CREATION_EVENT,"[""CONTINUATION:BLOCK"", ""REACCELERATION:BLOCK"", ""REVERSAL:BLOCK""]",HOLD,CAND:995ee50ff305357125723e26,OPP:995ee50ff305357125723e26,1724.2,False,HOLD,TRANSITION,OPEN,NO_CURRENT_CREATION_EVENT,2026-07-31T12:42:00+05:30,COFORGE,False,ATR_MULTIPLE
NO_EVENT,NONE,[],[],NONE,,[],[],[],,,,,[],970,,,[],,,,,,NO_ACTION,,,,2026-07-31T12:42:00+05:30,DIVISLAB,,
NO_EVENT,NONE,[],[],NONE,,[],[],[],,,,,[],971,,,[],,,,,,NO_ACTION,,,,2026-07-31T12:42:00+05:30,EXIDEIND,,
NO_EVENT,NONE,[],[],FAILED_BACK_INSIDE,UNKNOWN,[],[],[],AUCTION_SIGNAL_DOWNSTREAM_V2,OPEN,HOLD_POSITION,NONE,"[{""action"": ""HOLD"", ""signal_id"": ""76d65cfd-3f5f-5419-81f1-24a924660ce7"", ""setup"": ""REVERSAL"", ""side"": ""BUY"", ""stage"": ""TRANSITION"", ""status"": ""OPEN"", ""status_reason"": ""NO_CURRENT_CREATION_EVENT"", ""signal_action"": ""HOLD"", ""signal_state"": ""OPEN"", ""trade_action"": ""HOLD_POSITION"", ""management_posture"": ""CAUTION"", ""management_reason_code"": ""NO_CURRENT_CREATION_EVENT"", ""should_exit_signal"": false}]",972,CAUTION,NO_CURRENT_CREATION_EVENT,"[""CONTINUATION:BLOCK"", ""REACCELERATION:BLOCK"", ""REVERSAL:BLOCK""]",HOLD,CAND:32b3a707960484f98d8399a7,OPP:32b3a707960484f98d8399a7,17907.0,False,HOLD,TRANSITION,OPEN,NO_CURRENT_CREATION_EVENT,2026-07-31T12:42:00+05:30,FORCEMOT,False,ATR_MULTIPLE
NO_EVENT,NONE,[],[],LOCKED,,[],[],[],,,,,[],973,,,"[""CONTINUATION:BLOCK"", ""REACCELERATION:BLOCK"", ""REVERSAL:BLOCK""]",,,,,,NO_ACTION,,,,2026-07-31T12:42:00+05:30,GLENMARK,,
NO_EVENT,NONE,[],[],FAILED_BACK_INSIDE,UNKNOWN,[],[],[],AUCTION_SIGNAL_DOWNSTREAM_V2,OPEN,HOLD_POSITION,NONE,"[{""action"": ""HOLD"", ""signal_id"": ""6c1d311c-b1e4-503d-9f2d-3a50df29da5d"", ""setup"": ""FAILED_BREAKOUT"", ""side"": ""SELL"", ""stage"": ""TRANSITION"", ""status"": ""OPEN"", ""status_reason"": ""NO_CURRENT_CREATION_EVENT"", ""signal_action"": ""HOLD"", ""signal_state"": ""OPEN"", ""trade_action"": ""HOLD_POSITION"", ""management_posture"": ""CAUTION"", ""management_reason_code"": ""NO_CURRENT_CREATION_EVENT"", ""should_exit_signal"": false}]",974,CAUTION,NO_CURRENT_CREATION_EVENT,"[""CONTINUATION:BLOCK"", ""REACCELERATION:BLOCK"", ""REVERSAL:BLOCK""]",HOLD,CAND:296c26607039b07e87c6f497,OPP:296c26607039b07e87c6f497,388.0,False,HOLD,TRANSITION,OPEN,NO_CURRENT_CREATION_EVENT,2026-07-31T12:42:00+05:30,INDUSTOWER,False,ATR_MULTIPLE
NO_EVENT,DIRECTIONAL,[],[],NONE,OPPOSED,[],[],[],AUCTION_SIGNAL_DOWNSTREAM_V2,OPEN,HOLD_POSITION,NONE,"[{""action"": ""HOLD"", ""signal_id"": ""fe205a27-ef8f-5bf7-9192-94593d799d94"", ""setup"": ""BREAKOUT_INITIATION"", ""side"": ""BUY"", ""stage"": ""WEAKENING"", ""status"": ""OPEN"", ""status_reason"": ""AUTHORITATIVE_DIRECTION_OPPOSED"", ""signal_action"": ""HOLD"", ""signal_state"": ""OPEN"", ""trade_action"": ""HOLD_POSITION"", ""management_posture"": ""CAUTION"", ""management_reason_code"": ""AUTHORITATIVE_DIRECTION_OPPOSED"", ""should_exit_signal"": false}]",975,CAUTION,AUTHORITATIVE_DIRECTION_OPPOSED,[],HOLD,CAND:4a3872010c190995b2d63ff8,OPP:4a3872010c190995b2d63ff8,628.95,False,HOLD,WEAKENING,OPEN,AUTHORITATIVE_DIRECTION_OPPOSED,2026-07-31T12:42:00+05:30,KALYANKJIL,False,ATR_MULTIPLE
BALANCE_COMPLETED,NONE,"[""BAL:MANAPPURAM:2026-07-31:003:NEUTRAL:113900:BALANCE_COMPLETED:124200""]","[""BALANCE_COMPLETED""]",COMPLETED,UNKNOWN,[],[],[],AUCTION_SIGNAL_DOWNSTREAM_V2,OPEN,HOLD_POSITION,NONE,"[{""action"": ""HOLD"", ""signal_id"": ""50c51811-b112-5f0f-9fcc-a1422ceea97c"", ""setup"": ""REVERSAL"", ""side"": ""BUY"", ""stage"": ""TRANSITION"", ""status"": ""OPEN"", ""status_reason"": ""NO_CURRENT_CREATION_EVENT"", ""signal_action"": ""HOLD"", ""signal_state"": ""OPEN"", ""trade_action"": ""HOLD_POSITION"", ""management_posture"": ""CAUTION"", ""management_reason_code"": ""NO_CURRENT_CREATION_EVENT"", ""should_exit_signal"": false}]",976,CAUTION,NO_CURRENT_CREATION_EVENT,[],HOLD,CAND:7316c4a2330c742a8803fe6c,OPP:7316c4a2330c742a8803fe6c,369.15,False,HOLD,TRANSITION,OPEN,NO_CURRENT_CREATION_EVENT,2026-07-31T12:42:00+05:30,MANAPPURAM,False,ATR_MULTIPLE
NO_EVENT,REVERSAL_WATCH,[],[],FORMING,ALIGNED,[],[],[],AUCTION_SIGNAL_DOWNSTREAM_V2,OPEN,HOLD_POSITION,NONE,"[{""action"": ""HOLD"", ""signal_id"": ""cad8805e-c102-57a4-96c7-d70c9c07f5cc"", ""setup"": ""BREAKOUT_INITIATION"", ""side"": ""BUY"", ""stage"": ""PROTECT"", ""status"": ""OPEN"", ""status_reason"": ""AUTHORITATIVE_REVERSAL_WATCH"", ""signal_action"": ""HOLD"", ""signal_state"": ""OPEN"", ""trade_action"": ""HOLD_POSITION"", ""management_posture"": ""CAUTION"", ""management_reason_code"": ""AUTHORITATIVE_REVERSAL_WATCH"", ""should_exit_signal"": false}]",977,CAUTION,AUTHORITATIVE_REVERSAL_WATCH,[],HOLD,CAND:6e00ceac84968df1df4d7495,OPP:6e00ceac84968df1df4d7495,5416.9,False,HOLD,PROTECT,OPEN,AUTHORITATIVE_REVERSAL_WATCH,2026-07-31T12:42:00+05:30,PERSISTENT,False,ATR_MULTIPLE
"BALANCE_ESCAPE_ACCEPTED,DIRECTIONAL_TREND_RESTORED",DIRECTIONAL,"[""BAL:POWERINDIA:2026-07-31:001:NEUTRAL:095100:BALANCE_ESCAPE_ACCEPTED:124200"", ""DIR:POWERINDIA:2026-07-31:003:UP:100300:DIRECTIONAL_TREND_RESTORED:124200""]","[""BALANCE_ESCAPE_ACCEPTED"", ""DIRECTIONAL_TREND_RESTORED""]",ACCEPTED_OUTSIDE,ALIGNED,[],[],[],AUCTION_SIGNAL_DOWNSTREAM_V2,OPEN,HOLD_POSITION,NONE,"[{""action"": ""HOLD"", ""signal_id"": ""57fbc3b0-0822-51b7-8515-450ea6586841"", ""setup"": ""FAILED_BREAKOUT"", ""side"": ""BUY"", ""stage"": ""ACTIVE"", ""status"": ""OPEN"", ""status_reason"": ""AUTHORITATIVE_DIRECTIONAL_ALIGNED"", ""signal_action"": ""HOLD"", ""signal_state"": ""OPEN"", ""trade_action"": ""HOLD_POSITION"", ""management_posture"": ""STRENGTHEN"", ""management_reason_code"": ""AUTHORITATIVE_DIRECTIONAL_ALIGNED"", ""should_exit_signal"": false}]",978,STRENGTHEN,AUTHORITATIVE_DIRECTIONAL_ALIGNED,"[""ACCEPTED_BREAKOUT:PERMIT"", ""CONTINUATION:PERMIT""]",HOLD,CAND:dc1ab160fa1ee75a10189da6,OPP:dc1ab160fa1ee75a10189da6,32370.0,False,HOLD,ACTIVE,OPEN,AUTHORITATIVE_DIRECTIONAL_ALIGNED,2026-07-31T12:42:00+05:30,POWERINDIA,True,ATR_MULTIPLE
NO_EVENT,NONE,[],[],FAILED_BACK_INSIDE,,[],[],[],,,,,[],979,,,"[""CONTINUATION:BLOCK"", ""REACCELERATION:BLOCK"", ""REVERSAL:BLOCK""]",,,,,,NO_ACTION,,,,2026-07-31T12:42:00+05:30,TCS,,
DIRECTIONAL_REVERSAL_LEG_ESTABLISHED,DIRECTIONAL,"[""DIR:TORNTPHARM:2026-07-31:005:DOWN:123000:DIRECTIONAL_REVERSAL_LEG_ESTABLISHED:124200""]","[""DIRECTIONAL_REVERSAL_LEG_ESTABLISHED""]",NONE,,[],[],[],,,,,[],980,,,"[""REVERSAL:PERMIT""]",,,,,,NO_ACTION,,,,2026-07-31T12:42:00+05:30,TORNTPHARM,,
NO_EVENT,REVERSAL_WATCH,[],[],NONE,,[],[],[],,,,,[],981,,,[],,,,,,NO_ACTION,,,,2026-07-31T12:45:00+05:30,BHEL,,
NO_EVENT,REVERSAL_WATCH,[],[],NONE,,[],[],[],,,,,[],982,,,[],,,,,,NO_ACTION,,,,2026-07-31T12:45:00+05:30,CHOLAFIN,,
NO_EVENT,NONE,[],[],LOCKED,UNKNOWN,[],[],[],AUCTION_SIGNAL_DOWNSTREAM_V2,OPEN,HOLD_POSITION,NONE,"[{""action"": ""HOLD"", ""signal_id"": ""2afed6e7-898c-5a79-8bf5-1d7891f21ccb"", ""setup"": ""REVERSAL"", ""side"": ""SELL"", ""stage"": ""TRANSITION"", ""status"": ""OPEN"", ""status_reason"": ""NO_CURRENT_CREATION_EVENT"", ""signal_action"": ""HOLD"", ""signal_state"": ""OPEN"", ""trade_action"": ""HOLD_POSITION"", ""management_posture"": ""CAUTION"", ""management_reason_code"": ""NO_CURRENT_CREATION_EVENT"", ""should_exit_signal"": false}]",983,CAUTION,NO_CURRENT_CREATION_EVENT,"[""CONTINUATION:BLOCK"", ""REACCELERATION:BLOCK"", ""REVERSAL:BLOCK""]",HOLD,CAND:995ee50ff305357125723e26,OPP:995ee50ff305357125723e26,1724.2,False,HOLD,TRANSITION,OPEN,NO_CURRENT_CREATION_EVENT,2026-07-31T12:45:00+05:30,COFORGE,False,ATR_MULTIPLE
DIRECTIONAL_STARTED,DIRECTIONAL,"[""DIR:DIVISLAB:2026-07-31:005:UP:124500:DIRECTIONAL_STARTED:124500""]","[""DIRECTIONAL_STARTED""]",NONE,,[],[],[],,,,,[],984,,,[],,,,,,NO_ACTION,,,,2026-07-31T12:45:00+05:30,DIVISLAB,,
DIRECTIONAL_STARTED,DIRECTIONAL,"[""DIR:EXIDEIND:2026-07-31:004:UP:124500:DIRECTIONAL_STARTED:124500""]","[""DIRECTIONAL_STARTED""]",NONE,,[],[],[],,,,,[],985,,,[],,,,,,NO_ACTION,,,,2026-07-31T12:45:00+05:30,EXIDEIND,,
NO_EVENT,NONE,[],[],FAILED_BACK_INSIDE,UNKNOWN,[],[],[],AUCTION_SIGNAL_DOWNSTREAM_V2,OPEN,HOLD_POSITION,NONE,"[{""action"": ""HOLD"", ""signal_id"": ""76d65cfd-3f5f-5419-81f1-24a924660ce7"", ""setup"": ""REVERSAL"", ""side"": ""BUY"", ""stage"": ""TRANSITION"", ""status"": ""OPEN"", ""status_reason"": ""NO_CURRENT_CREATION_EVENT"", ""signal_action"": ""HOLD"", ""signal_state"": ""OPEN"", ""trade_action"": ""HOLD_POSITION"", ""management_posture"": ""CAUTION"", ""management_reason_code"": ""NO_CURRENT_CREATION_EVENT"", ""should_exit_signal"": false}]",986,CAUTION,NO_CURRENT_CREATION_EVENT,"[""CONTINUATION:BLOCK"", ""REACCELERATION:BLOCK"", ""REVERSAL:BLOCK""]",HOLD,CAND:32b3a707960484f98d8399a7,OPP:32b3a707960484f98d8399a7,17907.0,False,HOLD,TRANSITION,OPEN,NO_CURRENT_CREATION_EVENT,2026-07-31T12:45:00+05:30,FORCEMOT,False,ATR_MULTIPLE
NO_EVENT,NONE,[],[],LOCKED,,[],[],[],,,,,[],987,,,"[""CONTINUATION:BLOCK"", ""REACCELERATION:BLOCK"", ""REVERSAL:BLOCK""]",,,,,,NO_ACTION,,,,2026-07-31T12:45:00+05:30,GLENMARK,,
NO_EVENT,NONE,[],[],FAILED_BACK_INSIDE,UNKNOWN,[],[],[],AUCTION_SIGNAL_DOWNSTREAM_V2,OPEN,HOLD_POSITION,NONE,"[{""action"": ""HOLD"", ""signal_id"": ""6c1d311c-b1e4-503d-9f2d-3a50df29da5d"", ""setup"": ""FAILED_BREAKOUT"", ""side"": ""SELL"", ""stage"": ""TRANSITION"", ""status"": ""OPEN"", ""status_reason"": ""NO_CURRENT_CREATION_EVENT"", ""signal_action"": ""HOLD"", ""signal_state"": ""OPEN"", ""trade_action"": ""HOLD_POSITION"", ""management_posture"": ""CAUTION"", ""management_reason_code"": ""NO_CURRENT_CREATION_EVENT"", ""should_exit_signal"": false}]",988,CAUTION,NO_CURRENT_CREATION_EVENT,"[""CONTINUATION:BLOCK"", ""REACCELERATION:BLOCK"", ""REVERSAL:BLOCK""]",HOLD,CAND:296c26607039b07e87c6f497,OPP:296c26607039b07e87c6f497,388.0,False,HOLD,TRANSITION,OPEN,NO_CURRENT_CREATION_EVENT,2026-07-31T12:45:00+05:30,INDUSTOWER,False,ATR_MULTIPLE
DIRECTIONAL_MATURED,MATURE,"[""DIR:KALYANKJIL:2026-07-31:008:DOWN:122400:DIRECTIONAL_MATURED:124500""]","[""DIRECTIONAL_MATURED""]",NONE,OPPOSED,[],[],[],AUCTION_SIGNAL_DOWNSTREAM_V2,OPEN,HOLD_POSITION,NONE,"[{""action"": ""HOLD"", ""signal_id"": ""fe205a27-ef8f-5bf7-9192-94593d799d94"", ""setup"": ""BREAKOUT_INITIATION"", ""side"": ""BUY"", ""stage"": ""WEAKENING"", ""status"": ""OPEN"", ""status_reason"": ""AUTHORITATIVE_DIRECTION_OPPOSED"", ""signal_action"": ""HOLD"", ""signal_state"": ""OPEN"", ""trade_action"": ""HOLD_POSITION"", ""management_posture"": ""CAUTION"", ""management_reason_code"": ""AUTHORITATIVE_DIRECTION_OPPOSED"", ""should_exit_signal"": false}]",989,CAUTION,AUTHORITATIVE_DIRECTION_OPPOSED,[],HOLD,CAND:4a3872010c190995b2d63ff8,OPP:4a3872010c190995b2d63ff8,628.95,False,HOLD,WEAKENING,OPEN,AUTHORITATIVE_DIRECTION_OPPOSED,2026-07-31T12:45:00+05:30,KALYANKJIL,False,ATR_MULTIPLE
NO_EVENT,NONE,[],[],NONE,UNKNOWN,[],[],[],AUCTION_SIGNAL_DOWNSTREAM_V2,OPEN,HOLD_POSITION,NONE,"[{""action"": ""HOLD"", ""signal_id"": ""50c51811-b112-5f0f-9fcc-a1422ceea97c"", ""setup"": ""REVERSAL"", ""side"": ""BUY"", ""stage"": ""TRANSITION"", ""status"": ""OPEN"", ""status_reason"": ""NO_CURRENT_CREATION_EVENT"", ""signal_action"": ""HOLD"", ""signal_state"": ""OPEN"", ""trade_action"": ""HOLD_POSITION"", ""management_posture"": ""CAUTION"", ""management_reason_code"": ""NO_CURRENT_CREATION_EVENT"", ""should_exit_signal"": false}]",990,CAUTION,NO_CURRENT_CREATION_EVENT,[],HOLD,CAND:7316c4a2330c742a8803fe6c,OPP:7316c4a2330c742a8803fe6c,369.15,False,HOLD,TRANSITION,OPEN,NO_CURRENT_CREATION_EVENT,2026-07-31T12:45:00+05:30,MANAPPURAM,False,ATR_MULTIPLE
NO_EVENT,REVERSAL_WATCH,[],[],FORMING,ALIGNED,[],[],[],AUCTION_SIGNAL_DOWNSTREAM_V2,OPEN,HOLD_POSITION,NONE,"[{""action"": ""HOLD"", ""signal_id"": ""cad8805e-c102-57a4-96c7-d70c9c07f5cc"", ""setup"": ""BREAKOUT_INITIATION"", ""side"": ""BUY"", ""stage"": ""PROTECT"", ""status"": ""OPEN"", ""status_reason"": ""AUTHORITATIVE_REVERSAL_WATCH"", ""signal_action"": ""HOLD"", ""signal_state"": ""OPEN"", ""trade_action"": ""HOLD_POSITION"", ""management_posture"": ""CAUTION"", ""management_reason_code"": ""AUTHORITATIVE_REVERSAL_WATCH"", ""should_exit_signal"": false}]",991,CAUTION,AUTHORITATIVE_REVERSAL_WATCH,[],HOLD,CAND:6e00ceac84968df1df4d7495,OPP:6e00ceac84968df1df4d7495,5416.9,False,HOLD,PROTECT,OPEN,AUTHORITATIVE_REVERSAL_WATCH,2026-07-31T12:45:00+05:30,PERSISTENT,False,ATR_MULTIPLE
"BALANCE_COMPLETED,DIRECTIONAL_MATURED",MATURE,"[""BAL:POWERINDIA:2026-07-31:001:NEUTRAL:095100:BALANCE_COMPLETED:124500"", ""DIR:POWERINDIA:2026-07-31:003:UP:100300:DIRECTIONAL_MATURED:124500""]","[""BALANCE_COMPLETED"", ""DIRECTIONAL_MATURED""]",COMPLETED,ALIGNED,[],[],[],AUCTION_SIGNAL_DOWNSTREAM_V2,OPEN,HOLD_POSITION,NONE,"[{""action"": ""HOLD"", ""signal_id"": ""57fbc3b0-0822-51b7-8515-450ea6586841"", ""setup"": ""FAILED_BREAKOUT"", ""side"": ""BUY"", ""stage"": ""EXPAND"", ""status"": ""OPEN"", ""status_reason"": ""AUTHORITATIVE_DIRECTIONAL_MATURE"", ""signal_action"": ""HOLD"", ""signal_state"": ""OPEN"", ""trade_action"": ""HOLD_POSITION"", ""management_posture"": ""STRENGTHEN"", ""management_reason_code"": ""AUTHORITATIVE_DIRECTIONAL_MATURE"", ""should_exit_signal"": false}]",992,STRENGTHEN,AUTHORITATIVE_DIRECTIONAL_MATURE,[],HOLD,CAND:dc1ab160fa1ee75a10189da6,OPP:dc1ab160fa1ee75a10189da6,32370.0,False,HOLD,EXPAND,OPEN,AUTHORITATIVE_DIRECTIONAL_MATURE,2026-07-31T12:45:00+05:30,POWERINDIA,True,ATR_MULTIPLE
NO_EVENT,NONE,[],[],FAILED_BACK_INSIDE,,[],[],[],,,,,[],993,,,"[""CONTINUATION:BLOCK"", ""REACCELERATION:BLOCK"", ""REVERSAL:BLOCK""]",,,,,,NO_ACTION,,,,2026-07-31T12:45:00+05:30,TCS,,
NO_EVENT,DIRECTIONAL,[],[],NONE,,[],[],[],,,,,[],994,,,[],,,,,,NO_ACTION,,,,2026-07-31T12:45:00+05:30,TORNTPHARM,,
NO_EVENT,REVERSAL_WATCH,[],[],NONE,,[],[],[],,,,,[],995,,,[],,,,,,NO_ACTION,,,,2026-07-31T12:48:00+05:30,BHEL,,
"DIRECTIONAL_REVERSAL_CONFIRMED,DIRECTIONAL_COMPLETED,DIRECTIONAL_REVERSAL_LEG_STARTED",REVERSAL_LEG,"[""DIR:CHOLAFIN:2026-07-31:003:UP:104500:DIRECTIONAL_REVERSAL_CONFIRMED:124800"", ""DIR:CHOLAFIN:2026-07-31:003:UP:104500:DIRECTIONAL_COMPLETED:124800"", ""DIR:CHOLAFIN:2026-07-31:004:DOWN:124800:DIRECTIONAL_REVERSAL_LEG_STARTED:124800""]","[""DIRECTIONAL_REVERSAL_CONFIRMED"", ""DIRECTIONAL_COMPLETED"", ""DIRECTIONAL_REVERSAL_LEG_STARTED""]",NONE,,[],[],[],,,,,[],996,,,"[""REVERSAL:WAIT""]",,,,,,NO_ACTION,,,,2026-07-31T12:48:00+05:30,CHOLAFIN,,
NO_EVENT,NONE,[],[],LOCKED,UNKNOWN,[],[],[],AUCTION_SIGNAL_DOWNSTREAM_V2,OPEN,HOLD_POSITION,NONE,"[{""action"": ""HOLD"", ""signal_id"": ""2afed6e7-898c-5a79-8bf5-1d7891f21ccb"", ""setup"": ""REVERSAL"", ""side"": ""SELL"", ""stage"": ""TRANSITION"", ""status"": ""OPEN"", ""status_reason"": ""NO_CURRENT_CREATION_EVENT"", ""signal_action"": ""HOLD"", ""signal_state"": ""OPEN"", ""trade_action"": ""HOLD_POSITION"", ""management_posture"": ""CAUTION"", ""management_reason_code"": ""NO_CURRENT_CREATION_EVENT"", ""should_exit_signal"": false}]",997,CAUTION,NO_CURRENT_CREATION_EVENT,"[""CONTINUATION:BLOCK"", ""REACCELERATION:BLOCK"", ""REVERSAL:BLOCK""]",HOLD,CAND:995ee50ff305357125723e26,OPP:995ee50ff305357125723e26,1724.2,False,HOLD,TRANSITION,OPEN,NO_CURRENT_CREATION_EVENT,2026-07-31T12:48:00+05:30,COFORGE,False,ATR_MULTIPLE
NO_EVENT,DIRECTIONAL,[],[],NONE,,[],[],[],,,,,[],998,,,[],,,,,,NO_ACTION,,,,2026-07-31T12:48:00+05:30,DIVISLAB,,
DIRECTIONAL_MATURED,MATURE,"[""DIR:EXIDEIND:2026-07-31:004:UP:124500:DIRECTIONAL_MATURED:124800""]","[""DIRECTIONAL_MATURED""]",NONE,,[],[],[],,,,,[],999,,,[],,,,,,NO_ACTION,,,,2026-07-31T12:48:00+05:30,EXIDEIND,,
NO_EVENT,NONE,[],[],FAILED_BACK_INSIDE,UNKNOWN,[],[],[],AUCTION_SIGNAL_DOWNSTREAM_V2,OPEN,HOLD_POSITION,NONE,"[{""action"": ""HOLD"", ""signal_id"": ""76d65cfd-3f5f-5419-81f1-24a924660ce7"", ""setup"": ""REVERSAL"", ""side"": ""BUY"", ""stage"": ""TRANSITION"", ""status"": ""OPEN"", ""status_reason"": ""NO_CURRENT_CREATION_EVENT"", ""signal_action"": ""HOLD"", ""signal_state"": ""OPEN"", ""trade_action"": ""HOLD_POSITION"", ""management_posture"": ""CAUTION"", ""management_reason_code"": ""NO_CURRENT_CREATION_EVENT"", ""should_exit_signal"": false}]",1000,CAUTION,NO_CURRENT_CREATION_EVENT,"[""CONTINUATION:BLOCK"", ""REACCELERATION:BLOCK"", ""REVERSAL:BLOCK""]",HOLD,CAND:32b3a707960484f98d8399a7,OPP:32b3a707960484f98d8399a7,17907.0,False,HOLD,TRANSITION,OPEN,NO_CURRENT_CREATION_EVENT,2026-07-31T12:48:00+05:30,FORCEMOT,False,ATR_MULTIPLE
NO_EVENT,NONE,[],[],LOCKED,,[],[],[],,,,,[],1001,,,"[""CONTINUATION:BLOCK"", ""REACCELERATION:BLOCK"", ""REVERSAL:BLOCK""]",,,,,,NO_ACTION,,,,2026-07-31T12:48:00+05:30,GLENMARK,,
NO_EVENT,NONE,[],[],FAILED_BACK_INSIDE,UNKNOWN,[],[],[],AUCTION_SIGNAL_DOWNSTREAM_V2,OPEN,HOLD_POSITION,NONE,"[{""action"": ""HOLD"", ""signal_id"": ""6c1d311c-b1e4-503d-9f2d-3a50df29da5d"", ""setup"": ""FAILED_BREAKOUT"", ""side"": ""SELL"", ""stage"": ""TRANSITION"", ""status"": ""OPEN"", ""status_reason"": ""NO_CURRENT_CREATION_EVENT"", ""signal_action"": ""HOLD"", ""signal_state"": ""OPEN"", ""trade_action"": ""HOLD_POSITION"", ""management_posture"": ""CAUTION"", ""management_reason_code"": ""NO_CURRENT_CREATION_EVENT"", ""should_exit_signal"": false}]",1002,CAUTION,NO_CURRENT_CREATION_EVENT,"[""CONTINUATION:BLOCK"", ""REACCELERATION:BLOCK"", ""REVERSAL:BLOCK""]",HOLD,CAND:296c26607039b07e87c6f497,OPP:296c26607039b07e87c6f497,388.0,False,HOLD,TRANSITION,OPEN,NO_CURRENT_CREATION_EVENT,2026-07-31T12:48:00+05:30,INDUSTOWER,False,ATR_MULTIPLE
REVERSAL_WATCH_STARTED,REVERSAL_WATCH,"[""DIR:KALYANKJIL:2026-07-31:008:DOWN:122400:REVERSAL_WATCH_STARTED:124800""]","[""REVERSAL_WATCH_STARTED""]",NONE,OPPOSED,[],[],[],AUCTION_SIGNAL_DOWNSTREAM_V2,OPEN,HOLD_POSITION,NONE,"[{""action"": ""HOLD"", ""signal_id"": ""fe205a27-ef8f-5bf7-9192-94593d799d94"", ""setup"": ""BREAKOUT_INITIATION"", ""side"": ""BUY"", ""stage"": ""PROTECT"", ""status"": ""OPEN"", ""status_reason"": ""AUTHORITATIVE_REVERSAL_WATCH"", ""signal_action"": ""HOLD"", ""signal_state"": ""OPEN"", ""trade_action"": ""HOLD_POSITION"", ""management_posture"": ""CAUTION"", ""management_reason_code"": ""AUTHORITATIVE_REVERSAL_WATCH"", ""should_exit_signal"": false}]",1003,CAUTION,AUTHORITATIVE_REVERSAL_WATCH,[],HOLD,CAND:4a3872010c190995b2d63ff8,OPP:4a3872010c190995b2d63ff8,628.95,False,HOLD,PROTECT,OPEN,AUTHORITATIVE_REVERSAL_WATCH,2026-07-31T12:48:00+05:30,KALYANKJIL,False,ATR_MULTIPLE
NO_EVENT,NONE,[],[],NONE,UNKNOWN,[],[],[],AUCTION_SIGNAL_DOWNSTREAM_V2,OPEN,HOLD_POSITION,NONE,"[{""action"": ""HOLD"", ""signal_id"": ""50c51811-b112-5f0f-9fcc-a1422ceea97c"", ""setup"": ""REVERSAL"", ""side"": ""BUY"", ""stage"": ""TRANSITION"", ""status"": ""OPEN"", ""status_reason"": ""NO_CURRENT_CREATION_EVENT"", ""signal_action"": ""HOLD"", ""signal_state"": ""OPEN"", ""trade_action"": ""HOLD_POSITION"", ""management_posture"": ""CAUTION"", ""management_reason_code"": ""NO_CURRENT_CREATION_EVENT"", ""should_exit_signal"": false}]",1004,CAUTION,NO_CURRENT_CREATION_EVENT,[],HOLD,CAND:7316c4a2330c742a8803fe6c,OPP:7316c4a2330c742a8803fe6c,369.15,False,HOLD,TRANSITION,OPEN,NO_CURRENT_CREATION_EVENT,2026-07-31T12:48:00+05:30,MANAPPURAM,False,ATR_MULTIPLE
NO_EVENT,REVERSAL_WATCH,[],[],FORMING,ALIGNED,[],[],[],AUCTION_SIGNAL_DOWNSTREAM_V2,OPEN,HOLD_POSITION,NONE,"[{""action"": ""HOLD"", ""signal_id"": ""cad8805e-c102-57a4-96c7-d70c9c07f5cc"", ""setup"": ""BREAKOUT_INITIATION"", ""side"": ""BUY"", ""stage"": ""PROTECT"", ""status"": ""OPEN"", ""status_reason"": ""AUTHORITATIVE_REVERSAL_WATCH"", ""signal_action"": ""HOLD"", ""signal_state"": ""OPEN"", ""trade_action"": ""HOLD_POSITION"", ""management_posture"": ""CAUTION"", ""management_reason_code"": ""AUTHORITATIVE_REVERSAL_WATCH"", ""should_exit_signal"": false}]",1005,CAUTION,AUTHORITATIVE_REVERSAL_WATCH,[],HOLD,CAND:6e00ceac84968df1df4d7495,OPP:6e00ceac84968df1df4d7495,5416.9,False,HOLD,PROTECT,OPEN,AUTHORITATIVE_REVERSAL_WATCH,2026-07-31T12:48:00+05:30,PERSISTENT,False,ATR_MULTIPLE
"BALANCE_FORMING_STARTED,REVERSAL_WATCH_STARTED",REVERSAL_WATCH,"[""BAL:POWERINDIA:2026-07-31:002:NEUTRAL:124800:BALANCE_FORMING_STARTED:124800"", ""DIR:POWERINDIA:2026-07-31:003:UP:100300:REVERSAL_WATCH_STARTED:124800""]","[""BALANCE_FORMING_STARTED"", ""REVERSAL_WATCH_STARTED""]",FORMING,ALIGNED,[],[],[],AUCTION_SIGNAL_DOWNSTREAM_V2,OPEN,HOLD_POSITION,NONE,"[{""action"": ""HOLD"", ""signal_id"": ""57fbc3b0-0822-51b7-8515-450ea6586841"", ""setup"": ""FAILED_BREAKOUT"", ""side"": ""BUY"", ""stage"": ""PROTECT"", ""status"": ""OPEN"", ""status_reason"": ""AUTHORITATIVE_REVERSAL_WATCH"", ""signal_action"": ""HOLD"", ""signal_state"": ""OPEN"", ""trade_action"": ""HOLD_POSITION"", ""management_posture"": ""CAUTION"", ""management_reason_code"": ""AUTHORITATIVE_REVERSAL_WATCH"", ""should_exit_signal"": false}]",1006,CAUTION,AUTHORITATIVE_REVERSAL_WATCH,[],HOLD,CAND:dc1ab160fa1ee75a10189da6,OPP:dc1ab160fa1ee75a10189da6,32370.0,False,HOLD,PROTECT,OPEN,AUTHORITATIVE_REVERSAL_WATCH,2026-07-31T12:48:00+05:30,POWERINDIA,False,ATR_MULTIPLE
NO_EVENT,NONE,[],[],FAILED_BACK_INSIDE,,[],[],[],,,,,[],1007,,,"[""CONTINUATION:BLOCK"", ""REACCELERATION:BLOCK"", ""REVERSAL:BLOCK""]",,,,,,NO_ACTION,,,,2026-07-31T12:48:00+05:30,TCS,,
DIRECTIONAL_COMPLETED,COMPLETED,"[""DIR:TORNTPHARM:2026-07-31:005:DOWN:123000:DIRECTIONAL_COMPLETED:124800""]","[""DIRECTIONAL_COMPLETED""]",NONE,,[],[],[],,,,,[],1008,,,[],,,,,,NO_ACTION,,,,2026-07-31T12:48:00+05:30,TORNTPHARM,,
"DIRECTIONAL_REVERSAL_CONFIRMED,DIRECTIONAL_COMPLETED,DIRECTIONAL_REVERSAL_LEG_STARTED",REVERSAL_LEG,"[""DIR:BHEL:2026-07-31:006:UP:122700:DIRECTIONAL_REVERSAL_CONFIRMED:125100"", ""DIR:BHEL:2026-07-31:006:UP:122700:DIRECTIONAL_COMPLETED:125100"", ""DIR:BHEL:2026-07-31:007:DOWN:125100:DIRECTIONAL_REVERSAL_LEG_STARTED:125100""]","[""DIRECTIONAL_REVERSAL_CONFIRMED"", ""DIRECTIONAL_COMPLETED"", ""DIRECTIONAL_REVERSAL_LEG_STARTED""]",NONE,,[],[],[],,,,,[],1009,,,"[""REVERSAL:WAIT""]",,,,,,NO_ACTION,,,,2026-07-31T12:51:00+05:30,BHEL,,
NO_EVENT,REVERSAL_LEG,[],[],NONE,,[],[],[],,,,,[],1010,,,[],,,,,,NO_ACTION,,,,2026-07-31T12:51:00+05:30,CHOLAFIN,,
NO_EVENT,NONE,[],[],LOCKED,UNKNOWN,[],[],[],AUCTION_SIGNAL_DOWNSTREAM_V2,OPEN,HOLD_POSITION,NONE,"[{""action"": ""HOLD"", ""signal_id"": ""2afed6e7-898c-5a79-8bf5-1d7891f21ccb"", ""setup"": ""REVERSAL"", ""side"": ""SELL"", ""stage"": ""TRANSITION"", ""status"": ""OPEN"", ""status_reason"": ""NO_CURRENT_CREATION_EVENT"", ""signal_action"": ""HOLD"", ""signal_state"": ""OPEN"", ""trade_action"": ""HOLD_POSITION"", ""management_posture"": ""CAUTION"", ""management_reason_code"": ""NO_CURRENT_CREATION_EVENT"", ""should_exit_signal"": false}]",1011,CAUTION,NO_CURRENT_CREATION_EVENT,"[""CONTINUATION:BLOCK"", ""REACCELERATION:BLOCK"", ""REVERSAL:BLOCK""]",HOLD,CAND:995ee50ff305357125723e26,OPP:995ee50ff305357125723e26,1724.2,False,HOLD,TRANSITION,OPEN,NO_CURRENT_CREATION_EVENT,2026-07-31T12:51:00+05:30,COFORGE,False,ATR_MULTIPLE
DIRECTIONAL_REACCELERATION_CONFIRMED,DIRECTIONAL,"[""DIR:DIVISLAB:2026-07-31:005:UP:124500:DIRECTIONAL_REACCELERATION_CONFIRMED:125100""]","[""DIRECTIONAL_REACCELERATION_CONFIRMED""]",NONE,,[],[],[],,,,,[],1012,,,"[""REACCELERATION:PERMIT""]",,,,,,NO_ACTION,,,,2026-07-31T12:51:00+05:30,DIVISLAB,,
REVERSAL_WATCH_STARTED,REVERSAL_WATCH,"[""DIR:EXIDEIND:2026-07-31:004:UP:124500:REVERSAL_WATCH_STARTED:125100""]","[""REVERSAL_WATCH_STARTED""]",NONE,,[],[],[],,,,,[],1013,,,[],,,,,,NO_ACTION,,,,2026-07-31T12:51:00+05:30,EXIDEIND,,
NO_EVENT,NONE,[],[],FAILED_BACK_INSIDE,UNKNOWN,[],[],[],AUCTION_SIGNAL_DOWNSTREAM_V2,OPEN,HOLD_POSITION,NONE,"[{""action"": ""HOLD"", ""signal_id"": ""76d65cfd-3f5f-5419-81f1-24a924660ce7"", ""setup"": ""REVERSAL"", ""side"": ""BUY"", ""stage"": ""TRANSITION"", ""status"": ""OPEN"", ""status_reason"": ""NO_CURRENT_CREATION_EVENT"", ""signal_action"": ""HOLD"", ""signal_state"": ""OPEN"", ""trade_action"": ""HOLD_POSITION"", ""management_posture"": ""CAUTION"", ""management_reason_code"": ""NO_CURRENT_CREATION_EVENT"", ""should_exit_signal"": false}]",1014,CAUTION,NO_CURRENT_CREATION_EVENT,"[""CONTINUATION:BLOCK"", ""REACCELERATION:BLOCK"", ""REVERSAL:BLOCK""]",HOLD,CAND:32b3a707960484f98d8399a7,OPP:32b3a707960484f98d8399a7,17907.0,False,HOLD,TRANSITION,OPEN,NO_CURRENT_CREATION_EVENT,2026-07-31T12:51:00+05:30,FORCEMOT,False,ATR_MULTIPLE
NO_EVENT,NONE,[],[],LOCKED,,[],[],[],,,,,[],1015,,,"[""CONTINUATION:BLOCK"", ""REACCELERATION:BLOCK"", ""REVERSAL:BLOCK""]",,,,,,NO_ACTION,,,,2026-07-31T12:51:00+05:30,GLENMARK,,
NO_EVENT,NONE,[],[],FAILED_BACK_INSIDE,UNKNOWN,[],[],[],AUCTION_SIGNAL_DOWNSTREAM_V2,OPEN,HOLD_POSITION,NONE,"[{""action"": ""HOLD"", ""signal_id"": ""6c1d311c-b1e4-503d-9f2d-3a50df29da5d"", ""setup"": ""FAILED_BREAKOUT"", ""side"": ""SELL"", ""stage"": ""TRANSITION"", ""status"": ""OPEN"", ""status_reason"": ""NO_CURRENT_CREATION_EVENT"", ""signal_action"": ""HOLD"", ""signal_state"": ""OPEN"", ""trade_action"": ""HOLD_POSITION"", ""management_posture"": ""CAUTION"", ""management_reason_code"": ""NO_CURRENT_CREATION_EVENT"", ""should_exit_signal"": false}]",1016,CAUTION,NO_CURRENT_CREATION_EVENT,"[""CONTINUATION:BLOCK"", ""REACCELERATION:BLOCK"", ""REVERSAL:BLOCK""]",HOLD,CAND:296c26607039b07e87c6f497,OPP:296c26607039b07e87c6f497,388.0,False,HOLD,TRANSITION,OPEN,NO_CURRENT_CREATION_EVENT,2026-07-31T12:51:00+05:30,INDUSTOWER,False,ATR_MULTIPLE
"DIRECTIONAL_REVERSAL_CONFIRMED,DIRECTIONAL_COMPLETED,DIRECTIONAL_REVERSAL_LEG_STARTED",REVERSAL_LEG,"[""DIR:KALYANKJIL:2026-07-31:008:DOWN:122400:DIRECTIONAL_REVERSAL_CONFIRMED:125100"", ""DIR:KALYANKJIL:2026-07-31:008:DOWN:122400:DIRECTIONAL_COMPLETED:125100"", ""DIR:KALYANKJIL:2026-07-31:009:UP:125100:DIRECTIONAL_REVERSAL_LEG_STARTED:125100""]","[""DIRECTIONAL_REVERSAL_CONFIRMED"", ""DIRECTIONAL_COMPLETED"", ""DIRECTIONAL_REVERSAL_LEG_STARTED""]",NONE,ALIGNED,[],[],[],AUCTION_SIGNAL_DOWNSTREAM_V2,OPEN,HOLD_POSITION,NONE,"[{""action"": ""HOLD"", ""signal_id"": ""fe205a27-ef8f-5bf7-9192-94593d799d94"", ""setup"": ""BREAKOUT_INITIATION"", ""side"": ""BUY"", ""stage"": ""ACTIVE"", ""status"": ""OPEN"", ""status_reason"": ""AUTHORITATIVE_DIRECTIONAL_ALIGNED"", ""signal_action"": ""HOLD"", ""signal_state"": ""OPEN"", ""trade_action"": ""HOLD_POSITION"", ""management_posture"": ""STRENGTHEN"", ""management_reason_code"": ""AUTHORITATIVE_DIRECTIONAL_ALIGNED"", ""should_exit_signal"": false}]",1017,STRENGTHEN,AUTHORITATIVE_DIRECTIONAL_ALIGNED,"[""REVERSAL:WAIT""]",HOLD,CAND:4a3872010c190995b2d63ff8,OPP:4a3872010c190995b2d63ff8,628.95,False,HOLD,ACTIVE,OPEN,AUTHORITATIVE_DIRECTIONAL_ALIGNED,2026-07-31T12:51:00+05:30,KALYANKJIL,True,ATR_MULTIPLE
NO_EVENT,NONE,[],[],NONE,UNKNOWN,[],[],[],AUCTION_SIGNAL_DOWNSTREAM_V2,OPEN,HOLD_POSITION,NONE,"[{""action"": ""HOLD"", ""signal_id"": ""50c51811-b112-5f0f-9fcc-a1422ceea97c"", ""setup"": ""REVERSAL"", ""side"": ""BUY"", ""stage"": ""TRANSITION"", ""status"": ""OPEN"", ""status_reason"": ""NO_CURRENT_CREATION_EVENT"", ""signal_action"": ""HOLD"", ""signal_state"": ""OPEN"", ""trade_action"": ""HOLD_POSITION"", ""management_posture"": ""CAUTION"", ""management_reason_code"": ""NO_CURRENT_CREATION_EVENT"", ""should_exit_signal"": false}]",1018,CAUTION,NO_CURRENT_CREATION_EVENT,[],HOLD,CAND:7316c4a2330c742a8803fe6c,OPP:7316c4a2330c742a8803fe6c,369.15,False,HOLD,TRANSITION,OPEN,NO_CURRENT_CREATION_EVENT,2026-07-31T12:51:00+05:30,MANAPPURAM,False,ATR_MULTIPLE
BALANCE_COMPLETED,REVERSAL_WATCH,"[""BAL:PERSISTENT:2026-07-31:004:NEUTRAL:123900:BALANCE_COMPLETED:125100""]","[""BALANCE_COMPLETED""]",COMPLETED,ALIGNED,[],[],[],AUCTION_SIGNAL_DOWNSTREAM_V2,OPEN,HOLD_POSITION,NONE,"[{""action"": ""HOLD"", ""signal_id"": ""cad8805e-c102-57a4-96c7-d70c9c07f5cc"", ""setup"": ""BREAKOUT_INITIATION"", ""side"": ""BUY"", ""stage"": ""PROTECT"", ""status"": ""OPEN"", ""status_reason"": ""AUTHORITATIVE_REVERSAL_WATCH"", ""signal_action"": ""HOLD"", ""signal_state"": ""OPEN"", ""trade_action"": ""HOLD_POSITION"", ""management_posture"": ""CAUTION"", ""management_reason_code"": ""AUTHORITATIVE_REVERSAL_WATCH"", ""should_exit_signal"": false}]",1019,CAUTION,AUTHORITATIVE_REVERSAL_WATCH,[],HOLD,CAND:6e00ceac84968df1df4d7495,OPP:6e00ceac84968df1df4d7495,5416.9,False,HOLD,PROTECT,OPEN,AUTHORITATIVE_REVERSAL_WATCH,2026-07-31T12:51:00+05:30,PERSISTENT,False,ATR_MULTIPLE
NO_EVENT,REVERSAL_WATCH,[],[],FORMING,ALIGNED,[],[],[],AUCTION_SIGNAL_DOWNSTREAM_V2,OPEN,HOLD_POSITION,NONE,"[{""action"": ""HOLD"", ""signal_id"": ""57fbc3b0-0822-51b7-8515-450ea6586841"", ""setup"": ""FAILED_BREAKOUT"", ""side"": ""BUY"", ""stage"": ""PROTECT"", ""status"": ""OPEN"", ""status_reason"": ""AUTHORITATIVE_REVERSAL_WATCH"", ""signal_action"": ""HOLD"", ""signal_state"": ""OPEN"", ""trade_action"": ""HOLD_POSITION"", ""management_posture"": ""CAUTION"", ""management_reason_code"": ""AUTHORITATIVE_REVERSAL_WATCH"", ""should_exit_signal"": false}]",1020,CAUTION,AUTHORITATIVE_REVERSAL_WATCH,[],HOLD,CAND:dc1ab160fa1ee75a10189da6,OPP:dc1ab160fa1ee75a10189da6,32370.0,False,HOLD,PROTECT,OPEN,AUTHORITATIVE_REVERSAL_WATCH,2026-07-31T12:51:00+05:30,POWERINDIA,False,ATR_MULTIPLE
NO_EVENT,NONE,[],[],FAILED_BACK_INSIDE,,[],[],[],,,,,[],1021,,,"[""CONTINUATION:BLOCK"", ""REACCELERATION:BLOCK"", ""REVERSAL:BLOCK""]",,,,,,NO_ACTION,,,,2026-07-31T12:51:00+05:30,TCS,,
NO_EVENT,NONE,[],[],NONE,,[],[],[],,,,,[],1022,,,[],,,,,,NO_ACTION,,,,2026-07-31T12:51:00+05:30,TORNTPHARM,,
NO_EVENT,REVERSAL_LEG,[],[],NONE,,[],[],[],,,,,[],1023,,,[],,,,,,NO_ACTION,,,,2026-07-31T12:54:00+05:30,BHEL,,
NO_EVENT,REVERSAL_LEG,[],[],NONE,,[],[],[],,,,,[],1024,,,[],,,,,,NO_ACTION,,,,2026-07-31T12:54:00+05:30,CHOLAFIN,,
NO_EVENT,NONE,[],[],LOCKED,UNKNOWN,[],[],[],AUCTION_SIGNAL_DOWNSTREAM_V2,OPEN,HOLD_POSITION,NONE,"[{""action"": ""HOLD"", ""signal_id"": ""2afed6e7-898c-5a79-8bf5-1d7891f21ccb"", ""setup"": ""REVERSAL"", ""side"": ""SELL"", ""stage"": ""TRANSITION"", ""status"": ""OPEN"", ""status_reason"": ""NO_CURRENT_CREATION_EVENT"", ""signal_action"": ""HOLD"", ""signal_state"": ""OPEN"", ""trade_action"": ""HOLD_POSITION"", ""management_posture"": ""CAUTION"", ""management_reason_code"": ""NO_CURRENT_CREATION_EVENT"", ""should_exit_signal"": false}]",1025,CAUTION,NO_CURRENT_CREATION_EVENT,"[""CONTINUATION:BLOCK"", ""REACCELERATION:BLOCK"", ""REVERSAL:BLOCK""]",HOLD,CAND:995ee50ff305357125723e26,OPP:995ee50ff305357125723e26,1724.2,False,HOLD,TRANSITION,OPEN,NO_CURRENT_CREATION_EVENT,2026-07-31T12:54:00+05:30,COFORGE,False,ATR_MULTIPLE
DIRECTIONAL_MATURED,MATURE,"[""DIR:DIVISLAB:2026-07-31:005:UP:124500:DIRECTIONAL_MATURED:125400""]","[""DIRECTIONAL_MATURED""]",NONE,,[],[],[],,,,,[],1026,,,[],,,,,,NO_ACTION,,,,2026-07-31T12:54:00+05:30,DIVISLAB,,
NO_EVENT,REVERSAL_WATCH,[],[],NONE,,[],[],[],,,,,[],1027,,,[],,,,,,NO_ACTION,,,,2026-07-31T12:54:00+05:30,EXIDEIND,,
NO_EVENT,NONE,[],[],FAILED_BACK_INSIDE,UNKNOWN,[],[],[],AUCTION_SIGNAL_DOWNSTREAM_V2,OPEN,HOLD_POSITION,NONE,"[{""action"": ""HOLD"", ""signal_id"": ""76d65cfd-3f5f-5419-81f1-24a924660ce7"", ""setup"": ""REVERSAL"", ""side"": ""BUY"", ""stage"": ""TRANSITION"", ""status"": ""OPEN"", ""status_reason"": ""NO_CURRENT_CREATION_EVENT"", ""signal_action"": ""HOLD"", ""signal_state"": ""OPEN"", ""trade_action"": ""HOLD_POSITION"", ""management_posture"": ""CAUTION"", ""management_reason_code"": ""NO_CURRENT_CREATION_EVENT"", ""should_exit_signal"": false}]",1028,CAUTION,NO_CURRENT_CREATION_EVENT,"[""CONTINUATION:BLOCK"", ""REACCELERATION:BLOCK"", ""REVERSAL:BLOCK""]",HOLD,CAND:32b3a707960484f98d8399a7,OPP:32b3a707960484f98d8399a7,17907.0,False,HOLD,TRANSITION,OPEN,NO_CURRENT_CREATION_EVENT,2026-07-31T12:54:00+05:30,FORCEMOT,False,ATR_MULTIPLE
NO_EVENT,NONE,[],[],LOCKED,,[],[],[],,,,,[],1029,,,"[""CONTINUATION:BLOCK"", ""REACCELERATION:BLOCK"", ""REVERSAL:BLOCK""]",,,,,,NO_ACTION,,,,2026-07-31T12:54:00+05:30,GLENMARK,,
NO_EVENT,NONE,[],[],FAILED_BACK_INSIDE,UNKNOWN,[],[],[],AUCTION_SIGNAL_DOWNSTREAM_V2,OPEN,HOLD_POSITION,NONE,"[{""action"": ""HOLD"", ""signal_id"": ""6c1d311c-b1e4-503d-9f2d-3a50df29da5d"", ""setup"": ""FAILED_BREAKOUT"", ""side"": ""SELL"", ""stage"": ""TRANSITION"", ""status"": ""OPEN"", ""status_reason"": ""NO_CURRENT_CREATION_EVENT"", ""signal_action"": ""HOLD"", ""signal_state"": ""OPEN"", ""trade_action"": ""HOLD_POSITION"", ""management_posture"": ""CAUTION"", ""management_reason_code"": ""NO_CURRENT_CREATION_EVENT"", ""should_exit_signal"": false}]",1030,CAUTION,NO_CURRENT_CREATION_EVENT,"[""CONTINUATION:BLOCK"", ""REACCELERATION:BLOCK"", ""REVERSAL:BLOCK""]",HOLD,CAND:296c26607039b07e87c6f497,OPP:296c26607039b07e87c6f497,388.0,False,HOLD,TRANSITION,OPEN,NO_CURRENT_CREATION_EVENT,2026-07-31T12:54:00+05:30,INDUSTOWER,False,ATR_MULTIPLE
NO_EVENT,REVERSAL_LEG,[],[],NONE,ALIGNED,[],[],[],AUCTION_SIGNAL_DOWNSTREAM_V2,OPEN,HOLD_POSITION,NONE,"[{""action"": ""HOLD"", ""signal_id"": ""fe205a27-ef8f-5bf7-9192-94593d799d94"", ""setup"": ""BREAKOUT_INITIATION"", ""side"": ""BUY"", ""stage"": ""ACTIVE"", ""status"": ""OPEN"", ""status_reason"": ""AUTHORITATIVE_DIRECTIONAL_ALIGNED"", ""signal_action"": ""HOLD"", ""signal_state"": ""OPEN"", ""trade_action"": ""HOLD_POSITION"", ""management_posture"": ""STRENGTHEN"", ""management_reason_code"": ""AUTHORITATIVE_DIRECTIONAL_ALIGNED"", ""should_exit_signal"": false}]",1031,STRENGTHEN,AUTHORITATIVE_DIRECTIONAL_ALIGNED,[],HOLD,CAND:4a3872010c190995b2d63ff8,OPP:4a3872010c190995b2d63ff8,628.95,False,HOLD,ACTIVE,OPEN,AUTHORITATIVE_DIRECTIONAL_ALIGNED,2026-07-31T12:54:00+05:30,KALYANKJIL,True,ATR_MULTIPLE
NO_EVENT,NONE,[],[],NONE,UNKNOWN,[],[],[],AUCTION_SIGNAL_DOWNSTREAM_V2,OPEN,HOLD_POSITION,NONE,"[{""action"": ""HOLD"", ""signal_id"": ""50c51811-b112-5f0f-9fcc-a1422ceea97c"", ""setup"": ""REVERSAL"", ""side"": ""BUY"", ""stage"": ""TRANSITION"", ""status"": ""OPEN"", ""status_reason"": ""NO_CURRENT_CREATION_EVENT"", ""signal_action"": ""HOLD"", ""signal_state"": ""OPEN"", ""trade_action"": ""HOLD_POSITION"", ""management_posture"": ""CAUTION"", ""management_reason_code"": ""NO_CURRENT_CREATION_EVENT"", ""should_exit_signal"": false}]",1032,CAUTION,NO_CURRENT_CREATION_EVENT,[],HOLD,CAND:7316c4a2330c742a8803fe6c,OPP:7316c4a2330c742a8803fe6c,369.15,False,HOLD,TRANSITION,OPEN,NO_CURRENT_CREATION_EVENT,2026-07-31T12:54:00+05:30,MANAPPURAM,False,ATR_MULTIPLE
NO_EVENT,REVERSAL_WATCH,[],[],NONE,ALIGNED,[],[],[],AUCTION_SIGNAL_DOWNSTREAM_V2,OPEN,HOLD_POSITION,NONE,"[{""action"": ""HOLD"", ""signal_id"": ""cad8805e-c102-57a4-96c7-d70c9c07f5cc"", ""setup"": ""BREAKOUT_INITIATION"", ""side"": ""BUY"", ""stage"": ""PROTECT"", ""status"": ""OPEN"", ""status_reason"": ""AUTHORITATIVE_REVERSAL_WATCH"", ""signal_action"": ""HOLD"", ""signal_state"": ""OPEN"", ""trade_action"": ""HOLD_POSITION"", ""management_posture"": ""CAUTION"", ""management_reason_code"": ""AUTHORITATIVE_REVERSAL_WATCH"", ""should_exit_signal"": false}]",1033,CAUTION,AUTHORITATIVE_REVERSAL_WATCH,[],HOLD,CAND:6e00ceac84968df1df4d7495,OPP:6e00ceac84968df1df4d7495,5416.9,False,HOLD,PROTECT,OPEN,AUTHORITATIVE_REVERSAL_WATCH,2026-07-31T12:54:00+05:30,PERSISTENT,False,ATR_MULTIPLE
NO_EVENT,REVERSAL_WATCH,[],[],FORMING,ALIGNED,[],[],[],AUCTION_SIGNAL_DOWNSTREAM_V2,OPEN,HOLD_POSITION,NONE,"[{""action"": ""HOLD"", ""signal_id"": ""57fbc3b0-0822-51b7-8515-450ea6586841"", ""setup"": ""FAILED_BREAKOUT"", ""side"": ""BUY"", ""stage"": ""PROTECT"", ""status"": ""OPEN"", ""status_reason"": ""AUTHORITATIVE_REVERSAL_WATCH"", ""signal_action"": ""HOLD"", ""signal_state"": ""OPEN"", ""trade_action"": ""HOLD_POSITION"", ""management_posture"": ""CAUTION"", ""management_reason_code"": ""AUTHORITATIVE_REVERSAL_WATCH"", ""should_exit_signal"": false}]",1034,CAUTION,AUTHORITATIVE_REVERSAL_WATCH,[],HOLD,CAND:dc1ab160fa1ee75a10189da6,OPP:dc1ab160fa1ee75a10189da6,32370.0,False,HOLD,PROTECT,OPEN,AUTHORITATIVE_REVERSAL_WATCH,2026-07-31T12:54:00+05:30,POWERINDIA,False,ATR_MULTIPLE
NO_EVENT,NONE,[],[],FAILED_BACK_INSIDE,,[],[],[],,,,,[],1035,,,"[""CONTINUATION:BLOCK"", ""REACCELERATION:BLOCK"", ""REVERSAL:BLOCK""]",,,,,,NO_ACTION,,,,2026-07-31T12:54:00+05:30,TCS,,
NO_EVENT,NONE,[],[],NONE,,[],[],[],,,,,[],1036,,,[],,,,,,NO_ACTION,,,,2026-07-31T12:54:00+05:30,TORNTPHARM,,
NO_EVENT,REVERSAL_LEG,[],[],NONE,,[],[],[],,,,,[],1037,,,[],,,,,,NO_ACTION,,,,2026-07-31T12:57:00+05:30,BHEL,,
"BALANCE_FORMING_STARTED,DIRECTIONAL_REVERSAL_LEG_FAILED,DIRECTIONAL_COMPLETED",COMPLETED,"[""BAL:CHOLAFIN:2026-07-31:001:NEUTRAL:125700:BALANCE_FORMING_STARTED:125700"", ""DIR:CHOLAFIN:2026-07-31:004:DOWN:124800:DIRECTIONAL_REVERSAL_LEG_FAILED:125700"", ""DIR:CHOLAFIN:2026-07-31:004:DOWN:124800:DIRECTIONAL_COMPLETED:125700""]","[""BALANCE_FORMING_STARTED"", ""DIRECTIONAL_REVERSAL_LEG_FAILED"", ""DIRECTIONAL_COMPLETED""]",FORMING,,[],[],[],,,,,[],1038,,,[],,,,,,NO_ACTION,,,,2026-07-31T12:57:00+05:30,CHOLAFIN,,
NO_EVENT,NONE,[],[],LOCKED,UNKNOWN,[],[],[],AUCTION_SIGNAL_DOWNSTREAM_V2,OPEN,HOLD_POSITION,NONE,"[{""action"": ""HOLD"", ""signal_id"": ""2afed6e7-898c-5a79-8bf5-1d7891f21ccb"", ""setup"": ""REVERSAL"", ""side"": ""SELL"", ""stage"": ""TRANSITION"", ""status"": ""OPEN"", ""status_reason"": ""NO_CURRENT_CREATION_EVENT"", ""signal_action"": ""HOLD"", ""signal_state"": ""OPEN"", ""trade_action"": ""HOLD_POSITION"", ""management_posture"": ""CAUTION"", ""management_reason_code"": ""NO_CURRENT_CREATION_EVENT"", ""should_exit_signal"": false}]",1039,CAUTION,NO_CURRENT_CREATION_EVENT,"[""CONTINUATION:BLOCK"", ""REACCELERATION:BLOCK"", ""REVERSAL:BLOCK""]",HOLD,CAND:995ee50ff305357125723e26,OPP:995ee50ff305357125723e26,1724.2,False,HOLD,TRANSITION,OPEN,NO_CURRENT_CREATION_EVENT,2026-07-31T12:57:00+05:30,COFORGE,False,ATR_MULTIPLE
REVERSAL_WATCH_STARTED,REVERSAL_WATCH,"[""DIR:DIVISLAB:2026-07-31:005:UP:124500:REVERSAL_WATCH_STARTED:125700""]","[""REVERSAL_WATCH_STARTED""]",NONE,,[],[],[],,,,,[],1040,,,[],,,,,,NO_ACTION,,,,2026-07-31T12:57:00+05:30,DIVISLAB,,
NO_EVENT,REVERSAL_WATCH,[],[],NONE,,[],[],[],,,,,[],1041,,,[],,,,,,NO_ACTION,,,,2026-07-31T12:57:00+05:30,EXIDEIND,,
NO_EVENT,NONE,[],[],FAILED_BACK_INSIDE,UNKNOWN,[],[],[],AUCTION_SIGNAL_DOWNSTREAM_V2,OPEN,HOLD_POSITION,NONE,"[{""action"": ""HOLD"", ""signal_id"": ""76d65cfd-3f5f-5419-81f1-24a924660ce7"", ""setup"": ""REVERSAL"", ""side"": ""BUY"", ""stage"": ""TRANSITION"", ""status"": ""OPEN"", ""status_reason"": ""NO_CURRENT_CREATION_EVENT"", ""signal_action"": ""HOLD"", ""signal_state"": ""OPEN"", ""trade_action"": ""HOLD_POSITION"", ""management_posture"": ""CAUTION"", ""management_reason_code"": ""NO_CURRENT_CREATION_EVENT"", ""should_exit_signal"": false}]",1042,CAUTION,NO_CURRENT_CREATION_EVENT,"[""CONTINUATION:BLOCK"", ""REACCELERATION:BLOCK"", ""REVERSAL:BLOCK""]",HOLD,CAND:32b3a707960484f98d8399a7,OPP:32b3a707960484f98d8399a7,17907.0,False,HOLD,TRANSITION,OPEN,NO_CURRENT_CREATION_EVENT,2026-07-31T12:57:00+05:30,FORCEMOT,False,ATR_MULTIPLE
NO_EVENT,NONE,[],[],LOCKED,,[],[],[],,,,,[],1043,,,"[""CONTINUATION:BLOCK"", ""REACCELERATION:BLOCK"", ""REVERSAL:BLOCK""]",,,,,,NO_ACTION,,,,2026-07-31T12:57:00+05:30,GLENMARK,,
NO_EVENT,NONE,[],[],FAILED_BACK_INSIDE,UNKNOWN,[],[],[],AUCTION_SIGNAL_DOWNSTREAM_V2,OPEN,HOLD_POSITION,NONE,"[{""action"": ""HOLD"", ""signal_id"": ""6c1d311c-b1e4-503d-9f2d-3a50df29da5d"", ""setup"": ""FAILED_BREAKOUT"", ""side"": ""SELL"", ""stage"": ""TRANSITION"", ""status"": ""OPEN"", ""status_reason"": ""NO_CURRENT_CREATION_EVENT"", ""signal_action"": ""HOLD"", ""signal_state"": ""OPEN"", ""trade_action"": ""HOLD_POSITION"", ""management_posture"": ""CAUTION"", ""management_reason_code"": ""NO_CURRENT_CREATION_EVENT"", ""should_exit_signal"": false}]",1044,CAUTION,NO_CURRENT_CREATION_EVENT,"[""CONTINUATION:BLOCK"", ""REACCELERATION:BLOCK"", ""REVERSAL:BLOCK""]",HOLD,CAND:296c26607039b07e87c6f497,OPP:296c26607039b07e87c6f497,388.0,False,HOLD,TRANSITION,OPEN,NO_CURRENT_CREATION_EVENT,2026-07-31T12:57:00+05:30,INDUSTOWER,False,ATR_MULTIPLE
"DIRECTIONAL_REVERSAL_LEG_FAILED,DIRECTIONAL_COMPLETED",COMPLETED,"[""DIR:KALYANKJIL:2026-07-31:009:UP:125100:DIRECTIONAL_REVERSAL_LEG_FAILED:125700"", ""DIR:KALYANKJIL:2026-07-31:009:UP:125100:DIRECTIONAL_COMPLETED:125700""]","[""DIRECTIONAL_REVERSAL_LEG_FAILED"", ""DIRECTIONAL_COMPLETED""]",NONE,ALIGNED,[],[],[],AUCTION_SIGNAL_DOWNSTREAM_V2,OPEN,HOLD_POSITION,NONE,"[{""action"": ""HOLD"", ""signal_id"": ""fe205a27-ef8f-5bf7-9192-94593d799d94"", ""setup"": ""BREAKOUT_INITIATION"", ""side"": ""BUY"", ""stage"": ""TRANSITION"", ""status"": ""OPEN"", ""status_reason"": ""NO_CURRENT_CREATION_EVENT"", ""signal_action"": ""HOLD"", ""signal_state"": ""OPEN"", ""trade_action"": ""HOLD_POSITION"", ""management_posture"": ""CAUTION"", ""management_reason_code"": ""NO_CURRENT_CREATION_EVENT"", ""should_exit_signal"": false}]",1045,CAUTION,NO_CURRENT_CREATION_EVENT,[],HOLD,CAND:4a3872010c190995b2d63ff8,OPP:4a3872010c190995b2d63ff8,628.95,False,HOLD,TRANSITION,OPEN,NO_CURRENT_CREATION_EVENT,2026-07-31T12:57:00+05:30,KALYANKJIL,False,ATR_MULTIPLE
NO_EVENT,NONE,[],[],NONE,UNKNOWN,[],[],[],AUCTION_SIGNAL_DOWNSTREAM_V2,OPEN,HOLD_POSITION,NONE,"[{""action"": ""HOLD"", ""signal_id"": ""50c51811-b112-5f0f-9fcc-a1422ceea97c"", ""setup"": ""REVERSAL"", ""side"": ""BUY"", ""stage"": ""TRANSITION"", ""status"": ""OPEN"", ""status_reason"": ""NO_CURRENT_CREATION_EVENT"", ""signal_action"": ""HOLD"", ""signal_state"": ""OPEN"", ""trade_action"": ""HOLD_POSITION"", ""management_posture"": ""CAUTION"", ""management_reason_code"": ""NO_CURRENT_CREATION_EVENT"", ""should_exit_signal"": false}]",1046,CAUTION,NO_CURRENT_CREATION_EVENT,[],HOLD,CAND:7316c4a2330c742a8803fe6c,OPP:7316c4a2330c742a8803fe6c,369.15,False,HOLD,TRANSITION,OPEN,NO_CURRENT_CREATION_EVENT,2026-07-31T12:57:00+05:30,MANAPPURAM,False,ATR_MULTIPLE
NO_EVENT,REVERSAL_WATCH,[],[],NONE,ALIGNED,[],[],[],AUCTION_SIGNAL_DOWNSTREAM_V2,OPEN,HOLD_POSITION,NONE,"[{""action"": ""HOLD"", ""signal_id"": ""cad8805e-c102-57a4-96c7-d70c9c07f5cc"", ""setup"": ""BREAKOUT_INITIATION"", ""side"": ""BUY"", ""stage"": ""PROTECT"", ""status"": ""OPEN"", ""status_reason"": ""AUTHORITATIVE_REVERSAL_WATCH"", ""signal_action"": ""HOLD"", ""signal_state"": ""OPEN"", ""trade_action"": ""HOLD_POSITION"", ""management_posture"": ""CAUTION"", ""management_reason_code"": ""AUTHORITATIVE_REVERSAL_WATCH"", ""should_exit_signal"": false}]",1047,CAUTION,AUTHORITATIVE_REVERSAL_WATCH,[],HOLD,CAND:6e00ceac84968df1df4d7495,OPP:6e00ceac84968df1df4d7495,5416.9,False,HOLD,PROTECT,OPEN,AUTHORITATIVE_REVERSAL_WATCH,2026-07-31T12:57:00+05:30,PERSISTENT,False,ATR_MULTIPLE
NO_EVENT,REVERSAL_WATCH,[],[],FORMING,ALIGNED,[],[],[],AUCTION_SIGNAL_DOWNSTREAM_V2,OPEN,HOLD_POSITION,NONE,"[{""action"": ""HOLD"", ""signal_id"": ""57fbc3b0-0822-51b7-8515-450ea6586841"", ""setup"": ""FAILED_BREAKOUT"", ""side"": ""BUY"", ""stage"": ""PROTECT"", ""status"": ""OPEN"", ""status_reason"": ""AUTHORITATIVE_REVERSAL_WATCH"", ""signal_action"": ""HOLD"", ""signal_state"": ""OPEN"", ""trade_action"": ""HOLD_POSITION"", ""management_posture"": ""CAUTION"", ""management_reason_code"": ""AUTHORITATIVE_REVERSAL_WATCH"", ""should_exit_signal"": false}]",1048,CAUTION,AUTHORITATIVE_REVERSAL_WATCH,[],HOLD,CAND:dc1ab160fa1ee75a10189da6,OPP:dc1ab160fa1ee75a10189da6,32370.0,False,HOLD,PROTECT,OPEN,AUTHORITATIVE_REVERSAL_WATCH,2026-07-31T12:57:00+05:30,POWERINDIA,False,ATR_MULTIPLE
NO_EVENT,NONE,[],[],FAILED_BACK_INSIDE,,[],[],[],,,,,[],1049,,,"[""CONTINUATION:BLOCK"", ""REACCELERATION:BLOCK"", ""REVERSAL:BLOCK""]",,,,,,NO_ACTION,,,,2026-07-31T12:57:00+05:30,TCS,,
NO_EVENT,NONE,[],[],NONE,,[],[],[],,,,,[],1050,,,[],,,,,,NO_ACTION,,,,2026-07-31T12:57:00+05:30,TORNTPHARM,,
"DIRECTIONAL_REVERSAL_LEG_FAILED,DIRECTIONAL_COMPLETED",COMPLETED,"[""DIR:BHEL:2026-07-31:007:DOWN:125100:DIRECTIONAL_REVERSAL_LEG_FAILED:130000"", ""DIR:BHEL:2026-07-31:007:DOWN:125100:DIRECTIONAL_COMPLETED:130000""]","[""DIRECTIONAL_REVERSAL_LEG_FAILED"", ""DIRECTIONAL_COMPLETED""]",NONE,,[],[],[],,,,,[],1051,,,[],,,,,,NO_ACTION,,,,2026-07-31T13:00:00+05:30,BHEL,,
NO_EVENT,NONE,[],[],FORMING,,[],[],[],,,,,[],1052,,,[],,,,,,NO_ACTION,,,,2026-07-31T13:00:00+05:30,CHOLAFIN,,
NO_EVENT,NONE,[],[],LOCKED,UNKNOWN,[],[],[],AUCTION_SIGNAL_DOWNSTREAM_V2,OPEN,HOLD_POSITION,NONE,"[{""action"": ""HOLD"", ""signal_id"": ""2afed6e7-898c-5a79-8bf5-1d7891f21ccb"", ""setup"": ""REVERSAL"", ""side"": ""SELL"", ""stage"": ""TRANSITION"", ""status"": ""OPEN"", ""status_reason"": ""NO_CURRENT_CREATION_EVENT"", ""signal_action"": ""HOLD"", ""signal_state"": ""OPEN"", ""trade_action"": ""HOLD_POSITION"", ""management_posture"": ""CAUTION"", ""management_reason_code"": ""NO_CURRENT_CREATION_EVENT"", ""should_exit_signal"": false}]",1053,CAUTION,NO_CURRENT_CREATION_EVENT,"[""CONTINUATION:BLOCK"", ""REACCELERATION:BLOCK"", ""REVERSAL:BLOCK""]",HOLD,CAND:995ee50ff305357125723e26,OPP:995ee50ff305357125723e26,1724.2,False,HOLD,TRANSITION,OPEN,NO_CURRENT_CREATION_EVENT,2026-07-31T13:00:00+05:30,COFORGE,False,ATR_MULTIPLE
NO_EVENT,REVERSAL_WATCH,[],[],NONE,,[],[],[],,,,,[],1054,,,[],,,,,,NO_ACTION,,,,2026-07-31T13:00:00+05:30,DIVISLAB,,
NO_EVENT,REVERSAL_WATCH,[],[],NONE,,[],[],[],,,,,[],1055,,,[],,,,,,NO_ACTION,,,,2026-07-31T13:00:00+05:30,EXIDEIND,,
NO_EVENT,NONE,[],[],FAILED_BACK_INSIDE,UNKNOWN,[],[],[],AUCTION_SIGNAL_DOWNSTREAM_V2,OPEN,HOLD_POSITION,NONE,"[{""action"": ""HOLD"", ""signal_id"": ""76d65cfd-3f5f-5419-81f1-24a924660ce7"", ""setup"": ""REVERSAL"", ""side"": ""BUY"", ""stage"": ""TRANSITION"", ""status"": ""OPEN"", ""status_reason"": ""NO_CURRENT_CREATION_EVENT"", ""signal_action"": ""HOLD"", ""signal_state"": ""OPEN"", ""trade_action"": ""HOLD_POSITION"", ""management_posture"": ""CAUTION"", ""management_reason_code"": ""NO_CURRENT_CREATION_EVENT"", ""should_exit_signal"": false}]",1056,CAUTION,NO_CURRENT_CREATION_EVENT,"[""CONTINUATION:BLOCK"", ""REACCELERATION:BLOCK"", ""REVERSAL:BLOCK""]",HOLD,CAND:32b3a707960484f98d8399a7,OPP:32b3a707960484f98d8399a7,17907.0,False,HOLD,TRANSITION,OPEN,NO_CURRENT_CREATION_EVENT,2026-07-31T13:00:00+05:30,FORCEMOT,False,ATR_MULTIPLE
NO_EVENT,NONE,[],[],LOCKED,,[],[],[],,,,,[],1057,,,"[""CONTINUATION:BLOCK"", ""REACCELERATION:BLOCK"", ""REVERSAL:BLOCK""]",,,,,,NO_ACTION,,,,2026-07-31T13:00:00+05:30,GLENMARK,,
NO_EVENT,NONE,[],[],FAILED_BACK_INSIDE,UNKNOWN,[],[],[],AUCTION_SIGNAL_DOWNSTREAM_V2,OPEN,HOLD_POSITION,NONE,"[{""action"": ""HOLD"", ""signal_id"": ""6c1d311c-b1e4-503d-9f2d-3a50df29da5d"", ""setup"": ""FAILED_BREAKOUT"", ""side"": ""SELL"", ""stage"": ""TRANSITION"", ""status"": ""OPEN"", ""status_reason"": ""NO_CURRENT_CREATION_EVENT"", ""signal_action"": ""HOLD"", ""signal_state"": ""OPEN"", ""trade_action"": ""HOLD_POSITION"", ""management_posture"": ""CAUTION"", ""management_reason_code"": ""NO_CURRENT_CREATION_EVENT"", ""should_exit_signal"": false}]",1058,CAUTION,NO_CURRENT_CREATION_EVENT,"[""CONTINUATION:BLOCK"", ""REACCELERATION:BLOCK"", ""REVERSAL:BLOCK""]",HOLD,CAND:296c26607039b07e87c6f497,OPP:296c26607039b07e87c6f497,388.0,False,HOLD,TRANSITION,OPEN,NO_CURRENT_CREATION_EVENT,2026-07-31T13:00:00+05:30,INDUSTOWER,False,ATR_MULTIPLE
BALANCE_FORMING_STARTED,NONE,"[""BAL:KALYANKJIL:2026-07-31:003:NEUTRAL:130000:BALANCE_FORMING_STARTED:130000""]","[""BALANCE_FORMING_STARTED""]",FORMING,UNKNOWN,[],[],[],AUCTION_SIGNAL_DOWNSTREAM_V2,OPEN,HOLD_POSITION,NONE,"[{""action"": ""HOLD"", ""signal_id"": ""fe205a27-ef8f-5bf7-9192-94593d799d94"", ""setup"": ""BREAKOUT_INITIATION"", ""side"": ""BUY"", ""stage"": ""TRANSITION"", ""status"": ""OPEN"", ""status_reason"": ""NO_CURRENT_CREATION_EVENT"", ""signal_action"": ""HOLD"", ""signal_state"": ""OPEN"", ""trade_action"": ""HOLD_POSITION"", ""management_posture"": ""CAUTION"", ""management_reason_code"": ""NO_CURRENT_CREATION_EVENT"", ""should_exit_signal"": false}]",1059,CAUTION,NO_CURRENT_CREATION_EVENT,[],HOLD,CAND:4a3872010c190995b2d63ff8,OPP:4a3872010c190995b2d63ff8,628.95,False,HOLD,TRANSITION,OPEN,NO_CURRENT_CREATION_EVENT,2026-07-31T13:00:00+05:30,KALYANKJIL,False,ATR_MULTIPLE
NO_EVENT,NONE,[],[],NONE,UNKNOWN,[],[],[],AUCTION_SIGNAL_DOWNSTREAM_V2,OPEN,HOLD_POSITION,NONE,"[{""action"": ""HOLD"", ""signal_id"": ""50c51811-b112-5f0f-9fcc-a1422ceea97c"", ""setup"": ""REVERSAL"", ""side"": ""BUY"", ""stage"": ""TRANSITION"", ""status"": ""OPEN"", ""status_reason"": ""NO_CURRENT_CREATION_EVENT"", ""signal_action"": ""HOLD"", ""signal_state"": ""OPEN"", ""trade_action"": ""HOLD_POSITION"", ""management_posture"": ""CAUTION"", ""management_reason_code"": ""NO_CURRENT_CREATION_EVENT"", ""should_exit_signal"": false}]",1060,CAUTION,NO_CURRENT_CREATION_EVENT,[],HOLD,CAND:7316c4a2330c742a8803fe6c,OPP:7316c4a2330c742a8803fe6c,369.15,False,HOLD,TRANSITION,OPEN,NO_CURRENT_CREATION_EVENT,2026-07-31T13:00:00+05:30,MANAPPURAM,False,ATR_MULTIPLE
NO_EVENT,REVERSAL_WATCH,[],[],NONE,ALIGNED,[],[],[],AUCTION_SIGNAL_DOWNSTREAM_V2,OPEN,HOLD_POSITION,NONE,"[{""action"": ""HOLD"", ""signal_id"": ""cad8805e-c102-57a4-96c7-d70c9c07f5cc"", ""setup"": ""BREAKOUT_INITIATION"", ""side"": ""BUY"", ""stage"": ""PROTECT"", ""status"": ""OPEN"", ""status_reason"": ""AUTHORITATIVE_REVERSAL_WATCH"", ""signal_action"": ""HOLD"", ""signal_state"": ""OPEN"", ""trade_action"": ""HOLD_POSITION"", ""management_posture"": ""CAUTION"", ""management_reason_code"": ""AUTHORITATIVE_REVERSAL_WATCH"", ""should_exit_signal"": false}]",1061,CAUTION,AUTHORITATIVE_REVERSAL_WATCH,[],HOLD,CAND:6e00ceac84968df1df4d7495,OPP:6e00ceac84968df1df4d7495,5416.9,False,HOLD,PROTECT,OPEN,AUTHORITATIVE_REVERSAL_WATCH,2026-07-31T13:00:00+05:30,PERSISTENT,False,ATR_MULTIPLE
NO_EVENT,REVERSAL_WATCH,[],[],FORMING,ALIGNED,[],[],[],AUCTION_SIGNAL_DOWNSTREAM_V2,OPEN,HOLD_POSITION,NONE,"[{""action"": ""HOLD"", ""signal_id"": ""57fbc3b0-0822-51b7-8515-450ea6586841"", ""setup"": ""FAILED_BREAKOUT"", ""side"": ""BUY"", ""stage"": ""PROTECT"", ""status"": ""OPEN"", ""status_reason"": ""AUTHORITATIVE_REVERSAL_WATCH"", ""signal_action"": ""HOLD"", ""signal_state"": ""OPEN"", ""trade_action"": ""HOLD_POSITION"", ""management_posture"": ""CAUTION"", ""management_reason_code"": ""AUTHORITATIVE_REVERSAL_WATCH"", ""should_exit_signal"": false}]",1062,CAUTION,AUTHORITATIVE_REVERSAL_WATCH,[],HOLD,CAND:dc1ab160fa1ee75a10189da6,OPP:dc1ab160fa1ee75a10189da6,32370.0,False,HOLD,PROTECT,OPEN,AUTHORITATIVE_REVERSAL_WATCH,2026-07-31T13:00:00+05:30,POWERINDIA,False,ATR_MULTIPLE
NO_EVENT,NONE,[],[],FAILED_BACK_INSIDE,,[],[],[],,,,,[],1063,,,"[""CONTINUATION:BLOCK"", ""REACCELERATION:BLOCK"", ""REVERSAL:BLOCK""]",,,,,,NO_ACTION,,,,2026-07-31T13:00:00+05:30,TCS,,
NO_EVENT,NONE,[],[],NONE,,[],[],[],,,,,[],1064,,,[],,,,,,NO_ACTION,,,,2026-07-31T13:00:00+05:30,TORNTPHARM,,
NO_EVENT,NONE,[],[],NONE,,[],[],[],,,,,[],1065,,,[],,,,,,NO_ACTION,,,,2026-07-31T13:03:00+05:30,BHEL,,
DIRECTIONAL_STARTED,DIRECTIONAL,"[""DIR:CHOLAFIN:2026-07-31:005:UP:130300:DIRECTIONAL_STARTED:130300""]","[""DIRECTIONAL_STARTED""]",FORMING,,[],[],[],,,,,[],1066,,,[],,,,,,NO_ACTION,,,,2026-07-31T13:03:00+05:30,CHOLAFIN,,
NO_EVENT,NONE,[],[],LOCKED,UNKNOWN,[],[],[],AUCTION_SIGNAL_DOWNSTREAM_V2,OPEN,HOLD_POSITION,NONE,"[{""action"": ""HOLD"", ""signal_id"": ""2afed6e7-898c-5a79-8bf5-1d7891f21ccb"", ""setup"": ""REVERSAL"", ""side"": ""SELL"", ""stage"": ""TRANSITION"", ""status"": ""OPEN"", ""status_reason"": ""NO_CURRENT_CREATION_EVENT"", ""signal_action"": ""HOLD"", ""signal_state"": ""OPEN"", ""trade_action"": ""HOLD_POSITION"", ""management_posture"": ""CAUTION"", ""management_reason_code"": ""NO_CURRENT_CREATION_EVENT"", ""should_exit_signal"": false}]",1067,CAUTION,NO_CURRENT_CREATION_EVENT,"[""CONTINUATION:BLOCK"", ""REACCELERATION:BLOCK"", ""REVERSAL:BLOCK""]",HOLD,CAND:995ee50ff305357125723e26,OPP:995ee50ff305357125723e26,1724.2,False,HOLD,TRANSITION,OPEN,NO_CURRENT_CREATION_EVENT,2026-07-31T13:03:00+05:30,COFORGE,False,ATR_MULTIPLE
NO_EVENT,REVERSAL_WATCH,[],[],NONE,,[],[],[],,,,,[],1068,,,[],,,,,,NO_ACTION,,,,2026-07-31T13:03:00+05:30,DIVISLAB,,
BALANCE_FORMING_STARTED,REVERSAL_WATCH,"[""BAL:EXIDEIND:2026-07-31:003:NEUTRAL:130300:BALANCE_FORMING_STARTED:130300""]","[""BALANCE_FORMING_STARTED""]",FORMING,,[],[],[],,,,,[],1069,,,[],,,,,,NO_ACTION,,,,2026-07-31T13:03:00+05:30,EXIDEIND,,
NO_EVENT,NONE,[],[],FAILED_BACK_INSIDE,UNKNOWN,[],[],[],AUCTION_SIGNAL_DOWNSTREAM_V2,OPEN,HOLD_POSITION,NONE,"[{""action"": ""HOLD"", ""signal_id"": ""76d65cfd-3f5f-5419-81f1-24a924660ce7"", ""setup"": ""REVERSAL"", ""side"": ""BUY"", ""stage"": ""TRANSITION"", ""status"": ""OPEN"", ""status_reason"": ""NO_CURRENT_CREATION_EVENT"", ""signal_action"": ""HOLD"", ""signal_state"": ""OPEN"", ""trade_action"": ""HOLD_POSITION"", ""management_posture"": ""CAUTION"", ""management_reason_code"": ""NO_CURRENT_CREATION_EVENT"", ""should_exit_signal"": false}]",1070,CAUTION,NO_CURRENT_CREATION_EVENT,"[""CONTINUATION:BLOCK"", ""REACCELERATION:BLOCK"", ""REVERSAL:BLOCK""]",HOLD,CAND:32b3a707960484f98d8399a7,OPP:32b3a707960484f98d8399a7,17907.0,False,HOLD,TRANSITION,OPEN,NO_CURRENT_CREATION_EVENT,2026-07-31T13:03:00+05:30,FORCEMOT,False,ATR_MULTIPLE
NO_EVENT,NONE,[],[],LOCKED,,[],[],[],,,,,[],1071,,,"[""CONTINUATION:BLOCK"", ""REACCELERATION:BLOCK"", ""REVERSAL:BLOCK""]",,,,,,NO_ACTION,,,,2026-07-31T13:03:00+05:30,GLENMARK,,
NO_EVENT,NONE,[],[],FAILED_BACK_INSIDE,UNKNOWN,[],[],[],AUCTION_SIGNAL_DOWNSTREAM_V2,OPEN,HOLD_POSITION,NONE,"[{""action"": ""HOLD"", ""signal_id"": ""6c1d311c-b1e4-503d-9f2d-3a50df29da5d"", ""setup"": ""FAILED_BREAKOUT"", ""side"": ""SELL"", ""stage"": ""TRANSITION"", ""status"": ""OPEN"", ""status_reason"": ""NO_CURRENT_CREATION_EVENT"", ""signal_action"": ""HOLD"", ""signal_state"": ""OPEN"", ""trade_action"": ""HOLD_POSITION"", ""management_posture"": ""CAUTION"", ""management_reason_code"": ""NO_CURRENT_CREATION_EVENT"", ""should_exit_signal"": false}]",1072,CAUTION,NO_CURRENT_CREATION_EVENT,"[""CONTINUATION:BLOCK"", ""REACCELERATION:BLOCK"", ""REVERSAL:BLOCK""]",HOLD,CAND:296c26607039b07e87c6f497,OPP:296c26607039b07e87c6f497,388.0,False,HOLD,TRANSITION,OPEN,NO_CURRENT_CREATION_EVENT,2026-07-31T13:03:00+05:30,INDUSTOWER,False,ATR_MULTIPLE
DIRECTIONAL_STARTED,DIRECTIONAL,"[""DIR:KALYANKJIL:2026-07-31:010:DOWN:130300:DIRECTIONAL_STARTED:130300""]","[""DIRECTIONAL_STARTED""]",FORMING,OPPOSED,[],[],[],AUCTION_SIGNAL_DOWNSTREAM_V2,OPEN,HOLD_POSITION,NONE,"[{""action"": ""HOLD"", ""signal_id"": ""fe205a27-ef8f-5bf7-9192-94593d799d94"", ""setup"": ""BREAKOUT_INITIATION"", ""side"": ""BUY"", ""stage"": ""WEAKENING"", ""status"": ""OPEN"", ""status_reason"": ""AUTHORITATIVE_DIRECTION_OPPOSED"", ""signal_action"": ""HOLD"", ""signal_state"": ""OPEN"", ""trade_action"": ""HOLD_POSITION"", ""management_posture"": ""CAUTION"", ""management_reason_code"": ""AUTHORITATIVE_DIRECTION_OPPOSED"", ""should_exit_signal"": false}]",1073,CAUTION,AUTHORITATIVE_DIRECTION_OPPOSED,[],HOLD,CAND:4a3872010c190995b2d63ff8,OPP:4a3872010c190995b2d63ff8,628.95,False,HOLD,WEAKENING,OPEN,AUTHORITATIVE_DIRECTION_OPPOSED,2026-07-31T13:03:00+05:30,KALYANKJIL,False,ATR_MULTIPLE
NO_EVENT,NONE,[],[],NONE,UNKNOWN,[],[],[],AUCTION_SIGNAL_DOWNSTREAM_V2,OPEN,HOLD_POSITION,NONE,"[{""action"": ""HOLD"", ""signal_id"": ""50c51811-b112-5f0f-9fcc-a1422ceea97c"", ""setup"": ""REVERSAL"", ""side"": ""BUY"", ""stage"": ""TRANSITION"", ""status"": ""OPEN"", ""status_reason"": ""NO_CURRENT_CREATION_EVENT"", ""signal_action"": ""HOLD"", ""signal_state"": ""OPEN"", ""trade_action"": ""HOLD_POSITION"", ""management_posture"": ""CAUTION"", ""management_reason_code"": ""NO_CURRENT_CREATION_EVENT"", ""should_exit_signal"": false}]",1074,CAUTION,NO_CURRENT_CREATION_EVENT,[],HOLD,CAND:7316c4a2330c742a8803fe6c,OPP:7316c4a2330c742a8803fe6c,369.15,False,HOLD,TRANSITION,OPEN,NO_CURRENT_CREATION_EVENT,2026-07-31T13:03:00+05:30,MANAPPURAM,False,ATR_MULTIPLE
NO_EVENT,REVERSAL_WATCH,[],[],NONE,ALIGNED,[],[],[],AUCTION_SIGNAL_DOWNSTREAM_V2,OPEN,HOLD_POSITION,NONE,"[{""action"": ""HOLD"", ""signal_id"": ""cad8805e-c102-57a4-96c7-d70c9c07f5cc"", ""setup"": ""BREAKOUT_INITIATION"", ""side"": ""BUY"", ""stage"": ""PROTECT"", ""status"": ""OPEN"", ""status_reason"": ""AUTHORITATIVE_REVERSAL_WATCH"", ""signal_action"": ""HOLD"", ""signal_state"": ""OPEN"", ""trade_action"": ""HOLD_POSITION"", ""management_posture"": ""CAUTION"", ""management_reason_code"": ""AUTHORITATIVE_REVERSAL_WATCH"", ""should_exit_signal"": false}]",1075,CAUTION,AUTHORITATIVE_REVERSAL_WATCH,[],HOLD,CAND:6e00ceac84968df1df4d7495,OPP:6e00ceac84968df1df4d7495,5416.9,False,HOLD,PROTECT,OPEN,AUTHORITATIVE_REVERSAL_WATCH,2026-07-31T13:03:00+05:30,PERSISTENT,False,ATR_MULTIPLE
NO_EVENT,REVERSAL_WATCH,[],[],FORMING,ALIGNED,[],[],[],AUCTION_SIGNAL_DOWNSTREAM_V2,OPEN,HOLD_POSITION,NONE,"[{""action"": ""HOLD"", ""signal_id"": ""57fbc3b0-0822-51b7-8515-450ea6586841"", ""setup"": ""FAILED_BREAKOUT"", ""side"": ""BUY"", ""stage"": ""PROTECT"", ""status"": ""OPEN"", ""status_reason"": ""AUTHORITATIVE_REVERSAL_WATCH"", ""signal_action"": ""HOLD"", ""signal_state"": ""OPEN"", ""trade_action"": ""HOLD_POSITION"", ""management_posture"": ""CAUTION"", ""management_reason_code"": ""AUTHORITATIVE_REVERSAL_WATCH"", ""should_exit_signal"": false}]",1076,CAUTION,AUTHORITATIVE_REVERSAL_WATCH,[],HOLD,CAND:dc1ab160fa1ee75a10189da6,OPP:dc1ab160fa1ee75a10189da6,32370.0,False,HOLD,PROTECT,OPEN,AUTHORITATIVE_REVERSAL_WATCH,2026-07-31T13:03:00+05:30,POWERINDIA,False,ATR_MULTIPLE
NO_EVENT,NONE,[],[],FAILED_BACK_INSIDE,,[],[],[],,,,,[],1077,,,"[""CONTINUATION:BLOCK"", ""REACCELERATION:BLOCK"", ""REVERSAL:BLOCK""]",,,,,,NO_ACTION,,,,2026-07-31T13:03:00+05:30,TCS,,
DIRECTIONAL_STARTED,DIRECTIONAL,"[""DIR:TORNTPHARM:2026-07-31:006:DOWN:130300:DIRECTIONAL_STARTED:130300""]","[""DIRECTIONAL_STARTED""]",NONE,,[],[],[],,,,,[],1078,,,[],,,,,,NO_ACTION,,,,2026-07-31T13:03:00+05:30,TORNTPHARM,,
DIRECTIONAL_STARTED,DIRECTIONAL,"[""DIR:BHEL:2026-07-31:008:UP:130600:DIRECTIONAL_STARTED:130600""]","[""DIRECTIONAL_STARTED""]",NONE,,[],[],[],,,,,[],1079,,,[],,,,,,NO_ACTION,,,,2026-07-31T13:06:00+05:30,BHEL,,
DIRECTIONAL_MATURED,MATURE,"[""DIR:CHOLAFIN:2026-07-31:005:UP:130300:DIRECTIONAL_MATURED:130600""]","[""DIRECTIONAL_MATURED""]",FORMING,,[],[],[],,,,,[],1080,,,[],,,,,,NO_ACTION,,,,2026-07-31T13:06:00+05:30,CHOLAFIN,,
NO_EVENT,NONE,[],[],LOCKED,UNKNOWN,[],[],[],AUCTION_SIGNAL_DOWNSTREAM_V2,OPEN,HOLD_POSITION,NONE,"[{""action"": ""HOLD"", ""signal_id"": ""2afed6e7-898c-5a79-8bf5-1d7891f21ccb"", ""setup"": ""REVERSAL"", ""side"": ""SELL"", ""stage"": ""TRANSITION"", ""status"": ""OPEN"", ""status_reason"": ""NO_CURRENT_CREATION_EVENT"", ""signal_action"": ""HOLD"", ""signal_state"": ""OPEN"", ""trade_action"": ""HOLD_POSITION"", ""management_posture"": ""CAUTION"", ""management_reason_code"": ""NO_CURRENT_CREATION_EVENT"", ""should_exit_signal"": false}]",1081,CAUTION,NO_CURRENT_CREATION_EVENT,"[""CONTINUATION:BLOCK"", ""REACCELERATION:BLOCK"", ""REVERSAL:BLOCK""]",HOLD,CAND:995ee50ff305357125723e26,OPP:995ee50ff305357125723e26,1724.2,False,HOLD,TRANSITION,OPEN,NO_CURRENT_CREATION_EVENT,2026-07-31T13:06:00+05:30,COFORGE,False,ATR_MULTIPLE
NO_EVENT,REVERSAL_WATCH,[],[],NONE,,[],[],[],,,,,[],1082,,,[],,,,,,NO_ACTION,,,,2026-07-31T13:06:00+05:30,DIVISLAB,,
NO_EVENT,REVERSAL_WATCH,[],[],FORMING,,[],[],[],,,,,[],1083,,,[],,,,,,NO_ACTION,,,,2026-07-31T13:06:00+05:30,EXIDEIND,,
NO_EVENT,NONE,[],[],FAILED_BACK_INSIDE,UNKNOWN,[],[],[],AUCTION_SIGNAL_DOWNSTREAM_V2,OPEN,HOLD_POSITION,NONE,"[{""action"": ""HOLD"", ""signal_id"": ""76d65cfd-3f5f-5419-81f1-24a924660ce7"", ""setup"": ""REVERSAL"", ""side"": ""BUY"", ""stage"": ""TRANSITION"", ""status"": ""OPEN"", ""status_reason"": ""NO_CURRENT_CREATION_EVENT"", ""signal_action"": ""HOLD"", ""signal_state"": ""OPEN"", ""trade_action"": ""HOLD_POSITION"", ""management_posture"": ""CAUTION"", ""management_reason_code"": ""NO_CURRENT_CREATION_EVENT"", ""should_exit_signal"": false}]",1084,CAUTION,NO_CURRENT_CREATION_EVENT,"[""CONTINUATION:BLOCK"", ""REACCELERATION:BLOCK"", ""REVERSAL:BLOCK""]",HOLD,CAND:32b3a707960484f98d8399a7,OPP:32b3a707960484f98d8399a7,17907.0,False,HOLD,TRANSITION,OPEN,NO_CURRENT_CREATION_EVENT,2026-07-31T13:06:00+05:30,FORCEMOT,False,ATR_MULTIPLE
NO_EVENT,NONE,[],[],LOCKED,,[],[],[],,,,,[],1085,,,"[""CONTINUATION:BLOCK"", ""REACCELERATION:BLOCK"", ""REVERSAL:BLOCK""]",,,,,,NO_ACTION,,,,2026-07-31T13:06:00+05:30,GLENMARK,,
NO_EVENT,NONE,[],[],FAILED_BACK_INSIDE,UNKNOWN,[],[],[],AUCTION_SIGNAL_DOWNSTREAM_V2,OPEN,HOLD_POSITION,NONE,"[{""action"": ""HOLD"", ""signal_id"": ""6c1d311c-b1e4-503d-9f2d-3a50df29da5d"", ""setup"": ""FAILED_BREAKOUT"", ""side"": ""SELL"", ""stage"": ""TRANSITION"", ""status"": ""OPEN"", ""status_reason"": ""NO_CURRENT_CREATION_EVENT"", ""signal_action"": ""HOLD"", ""signal_state"": ""OPEN"", ""trade_action"": ""HOLD_POSITION"", ""management_posture"": ""CAUTION"", ""management_reason_code"": ""NO_CURRENT_CREATION_EVENT"", ""should_exit_signal"": false}]",1086,CAUTION,NO_CURRENT_CREATION_EVENT,"[""CONTINUATION:BLOCK"", ""REACCELERATION:BLOCK"", ""REVERSAL:BLOCK""]",HOLD,CAND:296c26607039b07e87c6f497,OPP:296c26607039b07e87c6f497,388.0,False,HOLD,TRANSITION,OPEN,NO_CURRENT_CREATION_EVENT,2026-07-31T13:06:00+05:30,INDUSTOWER,False,ATR_MULTIPLE
NO_EVENT,DIRECTIONAL,[],[],FORMING,OPPOSED,[],[],[],AUCTION_SIGNAL_DOWNSTREAM_V2,OPEN,HOLD_POSITION,NONE,"[{""action"": ""HOLD"", ""signal_id"": ""fe205a27-ef8f-5bf7-9192-94593d799d94"", ""setup"": ""BREAKOUT_INITIATION"", ""side"": ""BUY"", ""stage"": ""WEAKENING"", ""status"": ""OPEN"", ""status_reason"": ""AUTHORITATIVE_DIRECTION_OPPOSED"", ""signal_action"": ""HOLD"", ""signal_state"": ""OPEN"", ""trade_action"": ""HOLD_POSITION"", ""management_posture"": ""CAUTION"", ""management_reason_code"": ""AUTHORITATIVE_DIRECTION_OPPOSED"", ""should_exit_signal"": false}]",1087,CAUTION,AUTHORITATIVE_DIRECTION_OPPOSED,[],HOLD,CAND:4a3872010c190995b2d63ff8,OPP:4a3872010c190995b2d63ff8,628.95,False,HOLD,WEAKENING,OPEN,AUTHORITATIVE_DIRECTION_OPPOSED,2026-07-31T13:06:00+05:30,KALYANKJIL,False,ATR_MULTIPLE
NO_EVENT,NONE,[],[],NONE,UNKNOWN,[],[],[],AUCTION_SIGNAL_DOWNSTREAM_V2,OPEN,HOLD_POSITION,NONE,"[{""action"": ""HOLD"", ""signal_id"": ""50c51811-b112-5f0f-9fcc-a1422ceea97c"", ""setup"": ""REVERSAL"", ""side"": ""BUY"", ""stage"": ""TRANSITION"", ""status"": ""OPEN"", ""status_reason"": ""NO_CURRENT_CREATION_EVENT"", ""signal_action"": ""HOLD"", ""signal_state"": ""OPEN"", ""trade_action"": ""HOLD_POSITION"", ""management_posture"": ""CAUTION"", ""management_reason_code"": ""NO_CURRENT_CREATION_EVENT"", ""should_exit_signal"": false}]",1088,CAUTION,NO_CURRENT_CREATION_EVENT,[],HOLD,CAND:7316c4a2330c742a8803fe6c,OPP:7316c4a2330c742a8803fe6c,369.15,False,HOLD,TRANSITION,OPEN,NO_CURRENT_CREATION_EVENT,2026-07-31T13:06:00+05:30,MANAPPURAM,False,ATR_MULTIPLE
NO_EVENT,REVERSAL_WATCH,[],[],NONE,ALIGNED,[],[],[],AUCTION_SIGNAL_DOWNSTREAM_V2,OPEN,HOLD_POSITION,NONE,"[{""action"": ""HOLD"", ""signal_id"": ""cad8805e-c102-57a4-96c7-d70c9c07f5cc"", ""setup"": ""BREAKOUT_INITIATION"", ""side"": ""BUY"", ""stage"": ""PROTECT"", ""status"": ""OPEN"", ""status_reason"": ""AUTHORITATIVE_REVERSAL_WATCH"", ""signal_action"": ""HOLD"", ""signal_state"": ""OPEN"", ""trade_action"": ""HOLD_POSITION"", ""management_posture"": ""CAUTION"", ""management_reason_code"": ""AUTHORITATIVE_REVERSAL_WATCH"", ""should_exit_signal"": false}]",1089,CAUTION,AUTHORITATIVE_REVERSAL_WATCH,[],HOLD,CAND:6e00ceac84968df1df4d7495,OPP:6e00ceac84968df1df4d7495,5416.9,False,HOLD,PROTECT,OPEN,AUTHORITATIVE_REVERSAL_WATCH,2026-07-31T13:06:00+05:30,PERSISTENT,False,ATR_MULTIPLE
NO_EVENT,REVERSAL_WATCH,[],[],FORMING,ALIGNED,[],[],[],AUCTION_SIGNAL_DOWNSTREAM_V2,OPEN,HOLD_POSITION,NONE,"[{""action"": ""HOLD"", ""signal_id"": ""57fbc3b0-0822-51b7-8515-450ea6586841"", ""setup"": ""FAILED_BREAKOUT"", ""side"": ""BUY"", ""stage"": ""PROTECT"", ""status"": ""OPEN"", ""status_reason"": ""AUTHORITATIVE_REVERSAL_WATCH"", ""signal_action"": ""HOLD"", ""signal_state"": ""OPEN"", ""trade_action"": ""HOLD_POSITION"", ""management_posture"": ""CAUTION"", ""management_reason_code"": ""AUTHORITATIVE_REVERSAL_WATCH"", ""should_exit_signal"": false}]",1090,CAUTION,AUTHORITATIVE_REVERSAL_WATCH,[],HOLD,CAND:dc1ab160fa1ee75a10189da6,OPP:dc1ab160fa1ee75a10189da6,32370.0,False,HOLD,PROTECT,OPEN,AUTHORITATIVE_REVERSAL_WATCH,2026-07-31T13:06:00+05:30,POWERINDIA,False,ATR_MULTIPLE
NO_EVENT,NONE,[],[],FAILED_BACK_INSIDE,,[],[],[],,,,,[],1091,,,"[""CONTINUATION:BLOCK"", ""REACCELERATION:BLOCK"", ""REVERSAL:BLOCK""]",,,,,,NO_ACTION,,,,2026-07-31T13:06:00+05:30,TCS,,
NO_EVENT,DIRECTIONAL,[],[],NONE,,[],[],[],,,,,[],1092,,,[],,,,,,NO_ACTION,,,,2026-07-31T13:06:00+05:30,TORNTPHARM,,
NO_EVENT,DIRECTIONAL,[],[],NONE,,[],[],[],,,,,[],1093,,,[],,,,,,NO_ACTION,,,,2026-07-31T13:09:00+05:30,BHEL,,
"BALANCE_PROBABLE,REVERSAL_WATCH_STARTED",REVERSAL_WATCH,"[""BAL:CHOLAFIN:2026-07-31:001:NEUTRAL:125700:BALANCE_PROBABLE:130900"", ""DIR:CHOLAFIN:2026-07-31:005:UP:130300:REVERSAL_WATCH_STARTED:130900""]","[""BALANCE_PROBABLE"", ""REVERSAL_WATCH_STARTED""]",PROBABLE,,[],[],[],,,,,[],1094,,,[],,,,,,NO_ACTION,,,,2026-07-31T13:09:00+05:30,CHOLAFIN,,
NO_EVENT,NONE,[],[],LOCKED,UNKNOWN,[],[],[],AUCTION_SIGNAL_DOWNSTREAM_V2,OPEN,HOLD_POSITION,NONE,"[{""action"": ""HOLD"", ""signal_id"": ""2afed6e7-898c-5a79-8bf5-1d7891f21ccb"", ""setup"": ""REVERSAL"", ""side"": ""SELL"", ""stage"": ""TRANSITION"", ""status"": ""OPEN"", ""status_reason"": ""NO_CURRENT_CREATION_EVENT"", ""signal_action"": ""HOLD"", ""signal_state"": ""OPEN"", ""trade_action"": ""HOLD_POSITION"", ""management_posture"": ""CAUTION"", ""management_reason_code"": ""NO_CURRENT_CREATION_EVENT"", ""should_exit_signal"": false}]",1095,CAUTION,NO_CURRENT_CREATION_EVENT,"[""CONTINUATION:BLOCK"", ""REACCELERATION:BLOCK"", ""REVERSAL:BLOCK""]",HOLD,CAND:995ee50ff305357125723e26,OPP:995ee50ff305357125723e26,1724.2,False,HOLD,TRANSITION,OPEN,NO_CURRENT_CREATION_EVENT,2026-07-31T13:09:00+05:30,COFORGE,False,ATR_MULTIPLE
NO_EVENT,REVERSAL_WATCH,[],[],NONE,,[],[],[],,,,,[],1096,,,[],,,,,,NO_ACTION,,,,2026-07-31T13:09:00+05:30,DIVISLAB,,
NO_EVENT,REVERSAL_WATCH,[],[],FORMING,,[],[],[],,,,,[],1097,,,[],,,,,,NO_ACTION,,,,2026-07-31T13:09:00+05:30,EXIDEIND,,
NO_EVENT,NONE,[],[],FAILED_BACK_INSIDE,UNKNOWN,[],[],[],AUCTION_SIGNAL_DOWNSTREAM_V2,OPEN,HOLD_POSITION,NONE,"[{""action"": ""HOLD"", ""signal_id"": ""76d65cfd-3f5f-5419-81f1-24a924660ce7"", ""setup"": ""REVERSAL"", ""side"": ""BUY"", ""stage"": ""TRANSITION"", ""status"": ""OPEN"", ""status_reason"": ""NO_CURRENT_CREATION_EVENT"", ""signal_action"": ""HOLD"", ""signal_state"": ""OPEN"", ""trade_action"": ""HOLD_POSITION"", ""management_posture"": ""CAUTION"", ""management_reason_code"": ""NO_CURRENT_CREATION_EVENT"", ""should_exit_signal"": false}]",1098,CAUTION,NO_CURRENT_CREATION_EVENT,"[""CONTINUATION:BLOCK"", ""REACCELERATION:BLOCK"", ""REVERSAL:BLOCK""]",HOLD,CAND:32b3a707960484f98d8399a7,OPP:32b3a707960484f98d8399a7,17907.0,False,HOLD,TRANSITION,OPEN,NO_CURRENT_CREATION_EVENT,2026-07-31T13:09:00+05:30,FORCEMOT,False,ATR_MULTIPLE
NO_EVENT,NONE,[],[],LOCKED,,[],[],[],,,,,[],1099,,,"[""CONTINUATION:BLOCK"", ""REACCELERATION:BLOCK"", ""REVERSAL:BLOCK""]",,,,,,NO_ACTION,,,,2026-07-31T13:09:00+05:30,GLENMARK,,
NO_EVENT,NONE,[],[],FAILED_BACK_INSIDE,UNKNOWN,[],[],[],AUCTION_SIGNAL_DOWNSTREAM_V2,OPEN,HOLD_POSITION,NONE,"[{""action"": ""HOLD"", ""signal_id"": ""6c1d311c-b1e4-503d-9f2d-3a50df29da5d"", ""setup"": ""FAILED_BREAKOUT"", ""side"": ""SELL"", ""stage"": ""TRANSITION"", ""status"": ""OPEN"", ""status_reason"": ""NO_CURRENT_CREATION_EVENT"", ""signal_action"": ""HOLD"", ""signal_state"": ""OPEN"", ""trade_action"": ""HOLD_POSITION"", ""management_posture"": ""CAUTION"", ""management_reason_code"": ""NO_CURRENT_CREATION_EVENT"", ""should_exit_signal"": false}]",1100,CAUTION,NO_CURRENT_CREATION_EVENT,"[""CONTINUATION:BLOCK"", ""REACCELERATION:BLOCK"", ""REVERSAL:BLOCK""]",HOLD,CAND:296c26607039b07e87c6f497,OPP:296c26607039b07e87c6f497,388.0,False,HOLD,TRANSITION,OPEN,NO_CURRENT_CREATION_EVENT,2026-07-31T13:09:00+05:30,INDUSTOWER,False,ATR_MULTIPLE
NO_EVENT,DIRECTIONAL,[],[],FORMING,OPPOSED,[],[],[],AUCTION_SIGNAL_DOWNSTREAM_V2,OPEN,HOLD_POSITION,NONE,"[{""action"": ""HOLD"", ""signal_id"": ""fe205a27-ef8f-5bf7-9192-94593d799d94"", ""setup"": ""BREAKOUT_INITIATION"", ""side"": ""BUY"", ""stage"": ""WEAKENING"", ""status"": ""OPEN"", ""status_reason"": ""AUTHORITATIVE_DIRECTION_OPPOSED"", ""signal_action"": ""HOLD"", ""signal_state"": ""OPEN"", ""trade_action"": ""HOLD_POSITION"", ""management_posture"": ""CAUTION"", ""management_reason_code"": ""AUTHORITATIVE_DIRECTION_OPPOSED"", ""should_exit_signal"": false}]",1101,CAUTION,AUTHORITATIVE_DIRECTION_OPPOSED,[],HOLD,CAND:4a3872010c190995b2d63ff8,OPP:4a3872010c190995b2d63ff8,628.95,False,HOLD,WEAKENING,OPEN,AUTHORITATIVE_DIRECTION_OPPOSED,2026-07-31T13:09:00+05:30,KALYANKJIL,False,ATR_MULTIPLE
DIRECTIONAL_STARTED,DIRECTIONAL,"[""DIR:MANAPPURAM:2026-07-31:007:UP:130900:DIRECTIONAL_STARTED:130900""]","[""DIRECTIONAL_STARTED""]",NONE,ALIGNED,[],[],[],AUCTION_SIGNAL_DOWNSTREAM_V2,OPEN,HOLD_POSITION,NONE,"[{""action"": ""HOLD"", ""signal_id"": ""50c51811-b112-5f0f-9fcc-a1422ceea97c"", ""setup"": ""REVERSAL"", ""side"": ""BUY"", ""stage"": ""ACTIVE"", ""status"": ""OPEN"", ""status_reason"": ""AUTHORITATIVE_DIRECTIONAL_ALIGNED"", ""signal_action"": ""HOLD"", ""signal_state"": ""OPEN"", ""trade_action"": ""HOLD_POSITION"", ""management_posture"": ""STRENGTHEN"", ""management_reason_code"": ""AUTHORITATIVE_DIRECTIONAL_ALIGNED"", ""should_exit_signal"": false}]",1102,STRENGTHEN,AUTHORITATIVE_DIRECTIONAL_ALIGNED,[],HOLD,CAND:7316c4a2330c742a8803fe6c,OPP:7316c4a2330c742a8803fe6c,369.15,False,HOLD,ACTIVE,OPEN,AUTHORITATIVE_DIRECTIONAL_ALIGNED,2026-07-31T13:09:00+05:30,MANAPPURAM,True,ATR_MULTIPLE
NO_EVENT,REVERSAL_WATCH,[],[],NONE,ALIGNED,[],[],[],AUCTION_SIGNAL_DOWNSTREAM_V2,OPEN,HOLD_POSITION,NONE,"[{""action"": ""HOLD"", ""signal_id"": ""cad8805e-c102-57a4-96c7-d70c9c07f5cc"", ""setup"": ""BREAKOUT_INITIATION"", ""side"": ""BUY"", ""stage"": ""PROTECT"", ""status"": ""OPEN"", ""status_reason"": ""AUTHORITATIVE_REVERSAL_WATCH"", ""signal_action"": ""HOLD"", ""signal_state"": ""OPEN"", ""trade_action"": ""HOLD_POSITION"", ""management_posture"": ""CAUTION"", ""management_reason_code"": ""AUTHORITATIVE_REVERSAL_WATCH"", ""should_exit_signal"": false}]",1103,CAUTION,AUTHORITATIVE_REVERSAL_WATCH,[],HOLD,CAND:6e00ceac84968df1df4d7495,OPP:6e00ceac84968df1df4d7495,5416.9,False,HOLD,PROTECT,OPEN,AUTHORITATIVE_REVERSAL_WATCH,2026-07-31T13:09:00+05:30,PERSISTENT,False,ATR_MULTIPLE
NO_EVENT,REVERSAL_WATCH,[],[],FORMING,ALIGNED,[],[],[],AUCTION_SIGNAL_DOWNSTREAM_V2,OPEN,HOLD_POSITION,NONE,"[{""action"": ""HOLD"", ""signal_id"": ""57fbc3b0-0822-51b7-8515-450ea6586841"", ""setup"": ""FAILED_BREAKOUT"", ""side"": ""BUY"", ""stage"": ""PROTECT"", ""status"": ""OPEN"", ""status_reason"": ""AUTHORITATIVE_REVERSAL_WATCH"", ""signal_action"": ""HOLD"", ""signal_state"": ""OPEN"", ""trade_action"": ""HOLD_POSITION"", ""management_posture"": ""CAUTION"", ""management_reason_code"": ""AUTHORITATIVE_REVERSAL_WATCH"", ""should_exit_signal"": false}]",1104,CAUTION,AUTHORITATIVE_REVERSAL_WATCH,[],HOLD,CAND:dc1ab160fa1ee75a10189da6,OPP:dc1ab160fa1ee75a10189da6,32370.0,False,HOLD,PROTECT,OPEN,AUTHORITATIVE_REVERSAL_WATCH,2026-07-31T13:09:00+05:30,POWERINDIA,False,ATR_MULTIPLE
NO_EVENT,NONE,[],[],FAILED_BACK_INSIDE,,[],[],[],,,,,[],1105,,,"[""CONTINUATION:BLOCK"", ""REACCELERATION:BLOCK"", ""REVERSAL:BLOCK""]",,,,,,NO_ACTION,,,,2026-07-31T13:09:00+05:30,TCS,,
NO_EVENT,DIRECTIONAL,[],[],NONE,,[],[],[],,,,,[],1106,,,[],,,,,,NO_ACTION,,,,2026-07-31T13:09:00+05:30,TORNTPHARM,,
NO_EVENT,DIRECTIONAL,[],[],NONE,,[],[],[],,,,,[],1107,,,[],,,,,,NO_ACTION,,,,2026-07-31T13:12:00+05:30,BHEL,,
NO_EVENT,REVERSAL_WATCH,[],[],PROBABLE,,[],[],[],,,,,[],1108,,,[],,,,,,NO_ACTION,,,,2026-07-31T13:12:00+05:30,CHOLAFIN,,
NO_EVENT,NONE,[],[],LOCKED,UNKNOWN,[],[],[],AUCTION_SIGNAL_DOWNSTREAM_V2,OPEN,HOLD_POSITION,NONE,"[{""action"": ""HOLD"", ""signal_id"": ""2afed6e7-898c-5a79-8bf5-1d7891f21ccb"", ""setup"": ""REVERSAL"", ""side"": ""SELL"", ""stage"": ""TRANSITION"", ""status"": ""OPEN"", ""status_reason"": ""NO_CURRENT_CREATION_EVENT"", ""signal_action"": ""HOLD"", ""signal_state"": ""OPEN"", ""trade_action"": ""HOLD_POSITION"", ""management_posture"": ""CAUTION"", ""management_reason_code"": ""NO_CURRENT_CREATION_EVENT"", ""should_exit_signal"": false}]",1109,CAUTION,NO_CURRENT_CREATION_EVENT,"[""CONTINUATION:BLOCK"", ""REACCELERATION:BLOCK"", ""REVERSAL:BLOCK""]",HOLD,CAND:995ee50ff305357125723e26,OPP:995ee50ff305357125723e26,1724.2,False,HOLD,TRANSITION,OPEN,NO_CURRENT_CREATION_EVENT,2026-07-31T13:12:00+05:30,COFORGE,False,ATR_MULTIPLE
NO_EVENT,REVERSAL_WATCH,[],[],NONE,,[],[],[],,,,,[],1110,,,[],,,,,,NO_ACTION,,,,2026-07-31T13:12:00+05:30,DIVISLAB,,
NO_EVENT,REVERSAL_WATCH,[],[],FORMING,,[],[],[],,,,,[],1111,,,[],,,,,,NO_ACTION,,,,2026-07-31T13:12:00+05:30,EXIDEIND,,
NO_EVENT,NONE,[],[],FAILED_BACK_INSIDE,UNKNOWN,[],[],[],AUCTION_SIGNAL_DOWNSTREAM_V2,OPEN,HOLD_POSITION,NONE,"[{""action"": ""HOLD"", ""signal_id"": ""76d65cfd-3f5f-5419-81f1-24a924660ce7"", ""setup"": ""REVERSAL"", ""side"": ""BUY"", ""stage"": ""TRANSITION"", ""status"": ""OPEN"", ""status_reason"": ""NO_CURRENT_CREATION_EVENT"", ""signal_action"": ""HOLD"", ""signal_state"": ""OPEN"", ""trade_action"": ""HOLD_POSITION"", ""management_posture"": ""CAUTION"", ""management_reason_code"": ""NO_CURRENT_CREATION_EVENT"", ""should_exit_signal"": false}]",1112,CAUTION,NO_CURRENT_CREATION_EVENT,"[""CONTINUATION:BLOCK"", ""REACCELERATION:BLOCK"", ""REVERSAL:BLOCK""]",HOLD,CAND:32b3a707960484f98d8399a7,OPP:32b3a707960484f98d8399a7,17907.0,False,HOLD,TRANSITION,OPEN,NO_CURRENT_CREATION_EVENT,2026-07-31T13:12:00+05:30,FORCEMOT,False,ATR_MULTIPLE
BALANCE_ESCAPE_STARTED,NONE,"[""BAL:GLENMARK:2026-07-31:001:NEUTRAL:101200:BALANCE_ESCAPE_STARTED:131200""]","[""BALANCE_ESCAPE_STARTED""]",ESCAPE_WATCH,,[],[],[],,,,,[],1113,,,"[""ACCEPTED_BREAKOUT:WAIT"", ""BREAKOUT_INITIATION:PERMIT"", ""CONTINUATION:BLOCK"", ""FAILED_BREAKOUT:WAIT"", ""REACCELERATION:BLOCK"", ""REVERSAL:BLOCK""]",,,,,,NO_ACTION,,,,2026-07-31T13:12:00+05:30,GLENMARK,,
NO_EVENT,NONE,[],[],FAILED_BACK_INSIDE,UNKNOWN,[],[],[],AUCTION_SIGNAL_DOWNSTREAM_V2,OPEN,HOLD_POSITION,NONE,"[{""action"": ""HOLD"", ""signal_id"": ""6c1d311c-b1e4-503d-9f2d-3a50df29da5d"", ""setup"": ""FAILED_BREAKOUT"", ""side"": ""SELL"", ""stage"": ""TRANSITION"", ""status"": ""OPEN"", ""status_reason"": ""NO_CURRENT_CREATION_EVENT"", ""signal_action"": ""HOLD"", ""signal_state"": ""OPEN"", ""trade_action"": ""HOLD_POSITION"", ""management_posture"": ""CAUTION"", ""management_reason_code"": ""NO_CURRENT_CREATION_EVENT"", ""should_exit_signal"": false}]",1114,CAUTION,NO_CURRENT_CREATION_EVENT,"[""CONTINUATION:BLOCK"", ""REACCELERATION:BLOCK"", ""REVERSAL:BLOCK""]",HOLD,CAND:296c26607039b07e87c6f497,OPP:296c26607039b07e87c6f497,388.0,False,HOLD,TRANSITION,OPEN,NO_CURRENT_CREATION_EVENT,2026-07-31T13:12:00+05:30,INDUSTOWER,False,ATR_MULTIPLE
BALANCE_PROBABLE,DIRECTIONAL,"[""BAL:KALYANKJIL:2026-07-31:003:NEUTRAL:130000:BALANCE_PROBABLE:131200""]","[""BALANCE_PROBABLE""]",PROBABLE,OPPOSED,[],[],[],AUCTION_SIGNAL_DOWNSTREAM_V2,OPEN,HOLD_POSITION,NONE,"[{""action"": ""HOLD"", ""signal_id"": ""fe205a27-ef8f-5bf7-9192-94593d799d94"", ""setup"": ""BREAKOUT_INITIATION"", ""side"": ""BUY"", ""stage"": ""WEAKENING"", ""status"": ""OPEN"", ""status_reason"": ""AUTHORITATIVE_DIRECTION_OPPOSED"", ""signal_action"": ""HOLD"", ""signal_state"": ""OPEN"", ""trade_action"": ""HOLD_POSITION"", ""management_posture"": ""CAUTION"", ""management_reason_code"": ""AUTHORITATIVE_DIRECTION_OPPOSED"", ""should_exit_signal"": false}]",1115,CAUTION,AUTHORITATIVE_DIRECTION_OPPOSED,[],HOLD,CAND:4a3872010c190995b2d63ff8,OPP:4a3872010c190995b2d63ff8,628.95,False,HOLD,WEAKENING,OPEN,AUTHORITATIVE_DIRECTION_OPPOSED,2026-07-31T13:12:00+05:30,KALYANKJIL,False,ATR_MULTIPLE
DIRECTIONAL_MATURED,MATURE,"[""DIR:MANAPPURAM:2026-07-31:007:UP:130900:DIRECTIONAL_MATURED:131200""]","[""DIRECTIONAL_MATURED""]",NONE,ALIGNED,[],[],[],AUCTION_SIGNAL_DOWNSTREAM_V2,OPEN,HOLD_POSITION,NONE,"[{""action"": ""HOLD"", ""signal_id"": ""50c51811-b112-5f0f-9fcc-a1422ceea97c"", ""setup"": ""REVERSAL"", ""side"": ""BUY"", ""stage"": ""EXPAND"", ""status"": ""OPEN"", ""status_reason"": ""AUTHORITATIVE_DIRECTIONAL_MATURE"", ""signal_action"": ""HOLD"", ""signal_state"": ""OPEN"", ""trade_action"": ""HOLD_POSITION"", ""management_posture"": ""STRENGTHEN"", ""management_reason_code"": ""AUTHORITATIVE_DIRECTIONAL_MATURE"", ""should_exit_signal"": false}]",1116,STRENGTHEN,AUTHORITATIVE_DIRECTIONAL_MATURE,[],HOLD,CAND:7316c4a2330c742a8803fe6c,OPP:7316c4a2330c742a8803fe6c,369.15,False,HOLD,EXPAND,OPEN,AUTHORITATIVE_DIRECTIONAL_MATURE,2026-07-31T13:12:00+05:30,MANAPPURAM,True,ATR_MULTIPLE
BALANCE_FORMING_STARTED,REVERSAL_WATCH,"[""BAL:PERSISTENT:2026-07-31:005:NEUTRAL:131200:BALANCE_FORMING_STARTED:131200""]","[""BALANCE_FORMING_STARTED""]",FORMING,ALIGNED,[],[],[],AUCTION_SIGNAL_DOWNSTREAM_V2,OPEN,HOLD_POSITION,NONE,"[{""action"": ""HOLD"", ""signal_id"": ""cad8805e-c102-57a4-96c7-d70c9c07f5cc"", ""setup"": ""BREAKOUT_INITIATION"", ""side"": ""BUY"", ""stage"": ""PROTECT"", ""status"": ""OPEN"", ""status_reason"": ""AUTHORITATIVE_REVERSAL_WATCH"", ""signal_action"": ""HOLD"", ""signal_state"": ""OPEN"", ""trade_action"": ""HOLD_POSITION"", ""management_posture"": ""CAUTION"", ""management_reason_code"": ""AUTHORITATIVE_REVERSAL_WATCH"", ""should_exit_signal"": false}]",1117,CAUTION,AUTHORITATIVE_REVERSAL_WATCH,[],HOLD,CAND:6e00ceac84968df1df4d7495,OPP:6e00ceac84968df1df4d7495,5416.9,False,HOLD,PROTECT,OPEN,AUTHORITATIVE_REVERSAL_WATCH,2026-07-31T13:12:00+05:30,PERSISTENT,False,ATR_MULTIPLE
"DIRECTIONAL_REVERSAL_CONFIRMED,DIRECTIONAL_COMPLETED,DIRECTIONAL_REVERSAL_LEG_STARTED",REVERSAL_LEG,"[""DIR:POWERINDIA:2026-07-31:003:UP:100300:DIRECTIONAL_REVERSAL_CONFIRMED:131200"", ""DIR:POWERINDIA:2026-07-31:003:UP:100300:DIRECTIONAL_COMPLETED:131200"", ""DIR:POWERINDIA:2026-07-31:004:DOWN:131200:DIRECTIONAL_REVERSAL_LEG_STARTED:131200""]","[""DIRECTIONAL_REVERSAL_CONFIRMED"", ""DIRECTIONAL_COMPLETED"", ""DIRECTIONAL_REVERSAL_LEG_STARTED""]",FORMING,OPPOSED,[],[],[],AUCTION_SIGNAL_DOWNSTREAM_V2,OPEN,HOLD_POSITION,NONE,"[{""action"": ""HOLD"", ""signal_id"": ""57fbc3b0-0822-51b7-8515-450ea6586841"", ""setup"": ""FAILED_BREAKOUT"", ""side"": ""BUY"", ""stage"": ""WEAKENING"", ""status"": ""OPEN"", ""status_reason"": ""AUTHORITATIVE_DIRECTION_OPPOSED"", ""signal_action"": ""HOLD"", ""signal_state"": ""OPEN"", ""trade_action"": ""HOLD_POSITION"", ""management_posture"": ""CAUTION"", ""management_reason_code"": ""AUTHORITATIVE_DIRECTION_OPPOSED"", ""should_exit_signal"": false}]",1118,CAUTION,AUTHORITATIVE_DIRECTION_OPPOSED,"[""REVERSAL:WAIT""]",HOLD,CAND:dc1ab160fa1ee75a10189da6,OPP:dc1ab160fa1ee75a10189da6,32370.0,False,HOLD,WEAKENING,OPEN,AUTHORITATIVE_DIRECTION_OPPOSED,2026-07-31T13:12:00+05:30,POWERINDIA,False,ATR_MULTIPLE
NO_EVENT,NONE,[],[],FAILED_BACK_INSIDE,,[],[],[],,,,,[],1119,,,"[""CONTINUATION:BLOCK"", ""REACCELERATION:BLOCK"", ""REVERSAL:BLOCK""]",,,,,,NO_ACTION,,,,2026-07-31T13:12:00+05:30,TCS,,
"BALANCE_FORMING_STARTED,DIRECTIONAL_MATURED",MATURE,"[""BAL:TORNTPHARM:2026-07-31:005:NEUTRAL:131200:BALANCE_FORMING_STARTED:131200"", ""DIR:TORNTPHARM:2026-07-31:006:DOWN:130300:DIRECTIONAL_MATURED:131200""]","[""BALANCE_FORMING_STARTED"", ""DIRECTIONAL_MATURED""]",FORMING,,[],[],[],,,,,[],1120,,,[],,,,,,NO_ACTION,,,,2026-07-31T13:12:00+05:30,TORNTPHARM,,
BALANCE_FORMING_STARTED,DIRECTIONAL,"[""BAL:BHEL:2026-07-31:003:NEUTRAL:131500:BALANCE_FORMING_STARTED:131500""]","[""BALANCE_FORMING_STARTED""]",FORMING,,[],[],[],,,,,[],1121,,,[],,,,,,NO_ACTION,,,,2026-07-31T13:15:00+05:30,BHEL,,
NO_EVENT,REVERSAL_WATCH,[],[],PROBABLE,,[],[],[],,,,,[],1122,,,[],,,,,,NO_ACTION,,,,2026-07-31T13:15:00+05:30,CHOLAFIN,,
NO_EVENT,NONE,[],[],LOCKED,UNKNOWN,[],[],[],AUCTION_SIGNAL_DOWNSTREAM_V2,OPEN,HOLD_POSITION,NONE,"[{""action"": ""HOLD"", ""signal_id"": ""2afed6e7-898c-5a79-8bf5-1d7891f21ccb"", ""setup"": ""REVERSAL"", ""side"": ""SELL"", ""stage"": ""TRANSITION"", ""status"": ""OPEN"", ""status_reason"": ""NO_CURRENT_CREATION_EVENT"", ""signal_action"": ""HOLD"", ""signal_state"": ""OPEN"", ""trade_action"": ""HOLD_POSITION"", ""management_posture"": ""CAUTION"", ""management_reason_code"": ""NO_CURRENT_CREATION_EVENT"", ""should_exit_signal"": false}]",1123,CAUTION,NO_CURRENT_CREATION_EVENT,"[""CONTINUATION:BLOCK"", ""REACCELERATION:BLOCK"", ""REVERSAL:BLOCK""]",HOLD,CAND:995ee50ff305357125723e26,OPP:995ee50ff305357125723e26,1724.2,False,HOLD,TRANSITION,OPEN,NO_CURRENT_CREATION_EVENT,2026-07-31T13:15:00+05:30,COFORGE,False,ATR_MULTIPLE
NO_EVENT,REVERSAL_WATCH,[],[],NONE,,[],[],[],,,,,[],1124,,,[],,,,,,NO_ACTION,,,,2026-07-31T13:15:00+05:30,DIVISLAB,,
"DIRECTIONAL_REVERSAL_CONFIRMED,DIRECTIONAL_COMPLETED,DIRECTIONAL_REVERSAL_LEG_STARTED",REVERSAL_LEG,"[""DIR:EXIDEIND:2026-07-31:004:UP:124500:DIRECTIONAL_REVERSAL_CONFIRMED:131500"", ""DIR:EXIDEIND:2026-07-31:004:UP:124500:DIRECTIONAL_COMPLETED:131500"", ""DIR:EXIDEIND:2026-07-31:005:DOWN:131500:DIRECTIONAL_REVERSAL_LEG_STARTED:131500""]","[""DIRECTIONAL_REVERSAL_CONFIRMED"", ""DIRECTIONAL_COMPLETED"", ""DIRECTIONAL_REVERSAL_LEG_STARTED""]",FORMING,,[],[],[],,,,,[],1125,,,"[""REVERSAL:WAIT""]",,,,,,NO_ACTION,,,,2026-07-31T13:15:00+05:30,EXIDEIND,,
NO_EVENT,NONE,[],[],FAILED_BACK_INSIDE,UNKNOWN,[],[],[],AUCTION_SIGNAL_DOWNSTREAM_V2,OPEN,HOLD_POSITION,NONE,"[{""action"": ""HOLD"", ""signal_id"": ""76d65cfd-3f5f-5419-81f1-24a924660ce7"", ""setup"": ""REVERSAL"", ""side"": ""BUY"", ""stage"": ""TRANSITION"", ""status"": ""OPEN"", ""status_reason"": ""NO_CURRENT_CREATION_EVENT"", ""signal_action"": ""HOLD"", ""signal_state"": ""OPEN"", ""trade_action"": ""HOLD_POSITION"", ""management_posture"": ""CAUTION"", ""management_reason_code"": ""NO_CURRENT_CREATION_EVENT"", ""should_exit_signal"": false}]",1126,CAUTION,NO_CURRENT_CREATION_EVENT,"[""CONTINUATION:BLOCK"", ""REACCELERATION:BLOCK"", ""REVERSAL:BLOCK""]",HOLD,CAND:32b3a707960484f98d8399a7,OPP:32b3a707960484f98d8399a7,17907.0,False,HOLD,TRANSITION,OPEN,NO_CURRENT_CREATION_EVENT,2026-07-31T13:15:00+05:30,FORCEMOT,False,ATR_MULTIPLE
BALANCE_ESCAPE_FAILED,NONE,"[""BAL:GLENMARK:2026-07-31:001:NEUTRAL:101200:BALANCE_ESCAPE_FAILED:131500""]","[""BALANCE_ESCAPE_FAILED""]",FAILED_BACK_INSIDE,UNKNOWN,[],[],[],AUCTION_SIGNAL_DOWNSTREAM_V2,OPEN,CREATE_TRADE,NONE,"[{""action"": ""CREATE"", ""signal_id"": ""a4859555-9e57-5772-9c79-4a6b83478351"", ""setup"": ""FAILED_BREAKOUT"", ""side"": ""BUY"", ""stage"": ""ACTIVE"", ""status"": ""OPEN"", ""status_reason"": ""EVENT_DRIVEN_SETUP_CREATED"", ""signal_action"": ""CREATE"", ""signal_state"": ""OPEN"", ""trade_action"": ""CREATE_TRADE"", ""management_posture"": ""STRENGTHEN"", ""management_reason_code"": ""EVENT_DRIVEN_SETUP_CREATED"", ""should_exit_signal"": false}]",1127,STRENGTHEN,EVENT_DRIVEN_SETUP_CREATED,"[""CONTINUATION:BLOCK"", ""FAILED_BREAKOUT:PERMIT"", ""REACCELERATION:BLOCK"", ""REVERSAL:BLOCK""]",CREATE,CAND:ccb8d7c9ac57fbb14f47bb87,OPP:ccb8d7c9ac57fbb14f47bb87,2231.9,False,CREATE,ACTIVE,OPEN,EVENT_DRIVEN_SETUP_CREATED,2026-07-31T13:15:00+05:30,GLENMARK,True,ATR_MULTIPLE
NO_EVENT,NONE,[],[],FAILED_BACK_INSIDE,UNKNOWN,[],[],[],AUCTION_SIGNAL_DOWNSTREAM_V2,OPEN,HOLD_POSITION,NONE,"[{""action"": ""HOLD"", ""signal_id"": ""6c1d311c-b1e4-503d-9f2d-3a50df29da5d"", ""setup"": ""FAILED_BREAKOUT"", ""side"": ""SELL"", ""stage"": ""TRANSITION"", ""status"": ""OPEN"", ""status_reason"": ""NO_CURRENT_CREATION_EVENT"", ""signal_action"": ""HOLD"", ""signal_state"": ""OPEN"", ""trade_action"": ""HOLD_POSITION"", ""management_posture"": ""CAUTION"", ""management_reason_code"": ""NO_CURRENT_CREATION_EVENT"", ""should_exit_signal"": false}]",1128,CAUTION,NO_CURRENT_CREATION_EVENT,"[""CONTINUATION:BLOCK"", ""REACCELERATION:BLOCK"", ""REVERSAL:BLOCK""]",HOLD,CAND:296c26607039b07e87c6f497,OPP:296c26607039b07e87c6f497,388.0,False,HOLD,TRANSITION,OPEN,NO_CURRENT_CREATION_EVENT,2026-07-31T13:15:00+05:30,INDUSTOWER,False,ATR_MULTIPLE
DIRECTIONAL_MATURED,MATURE,"[""DIR:KALYANKJIL:2026-07-31:010:DOWN:130300:DIRECTIONAL_MATURED:131500""]","[""DIRECTIONAL_MATURED""]",PROBABLE,OPPOSED,[],[],[],AUCTION_SIGNAL_DOWNSTREAM_V2,OPEN,HOLD_POSITION,NONE,"[{""action"": ""HOLD"", ""signal_id"": ""fe205a27-ef8f-5bf7-9192-94593d799d94"", ""setup"": ""BREAKOUT_INITIATION"", ""side"": ""BUY"", ""stage"": ""WEAKENING"", ""status"": ""OPEN"", ""status_reason"": ""AUTHORITATIVE_DIRECTION_OPPOSED"", ""signal_action"": ""HOLD"", ""signal_state"": ""OPEN"", ""trade_action"": ""HOLD_POSITION"", ""management_posture"": ""CAUTION"", ""management_reason_code"": ""AUTHORITATIVE_DIRECTION_OPPOSED"", ""should_exit_signal"": false}]",1129,CAUTION,AUTHORITATIVE_DIRECTION_OPPOSED,[],HOLD,CAND:4a3872010c190995b2d63ff8,OPP:4a3872010c190995b2d63ff8,628.95,False,HOLD,WEAKENING,OPEN,AUTHORITATIVE_DIRECTION_OPPOSED,2026-07-31T13:15:00+05:30,KALYANKJIL,False,ATR_MULTIPLE
REVERSAL_WATCH_STARTED,REVERSAL_WATCH,"[""DIR:MANAPPURAM:2026-07-31:007:UP:130900:REVERSAL_WATCH_STARTED:131500""]","[""REVERSAL_WATCH_STARTED""]",NONE,ALIGNED,[],[],[],AUCTION_SIGNAL_DOWNSTREAM_V2,OPEN,HOLD_POSITION,NONE,"[{""action"": ""HOLD"", ""signal_id"": ""50c51811-b112-5f0f-9fcc-a1422ceea97c"", ""setup"": ""REVERSAL"", ""side"": ""BUY"", ""stage"": ""PROTECT"", ""status"": ""OPEN"", ""status_reason"": ""AUTHORITATIVE_REVERSAL_WATCH"", ""signal_action"": ""HOLD"", ""signal_state"": ""OPEN"", ""trade_action"": ""HOLD_POSITION"", ""management_posture"": ""CAUTION"", ""management_reason_code"": ""AUTHORITATIVE_REVERSAL_WATCH"", ""should_exit_signal"": false}]",1130,CAUTION,AUTHORITATIVE_REVERSAL_WATCH,[],HOLD,CAND:7316c4a2330c742a8803fe6c,OPP:7316c4a2330c742a8803fe6c,369.15,False,HOLD,PROTECT,OPEN,AUTHORITATIVE_REVERSAL_WATCH,2026-07-31T13:15:00+05:30,MANAPPURAM,False,ATR_MULTIPLE
NO_EVENT,REVERSAL_WATCH,[],[],FORMING,ALIGNED,[],[],[],AUCTION_SIGNAL_DOWNSTREAM_V2,OPEN,HOLD_POSITION,NONE,"[{""action"": ""HOLD"", ""signal_id"": ""cad8805e-c102-57a4-96c7-d70c9c07f5cc"", ""setup"": ""BREAKOUT_INITIATION"", ""side"": ""BUY"", ""stage"": ""PROTECT"", ""status"": ""OPEN"", ""status_reason"": ""AUTHORITATIVE_REVERSAL_WATCH"", ""signal_action"": ""HOLD"", ""signal_state"": ""OPEN"", ""trade_action"": ""HOLD_POSITION"", ""management_posture"": ""CAUTION"", ""management_reason_code"": ""AUTHORITATIVE_REVERSAL_WATCH"", ""should_exit_signal"": false}]",1131,CAUTION,AUTHORITATIVE_REVERSAL_WATCH,[],HOLD,CAND:6e00ceac84968df1df4d7495,OPP:6e00ceac84968df1df4d7495,5416.9,False,HOLD,PROTECT,OPEN,AUTHORITATIVE_REVERSAL_WATCH,2026-07-31T13:15:00+05:30,PERSISTENT,False,ATR_MULTIPLE
NO_EVENT,REVERSAL_LEG,[],[],FORMING,OPPOSED,[],[],[],AUCTION_SIGNAL_DOWNSTREAM_V2,OPEN,HOLD_POSITION,NONE,"[{""action"": ""HOLD"", ""signal_id"": ""57fbc3b0-0822-51b7-8515-450ea6586841"", ""setup"": ""FAILED_BREAKOUT"", ""side"": ""BUY"", ""stage"": ""WEAKENING"", ""status"": ""OPEN"", ""status_reason"": ""AUTHORITATIVE_DIRECTION_OPPOSED"", ""signal_action"": ""HOLD"", ""signal_state"": ""OPEN"", ""trade_action"": ""HOLD_POSITION"", ""management_posture"": ""CAUTION"", ""management_reason_code"": ""AUTHORITATIVE_DIRECTION_OPPOSED"", ""should_exit_signal"": false}]",1132,CAUTION,AUTHORITATIVE_DIRECTION_OPPOSED,[],HOLD,CAND:dc1ab160fa1ee75a10189da6,OPP:dc1ab160fa1ee75a10189da6,32370.0,False,HOLD,WEAKENING,OPEN,AUTHORITATIVE_DIRECTION_OPPOSED,2026-07-31T13:15:00+05:30,POWERINDIA,False,ATR_MULTIPLE
NO_EVENT,NONE,[],[],FAILED_BACK_INSIDE,,[],[],[],,,,,[],1133,,,"[""CONTINUATION:BLOCK"", ""REACCELERATION:BLOCK"", ""REVERSAL:BLOCK""]",,,,,,NO_ACTION,,,,2026-07-31T13:15:00+05:30,TCS,,
REVERSAL_WATCH_STARTED,REVERSAL_WATCH,"[""DIR:TORNTPHARM:2026-07-31:006:DOWN:130300:REVERSAL_WATCH_STARTED:131500""]","[""REVERSAL_WATCH_STARTED""]",FORMING,,[],[],[],,,,,[],1134,,,[],,,,,,NO_ACTION,,,,2026-07-31T13:15:00+05:30,TORNTPHARM,,
NO_EVENT,DIRECTIONAL,[],[],FORMING,,[],[],[],,,,,[],1135,,,[],,,,,,NO_ACTION,,,,2026-07-31T13:18:00+05:30,BHEL,,
NO_EVENT,REVERSAL_WATCH,[],[],PROBABLE,,[],[],[],,,,,[],1136,,,[],,,,,,NO_ACTION,,,,2026-07-31T13:18:00+05:30,CHOLAFIN,,
NO_EVENT,NONE,[],[],LOCKED,UNKNOWN,[],[],[],AUCTION_SIGNAL_DOWNSTREAM_V2,OPEN,HOLD_POSITION,NONE,"[{""action"": ""HOLD"", ""signal_id"": ""2afed6e7-898c-5a79-8bf5-1d7891f21ccb"", ""setup"": ""REVERSAL"", ""side"": ""SELL"", ""stage"": ""TRANSITION"", ""status"": ""OPEN"", ""status_reason"": ""NO_CURRENT_CREATION_EVENT"", ""signal_action"": ""HOLD"", ""signal_state"": ""OPEN"", ""trade_action"": ""HOLD_POSITION"", ""management_posture"": ""CAUTION"", ""management_reason_code"": ""NO_CURRENT_CREATION_EVENT"", ""should_exit_signal"": false}]",1137,CAUTION,NO_CURRENT_CREATION_EVENT,"[""CONTINUATION:BLOCK"", ""REACCELERATION:BLOCK"", ""REVERSAL:BLOCK""]",HOLD,CAND:995ee50ff305357125723e26,OPP:995ee50ff305357125723e26,1724.2,False,HOLD,TRANSITION,OPEN,NO_CURRENT_CREATION_EVENT,2026-07-31T13:18:00+05:30,COFORGE,False,ATR_MULTIPLE
NO_EVENT,REVERSAL_WATCH,[],[],NONE,,[],[],[],,,,,[],1138,,,[],,,,,,NO_ACTION,,,,2026-07-31T13:18:00+05:30,DIVISLAB,,
BALANCE_COMPLETED,REVERSAL_LEG,"[""BAL:EXIDEIND:2026-07-31:003:NEUTRAL:130300:BALANCE_COMPLETED:131800""]","[""BALANCE_COMPLETED""]",COMPLETED,,[],[],[],,,,,[],1139,,,[],,,,,,NO_ACTION,,,,2026-07-31T13:18:00+05:30,EXIDEIND,,
NO_EVENT,NONE,[],[],FAILED_BACK_INSIDE,UNKNOWN,[],[],[],AUCTION_SIGNAL_DOWNSTREAM_V2,OPEN,HOLD_POSITION,NONE,"[{""action"": ""HOLD"", ""signal_id"": ""76d65cfd-3f5f-5419-81f1-24a924660ce7"", ""setup"": ""REVERSAL"", ""side"": ""BUY"", ""stage"": ""TRANSITION"", ""status"": ""OPEN"", ""status_reason"": ""NO_CURRENT_CREATION_EVENT"", ""signal_action"": ""HOLD"", ""signal_state"": ""OPEN"", ""trade_action"": ""HOLD_POSITION"", ""management_posture"": ""CAUTION"", ""management_reason_code"": ""NO_CURRENT_CREATION_EVENT"", ""should_exit_signal"": false}]",1140,CAUTION,NO_CURRENT_CREATION_EVENT,"[""CONTINUATION:BLOCK"", ""REACCELERATION:BLOCK"", ""REVERSAL:BLOCK""]",HOLD,CAND:32b3a707960484f98d8399a7,OPP:32b3a707960484f98d8399a7,17907.0,False,HOLD,TRANSITION,OPEN,NO_CURRENT_CREATION_EVENT,2026-07-31T13:18:00+05:30,FORCEMOT,False,ATR_MULTIPLE
NO_EVENT,NONE,[],[],FAILED_BACK_INSIDE,UNKNOWN,[],[],[],AUCTION_SIGNAL_DOWNSTREAM_V2,OPEN,HOLD_POSITION,NONE,"[{""action"": ""HOLD"", ""signal_id"": ""a4859555-9e57-5772-9c79-4a6b83478351"", ""setup"": ""FAILED_BREAKOUT"", ""side"": ""BUY"", ""stage"": ""TRANSITION"", ""status"": ""OPEN"", ""status_reason"": ""NO_CURRENT_CREATION_EVENT"", ""signal_action"": ""HOLD"", ""signal_state"": ""OPEN"", ""trade_action"": ""HOLD_POSITION"", ""management_posture"": ""CAUTION"", ""management_reason_code"": ""NO_CURRENT_CREATION_EVENT"", ""should_exit_signal"": false}]",1141,CAUTION,NO_CURRENT_CREATION_EVENT,"[""CONTINUATION:BLOCK"", ""REACCELERATION:BLOCK"", ""REVERSAL:BLOCK""]",HOLD,CAND:ccb8d7c9ac57fbb14f47bb87,OPP:ccb8d7c9ac57fbb14f47bb87,2231.9,False,HOLD,TRANSITION,OPEN,NO_CURRENT_CREATION_EVENT,2026-07-31T13:18:00+05:30,GLENMARK,False,ATR_MULTIPLE
NO_EVENT,NONE,[],[],FAILED_BACK_INSIDE,UNKNOWN,[],[],[],AUCTION_SIGNAL_DOWNSTREAM_V2,OPEN,HOLD_POSITION,NONE,"[{""action"": ""HOLD"", ""signal_id"": ""6c1d311c-b1e4-503d-9f2d-3a50df29da5d"", ""setup"": ""FAILED_BREAKOUT"", ""side"": ""SELL"", ""stage"": ""TRANSITION"", ""status"": ""OPEN"", ""status_reason"": ""NO_CURRENT_CREATION_EVENT"", ""signal_action"": ""HOLD"", ""signal_state"": ""OPEN"", ""trade_action"": ""HOLD_POSITION"", ""management_posture"": ""CAUTION"", ""management_reason_code"": ""NO_CURRENT_CREATION_EVENT"", ""should_exit_signal"": false}]",1142,CAUTION,NO_CURRENT_CREATION_EVENT,"[""CONTINUATION:BLOCK"", ""REACCELERATION:BLOCK"", ""REVERSAL:BLOCK""]",HOLD,CAND:296c26607039b07e87c6f497,OPP:296c26607039b07e87c6f497,388.0,False,HOLD,TRANSITION,OPEN,NO_CURRENT_CREATION_EVENT,2026-07-31T13:18:00+05:30,INDUSTOWER,False,ATR_MULTIPLE
REVERSAL_WATCH_STARTED,REVERSAL_WATCH,"[""DIR:KALYANKJIL:2026-07-31:010:DOWN:130300:REVERSAL_WATCH_STARTED:131800""]","[""REVERSAL_WATCH_STARTED""]",PROBABLE,OPPOSED,[],[],[],AUCTION_SIGNAL_DOWNSTREAM_V2,OPEN,HOLD_POSITION,NONE,"[{""action"": ""HOLD"", ""signal_id"": ""fe205a27-ef8f-5bf7-9192-94593d799d94"", ""setup"": ""BREAKOUT_INITIATION"", ""side"": ""BUY"", ""stage"": ""PROTECT"", ""status"": ""OPEN"", ""status_reason"": ""AUTHORITATIVE_REVERSAL_WATCH"", ""signal_action"": ""HOLD"", ""signal_state"": ""OPEN"", ""trade_action"": ""HOLD_POSITION"", ""management_posture"": ""CAUTION"", ""management_reason_code"": ""AUTHORITATIVE_REVERSAL_WATCH"", ""should_exit_signal"": false}]",1143,CAUTION,AUTHORITATIVE_REVERSAL_WATCH,[],HOLD,CAND:4a3872010c190995b2d63ff8,OPP:4a3872010c190995b2d63ff8,628.95,False,HOLD,PROTECT,OPEN,AUTHORITATIVE_REVERSAL_WATCH,2026-07-31T13:18:00+05:30,KALYANKJIL,False,ATR_MULTIPLE
NO_EVENT,REVERSAL_WATCH,[],[],NONE,ALIGNED,[],[],[],AUCTION_SIGNAL_DOWNSTREAM_V2,OPEN,HOLD_POSITION,NONE,"[{""action"": ""HOLD"", ""signal_id"": ""50c51811-b112-5f0f-9fcc-a1422ceea97c"", ""setup"": ""REVERSAL"", ""side"": ""BUY"", ""stage"": ""PROTECT"", ""status"": ""OPEN"", ""status_reason"": ""AUTHORITATIVE_REVERSAL_WATCH"", ""signal_action"": ""HOLD"", ""signal_state"": ""OPEN"", ""trade_action"": ""HOLD_POSITION"", ""management_posture"": ""CAUTION"", ""management_reason_code"": ""AUTHORITATIVE_REVERSAL_WATCH"", ""should_exit_signal"": false}]",1144,CAUTION,AUTHORITATIVE_REVERSAL_WATCH,[],HOLD,CAND:7316c4a2330c742a8803fe6c,OPP:7316c4a2330c742a8803fe6c,369.15,False,HOLD,PROTECT,OPEN,AUTHORITATIVE_REVERSAL_WATCH,2026-07-31T13:18:00+05:30,MANAPPURAM,False,ATR_MULTIPLE
NO_EVENT,REVERSAL_WATCH,[],[],FORMING,ALIGNED,[],[],[],AUCTION_SIGNAL_DOWNSTREAM_V2,OPEN,HOLD_POSITION,NONE,"[{""action"": ""HOLD"", ""signal_id"": ""cad8805e-c102-57a4-96c7-d70c9c07f5cc"", ""setup"": ""BREAKOUT_INITIATION"", ""side"": ""BUY"", ""stage"": ""PROTECT"", ""status"": ""OPEN"", ""status_reason"": ""AUTHORITATIVE_REVERSAL_WATCH"", ""signal_action"": ""HOLD"", ""signal_state"": ""OPEN"", ""trade_action"": ""HOLD_POSITION"", ""management_posture"": ""CAUTION"", ""management_reason_code"": ""AUTHORITATIVE_REVERSAL_WATCH"", ""should_exit_signal"": false}]",1145,CAUTION,AUTHORITATIVE_REVERSAL_WATCH,[],HOLD,CAND:6e00ceac84968df1df4d7495,OPP:6e00ceac84968df1df4d7495,5416.9,False,HOLD,PROTECT,OPEN,AUTHORITATIVE_REVERSAL_WATCH,2026-07-31T13:18:00+05:30,PERSISTENT,False,ATR_MULTIPLE
"DIRECTIONAL_REVERSAL_LEG_FAILED,DIRECTIONAL_COMPLETED",COMPLETED,"[""DIR:POWERINDIA:2026-07-31:004:DOWN:131200:DIRECTIONAL_REVERSAL_LEG_FAILED:131800"", ""DIR:POWERINDIA:2026-07-31:004:DOWN:131200:DIRECTIONAL_COMPLETED:131800""]","[""DIRECTIONAL_REVERSAL_LEG_FAILED"", ""DIRECTIONAL_COMPLETED""]",FORMING,OPPOSED,[],[],[],AUCTION_SIGNAL_DOWNSTREAM_V2,OPEN,HOLD_POSITION,NONE,"[{""action"": ""HOLD"", ""signal_id"": ""57fbc3b0-0822-51b7-8515-450ea6586841"", ""setup"": ""FAILED_BREAKOUT"", ""side"": ""BUY"", ""stage"": ""WEAKENING"", ""status"": ""OPEN"", ""status_reason"": ""AUTHORITATIVE_DIRECTION_OPPOSED"", ""signal_action"": ""HOLD"", ""signal_state"": ""OPEN"", ""trade_action"": ""HOLD_POSITION"", ""management_posture"": ""CAUTION"", ""management_reason_code"": ""AUTHORITATIVE_DIRECTION_OPPOSED"", ""should_exit_signal"": false}]",1146,CAUTION,AUTHORITATIVE_DIRECTION_OPPOSED,[],HOLD,CAND:dc1ab160fa1ee75a10189da6,OPP:dc1ab160fa1ee75a10189da6,32370.0,False,HOLD,WEAKENING,OPEN,AUTHORITATIVE_DIRECTION_OPPOSED,2026-07-31T13:18:00+05:30,POWERINDIA,False,ATR_MULTIPLE
NO_EVENT,NONE,[],[],FAILED_BACK_INSIDE,,[],[],[],,,,,[],1147,,,"[""CONTINUATION:BLOCK"", ""REACCELERATION:BLOCK"", ""REVERSAL:BLOCK""]",,,,,,NO_ACTION,,,,2026-07-31T13:18:00+05:30,TCS,,
BALANCE_COMPLETED,REVERSAL_WATCH,"[""BAL:TORNTPHARM:2026-07-31:005:NEUTRAL:131200:BALANCE_COMPLETED:131800""]","[""BALANCE_COMPLETED""]",COMPLETED,,[],[],[],,,,,[],1148,,,[],,,,,,NO_ACTION,,,,2026-07-31T13:18:00+05:30,TORNTPHARM,,
DIRECTIONAL_MATURED,MATURE,"[""DIR:BHEL:2026-07-31:008:UP:130600:DIRECTIONAL_MATURED:132100""]","[""DIRECTIONAL_MATURED""]",FORMING,,[],[],[],,,,,[],1149,,,[],,,,,,NO_ACTION,,,,2026-07-31T13:21:00+05:30,BHEL,,
NO_EVENT,REVERSAL_WATCH,[],[],PROBABLE,,[],[],[],,,,,[],1150,,,[],,,,,,NO_ACTION,,,,2026-07-31T13:21:00+05:30,CHOLAFIN,,
BALANCE_ESCAPE_STARTED,NONE,"[""BAL:COFORGE:2026-07-31:003:NEUTRAL:105700:BALANCE_ESCAPE_STARTED:132100""]","[""BALANCE_ESCAPE_STARTED""]",ESCAPE_WATCH,UNKNOWN,"[""REPLACE""]","[""2afed6e7-898c-5a79-8bf5-1d7891f21ccb""]","[""FORCE_EXIT""]",AUCTION_SIGNAL_DOWNSTREAM_V2,OPEN,CREATE_TRADE,NONE,"[{""action"": ""REPLACE"", ""signal_id"": ""2afed6e7-898c-5a79-8bf5-1d7891f21ccb"", ""setup"": ""REVERSAL"", ""side"": ""SELL"", ""stage"": ""FORCE_EXIT"", ""status"": ""REPLACED"", ""status_reason"": ""REPLACED_BY_NEW_AUTHORITATIVE_OPPORTUNITY"", ""signal_action"": ""REPLACE"", ""signal_state"": ""TERMINAL"", ""trade_action"": ""FORCE_EXIT"", ""management_posture"": ""EXIT"", ""management_reason_code"": ""REPLACED_BY_NEW_AUTHORITATIVE_OPPORTUNITY"", ""should_exit_signal"": true}, {""action"": ""CREATE"", ""signal_id"": ""b811de42-fbb9-5d26-a364-a9f98c91de7c"", ""setup"": ""BREAKOUT_INITIATION"", ""side"": ""SELL"", ""stage"": ""ACTIVE"", ""status"": ""OPEN"", ""status_reason"": ""EVENT_DRIVEN_SETUP_CREATED"", ""signal_action"": ""CREATE"", ""signal_state"": ""OPEN"", ""trade_action"": ""CREATE_TRADE"", ""management_posture"": ""STRENGTHEN"", ""management_reason_code"": ""EVENT_DRIVEN_SETUP_CREATED"", ""should_exit_signal"": false}]",1151,STRENGTHEN,EVENT_DRIVEN_SETUP_CREATED,"[""ACCEPTED_BREAKOUT:WAIT"", ""BREAKOUT_INITIATION:PERMIT"", ""CONTINUATION:BLOCK"", ""FAILED_BREAKOUT:WAIT"", ""REACCELERATION:BLOCK"", ""REVERSAL:BLOCK""]",CREATE,CAND:0d32e3ad08ef9cc69fd0369f,OPP:0d32e3ad08ef9cc69fd0369f,1712.5,False,"REPLACE,CREATE",ACTIVE,OPEN,EVENT_DRIVEN_SETUP_CREATED,2026-07-31T13:21:00+05:30,COFORGE,True,ATR_MULTIPLE
"DIRECTIONAL_REVERSAL_CONFIRMED,DIRECTIONAL_COMPLETED,DIRECTIONAL_REVERSAL_LEG_STARTED",REVERSAL_LEG,"[""DIR:DIVISLAB:2026-07-31:005:UP:124500:DIRECTIONAL_REVERSAL_CONFIRMED:132100"", ""DIR:DIVISLAB:2026-07-31:005:UP:124500:DIRECTIONAL_COMPLETED:132100"", ""DIR:DIVISLAB:2026-07-31:006:DOWN:132100:DIRECTIONAL_REVERSAL_LEG_STARTED:132100""]","[""DIRECTIONAL_REVERSAL_CONFIRMED"", ""DIRECTIONAL_COMPLETED"", ""DIRECTIONAL_REVERSAL_LEG_STARTED""]",NONE,,[],[],[],,,,,[],1152,,,"[""REVERSAL:WAIT""]",,,,,,NO_ACTION,,,,2026-07-31T13:21:00+05:30,DIVISLAB,,
NO_EVENT,REVERSAL_LEG,[],[],NONE,,[],[],[],,,,,[],1153,,,[],,,,,,NO_ACTION,,,,2026-07-31T13:21:00+05:30,EXIDEIND,,
NO_EVENT,NONE,[],[],FAILED_BACK_INSIDE,UNKNOWN,[],[],[],AUCTION_SIGNAL_DOWNSTREAM_V2,OPEN,HOLD_POSITION,NONE,"[{""action"": ""HOLD"", ""signal_id"": ""76d65cfd-3f5f-5419-81f1-24a924660ce7"", ""setup"": ""REVERSAL"", ""side"": ""BUY"", ""stage"": ""TRANSITION"", ""status"": ""OPEN"", ""status_reason"": ""NO_CURRENT_CREATION_EVENT"", ""signal_action"": ""HOLD"", ""signal_state"": ""OPEN"", ""trade_action"": ""HOLD_POSITION"", ""management_posture"": ""CAUTION"", ""management_reason_code"": ""NO_CURRENT_CREATION_EVENT"", ""should_exit_signal"": false}]",1154,CAUTION,NO_CURRENT_CREATION_EVENT,"[""CONTINUATION:BLOCK"", ""REACCELERATION:BLOCK"", ""REVERSAL:BLOCK""]",HOLD,CAND:32b3a707960484f98d8399a7,OPP:32b3a707960484f98d8399a7,17907.0,False,HOLD,TRANSITION,OPEN,NO_CURRENT_CREATION_EVENT,2026-07-31T13:21:00+05:30,FORCEMOT,False,ATR_MULTIPLE
BALANCE_REARMED,NONE,"[""BAL:GLENMARK:2026-07-31:001:NEUTRAL:101200:BALANCE_REARMED:132100""]","[""BALANCE_REARMED""]",LOCKED,UNKNOWN,[],[],[],AUCTION_SIGNAL_DOWNSTREAM_V2,OPEN,HOLD_POSITION,NONE,"[{""action"": ""HOLD"", ""signal_id"": ""a4859555-9e57-5772-9c79-4a6b83478351"", ""setup"": ""FAILED_BREAKOUT"", ""side"": ""BUY"", ""stage"": ""TRANSITION"", ""status"": ""OPEN"", ""status_reason"": ""NO_CURRENT_CREATION_EVENT"", ""signal_action"": ""HOLD"", ""signal_state"": ""OPEN"", ""trade_action"": ""HOLD_POSITION"", ""management_posture"": ""CAUTION"", ""management_reason_code"": ""NO_CURRENT_CREATION_EVENT"", ""should_exit_signal"": false}]",1155,CAUTION,NO_CURRENT_CREATION_EVENT,"[""CONTINUATION:BLOCK"", ""REACCELERATION:BLOCK"", ""REVERSAL:BLOCK""]",HOLD,CAND:ccb8d7c9ac57fbb14f47bb87,OPP:ccb8d7c9ac57fbb14f47bb87,2231.9,False,HOLD,TRANSITION,OPEN,NO_CURRENT_CREATION_EVENT,2026-07-31T13:21:00+05:30,GLENMARK,False,ATR_MULTIPLE
NO_EVENT,NONE,[],[],FAILED_BACK_INSIDE,UNKNOWN,[],[],[],AUCTION_SIGNAL_DOWNSTREAM_V2,OPEN,HOLD_POSITION,NONE,"[{""action"": ""HOLD"", ""signal_id"": ""6c1d311c-b1e4-503d-9f2d-3a50df29da5d"", ""setup"": ""FAILED_BREAKOUT"", ""side"": ""SELL"", ""stage"": ""TRANSITION"", ""status"": ""OPEN"", ""status_reason"": ""NO_CURRENT_CREATION_EVENT"", ""signal_action"": ""HOLD"", ""signal_state"": ""OPEN"", ""trade_action"": ""HOLD_POSITION"", ""management_posture"": ""CAUTION"", ""management_reason_code"": ""NO_CURRENT_CREATION_EVENT"", ""should_exit_signal"": false}]",1156,CAUTION,NO_CURRENT_CREATION_EVENT,"[""CONTINUATION:BLOCK"", ""REACCELERATION:BLOCK"", ""REVERSAL:BLOCK""]",HOLD,CAND:296c26607039b07e87c6f497,OPP:296c26607039b07e87c6f497,388.0,False,HOLD,TRANSITION,OPEN,NO_CURRENT_CREATION_EVENT,2026-07-31T13:21:00+05:30,INDUSTOWER,False,ATR_MULTIPLE
BALANCE_COMPLETED,REVERSAL_WATCH,"[""BAL:KALYANKJIL:2026-07-31:003:NEUTRAL:130000:BALANCE_COMPLETED:132100""]","[""BALANCE_COMPLETED""]",COMPLETED,OPPOSED,[],[],[],AUCTION_SIGNAL_DOWNSTREAM_V2,OPEN,HOLD_POSITION,NONE,"[{""action"": ""HOLD"", ""signal_id"": ""fe205a27-ef8f-5bf7-9192-94593d799d94"", ""setup"": ""BREAKOUT_INITIATION"", ""side"": ""BUY"", ""stage"": ""PROTECT"", ""status"": ""OPEN"", ""status_reason"": ""AUTHORITATIVE_REVERSAL_WATCH"", ""signal_action"": ""HOLD"", ""signal_state"": ""OPEN"", ""trade_action"": ""HOLD_POSITION"", ""management_posture"": ""CAUTION"", ""management_reason_code"": ""AUTHORITATIVE_REVERSAL_WATCH"", ""should_exit_signal"": false}]",1157,CAUTION,AUTHORITATIVE_REVERSAL_WATCH,[],HOLD,CAND:4a3872010c190995b2d63ff8,OPP:4a3872010c190995b2d63ff8,628.95,False,HOLD,PROTECT,OPEN,AUTHORITATIVE_REVERSAL_WATCH,2026-07-31T13:21:00+05:30,KALYANKJIL,False,ATR_MULTIPLE
NO_EVENT,REVERSAL_WATCH,[],[],NONE,ALIGNED,[],[],[],AUCTION_SIGNAL_DOWNSTREAM_V2,OPEN,HOLD_POSITION,NONE,"[{""action"": ""HOLD"", ""signal_id"": ""50c51811-b112-5f0f-9fcc-a1422ceea97c"", ""setup"": ""REVERSAL"", ""side"": ""BUY"", ""stage"": ""PROTECT"", ""status"": ""OPEN"", ""status_reason"": ""AUTHORITATIVE_REVERSAL_WATCH"", ""signal_action"": ""HOLD"", ""signal_state"": ""OPEN"", ""trade_action"": ""HOLD_POSITION"", ""management_posture"": ""CAUTION"", ""management_reason_code"": ""AUTHORITATIVE_REVERSAL_WATCH"", ""should_exit_signal"": false}]",1158,CAUTION,AUTHORITATIVE_REVERSAL_WATCH,[],HOLD,CAND:7316c4a2330c742a8803fe6c,OPP:7316c4a2330c742a8803fe6c,369.15,False,HOLD,PROTECT,OPEN,AUTHORITATIVE_REVERSAL_WATCH,2026-07-31T13:21:00+05:30,MANAPPURAM,False,ATR_MULTIPLE
NO_EVENT,REVERSAL_WATCH,[],[],FORMING,ALIGNED,[],[],[],AUCTION_SIGNAL_DOWNSTREAM_V2,OPEN,HOLD_POSITION,NONE,"[{""action"": ""HOLD"", ""signal_id"": ""cad8805e-c102-57a4-96c7-d70c9c07f5cc"", ""setup"": ""BREAKOUT_INITIATION"", ""side"": ""BUY"", ""stage"": ""PROTECT"", ""status"": ""OPEN"", ""status_reason"": ""AUTHORITATIVE_REVERSAL_WATCH"", ""signal_action"": ""HOLD"", ""signal_state"": ""OPEN"", ""trade_action"": ""HOLD_POSITION"", ""management_posture"": ""CAUTION"", ""management_reason_code"": ""AUTHORITATIVE_REVERSAL_WATCH"", ""should_exit_signal"": false}]",1159,CAUTION,AUTHORITATIVE_REVERSAL_WATCH,[],HOLD,CAND:6e00ceac84968df1df4d7495,OPP:6e00ceac84968df1df4d7495,5416.9,False,HOLD,PROTECT,OPEN,AUTHORITATIVE_REVERSAL_WATCH,2026-07-31T13:21:00+05:30,PERSISTENT,False,ATR_MULTIPLE
NO_EVENT,NONE,[],[],FORMING,UNKNOWN,[],[],[],AUCTION_SIGNAL_DOWNSTREAM_V2,OPEN,HOLD_POSITION,NONE,"[{""action"": ""HOLD"", ""signal_id"": ""57fbc3b0-0822-51b7-8515-450ea6586841"", ""setup"": ""FAILED_BREAKOUT"", ""side"": ""BUY"", ""stage"": ""TRANSITION"", ""status"": ""OPEN"", ""status_reason"": ""NO_CURRENT_CREATION_EVENT"", ""signal_action"": ""HOLD"", ""signal_state"": ""OPEN"", ""trade_action"": ""HOLD_POSITION"", ""management_posture"": ""CAUTION"", ""management_reason_code"": ""NO_CURRENT_CREATION_EVENT"", ""should_exit_signal"": false}]",1160,CAUTION,NO_CURRENT_CREATION_EVENT,[],HOLD,CAND:dc1ab160fa1ee75a10189da6,OPP:dc1ab160fa1ee75a10189da6,32370.0,False,HOLD,TRANSITION,OPEN,NO_CURRENT_CREATION_EVENT,2026-07-31T13:21:00+05:30,POWERINDIA,False,ATR_MULTIPLE
NO_EVENT,NONE,[],[],FAILED_BACK_INSIDE,,[],[],[],,,,,[],1161,,,"[""CONTINUATION:BLOCK"", ""REACCELERATION:BLOCK"", ""REVERSAL:BLOCK""]",,,,,,NO_ACTION,,,,2026-07-31T13:21:00+05:30,TCS,,
NO_EVENT,REVERSAL_WATCH,[],[],NONE,,[],[],[],,,,,[],1162,,,[],,,,,,NO_ACTION,,,,2026-07-31T13:21:00+05:30,TORNTPHARM,,
REVERSAL_WATCH_STARTED,REVERSAL_WATCH,"[""DIR:BHEL:2026-07-31:008:UP:130600:REVERSAL_WATCH_STARTED:132400""]","[""REVERSAL_WATCH_STARTED""]",FORMING,,[],[],[],,,,,[],1163,,,[],,,,,,NO_ACTION,,,,2026-07-31T13:24:00+05:30,BHEL,,
NO_EVENT,REVERSAL_WATCH,[],[],PROBABLE,,[],[],[],,,,,[],1164,,,[],,,,,,NO_ACTION,,,,2026-07-31T13:24:00+05:30,CHOLAFIN,,
BALANCE_ESCAPE_ACCEPTED,NONE,"[""BAL:COFORGE:2026-07-31:003:NEUTRAL:105700:BALANCE_ESCAPE_ACCEPTED:132400""]","[""BALANCE_ESCAPE_ACCEPTED""]",ACCEPTED_OUTSIDE,UNKNOWN,[],[],[],AUCTION_SIGNAL_DOWNSTREAM_V2,OPEN,HOLD_POSITION,NONE,"[{""action"": ""HOLD"", ""signal_id"": ""b811de42-fbb9-5d26-a364-a9f98c91de7c"", ""setup"": ""BREAKOUT_INITIATION"", ""side"": ""SELL"", ""stage"": ""TRANSITION"", ""status"": ""OPEN"", ""status_reason"": ""NO_CURRENT_CREATION_EVENT"", ""signal_action"": ""HOLD"", ""signal_state"": ""OPEN"", ""trade_action"": ""HOLD_POSITION"", ""management_posture"": ""CAUTION"", ""management_reason_code"": ""NO_CURRENT_CREATION_EVENT"", ""should_exit_signal"": false}]",1165,CAUTION,NO_CURRENT_CREATION_EVENT,"[""ACCEPTED_BREAKOUT:PERMIT""]",HOLD,CAND:0d32e3ad08ef9cc69fd0369f,OPP:0d32e3ad08ef9cc69fd0369f,1712.5,False,HOLD,TRANSITION,OPEN,NO_CURRENT_CREATION_EVENT,2026-07-31T13:24:00+05:30,COFORGE,False,ATR_MULTIPLE
NO_EVENT,REVERSAL_LEG,[],[],NONE,,[],[],[],,,,,[],1166,,,[],,,,,,NO_ACTION,,,,2026-07-31T13:24:00+05:30,DIVISLAB,,
NO_EVENT,REVERSAL_LEG,[],[],NONE,,[],[],[],,,,,[],1167,,,[],,,,,,NO_ACTION,,,,2026-07-31T13:24:00+05:30,EXIDEIND,,
NO_EVENT,NONE,[],[],FAILED_BACK_INSIDE,UNKNOWN,[],[],[],AUCTION_SIGNAL_DOWNSTREAM_V2,OPEN,HOLD_POSITION,NONE,"[{""action"": ""HOLD"", ""signal_id"": ""76d65cfd-3f5f-5419-81f1-24a924660ce7"", ""setup"": ""REVERSAL"", ""side"": ""BUY"", ""stage"": ""TRANSITION"", ""status"": ""OPEN"", ""status_reason"": ""NO_CURRENT_CREATION_EVENT"", ""signal_action"": ""HOLD"", ""signal_state"": ""OPEN"", ""trade_action"": ""HOLD_POSITION"", ""management_posture"": ""CAUTION"", ""management_reason_code"": ""NO_CURRENT_CREATION_EVENT"", ""should_exit_signal"": false}]",1168,CAUTION,NO_CURRENT_CREATION_EVENT,"[""CONTINUATION:BLOCK"", ""REACCELERATION:BLOCK"", ""REVERSAL:BLOCK""]",HOLD,CAND:32b3a707960484f98d8399a7,OPP:32b3a707960484f98d8399a7,17907.0,False,HOLD,TRANSITION,OPEN,NO_CURRENT_CREATION_EVENT,2026-07-31T13:24:00+05:30,FORCEMOT,False,ATR_MULTIPLE
NO_EVENT,NONE,[],[],LOCKED,UNKNOWN,[],[],[],AUCTION_SIGNAL_DOWNSTREAM_V2,OPEN,HOLD_POSITION,NONE,"[{""action"": ""HOLD"", ""signal_id"": ""a4859555-9e57-5772-9c79-4a6b83478351"", ""setup"": ""FAILED_BREAKOUT"", ""side"": ""BUY"", ""stage"": ""TRANSITION"", ""status"": ""OPEN"", ""status_reason"": ""NO_CURRENT_CREATION_EVENT"", ""signal_action"": ""HOLD"", ""signal_state"": ""OPEN"", ""trade_action"": ""HOLD_POSITION"", ""management_posture"": ""CAUTION"", ""management_reason_code"": ""NO_CURRENT_CREATION_EVENT"", ""should_exit_signal"": false}]",1169,CAUTION,NO_CURRENT_CREATION_EVENT,"[""CONTINUATION:BLOCK"", ""REACCELERATION:BLOCK"", ""REVERSAL:BLOCK""]",HOLD,CAND:ccb8d7c9ac57fbb14f47bb87,OPP:ccb8d7c9ac57fbb14f47bb87,2231.9,False,HOLD,TRANSITION,OPEN,NO_CURRENT_CREATION_EVENT,2026-07-31T13:24:00+05:30,GLENMARK,False,ATR_MULTIPLE
NO_EVENT,NONE,[],[],FAILED_BACK_INSIDE,UNKNOWN,[],[],[],AUCTION_SIGNAL_DOWNSTREAM_V2,OPEN,HOLD_POSITION,NONE,"[{""action"": ""HOLD"", ""signal_id"": ""6c1d311c-b1e4-503d-9f2d-3a50df29da5d"", ""setup"": ""FAILED_BREAKOUT"", ""side"": ""SELL"", ""stage"": ""TRANSITION"", ""status"": ""OPEN"", ""status_reason"": ""NO_CURRENT_CREATION_EVENT"", ""signal_action"": ""HOLD"", ""signal_state"": ""OPEN"", ""trade_action"": ""HOLD_POSITION"", ""management_posture"": ""CAUTION"", ""management_reason_code"": ""NO_CURRENT_CREATION_EVENT"", ""should_exit_signal"": false}]",1170,CAUTION,NO_CURRENT_CREATION_EVENT,"[""CONTINUATION:BLOCK"", ""REACCELERATION:BLOCK"", ""REVERSAL:BLOCK""]",HOLD,CAND:296c26607039b07e87c6f497,OPP:296c26607039b07e87c6f497,388.0,False,HOLD,TRANSITION,OPEN,NO_CURRENT_CREATION_EVENT,2026-07-31T13:24:00+05:30,INDUSTOWER,False,ATR_MULTIPLE
NO_EVENT,REVERSAL_WATCH,[],[],NONE,OPPOSED,[],[],[],AUCTION_SIGNAL_DOWNSTREAM_V2,OPEN,HOLD_POSITION,NONE,"[{""action"": ""HOLD"", ""signal_id"": ""fe205a27-ef8f-5bf7-9192-94593d799d94"", ""setup"": ""BREAKOUT_INITIATION"", ""side"": ""BUY"", ""stage"": ""PROTECT"", ""status"": ""OPEN"", ""status_reason"": ""AUTHORITATIVE_REVERSAL_WATCH"", ""signal_action"": ""HOLD"", ""signal_state"": ""OPEN"", ""trade_action"": ""HOLD_POSITION"", ""management_posture"": ""CAUTION"", ""management_reason_code"": ""AUTHORITATIVE_REVERSAL_WATCH"", ""should_exit_signal"": false}]",1171,CAUTION,AUTHORITATIVE_REVERSAL_WATCH,[],HOLD,CAND:4a3872010c190995b2d63ff8,OPP:4a3872010c190995b2d63ff8,628.95,False,HOLD,PROTECT,OPEN,AUTHORITATIVE_REVERSAL_WATCH,2026-07-31T13:24:00+05:30,KALYANKJIL,False,ATR_MULTIPLE
NO_EVENT,REVERSAL_WATCH,[],[],NONE,ALIGNED,[],[],[],AUCTION_SIGNAL_DOWNSTREAM_V2,OPEN,HOLD_POSITION,NONE,"[{""action"": ""HOLD"", ""signal_id"": ""50c51811-b112-5f0f-9fcc-a1422ceea97c"", ""setup"": ""REVERSAL"", ""side"": ""BUY"", ""stage"": ""PROTECT"", ""status"": ""OPEN"", ""status_reason"": ""AUTHORITATIVE_REVERSAL_WATCH"", ""signal_action"": ""HOLD"", ""signal_state"": ""OPEN"", ""trade_action"": ""HOLD_POSITION"", ""management_posture"": ""CAUTION"", ""management_reason_code"": ""AUTHORITATIVE_REVERSAL_WATCH"", ""should_exit_signal"": false}]",1172,CAUTION,AUTHORITATIVE_REVERSAL_WATCH,[],HOLD,CAND:7316c4a2330c742a8803fe6c,OPP:7316c4a2330c742a8803fe6c,369.15,False,HOLD,PROTECT,OPEN,AUTHORITATIVE_REVERSAL_WATCH,2026-07-31T13:24:00+05:30,MANAPPURAM,False,ATR_MULTIPLE
"DIRECTIONAL_REVERSAL_CONFIRMED,DIRECTIONAL_COMPLETED,DIRECTIONAL_REVERSAL_LEG_STARTED",REVERSAL_LEG,"[""DIR:PERSISTENT:2026-07-31:003:UP:112100:DIRECTIONAL_REVERSAL_CONFIRMED:132400"", ""DIR:PERSISTENT:2026-07-31:003:UP:112100:DIRECTIONAL_COMPLETED:132400"", ""DIR:PERSISTENT:2026-07-31:004:DOWN:132400:DIRECTIONAL_REVERSAL_LEG_STARTED:132400""]","[""DIRECTIONAL_REVERSAL_CONFIRMED"", ""DIRECTIONAL_COMPLETED"", ""DIRECTIONAL_REVERSAL_LEG_STARTED""]",FORMING,OPPOSED,[],[],[],AUCTION_SIGNAL_DOWNSTREAM_V2,OPEN,HOLD_POSITION,NONE,"[{""action"": ""HOLD"", ""signal_id"": ""cad8805e-c102-57a4-96c7-d70c9c07f5cc"", ""setup"": ""BREAKOUT_INITIATION"", ""side"": ""BUY"", ""stage"": ""WEAKENING"", ""status"": ""OPEN"", ""status_reason"": ""AUTHORITATIVE_DIRECTION_OPPOSED"", ""signal_action"": ""HOLD"", ""signal_state"": ""OPEN"", ""trade_action"": ""HOLD_POSITION"", ""management_posture"": ""CAUTION"", ""management_reason_code"": ""AUTHORITATIVE_DIRECTION_OPPOSED"", ""should_exit_signal"": false}]",1173,CAUTION,AUTHORITATIVE_DIRECTION_OPPOSED,"[""REVERSAL:WAIT""]",HOLD,CAND:6e00ceac84968df1df4d7495,OPP:6e00ceac84968df1df4d7495,5416.9,False,HOLD,WEAKENING,OPEN,AUTHORITATIVE_DIRECTION_OPPOSED,2026-07-31T13:24:00+05:30,PERSISTENT,False,ATR_MULTIPLE
NO_EVENT,NONE,[],[],FORMING,UNKNOWN,[],[],[],AUCTION_SIGNAL_DOWNSTREAM_V2,OPEN,HOLD_POSITION,NONE,"[{""action"": ""HOLD"", ""signal_id"": ""57fbc3b0-0822-51b7-8515-450ea6586841"", ""setup"": ""FAILED_BREAKOUT"", ""side"": ""BUY"", ""stage"": ""TRANSITION"", ""status"": ""OPEN"", ""status_reason"": ""NO_CURRENT_CREATION_EVENT"", ""signal_action"": ""HOLD"", ""signal_state"": ""OPEN"", ""trade_action"": ""HOLD_POSITION"", ""management_posture"": ""CAUTION"", ""management_reason_code"": ""NO_CURRENT_CREATION_EVENT"", ""should_exit_signal"": false}]",1174,CAUTION,NO_CURRENT_CREATION_EVENT,[],HOLD,CAND:dc1ab160fa1ee75a10189da6,OPP:dc1ab160fa1ee75a10189da6,32370.0,False,HOLD,TRANSITION,OPEN,NO_CURRENT_CREATION_EVENT,2026-07-31T13:24:00+05:30,POWERINDIA,False,ATR_MULTIPLE
NO_EVENT,NONE,[],[],FAILED_BACK_INSIDE,,[],[],[],,,,,[],1175,,,"[""CONTINUATION:BLOCK"", ""REACCELERATION:BLOCK"", ""REVERSAL:BLOCK""]",,,,,,NO_ACTION,,,,2026-07-31T13:24:00+05:30,TCS,,
NO_EVENT,REVERSAL_WATCH,[],[],NONE,,[],[],[],,,,,[],1176,,,[],,,,,,NO_ACTION,,,,2026-07-31T13:24:00+05:30,TORNTPHARM,,
NO_EVENT,REVERSAL_WATCH,[],[],FORMING,,[],[],[],,,,,[],1177,,,[],,,,,,NO_ACTION,,,,2026-07-31T13:27:00+05:30,BHEL,,
"DIRECTIONAL_REVERSAL_CONFIRMED,DIRECTIONAL_COMPLETED,DIRECTIONAL_REVERSAL_LEG_STARTED",REVERSAL_LEG,"[""DIR:CHOLAFIN:2026-07-31:005:UP:130300:DIRECTIONAL_REVERSAL_CONFIRMED:132700"", ""DIR:CHOLAFIN:2026-07-31:005:UP:130300:DIRECTIONAL_COMPLETED:132700"", ""DIR:CHOLAFIN:2026-07-31:006:DOWN:132700:DIRECTIONAL_REVERSAL_LEG_STARTED:132700""]","[""DIRECTIONAL_REVERSAL_CONFIRMED"", ""DIRECTIONAL_COMPLETED"", ""DIRECTIONAL_REVERSAL_LEG_STARTED""]",PROBABLE,,[],[],[],,,,,[],1178,,,"[""REVERSAL:WAIT""]",,,,,,NO_ACTION,,,,2026-07-31T13:27:00+05:30,CHOLAFIN,,
BALANCE_COMPLETED,NONE,"[""BAL:COFORGE:2026-07-31:003:NEUTRAL:105700:BALANCE_COMPLETED:132700""]","[""BALANCE_COMPLETED""]",COMPLETED,UNKNOWN,[],[],[],AUCTION_SIGNAL_DOWNSTREAM_V2,OPEN,HOLD_POSITION,NONE,"[{""action"": ""HOLD"", ""signal_id"": ""b811de42-fbb9-5d26-a364-a9f98c91de7c"", ""setup"": ""BREAKOUT_INITIATION"", ""side"": ""SELL"", ""stage"": ""TRANSITION"", ""status"": ""OPEN"", ""status_reason"": ""NO_CURRENT_CREATION_EVENT"", ""signal_action"": ""HOLD"", ""signal_state"": ""OPEN"", ""trade_action"": ""HOLD_POSITION"", ""management_posture"": ""CAUTION"", ""management_reason_code"": ""NO_CURRENT_CREATION_EVENT"", ""should_exit_signal"": false}]",1179,CAUTION,NO_CURRENT_CREATION_EVENT,[],HOLD,CAND:0d32e3ad08ef9cc69fd0369f,OPP:0d32e3ad08ef9cc69fd0369f,1712.5,False,HOLD,TRANSITION,OPEN,NO_CURRENT_CREATION_EVENT,2026-07-31T13:27:00+05:30,COFORGE,False,ATR_MULTIPLE
NO_EVENT,REVERSAL_LEG,[],[],NONE,,[],[],[],,,,,[],1180,,,[],,,,,,NO_ACTION,,,,2026-07-31T13:27:00+05:30,DIVISLAB,,
NO_EVENT,REVERSAL_LEG,[],[],NONE,,[],[],[],,,,,[],1181,,,[],,,,,,NO_ACTION,,,,2026-07-31T13:27:00+05:30,EXIDEIND,,
NO_EVENT,NONE,[],[],FAILED_BACK_INSIDE,UNKNOWN,[],[],[],AUCTION_SIGNAL_DOWNSTREAM_V2,OPEN,HOLD_POSITION,NONE,"[{""action"": ""HOLD"", ""signal_id"": ""76d65cfd-3f5f-5419-81f1-24a924660ce7"", ""setup"": ""REVERSAL"", ""side"": ""BUY"", ""stage"": ""TRANSITION"", ""status"": ""OPEN"", ""status_reason"": ""NO_CURRENT_CREATION_EVENT"", ""signal_action"": ""HOLD"", ""signal_state"": ""OPEN"", ""trade_action"": ""HOLD_POSITION"", ""management_posture"": ""CAUTION"", ""management_reason_code"": ""NO_CURRENT_CREATION_EVENT"", ""should_exit_signal"": false}]",1182,CAUTION,NO_CURRENT_CREATION_EVENT,"[""CONTINUATION:BLOCK"", ""REACCELERATION:BLOCK"", ""REVERSAL:BLOCK""]",HOLD,CAND:32b3a707960484f98d8399a7,OPP:32b3a707960484f98d8399a7,17907.0,False,HOLD,TRANSITION,OPEN,NO_CURRENT_CREATION_EVENT,2026-07-31T13:27:00+05:30,FORCEMOT,False,ATR_MULTIPLE
NO_EVENT,NONE,[],[],LOCKED,UNKNOWN,[],[],[],AUCTION_SIGNAL_DOWNSTREAM_V2,OPEN,HOLD_POSITION,NONE,"[{""action"": ""HOLD"", ""signal_id"": ""a4859555-9e57-5772-9c79-4a6b83478351"", ""setup"": ""FAILED_BREAKOUT"", ""side"": ""BUY"", ""stage"": ""TRANSITION"", ""status"": ""OPEN"", ""status_reason"": ""NO_CURRENT_CREATION_EVENT"", ""signal_action"": ""HOLD"", ""signal_state"": ""OPEN"", ""trade_action"": ""HOLD_POSITION"", ""management_posture"": ""CAUTION"", ""management_reason_code"": ""NO_CURRENT_CREATION_EVENT"", ""should_exit_signal"": false}]",1183,CAUTION,NO_CURRENT_CREATION_EVENT,"[""CONTINUATION:BLOCK"", ""REACCELERATION:BLOCK"", ""REVERSAL:BLOCK""]",HOLD,CAND:ccb8d7c9ac57fbb14f47bb87,OPP:ccb8d7c9ac57fbb14f47bb87,2231.9,False,HOLD,TRANSITION,OPEN,NO_CURRENT_CREATION_EVENT,2026-07-31T13:27:00+05:30,GLENMARK,False,ATR_MULTIPLE
NO_EVENT,NONE,[],[],FAILED_BACK_INSIDE,UNKNOWN,[],[],[],AUCTION_SIGNAL_DOWNSTREAM_V2,OPEN,HOLD_POSITION,NONE,"[{""action"": ""HOLD"", ""signal_id"": ""6c1d311c-b1e4-503d-9f2d-3a50df29da5d"", ""setup"": ""FAILED_BREAKOUT"", ""side"": ""SELL"", ""stage"": ""TRANSITION"", ""status"": ""OPEN"", ""status_reason"": ""NO_CURRENT_CREATION_EVENT"", ""signal_action"": ""HOLD"", ""signal_state"": ""OPEN"", ""trade_action"": ""HOLD_POSITION"", ""management_posture"": ""CAUTION"", ""management_reason_code"": ""NO_CURRENT_CREATION_EVENT"", ""should_exit_signal"": false}]",1184,CAUTION,NO_CURRENT_CREATION_EVENT,"[""CONTINUATION:BLOCK"", ""REACCELERATION:BLOCK"", ""REVERSAL:BLOCK""]",HOLD,CAND:296c26607039b07e87c6f497,OPP:296c26607039b07e87c6f497,388.0,False,HOLD,TRANSITION,OPEN,NO_CURRENT_CREATION_EVENT,2026-07-31T13:27:00+05:30,INDUSTOWER,False,ATR_MULTIPLE
NO_EVENT,REVERSAL_WATCH,[],[],NONE,OPPOSED,[],[],[],AUCTION_SIGNAL_DOWNSTREAM_V2,OPEN,HOLD_POSITION,NONE,"[{""action"": ""HOLD"", ""signal_id"": ""fe205a27-ef8f-5bf7-9192-94593d799d94"", ""setup"": ""BREAKOUT_INITIATION"", ""side"": ""BUY"", ""stage"": ""PROTECT"", ""status"": ""OPEN"", ""status_reason"": ""AUTHORITATIVE_REVERSAL_WATCH"", ""signal_action"": ""HOLD"", ""signal_state"": ""OPEN"", ""trade_action"": ""HOLD_POSITION"", ""management_posture"": ""CAUTION"", ""management_reason_code"": ""AUTHORITATIVE_REVERSAL_WATCH"", ""should_exit_signal"": false}]",1185,CAUTION,AUTHORITATIVE_REVERSAL_WATCH,[],HOLD,CAND:4a3872010c190995b2d63ff8,OPP:4a3872010c190995b2d63ff8,628.95,False,HOLD,PROTECT,OPEN,AUTHORITATIVE_REVERSAL_WATCH,2026-07-31T13:27:00+05:30,KALYANKJIL,False,ATR_MULTIPLE
NO_EVENT,REVERSAL_WATCH,[],[],NONE,ALIGNED,[],[],[],AUCTION_SIGNAL_DOWNSTREAM_V2,OPEN,HOLD_POSITION,NONE,"[{""action"": ""HOLD"", ""signal_id"": ""50c51811-b112-5f0f-9fcc-a1422ceea97c"", ""setup"": ""REVERSAL"", ""side"": ""BUY"", ""stage"": ""PROTECT"", ""status"": ""OPEN"", ""status_reason"": ""AUTHORITATIVE_REVERSAL_WATCH"", ""signal_action"": ""HOLD"", ""signal_state"": ""OPEN"", ""trade_action"": ""HOLD_POSITION"", ""management_posture"": ""CAUTION"", ""management_reason_code"": ""AUTHORITATIVE_REVERSAL_WATCH"", ""should_exit_signal"": false}]",1186,CAUTION,AUTHORITATIVE_REVERSAL_WATCH,[],HOLD,CAND:7316c4a2330c742a8803fe6c,OPP:7316c4a2330c742a8803fe6c,369.15,False,HOLD,PROTECT,OPEN,AUTHORITATIVE_REVERSAL_WATCH,2026-07-31T13:27:00+05:30,MANAPPURAM,False,ATR_MULTIPLE
BALANCE_COMPLETED,REVERSAL_LEG,"[""BAL:PERSISTENT:2026-07-31:005:NEUTRAL:131200:BALANCE_COMPLETED:132700""]","[""BALANCE_COMPLETED""]",COMPLETED,OPPOSED,[],[],[],AUCTION_SIGNAL_DOWNSTREAM_V2,OPEN,HOLD_POSITION,NONE,"[{""action"": ""HOLD"", ""signal_id"": ""cad8805e-c102-57a4-96c7-d70c9c07f5cc"", ""setup"": ""BREAKOUT_INITIATION"", ""side"": ""BUY"", ""stage"": ""WEAKENING"", ""status"": ""OPEN"", ""status_reason"": ""AUTHORITATIVE_DIRECTION_OPPOSED"", ""signal_action"": ""HOLD"", ""signal_state"": ""OPEN"", ""trade_action"": ""HOLD_POSITION"", ""management_posture"": ""CAUTION"", ""management_reason_code"": ""AUTHORITATIVE_DIRECTION_OPPOSED"", ""should_exit_signal"": false}]",1187,CAUTION,AUTHORITATIVE_DIRECTION_OPPOSED,[],HOLD,CAND:6e00ceac84968df1df4d7495,OPP:6e00ceac84968df1df4d7495,5416.9,False,HOLD,WEAKENING,OPEN,AUTHORITATIVE_DIRECTION_OPPOSED,2026-07-31T13:27:00+05:30,PERSISTENT,False,ATR_MULTIPLE
NO_EVENT,NONE,[],[],FORMING,UNKNOWN,[],[],[],AUCTION_SIGNAL_DOWNSTREAM_V2,OPEN,HOLD_POSITION,NONE,"[{""action"": ""HOLD"", ""signal_id"": ""57fbc3b0-0822-51b7-8515-450ea6586841"", ""setup"": ""FAILED_BREAKOUT"", ""side"": ""BUY"", ""stage"": ""TRANSITION"", ""status"": ""OPEN"", ""status_reason"": ""NO_CURRENT_CREATION_EVENT"", ""signal_action"": ""HOLD"", ""signal_state"": ""OPEN"", ""trade_action"": ""HOLD_POSITION"", ""management_posture"": ""CAUTION"", ""management_reason_code"": ""NO_CURRENT_CREATION_EVENT"", ""should_exit_signal"": false}]",1188,CAUTION,NO_CURRENT_CREATION_EVENT,[],HOLD,CAND:dc1ab160fa1ee75a10189da6,OPP:dc1ab160fa1ee75a10189da6,32370.0,False,HOLD,TRANSITION,OPEN,NO_CURRENT_CREATION_EVENT,2026-07-31T13:27:00+05:30,POWERINDIA,False,ATR_MULTIPLE
BALANCE_REARMED,NONE,"[""BAL:TCS:2026-07-31:001:NEUTRAL:100600:BALANCE_REARMED:132700""]","[""BALANCE_REARMED""]",LOCKED,,[],[],[],,,,,[],1189,,,"[""CONTINUATION:BLOCK"", ""REACCELERATION:BLOCK"", ""REVERSAL:BLOCK""]",,,,,,NO_ACTION,,,,2026-07-31T13:27:00+05:30,TCS,,
NO_EVENT,REVERSAL_WATCH,[],[],NONE,,[],[],[],,,,,[],1190,,,[],,,,,,NO_ACTION,,,,2026-07-31T13:27:00+05:30,TORNTPHARM,,
"DIRECTIONAL_REVERSAL_CONFIRMED,DIRECTIONAL_COMPLETED,DIRECTIONAL_REVERSAL_LEG_STARTED",REVERSAL_LEG,"[""DIR:BHEL:2026-07-31:008:UP:130600:DIRECTIONAL_REVERSAL_CONFIRMED:133000"", ""DIR:BHEL:2026-07-31:008:UP:130600:DIRECTIONAL_COMPLETED:133000"", ""DIR:BHEL:2026-07-31:009:DOWN:133000:DIRECTIONAL_REVERSAL_LEG_STARTED:133000""]","[""DIRECTIONAL_REVERSAL_CONFIRMED"", ""DIRECTIONAL_COMPLETED"", ""DIRECTIONAL_REVERSAL_LEG_STARTED""]",FORMING,,[],[],[],,,,,[],1191,,,"[""REVERSAL:WAIT""]",,,,,,NO_ACTION,,,,2026-07-31T13:30:00+05:30,BHEL,,
BALANCE_COMPLETED,REVERSAL_LEG,"[""BAL:CHOLAFIN:2026-07-31:001:NEUTRAL:125700:BALANCE_COMPLETED:133000""]","[""BALANCE_COMPLETED""]",COMPLETED,,[],[],[],,,,,[],1192,,,[],,,,,,NO_ACTION,,,,2026-07-31T13:30:00+05:30,CHOLAFIN,,
NO_EVENT,NONE,[],[],NONE,UNKNOWN,[],[],[],AUCTION_SIGNAL_DOWNSTREAM_V2,OPEN,HOLD_POSITION,NONE,"[{""action"": ""HOLD"", ""signal_id"": ""b811de42-fbb9-5d26-a364-a9f98c91de7c"", ""setup"": ""BREAKOUT_INITIATION"", ""side"": ""SELL"", ""stage"": ""TRANSITION"", ""status"": ""OPEN"", ""status_reason"": ""NO_CURRENT_CREATION_EVENT"", ""signal_action"": ""HOLD"", ""signal_state"": ""OPEN"", ""trade_action"": ""HOLD_POSITION"", ""management_posture"": ""CAUTION"", ""management_reason_code"": ""NO_CURRENT_CREATION_EVENT"", ""should_exit_signal"": false}]",1193,CAUTION,NO_CURRENT_CREATION_EVENT,[],HOLD,CAND:0d32e3ad08ef9cc69fd0369f,OPP:0d32e3ad08ef9cc69fd0369f,1712.5,False,HOLD,TRANSITION,OPEN,NO_CURRENT_CREATION_EVENT,2026-07-31T13:30:00+05:30,COFORGE,False,ATR_MULTIPLE
NO_EVENT,REVERSAL_LEG,[],[],NONE,,[],[],[],,,,,[],1194,,,[],,,,,,NO_ACTION,,,,2026-07-31T13:30:00+05:30,DIVISLAB,,
NO_EVENT,REVERSAL_LEG,[],[],NONE,,[],[],[],,,,,[],1195,,,[],,,,,,NO_ACTION,,,,2026-07-31T13:30:00+05:30,EXIDEIND,,
NO_EVENT,NONE,[],[],FAILED_BACK_INSIDE,UNKNOWN,[],[],[],AUCTION_SIGNAL_DOWNSTREAM_V2,OPEN,HOLD_POSITION,NONE,"[{""action"": ""HOLD"", ""signal_id"": ""76d65cfd-3f5f-5419-81f1-24a924660ce7"", ""setup"": ""REVERSAL"", ""side"": ""BUY"", ""stage"": ""TRANSITION"", ""status"": ""OPEN"", ""status_reason"": ""NO_CURRENT_CREATION_EVENT"", ""signal_action"": ""HOLD"", ""signal_state"": ""OPEN"", ""trade_action"": ""HOLD_POSITION"", ""management_posture"": ""CAUTION"", ""management_reason_code"": ""NO_CURRENT_CREATION_EVENT"", ""should_exit_signal"": false}]",1196,CAUTION,NO_CURRENT_CREATION_EVENT,"[""CONTINUATION:BLOCK"", ""REACCELERATION:BLOCK"", ""REVERSAL:BLOCK""]",HOLD,CAND:32b3a707960484f98d8399a7,OPP:32b3a707960484f98d8399a7,17907.0,False,HOLD,TRANSITION,OPEN,NO_CURRENT_CREATION_EVENT,2026-07-31T13:30:00+05:30,FORCEMOT,False,ATR_MULTIPLE
NO_EVENT,NONE,[],[],LOCKED,UNKNOWN,[],[],[],AUCTION_SIGNAL_DOWNSTREAM_V2,OPEN,HOLD_POSITION,NONE,"[{""action"": ""HOLD"", ""signal_id"": ""a4859555-9e57-5772-9c79-4a6b83478351"", ""setup"": ""FAILED_BREAKOUT"", ""side"": ""BUY"", ""stage"": ""TRANSITION"", ""status"": ""OPEN"", ""status_reason"": ""NO_CURRENT_CREATION_EVENT"", ""signal_action"": ""HOLD"", ""signal_state"": ""OPEN"", ""trade_action"": ""HOLD_POSITION"", ""management_posture"": ""CAUTION"", ""management_reason_code"": ""NO_CURRENT_CREATION_EVENT"", ""should_exit_signal"": false}]",1197,CAUTION,NO_CURRENT_CREATION_EVENT,"[""CONTINUATION:BLOCK"", ""REACCELERATION:BLOCK"", ""REVERSAL:BLOCK""]",HOLD,CAND:ccb8d7c9ac57fbb14f47bb87,OPP:ccb8d7c9ac57fbb14f47bb87,2231.9,False,HOLD,TRANSITION,OPEN,NO_CURRENT_CREATION_EVENT,2026-07-31T13:30:00+05:30,GLENMARK,False,ATR_MULTIPLE
NO_EVENT,NONE,[],[],FAILED_BACK_INSIDE,UNKNOWN,[],[],[],AUCTION_SIGNAL_DOWNSTREAM_V2,OPEN,HOLD_POSITION,NONE,"[{""action"": ""HOLD"", ""signal_id"": ""6c1d311c-b1e4-503d-9f2d-3a50df29da5d"", ""setup"": ""FAILED_BREAKOUT"", ""side"": ""SELL"", ""stage"": ""TRANSITION"", ""status"": ""OPEN"", ""status_reason"": ""NO_CURRENT_CREATION_EVENT"", ""signal_action"": ""HOLD"", ""signal_state"": ""OPEN"", ""trade_action"": ""HOLD_POSITION"", ""management_posture"": ""CAUTION"", ""management_reason_code"": ""NO_CURRENT_CREATION_EVENT"", ""should_exit_signal"": false}]",1198,CAUTION,NO_CURRENT_CREATION_EVENT,"[""CONTINUATION:BLOCK"", ""REACCELERATION:BLOCK"", ""REVERSAL:BLOCK""]",HOLD,CAND:296c26607039b07e87c6f497,OPP:296c26607039b07e87c6f497,388.0,False,HOLD,TRANSITION,OPEN,NO_CURRENT_CREATION_EVENT,2026-07-31T13:30:00+05:30,INDUSTOWER,False,ATR_MULTIPLE
NO_EVENT,REVERSAL_WATCH,[],[],NONE,OPPOSED,[],[],[],AUCTION_SIGNAL_DOWNSTREAM_V2,OPEN,HOLD_POSITION,NONE,"[{""action"": ""HOLD"", ""signal_id"": ""fe205a27-ef8f-5bf7-9192-94593d799d94"", ""setup"": ""BREAKOUT_INITIATION"", ""side"": ""BUY"", ""stage"": ""PROTECT"", ""status"": ""OPEN"", ""status_reason"": ""AUTHORITATIVE_REVERSAL_WATCH"", ""signal_action"": ""HOLD"", ""signal_state"": ""OPEN"", ""trade_action"": ""HOLD_POSITION"", ""management_posture"": ""CAUTION"", ""management_reason_code"": ""AUTHORITATIVE_REVERSAL_WATCH"", ""should_exit_signal"": false}]",1199,CAUTION,AUTHORITATIVE_REVERSAL_WATCH,[],HOLD,CAND:4a3872010c190995b2d63ff8,OPP:4a3872010c190995b2d63ff8,628.95,False,HOLD,PROTECT,OPEN,AUTHORITATIVE_REVERSAL_WATCH,2026-07-31T13:30:00+05:30,KALYANKJIL,False,ATR_MULTIPLE
NO_EVENT,REVERSAL_WATCH,[],[],NONE,ALIGNED,[],[],[],AUCTION_SIGNAL_DOWNSTREAM_V2,OPEN,HOLD_POSITION,NONE,"[{""action"": ""HOLD"", ""signal_id"": ""50c51811-b112-5f0f-9fcc-a1422ceea97c"", ""setup"": ""REVERSAL"", ""side"": ""BUY"", ""stage"": ""PROTECT"", ""status"": ""OPEN"", ""status_reason"": ""AUTHORITATIVE_REVERSAL_WATCH"", ""signal_action"": ""HOLD"", ""signal_state"": ""OPEN"", ""trade_action"": ""HOLD_POSITION"", ""management_posture"": ""CAUTION"", ""management_reason_code"": ""AUTHORITATIVE_REVERSAL_WATCH"", ""should_exit_signal"": false}]",1200,CAUTION,AUTHORITATIVE_REVERSAL_WATCH,[],HOLD,CAND:7316c4a2330c742a8803fe6c,OPP:7316c4a2330c742a8803fe6c,369.15,False,HOLD,PROTECT,OPEN,AUTHORITATIVE_REVERSAL_WATCH,2026-07-31T13:30:00+05:30,MANAPPURAM,False,ATR_MULTIPLE
NO_EVENT,REVERSAL_LEG,[],[],NONE,OPPOSED,[],[],[],AUCTION_SIGNAL_DOWNSTREAM_V2,OPEN,HOLD_POSITION,NONE,"[{""action"": ""HOLD"", ""signal_id"": ""cad8805e-c102-57a4-96c7-d70c9c07f5cc"", ""setup"": ""BREAKOUT_INITIATION"", ""side"": ""BUY"", ""stage"": ""WEAKENING"", ""status"": ""OPEN"", ""status_reason"": ""AUTHORITATIVE_DIRECTION_OPPOSED"", ""signal_action"": ""HOLD"", ""signal_state"": ""OPEN"", ""trade_action"": ""HOLD_POSITION"", ""management_posture"": ""CAUTION"", ""management_reason_code"": ""AUTHORITATIVE_DIRECTION_OPPOSED"", ""should_exit_signal"": false}]",1201,CAUTION,AUTHORITATIVE_DIRECTION_OPPOSED,[],HOLD,CAND:6e00ceac84968df1df4d7495,OPP:6e00ceac84968df1df4d7495,5416.9,False,HOLD,WEAKENING,OPEN,AUTHORITATIVE_DIRECTION_OPPOSED,2026-07-31T13:30:00+05:30,PERSISTENT,False,ATR_MULTIPLE
BALANCE_PROBABLE,NONE,"[""BAL:POWERINDIA:2026-07-31:002:NEUTRAL:124800:BALANCE_PROBABLE:133000""]","[""BALANCE_PROBABLE""]",PROBABLE,UNKNOWN,[],[],[],AUCTION_SIGNAL_DOWNSTREAM_V2,OPEN,HOLD_POSITION,NONE,"[{""action"": ""HOLD"", ""signal_id"": ""57fbc3b0-0822-51b7-8515-450ea6586841"", ""setup"": ""FAILED_BREAKOUT"", ""side"": ""BUY"", ""stage"": ""TRANSITION"", ""status"": ""OPEN"", ""status_reason"": ""NO_CURRENT_CREATION_EVENT"", ""signal_action"": ""HOLD"", ""signal_state"": ""OPEN"", ""trade_action"": ""HOLD_POSITION"", ""management_posture"": ""CAUTION"", ""management_reason_code"": ""NO_CURRENT_CREATION_EVENT"", ""should_exit_signal"": false}]",1202,CAUTION,NO_CURRENT_CREATION_EVENT,[],HOLD,CAND:dc1ab160fa1ee75a10189da6,OPP:dc1ab160fa1ee75a10189da6,32370.0,False,HOLD,TRANSITION,OPEN,NO_CURRENT_CREATION_EVENT,2026-07-31T13:30:00+05:30,POWERINDIA,False,ATR_MULTIPLE
NO_EVENT,NONE,[],[],LOCKED,,[],[],[],,,,,[],1203,,,"[""CONTINUATION:BLOCK"", ""REACCELERATION:BLOCK"", ""REVERSAL:BLOCK""]",,,,,,NO_ACTION,,,,2026-07-31T13:30:00+05:30,TCS,,
NO_EVENT,REVERSAL_WATCH,[],[],NONE,,[],[],[],,,,,[],1204,,,[],,,,,,NO_ACTION,,,,2026-07-31T13:30:00+05:30,TORNTPHARM,,
NO_EVENT,REVERSAL_LEG,[],[],FORMING,,[],[],[],,,,,[],1205,,,[],,,,,,NO_ACTION,,,,2026-07-31T13:33:00+05:30,BHEL,,
NO_EVENT,REVERSAL_LEG,[],[],NONE,,[],[],[],,,,,[],1206,,,[],,,,,,NO_ACTION,,,,2026-07-31T13:33:00+05:30,CHOLAFIN,,
NO_EVENT,NONE,[],[],NONE,UNKNOWN,[],[],[],AUCTION_SIGNAL_DOWNSTREAM_V2,OPEN,HOLD_POSITION,NONE,"[{""action"": ""HOLD"", ""signal_id"": ""b811de42-fbb9-5d26-a364-a9f98c91de7c"", ""setup"": ""BREAKOUT_INITIATION"", ""side"": ""SELL"", ""stage"": ""TRANSITION"", ""status"": ""OPEN"", ""status_reason"": ""NO_CURRENT_CREATION_EVENT"", ""signal_action"": ""HOLD"", ""signal_state"": ""OPEN"", ""trade_action"": ""HOLD_POSITION"", ""management_posture"": ""CAUTION"", ""management_reason_code"": ""NO_CURRENT_CREATION_EVENT"", ""should_exit_signal"": false}]",1207,CAUTION,NO_CURRENT_CREATION_EVENT,[],HOLD,CAND:0d32e3ad08ef9cc69fd0369f,OPP:0d32e3ad08ef9cc69fd0369f,1712.5,False,HOLD,TRANSITION,OPEN,NO_CURRENT_CREATION_EVENT,2026-07-31T13:33:00+05:30,COFORGE,False,ATR_MULTIPLE
NO_EVENT,REVERSAL_LEG,[],[],NONE,,[],[],[],,,,,[],1208,,,[],,,,,,NO_ACTION,,,,2026-07-31T13:33:00+05:30,DIVISLAB,,
DIRECTIONAL_REVERSAL_LEG_ESTABLISHED,DIRECTIONAL,"[""DIR:EXIDEIND:2026-07-31:005:DOWN:131500:DIRECTIONAL_REVERSAL_LEG_ESTABLISHED:133300""]","[""DIRECTIONAL_REVERSAL_LEG_ESTABLISHED""]",NONE,,[],[],[],,,,,[],1209,,,"[""REVERSAL:PERMIT""]",,,,,,NO_ACTION,,,,2026-07-31T13:33:00+05:30,EXIDEIND,,
BALANCE_REARMED,NONE,"[""BAL:FORCEMOT:2026-07-31:002:NEUTRAL:114500:BALANCE_REARMED:133300""]","[""BALANCE_REARMED""]",LOCKED,UNKNOWN,[],[],[],AUCTION_SIGNAL_DOWNSTREAM_V2,OPEN,HOLD_POSITION,NONE,"[{""action"": ""HOLD"", ""signal_id"": ""76d65cfd-3f5f-5419-81f1-24a924660ce7"", ""setup"": ""REVERSAL"", ""side"": ""BUY"", ""stage"": ""TRANSITION"", ""status"": ""OPEN"", ""status_reason"": ""NO_CURRENT_CREATION_EVENT"", ""signal_action"": ""HOLD"", ""signal_state"": ""OPEN"", ""trade_action"": ""HOLD_POSITION"", ""management_posture"": ""CAUTION"", ""management_reason_code"": ""NO_CURRENT_CREATION_EVENT"", ""should_exit_signal"": false}]",1210,CAUTION,NO_CURRENT_CREATION_EVENT,"[""CONTINUATION:BLOCK"", ""REACCELERATION:BLOCK"", ""REVERSAL:BLOCK""]",HOLD,CAND:32b3a707960484f98d8399a7,OPP:32b3a707960484f98d8399a7,17907.0,False,HOLD,TRANSITION,OPEN,NO_CURRENT_CREATION_EVENT,2026-07-31T13:33:00+05:30,FORCEMOT,False,ATR_MULTIPLE
NO_EVENT,NONE,[],[],LOCKED,UNKNOWN,[],[],[],AUCTION_SIGNAL_DOWNSTREAM_V2,OPEN,HOLD_POSITION,NONE,"[{""action"": ""HOLD"", ""signal_id"": ""a4859555-9e57-5772-9c79-4a6b83478351"", ""setup"": ""FAILED_BREAKOUT"", ""side"": ""BUY"", ""stage"": ""TRANSITION"", ""status"": ""OPEN"", ""status_reason"": ""NO_CURRENT_CREATION_EVENT"", ""signal_action"": ""HOLD"", ""signal_state"": ""OPEN"", ""trade_action"": ""HOLD_POSITION"", ""management_posture"": ""CAUTION"", ""management_reason_code"": ""NO_CURRENT_CREATION_EVENT"", ""should_exit_signal"": false}]",1211,CAUTION,NO_CURRENT_CREATION_EVENT,"[""CONTINUATION:BLOCK"", ""REACCELERATION:BLOCK"", ""REVERSAL:BLOCK""]",HOLD,CAND:ccb8d7c9ac57fbb14f47bb87,OPP:ccb8d7c9ac57fbb14f47bb87,2231.9,False,HOLD,TRANSITION,OPEN,NO_CURRENT_CREATION_EVENT,2026-07-31T13:33:00+05:30,GLENMARK,False,ATR_MULTIPLE
NO_EVENT,NONE,[],[],FAILED_BACK_INSIDE,UNKNOWN,[],[],[],AUCTION_SIGNAL_DOWNSTREAM_V2,OPEN,HOLD_POSITION,NONE,"[{""action"": ""HOLD"", ""signal_id"": ""6c1d311c-b1e4-503d-9f2d-3a50df29da5d"", ""setup"": ""FAILED_BREAKOUT"", ""side"": ""SELL"", ""stage"": ""TRANSITION"", ""status"": ""OPEN"", ""status_reason"": ""NO_CURRENT_CREATION_EVENT"", ""signal_action"": ""HOLD"", ""signal_state"": ""OPEN"", ""trade_action"": ""HOLD_POSITION"", ""management_posture"": ""CAUTION"", ""management_reason_code"": ""NO_CURRENT_CREATION_EVENT"", ""should_exit_signal"": false}]",1212,CAUTION,NO_CURRENT_CREATION_EVENT,"[""CONTINUATION:BLOCK"", ""REACCELERATION:BLOCK"", ""REVERSAL:BLOCK""]",HOLD,CAND:296c26607039b07e87c6f497,OPP:296c26607039b07e87c6f497,388.0,False,HOLD,TRANSITION,OPEN,NO_CURRENT_CREATION_EVENT,2026-07-31T13:33:00+05:30,INDUSTOWER,False,ATR_MULTIPLE
NO_EVENT,REVERSAL_WATCH,[],[],NONE,OPPOSED,[],[],[],AUCTION_SIGNAL_DOWNSTREAM_V2,OPEN,HOLD_POSITION,NONE,"[{""action"": ""HOLD"", ""signal_id"": ""fe205a27-ef8f-5bf7-9192-94593d799d94"", ""setup"": ""BREAKOUT_INITIATION"", ""side"": ""BUY"", ""stage"": ""PROTECT"", ""status"": ""OPEN"", ""status_reason"": ""AUTHORITATIVE_REVERSAL_WATCH"", ""signal_action"": ""HOLD"", ""signal_state"": ""OPEN"", ""trade_action"": ""HOLD_POSITION"", ""management_posture"": ""CAUTION"", ""management_reason_code"": ""AUTHORITATIVE_REVERSAL_WATCH"", ""should_exit_signal"": false}]",1213,CAUTION,AUTHORITATIVE_REVERSAL_WATCH,[],HOLD,CAND:4a3872010c190995b2d63ff8,OPP:4a3872010c190995b2d63ff8,628.95,False,HOLD,PROTECT,OPEN,AUTHORITATIVE_REVERSAL_WATCH,2026-07-31T13:33:00+05:30,KALYANKJIL,False,ATR_MULTIPLE
NO_EVENT,REVERSAL_WATCH,[],[],NONE,ALIGNED,[],[],[],AUCTION_SIGNAL_DOWNSTREAM_V2,OPEN,HOLD_POSITION,NONE,"[{""action"": ""HOLD"", ""signal_id"": ""50c51811-b112-5f0f-9fcc-a1422ceea97c"", ""setup"": ""REVERSAL"", ""side"": ""BUY"", ""stage"": ""PROTECT"", ""status"": ""OPEN"", ""status_reason"": ""AUTHORITATIVE_REVERSAL_WATCH"", ""signal_action"": ""HOLD"", ""signal_state"": ""OPEN"", ""trade_action"": ""HOLD_POSITION"", ""management_posture"": ""CAUTION"", ""management_reason_code"": ""AUTHORITATIVE_REVERSAL_WATCH"", ""should_exit_signal"": false}]",1214,CAUTION,AUTHORITATIVE_REVERSAL_WATCH,[],HOLD,CAND:7316c4a2330c742a8803fe6c,OPP:7316c4a2330c742a8803fe6c,369.15,False,HOLD,PROTECT,OPEN,AUTHORITATIVE_REVERSAL_WATCH,2026-07-31T13:33:00+05:30,MANAPPURAM,False,ATR_MULTIPLE
NO_EVENT,REVERSAL_LEG,[],[],NONE,OPPOSED,[],[],[],AUCTION_SIGNAL_DOWNSTREAM_V2,OPEN,HOLD_POSITION,NONE,"[{""action"": ""HOLD"", ""signal_id"": ""cad8805e-c102-57a4-96c7-d70c9c07f5cc"", ""setup"": ""BREAKOUT_INITIATION"", ""side"": ""BUY"", ""stage"": ""WEAKENING"", ""status"": ""OPEN"", ""status_reason"": ""AUTHORITATIVE_DIRECTION_OPPOSED"", ""signal_action"": ""HOLD"", ""signal_state"": ""OPEN"", ""trade_action"": ""HOLD_POSITION"", ""management_posture"": ""CAUTION"", ""management_reason_code"": ""AUTHORITATIVE_DIRECTION_OPPOSED"", ""should_exit_signal"": false}]",1215,CAUTION,AUTHORITATIVE_DIRECTION_OPPOSED,[],HOLD,CAND:6e00ceac84968df1df4d7495,OPP:6e00ceac84968df1df4d7495,5416.9,False,HOLD,WEAKENING,OPEN,AUTHORITATIVE_DIRECTION_OPPOSED,2026-07-31T13:33:00+05:30,PERSISTENT,False,ATR_MULTIPLE
BALANCE_LOCKED,NONE,"[""BAL:POWERINDIA:2026-07-31:002:NEUTRAL:124800:BALANCE_LOCKED:133300""]","[""BALANCE_LOCKED""]",LOCKED,UNKNOWN,[],[],[],AUCTION_SIGNAL_DOWNSTREAM_V2,OPEN,HOLD_POSITION,NONE,"[{""action"": ""HOLD"", ""signal_id"": ""57fbc3b0-0822-51b7-8515-450ea6586841"", ""setup"": ""FAILED_BREAKOUT"", ""side"": ""BUY"", ""stage"": ""TRANSITION"", ""status"": ""OPEN"", ""status_reason"": ""NO_CURRENT_CREATION_EVENT"", ""signal_action"": ""HOLD"", ""signal_state"": ""OPEN"", ""trade_action"": ""HOLD_POSITION"", ""management_posture"": ""CAUTION"", ""management_reason_code"": ""NO_CURRENT_CREATION_EVENT"", ""should_exit_signal"": false}]",1216,CAUTION,NO_CURRENT_CREATION_EVENT,"[""CONTINUATION:BLOCK"", ""REACCELERATION:BLOCK"", ""REVERSAL:BLOCK""]",HOLD,CAND:dc1ab160fa1ee75a10189da6,OPP:dc1ab160fa1ee75a10189da6,32370.0,False,HOLD,TRANSITION,OPEN,NO_CURRENT_CREATION_EVENT,2026-07-31T13:33:00+05:30,POWERINDIA,False,ATR_MULTIPLE
NO_EVENT,NONE,[],[],LOCKED,,[],[],[],,,,,[],1217,,,"[""CONTINUATION:BLOCK"", ""REACCELERATION:BLOCK"", ""REVERSAL:BLOCK""]",,,,,,NO_ACTION,,,,2026-07-31T13:33:00+05:30,TCS,,
NO_EVENT,REVERSAL_WATCH,[],[],NONE,,[],[],[],,,,,[],1218,,,[],,,,,,NO_ACTION,,,,2026-07-31T13:33:00+05:30,TORNTPHARM,,
NO_EVENT,REVERSAL_LEG,[],[],FORMING,,[],[],[],,,,,[],1219,,,[],,,,,,NO_ACTION,,,,2026-07-31T13:36:00+05:30,BHEL,,
NO_EVENT,REVERSAL_LEG,[],[],NONE,,[],[],[],,,,,[],1220,,,[],,,,,,NO_ACTION,,,,2026-07-31T13:36:00+05:30,CHOLAFIN,,
NO_EVENT,NONE,[],[],NONE,UNKNOWN,[],[],[],AUCTION_SIGNAL_DOWNSTREAM_V2,OPEN,HOLD_POSITION,NONE,"[{""action"": ""HOLD"", ""signal_id"": ""b811de42-fbb9-5d26-a364-a9f98c91de7c"", ""setup"": ""BREAKOUT_INITIATION"", ""side"": ""SELL"", ""stage"": ""TRANSITION"", ""status"": ""OPEN"", ""status_reason"": ""NO_CURRENT_CREATION_EVENT"", ""signal_action"": ""HOLD"", ""signal_state"": ""OPEN"", ""trade_action"": ""HOLD_POSITION"", ""management_posture"": ""CAUTION"", ""management_reason_code"": ""NO_CURRENT_CREATION_EVENT"", ""should_exit_signal"": false}]",1221,CAUTION,NO_CURRENT_CREATION_EVENT,[],HOLD,CAND:0d32e3ad08ef9cc69fd0369f,OPP:0d32e3ad08ef9cc69fd0369f,1712.5,False,HOLD,TRANSITION,OPEN,NO_CURRENT_CREATION_EVENT,2026-07-31T13:36:00+05:30,COFORGE,False,ATR_MULTIPLE
NO_EVENT,REVERSAL_LEG,[],[],NONE,,[],[],[],,,,,[],1222,,,[],,,,,,NO_ACTION,,,,2026-07-31T13:36:00+05:30,DIVISLAB,,
NO_EVENT,DIRECTIONAL,[],[],NONE,,[],[],[],,,,,[],1223,,,[],,,,,,NO_ACTION,,,,2026-07-31T13:36:00+05:30,EXIDEIND,,
NO_EVENT,NONE,[],[],LOCKED,UNKNOWN,[],[],[],AUCTION_SIGNAL_DOWNSTREAM_V2,OPEN,HOLD_POSITION,NONE,"[{""action"": ""HOLD"", ""signal_id"": ""76d65cfd-3f5f-5419-81f1-24a924660ce7"", ""setup"": ""REVERSAL"", ""side"": ""BUY"", ""stage"": ""TRANSITION"", ""status"": ""OPEN"", ""status_reason"": ""NO_CURRENT_CREATION_EVENT"", ""signal_action"": ""HOLD"", ""signal_state"": ""OPEN"", ""trade_action"": ""HOLD_POSITION"", ""management_posture"": ""CAUTION"", ""management_reason_code"": ""NO_CURRENT_CREATION_EVENT"", ""should_exit_signal"": false}]",1224,CAUTION,NO_CURRENT_CREATION_EVENT,"[""CONTINUATION:BLOCK"", ""REACCELERATION:BLOCK"", ""REVERSAL:BLOCK""]",HOLD,CAND:32b3a707960484f98d8399a7,OPP:32b3a707960484f98d8399a7,17907.0,False,HOLD,TRANSITION,OPEN,NO_CURRENT_CREATION_EVENT,2026-07-31T13:36:00+05:30,FORCEMOT,False,ATR_MULTIPLE
NO_EVENT,NONE,[],[],LOCKED,UNKNOWN,[],[],[],AUCTION_SIGNAL_DOWNSTREAM_V2,OPEN,HOLD_POSITION,NONE,"[{""action"": ""HOLD"", ""signal_id"": ""a4859555-9e57-5772-9c79-4a6b83478351"", ""setup"": ""FAILED_BREAKOUT"", ""side"": ""BUY"", ""stage"": ""TRANSITION"", ""status"": ""OPEN"", ""status_reason"": ""NO_CURRENT_CREATION_EVENT"", ""signal_action"": ""HOLD"", ""signal_state"": ""OPEN"", ""trade_action"": ""HOLD_POSITION"", ""management_posture"": ""CAUTION"", ""management_reason_code"": ""NO_CURRENT_CREATION_EVENT"", ""should_exit_signal"": false}]",1225,CAUTION,NO_CURRENT_CREATION_EVENT,"[""CONTINUATION:BLOCK"", ""REACCELERATION:BLOCK"", ""REVERSAL:BLOCK""]",HOLD,CAND:ccb8d7c9ac57fbb14f47bb87,OPP:ccb8d7c9ac57fbb14f47bb87,2231.9,False,HOLD,TRANSITION,OPEN,NO_CURRENT_CREATION_EVENT,2026-07-31T13:36:00+05:30,GLENMARK,False,ATR_MULTIPLE
NO_EVENT,NONE,[],[],FAILED_BACK_INSIDE,UNKNOWN,[],[],[],AUCTION_SIGNAL_DOWNSTREAM_V2,OPEN,HOLD_POSITION,NONE,"[{""action"": ""HOLD"", ""signal_id"": ""6c1d311c-b1e4-503d-9f2d-3a50df29da5d"", ""setup"": ""FAILED_BREAKOUT"", ""side"": ""SELL"", ""stage"": ""TRANSITION"", ""status"": ""OPEN"", ""status_reason"": ""NO_CURRENT_CREATION_EVENT"", ""signal_action"": ""HOLD"", ""signal_state"": ""OPEN"", ""trade_action"": ""HOLD_POSITION"", ""management_posture"": ""CAUTION"", ""management_reason_code"": ""NO_CURRENT_CREATION_EVENT"", ""should_exit_signal"": false}]",1226,CAUTION,NO_CURRENT_CREATION_EVENT,"[""CONTINUATION:BLOCK"", ""REACCELERATION:BLOCK"", ""REVERSAL:BLOCK""]",HOLD,CAND:296c26607039b07e87c6f497,OPP:296c26607039b07e87c6f497,388.0,False,HOLD,TRANSITION,OPEN,NO_CURRENT_CREATION_EVENT,2026-07-31T13:36:00+05:30,INDUSTOWER,False,ATR_MULTIPLE
"BALANCE_FORMING_STARTED,DIRECTIONAL_REVERSAL_CONFIRMED,DIRECTIONAL_COMPLETED,DIRECTIONAL_REVERSAL_LEG_STARTED",REVERSAL_LEG,"[""BAL:KALYANKJIL:2026-07-31:004:NEUTRAL:133600:BALANCE_FORMING_STARTED:133600"", ""DIR:KALYANKJIL:2026-07-31:010:DOWN:130300:DIRECTIONAL_REVERSAL_CONFIRMED:133600"", ""DIR:KALYANKJIL:2026-07-31:010:DOWN:130300:DIRECTIONAL_COMPLETED:133600"", ""DIR:KALYANKJIL:2026-07-31:011:UP:133600:DIRECTIONAL_REVERSAL_LEG_STARTED:133600""]","[""BALANCE_FORMING_STARTED"", ""DIRECTIONAL_REVERSAL_CONFIRMED"", ""DIRECTIONAL_COMPLETED"", ""DIRECTIONAL_REVERSAL_LEG_STARTED""]",FORMING,ALIGNED,[],[],[],AUCTION_SIGNAL_DOWNSTREAM_V2,OPEN,HOLD_POSITION,NONE,"[{""action"": ""HOLD"", ""signal_id"": ""fe205a27-ef8f-5bf7-9192-94593d799d94"", ""setup"": ""BREAKOUT_INITIATION"", ""side"": ""BUY"", ""stage"": ""ACTIVE"", ""status"": ""OPEN"", ""status_reason"": ""AUTHORITATIVE_DIRECTIONAL_ALIGNED"", ""signal_action"": ""HOLD"", ""signal_state"": ""OPEN"", ""trade_action"": ""HOLD_POSITION"", ""management_posture"": ""STRENGTHEN"", ""management_reason_code"": ""AUTHORITATIVE_DIRECTIONAL_ALIGNED"", ""should_exit_signal"": false}]",1227,STRENGTHEN,AUTHORITATIVE_DIRECTIONAL_ALIGNED,"[""REVERSAL:WAIT""]",HOLD,CAND:4a3872010c190995b2d63ff8,OPP:4a3872010c190995b2d63ff8,628.95,False,HOLD,ACTIVE,OPEN,AUTHORITATIVE_DIRECTIONAL_ALIGNED,2026-07-31T13:36:00+05:30,KALYANKJIL,True,ATR_MULTIPLE
NO_EVENT,REVERSAL_WATCH,[],[],NONE,ALIGNED,[],[],[],AUCTION_SIGNAL_DOWNSTREAM_V2,OPEN,HOLD_POSITION,NONE,"[{""action"": ""HOLD"", ""signal_id"": ""50c51811-b112-5f0f-9fcc-a1422ceea97c"", ""setup"": ""REVERSAL"", ""side"": ""BUY"", ""stage"": ""PROTECT"", ""status"": ""OPEN"", ""status_reason"": ""AUTHORITATIVE_REVERSAL_WATCH"", ""signal_action"": ""HOLD"", ""signal_state"": ""OPEN"", ""trade_action"": ""HOLD_POSITION"", ""management_posture"": ""CAUTION"", ""management_reason_code"": ""AUTHORITATIVE_REVERSAL_WATCH"", ""should_exit_signal"": false}]",1228,CAUTION,AUTHORITATIVE_REVERSAL_WATCH,[],HOLD,CAND:7316c4a2330c742a8803fe6c,OPP:7316c4a2330c742a8803fe6c,369.15,False,HOLD,PROTECT,OPEN,AUTHORITATIVE_REVERSAL_WATCH,2026-07-31T13:36:00+05:30,MANAPPURAM,False,ATR_MULTIPLE
DIRECTIONAL_REVERSAL_LEG_ESTABLISHED,DIRECTIONAL,"[""DIR:PERSISTENT:2026-07-31:004:DOWN:132400:DIRECTIONAL_REVERSAL_LEG_ESTABLISHED:133600""]","[""DIRECTIONAL_REVERSAL_LEG_ESTABLISHED""]",NONE,OPPOSED,[],[],[],AUCTION_SIGNAL_DOWNSTREAM_V2,OPEN,HOLD_POSITION,NONE,"[{""action"": ""HOLD"", ""signal_id"": ""cad8805e-c102-57a4-96c7-d70c9c07f5cc"", ""setup"": ""BREAKOUT_INITIATION"", ""side"": ""BUY"", ""stage"": ""WEAKENING"", ""status"": ""OPEN"", ""status_reason"": ""AUTHORITATIVE_DIRECTION_OPPOSED"", ""signal_action"": ""HOLD"", ""signal_state"": ""OPEN"", ""trade_action"": ""HOLD_POSITION"", ""management_posture"": ""CAUTION"", ""management_reason_code"": ""AUTHORITATIVE_DIRECTION_OPPOSED"", ""should_exit_signal"": false}]",1229,CAUTION,AUTHORITATIVE_DIRECTION_OPPOSED,"[""REVERSAL:PERMIT""]",HOLD,CAND:6e00ceac84968df1df4d7495,OPP:6e00ceac84968df1df4d7495,5416.9,False,HOLD,WEAKENING,OPEN,AUTHORITATIVE_DIRECTION_OPPOSED,2026-07-31T13:36:00+05:30,PERSISTENT,False,ATR_MULTIPLE
BALANCE_ESCAPE_STARTED,NONE,"[""BAL:POWERINDIA:2026-07-31:002:NEUTRAL:124800:BALANCE_ESCAPE_STARTED:133600""]","[""BALANCE_ESCAPE_STARTED""]",ESCAPE_WATCH,UNKNOWN,[],[],[],AUCTION_SIGNAL_DOWNSTREAM_V2,OPEN,HOLD_POSITION,NONE,"[{""action"": ""HOLD"", ""signal_id"": ""57fbc3b0-0822-51b7-8515-450ea6586841"", ""setup"": ""FAILED_BREAKOUT"", ""side"": ""BUY"", ""stage"": ""TRANSITION"", ""status"": ""OPEN"", ""status_reason"": ""NO_CURRENT_CREATION_EVENT"", ""signal_action"": ""HOLD"", ""signal_state"": ""OPEN"", ""trade_action"": ""HOLD_POSITION"", ""management_posture"": ""CAUTION"", ""management_reason_code"": ""NO_CURRENT_CREATION_EVENT"", ""should_exit_signal"": false}]",1230,CAUTION,NO_CURRENT_CREATION_EVENT,"[""ACCEPTED_BREAKOUT:WAIT"", ""BREAKOUT_INITIATION:PERMIT"", ""CONTINUATION:BLOCK"", ""FAILED_BREAKOUT:WAIT"", ""REACCELERATION:BLOCK"", ""REVERSAL:BLOCK""]",HOLD,CAND:dc1ab160fa1ee75a10189da6,OPP:dc1ab160fa1ee75a10189da6,32370.0,False,HOLD,TRANSITION,OPEN,NO_CURRENT_CREATION_EVENT,2026-07-31T13:36:00+05:30,POWERINDIA,False,ATR_MULTIPLE
NO_EVENT,NONE,[],[],LOCKED,,[],[],[],,,,,[],1231,,,"[""CONTINUATION:BLOCK"", ""REACCELERATION:BLOCK"", ""REVERSAL:BLOCK""]",,,,,,NO_ACTION,,,,2026-07-31T13:36:00+05:30,TCS,,
NO_EVENT,REVERSAL_WATCH,[],[],NONE,,[],[],[],,,,,[],1232,,,[],,,,,,NO_ACTION,,,,2026-07-31T13:36:00+05:30,TORNTPHARM,,
NO_EVENT,REVERSAL_LEG,[],[],FORMING,,[],[],[],,,,,[],1233,,,[],,,,,,NO_ACTION,,,,2026-07-31T13:39:00+05:30,BHEL,,
NO_EVENT,REVERSAL_LEG,[],[],NONE,,[],[],[],,,,,[],1234,,,[],,,,,,NO_ACTION,,,,2026-07-31T13:39:00+05:30,CHOLAFIN,,
NO_EVENT,NONE,[],[],NONE,UNKNOWN,[],[],[],AUCTION_SIGNAL_DOWNSTREAM_V2,OPEN,HOLD_POSITION,NONE,"[{""action"": ""HOLD"", ""signal_id"": ""b811de42-fbb9-5d26-a364-a9f98c91de7c"", ""setup"": ""BREAKOUT_INITIATION"", ""side"": ""SELL"", ""stage"": ""TRANSITION"", ""status"": ""OPEN"", ""status_reason"": ""NO_CURRENT_CREATION_EVENT"", ""signal_action"": ""HOLD"", ""signal_state"": ""OPEN"", ""trade_action"": ""HOLD_POSITION"", ""management_posture"": ""CAUTION"", ""management_reason_code"": ""NO_CURRENT_CREATION_EVENT"", ""should_exit_signal"": false}]",1235,CAUTION,NO_CURRENT_CREATION_EVENT,[],HOLD,CAND:0d32e3ad08ef9cc69fd0369f,OPP:0d32e3ad08ef9cc69fd0369f,1712.5,False,HOLD,TRANSITION,OPEN,NO_CURRENT_CREATION_EVENT,2026-07-31T13:39:00+05:30,COFORGE,False,ATR_MULTIPLE
NO_EVENT,REVERSAL_LEG,[],[],NONE,,[],[],[],,,,,[],1236,,,[],,,,,,NO_ACTION,,,,2026-07-31T13:39:00+05:30,DIVISLAB,,
DIRECTIONAL_COMPLETED,COMPLETED,"[""DIR:EXIDEIND:2026-07-31:005:DOWN:131500:DIRECTIONAL_COMPLETED:133900""]","[""DIRECTIONAL_COMPLETED""]",NONE,,[],[],[],,,,,[],1237,,,[],,,,,,NO_ACTION,,,,2026-07-31T13:39:00+05:30,EXIDEIND,,
NO_EVENT,NONE,[],[],LOCKED,UNKNOWN,[],[],[],AUCTION_SIGNAL_DOWNSTREAM_V2,OPEN,HOLD_POSITION,NONE,"[{""action"": ""HOLD"", ""signal_id"": ""76d65cfd-3f5f-5419-81f1-24a924660ce7"", ""setup"": ""REVERSAL"", ""side"": ""BUY"", ""stage"": ""TRANSITION"", ""status"": ""OPEN"", ""status_reason"": ""NO_CURRENT_CREATION_EVENT"", ""signal_action"": ""HOLD"", ""signal_state"": ""OPEN"", ""trade_action"": ""HOLD_POSITION"", ""management_posture"": ""CAUTION"", ""management_reason_code"": ""NO_CURRENT_CREATION_EVENT"", ""should_exit_signal"": false}]",1238,CAUTION,NO_CURRENT_CREATION_EVENT,"[""CONTINUATION:BLOCK"", ""REACCELERATION:BLOCK"", ""REVERSAL:BLOCK""]",HOLD,CAND:32b3a707960484f98d8399a7,OPP:32b3a707960484f98d8399a7,17907.0,False,HOLD,TRANSITION,OPEN,NO_CURRENT_CREATION_EVENT,2026-07-31T13:39:00+05:30,FORCEMOT,False,ATR_MULTIPLE
NO_EVENT,NONE,[],[],LOCKED,UNKNOWN,[],[],[],AUCTION_SIGNAL_DOWNSTREAM_V2,OPEN,HOLD_POSITION,NONE,"[{""action"": ""HOLD"", ""signal_id"": ""a4859555-9e57-5772-9c79-4a6b83478351"", ""setup"": ""FAILED_BREAKOUT"", ""side"": ""BUY"", ""stage"": ""TRANSITION"", ""status"": ""OPEN"", ""status_reason"": ""NO_CURRENT_CREATION_EVENT"", ""signal_action"": ""HOLD"", ""signal_state"": ""OPEN"", ""trade_action"": ""HOLD_POSITION"", ""management_posture"": ""CAUTION"", ""management_reason_code"": ""NO_CURRENT_CREATION_EVENT"", ""should_exit_signal"": false}]",1239,CAUTION,NO_CURRENT_CREATION_EVENT,"[""CONTINUATION:BLOCK"", ""REACCELERATION:BLOCK"", ""REVERSAL:BLOCK""]",HOLD,CAND:ccb8d7c9ac57fbb14f47bb87,OPP:ccb8d7c9ac57fbb14f47bb87,2231.9,False,HOLD,TRANSITION,OPEN,NO_CURRENT_CREATION_EVENT,2026-07-31T13:39:00+05:30,GLENMARK,False,ATR_MULTIPLE
NO_EVENT,NONE,[],[],FAILED_BACK_INSIDE,UNKNOWN,[],[],[],AUCTION_SIGNAL_DOWNSTREAM_V2,OPEN,HOLD_POSITION,NONE,"[{""action"": ""HOLD"", ""signal_id"": ""6c1d311c-b1e4-503d-9f2d-3a50df29da5d"", ""setup"": ""FAILED_BREAKOUT"", ""side"": ""SELL"", ""stage"": ""TRANSITION"", ""status"": ""OPEN"", ""status_reason"": ""NO_CURRENT_CREATION_EVENT"", ""signal_action"": ""HOLD"", ""signal_state"": ""OPEN"", ""trade_action"": ""HOLD_POSITION"", ""management_posture"": ""CAUTION"", ""management_reason_code"": ""NO_CURRENT_CREATION_EVENT"", ""should_exit_signal"": false}]",1240,CAUTION,NO_CURRENT_CREATION_EVENT,"[""CONTINUATION:BLOCK"", ""REACCELERATION:BLOCK"", ""REVERSAL:BLOCK""]",HOLD,CAND:296c26607039b07e87c6f497,OPP:296c26607039b07e87c6f497,388.0,False,HOLD,TRANSITION,OPEN,NO_CURRENT_CREATION_EVENT,2026-07-31T13:39:00+05:30,INDUSTOWER,False,ATR_MULTIPLE
NO_EVENT,REVERSAL_LEG,[],[],FORMING,ALIGNED,[],[],[],AUCTION_SIGNAL_DOWNSTREAM_V2,OPEN,HOLD_POSITION,NONE,"[{""action"": ""HOLD"", ""signal_id"": ""fe205a27-ef8f-5bf7-9192-94593d799d94"", ""setup"": ""BREAKOUT_INITIATION"", ""side"": ""BUY"", ""stage"": ""ACTIVE"", ""status"": ""OPEN"", ""status_reason"": ""AUTHORITATIVE_DIRECTIONAL_ALIGNED"", ""signal_action"": ""HOLD"", ""signal_state"": ""OPEN"", ""trade_action"": ""HOLD_POSITION"", ""management_posture"": ""STRENGTHEN"", ""management_reason_code"": ""AUTHORITATIVE_DIRECTIONAL_ALIGNED"", ""should_exit_signal"": false}]",1241,STRENGTHEN,AUTHORITATIVE_DIRECTIONAL_ALIGNED,[],HOLD,CAND:4a3872010c190995b2d63ff8,OPP:4a3872010c190995b2d63ff8,628.95,False,HOLD,ACTIVE,OPEN,AUTHORITATIVE_DIRECTIONAL_ALIGNED,2026-07-31T13:39:00+05:30,KALYANKJIL,True,ATR_MULTIPLE
"DIRECTIONAL_REVERSAL_CONFIRMED,DIRECTIONAL_COMPLETED,DIRECTIONAL_REVERSAL_LEG_STARTED",REVERSAL_LEG,"[""DIR:MANAPPURAM:2026-07-31:007:UP:130900:DIRECTIONAL_REVERSAL_CONFIRMED:133900"", ""DIR:MANAPPURAM:2026-07-31:007:UP:130900:DIRECTIONAL_COMPLETED:133900"", ""DIR:MANAPPURAM:2026-07-31:008:DOWN:133900:DIRECTIONAL_REVERSAL_LEG_STARTED:133900""]","[""DIRECTIONAL_REVERSAL_CONFIRMED"", ""DIRECTIONAL_COMPLETED"", ""DIRECTIONAL_REVERSAL_LEG_STARTED""]",NONE,OPPOSED,[],[],[],AUCTION_SIGNAL_DOWNSTREAM_V2,OPEN,HOLD_POSITION,NONE,"[{""action"": ""HOLD"", ""signal_id"": ""50c51811-b112-5f0f-9fcc-a1422ceea97c"", ""setup"": ""REVERSAL"", ""side"": ""BUY"", ""stage"": ""WEAKENING"", ""status"": ""OPEN"", ""status_reason"": ""AUTHORITATIVE_DIRECTION_OPPOSED"", ""signal_action"": ""HOLD"", ""signal_state"": ""OPEN"", ""trade_action"": ""HOLD_POSITION"", ""management_posture"": ""CAUTION"", ""management_reason_code"": ""AUTHORITATIVE_DIRECTION_OPPOSED"", ""should_exit_signal"": false}]",1242,CAUTION,AUTHORITATIVE_DIRECTION_OPPOSED,"[""REVERSAL:WAIT""]",HOLD,CAND:7316c4a2330c742a8803fe6c,OPP:7316c4a2330c742a8803fe6c,369.15,False,HOLD,WEAKENING,OPEN,AUTHORITATIVE_DIRECTION_OPPOSED,2026-07-31T13:39:00+05:30,MANAPPURAM,False,ATR_MULTIPLE
NO_EVENT,DIRECTIONAL,[],[],NONE,OPPOSED,[],[],[],AUCTION_SIGNAL_DOWNSTREAM_V2,OPEN,HOLD_POSITION,NONE,"[{""action"": ""HOLD"", ""signal_id"": ""cad8805e-c102-57a4-96c7-d70c9c07f5cc"", ""setup"": ""BREAKOUT_INITIATION"", ""side"": ""BUY"", ""stage"": ""WEAKENING"", ""status"": ""OPEN"", ""status_reason"": ""AUTHORITATIVE_DIRECTION_OPPOSED"", ""signal_action"": ""HOLD"", ""signal_state"": ""OPEN"", ""trade_action"": ""HOLD_POSITION"", ""management_posture"": ""CAUTION"", ""management_reason_code"": ""AUTHORITATIVE_DIRECTION_OPPOSED"", ""should_exit_signal"": false}]",1243,CAUTION,AUTHORITATIVE_DIRECTION_OPPOSED,[],HOLD,CAND:6e00ceac84968df1df4d7495,OPP:6e00ceac84968df1df4d7495,5416.9,False,HOLD,WEAKENING,OPEN,AUTHORITATIVE_DIRECTION_OPPOSED,2026-07-31T13:39:00+05:30,PERSISTENT,False,ATR_MULTIPLE
NO_EVENT,NONE,[],[],ESCAPE_WATCH,UNKNOWN,[],[],[],AUCTION_SIGNAL_DOWNSTREAM_V2,OPEN,HOLD_POSITION,NONE,"[{""action"": ""HOLD"", ""signal_id"": ""57fbc3b0-0822-51b7-8515-450ea6586841"", ""setup"": ""FAILED_BREAKOUT"", ""side"": ""BUY"", ""stage"": ""TRANSITION"", ""status"": ""OPEN"", ""status_reason"": ""NO_CURRENT_CREATION_EVENT"", ""signal_action"": ""HOLD"", ""signal_state"": ""OPEN"", ""trade_action"": ""HOLD_POSITION"", ""management_posture"": ""CAUTION"", ""management_reason_code"": ""NO_CURRENT_CREATION_EVENT"", ""should_exit_signal"": false}]",1244,CAUTION,NO_CURRENT_CREATION_EVENT,"[""ACCEPTED_BREAKOUT:WAIT"", ""CONTINUATION:BLOCK"", ""FAILED_BREAKOUT:WAIT"", ""REACCELERATION:BLOCK"", ""REVERSAL:BLOCK""]",HOLD,CAND:dc1ab160fa1ee75a10189da6,OPP:dc1ab160fa1ee75a10189da6,32370.0,False,HOLD,TRANSITION,OPEN,NO_CURRENT_CREATION_EVENT,2026-07-31T13:39:00+05:30,POWERINDIA,False,ATR_MULTIPLE
NO_EVENT,NONE,[],[],LOCKED,,[],[],[],,,,,[],1245,,,"[""CONTINUATION:BLOCK"", ""REACCELERATION:BLOCK"", ""REVERSAL:BLOCK""]",,,,,,NO_ACTION,,,,2026-07-31T13:39:00+05:30,TCS,,
NO_EVENT,REVERSAL_WATCH,[],[],NONE,,[],[],[],,,,,[],1246,,,[],,,,,,NO_ACTION,,,,2026-07-31T13:39:00+05:30,TORNTPHARM,,
DIRECTIONAL_REVERSAL_LEG_ESTABLISHED,DIRECTIONAL,"[""DIR:BHEL:2026-07-31:009:DOWN:133000:DIRECTIONAL_REVERSAL_LEG_ESTABLISHED:134200""]","[""DIRECTIONAL_REVERSAL_LEG_ESTABLISHED""]",FORMING,,[],[],[],,,,,[],1247,,,"[""REVERSAL:PERMIT""]",,,,,,NO_ACTION,,,,2026-07-31T13:42:00+05:30,BHEL,,
DIRECTIONAL_REVERSAL_LEG_ESTABLISHED,DIRECTIONAL,"[""DIR:CHOLAFIN:2026-07-31:006:DOWN:132700:DIRECTIONAL_REVERSAL_LEG_ESTABLISHED:134200""]","[""DIRECTIONAL_REVERSAL_LEG_ESTABLISHED""]",NONE,,[],[],[],,,,,[],1248,,,"[""REVERSAL:PERMIT""]",,,,,,NO_ACTION,,,,2026-07-31T13:42:00+05:30,CHOLAFIN,,
NO_EVENT,NONE,[],[],NONE,UNKNOWN,[],[],[],AUCTION_SIGNAL_DOWNSTREAM_V2,OPEN,HOLD_POSITION,NONE,"[{""action"": ""HOLD"", ""signal_id"": ""b811de42-fbb9-5d26-a364-a9f98c91de7c"", ""setup"": ""BREAKOUT_INITIATION"", ""side"": ""SELL"", ""stage"": ""TRANSITION"", ""status"": ""OPEN"", ""status_reason"": ""NO_CURRENT_CREATION_EVENT"", ""signal_action"": ""HOLD"", ""signal_state"": ""OPEN"", ""trade_action"": ""HOLD_POSITION"", ""management_posture"": ""CAUTION"", ""management_reason_code"": ""NO_CURRENT_CREATION_EVENT"", ""should_exit_signal"": false}]",1249,CAUTION,NO_CURRENT_CREATION_EVENT,[],HOLD,CAND:0d32e3ad08ef9cc69fd0369f,OPP:0d32e3ad08ef9cc69fd0369f,1712.5,False,HOLD,TRANSITION,OPEN,NO_CURRENT_CREATION_EVENT,2026-07-31T13:42:00+05:30,COFORGE,False,ATR_MULTIPLE
NO_EVENT,REVERSAL_LEG,[],[],NONE,,[],[],[],,,,,[],1250,,,[],,,,,,NO_ACTION,,,,2026-07-31T13:42:00+05:30,DIVISLAB,,
NO_EVENT,NONE,[],[],NONE,,[],[],[],,,,,[],1251,,,[],,,,,,NO_ACTION,,,,2026-07-31T13:42:00+05:30,EXIDEIND,,
NO_EVENT,NONE,[],[],LOCKED,UNKNOWN,[],[],[],AUCTION_SIGNAL_DOWNSTREAM_V2,OPEN,HOLD_POSITION,NONE,"[{""action"": ""HOLD"", ""signal_id"": ""76d65cfd-3f5f-5419-81f1-24a924660ce7"", ""setup"": ""REVERSAL"", ""side"": ""BUY"", ""stage"": ""TRANSITION"", ""status"": ""OPEN"", ""status_reason"": ""NO_CURRENT_CREATION_EVENT"", ""signal_action"": ""HOLD"", ""signal_state"": ""OPEN"", ""trade_action"": ""HOLD_POSITION"", ""management_posture"": ""CAUTION"", ""management_reason_code"": ""NO_CURRENT_CREATION_EVENT"", ""should_exit_signal"": false}]",1252,CAUTION,NO_CURRENT_CREATION_EVENT,"[""CONTINUATION:BLOCK"", ""REACCELERATION:BLOCK"", ""REVERSAL:BLOCK""]",HOLD,CAND:32b3a707960484f98d8399a7,OPP:32b3a707960484f98d8399a7,17907.0,False,HOLD,TRANSITION,OPEN,NO_CURRENT_CREATION_EVENT,2026-07-31T13:42:00+05:30,FORCEMOT,False,ATR_MULTIPLE
NO_EVENT,NONE,[],[],LOCKED,UNKNOWN,[],[],[],AUCTION_SIGNAL_DOWNSTREAM_V2,OPEN,HOLD_POSITION,NONE,"[{""action"": ""HOLD"", ""signal_id"": ""a4859555-9e57-5772-9c79-4a6b83478351"", ""setup"": ""FAILED_BREAKOUT"", ""side"": ""BUY"", ""stage"": ""TRANSITION"", ""status"": ""OPEN"", ""status_reason"": ""NO_CURRENT_CREATION_EVENT"", ""signal_action"": ""HOLD"", ""signal_state"": ""OPEN"", ""trade_action"": ""HOLD_POSITION"", ""management_posture"": ""CAUTION"", ""management_reason_code"": ""NO_CURRENT_CREATION_EVENT"", ""should_exit_signal"": false}]",1253,CAUTION,NO_CURRENT_CREATION_EVENT,"[""CONTINUATION:BLOCK"", ""REACCELERATION:BLOCK"", ""REVERSAL:BLOCK""]",HOLD,CAND:ccb8d7c9ac57fbb14f47bb87,OPP:ccb8d7c9ac57fbb14f47bb87,2231.9,False,HOLD,TRANSITION,OPEN,NO_CURRENT_CREATION_EVENT,2026-07-31T13:42:00+05:30,GLENMARK,False,ATR_MULTIPLE
NO_EVENT,NONE,[],[],FAILED_BACK_INSIDE,UNKNOWN,[],[],[],AUCTION_SIGNAL_DOWNSTREAM_V2,OPEN,HOLD_POSITION,NONE,"[{""action"": ""HOLD"", ""signal_id"": ""6c1d311c-b1e4-503d-9f2d-3a50df29da5d"", ""setup"": ""FAILED_BREAKOUT"", ""side"": ""SELL"", ""stage"": ""TRANSITION"", ""status"": ""OPEN"", ""status_reason"": ""NO_CURRENT_CREATION_EVENT"", ""signal_action"": ""HOLD"", ""signal_state"": ""OPEN"", ""trade_action"": ""HOLD_POSITION"", ""management_posture"": ""CAUTION"", ""management_reason_code"": ""NO_CURRENT_CREATION_EVENT"", ""should_exit_signal"": false}]",1254,CAUTION,NO_CURRENT_CREATION_EVENT,"[""CONTINUATION:BLOCK"", ""REACCELERATION:BLOCK"", ""REVERSAL:BLOCK""]",HOLD,CAND:296c26607039b07e87c6f497,OPP:296c26607039b07e87c6f497,388.0,False,HOLD,TRANSITION,OPEN,NO_CURRENT_CREATION_EVENT,2026-07-31T13:42:00+05:30,INDUSTOWER,False,ATR_MULTIPLE
NO_EVENT,REVERSAL_LEG,[],[],FORMING,ALIGNED,[],[],[],AUCTION_SIGNAL_DOWNSTREAM_V2,OPEN,HOLD_POSITION,NONE,"[{""action"": ""HOLD"", ""signal_id"": ""fe205a27-ef8f-5bf7-9192-94593d799d94"", ""setup"": ""BREAKOUT_INITIATION"", ""side"": ""BUY"", ""stage"": ""ACTIVE"", ""status"": ""OPEN"", ""status_reason"": ""AUTHORITATIVE_DIRECTIONAL_ALIGNED"", ""signal_action"": ""HOLD"", ""signal_state"": ""OPEN"", ""trade_action"": ""HOLD_POSITION"", ""management_posture"": ""STRENGTHEN"", ""management_reason_code"": ""AUTHORITATIVE_DIRECTIONAL_ALIGNED"", ""should_exit_signal"": false}]",1255,STRENGTHEN,AUTHORITATIVE_DIRECTIONAL_ALIGNED,[],HOLD,CAND:4a3872010c190995b2d63ff8,OPP:4a3872010c190995b2d63ff8,628.95,False,HOLD,ACTIVE,OPEN,AUTHORITATIVE_DIRECTIONAL_ALIGNED,2026-07-31T13:42:00+05:30,KALYANKJIL,True,ATR_MULTIPLE
NO_EVENT,REVERSAL_LEG,[],[],NONE,OPPOSED,[],[],[],AUCTION_SIGNAL_DOWNSTREAM_V2,OPEN,HOLD_POSITION,NONE,"[{""action"": ""HOLD"", ""signal_id"": ""50c51811-b112-5f0f-9fcc-a1422ceea97c"", ""setup"": ""REVERSAL"", ""side"": ""BUY"", ""stage"": ""WEAKENING"", ""status"": ""OPEN"", ""status_reason"": ""AUTHORITATIVE_DIRECTION_OPPOSED"", ""signal_action"": ""HOLD"", ""signal_state"": ""OPEN"", ""trade_action"": ""HOLD_POSITION"", ""management_posture"": ""CAUTION"", ""management_reason_code"": ""AUTHORITATIVE_DIRECTION_OPPOSED"", ""should_exit_signal"": false}]",1256,CAUTION,AUTHORITATIVE_DIRECTION_OPPOSED,[],HOLD,CAND:7316c4a2330c742a8803fe6c,OPP:7316c4a2330c742a8803fe6c,369.15,False,HOLD,WEAKENING,OPEN,AUTHORITATIVE_DIRECTION_OPPOSED,2026-07-31T13:42:00+05:30,MANAPPURAM,False,ATR_MULTIPLE
DIRECTIONAL_COMPLETED,COMPLETED,"[""DIR:PERSISTENT:2026-07-31:004:DOWN:132400:DIRECTIONAL_COMPLETED:134200""]","[""DIRECTIONAL_COMPLETED""]",NONE,OPPOSED,[],[],[],AUCTION_SIGNAL_DOWNSTREAM_V2,OPEN,HOLD_POSITION,NONE,"[{""action"": ""HOLD"", ""signal_id"": ""cad8805e-c102-57a4-96c7-d70c9c07f5cc"", ""setup"": ""BREAKOUT_INITIATION"", ""side"": ""BUY"", ""stage"": ""WEAKENING"", ""status"": ""OPEN"", ""status_reason"": ""AUTHORITATIVE_DIRECTION_OPPOSED"", ""signal_action"": ""HOLD"", ""signal_state"": ""OPEN"", ""trade_action"": ""HOLD_POSITION"", ""management_posture"": ""CAUTION"", ""management_reason_code"": ""AUTHORITATIVE_DIRECTION_OPPOSED"", ""should_exit_signal"": false}]",1257,CAUTION,AUTHORITATIVE_DIRECTION_OPPOSED,[],HOLD,CAND:6e00ceac84968df1df4d7495,OPP:6e00ceac84968df1df4d7495,5416.9,False,HOLD,WEAKENING,OPEN,AUTHORITATIVE_DIRECTION_OPPOSED,2026-07-31T13:42:00+05:30,PERSISTENT,False,ATR_MULTIPLE
BALANCE_ESCAPE_FAILED,NONE,"[""BAL:POWERINDIA:2026-07-31:002:NEUTRAL:124800:BALANCE_ESCAPE_FAILED:134200""]","[""BALANCE_ESCAPE_FAILED""]",FAILED_BACK_INSIDE,UNKNOWN,[],[],[],AUCTION_SIGNAL_DOWNSTREAM_V2,OPEN,HOLD_POSITION,NONE,"[{""action"": ""HOLD"", ""signal_id"": ""57fbc3b0-0822-51b7-8515-450ea6586841"", ""setup"": ""FAILED_BREAKOUT"", ""side"": ""BUY"", ""stage"": ""TRANSITION"", ""status"": ""OPEN"", ""status_reason"": ""NO_CURRENT_CREATION_EVENT"", ""signal_action"": ""HOLD"", ""signal_state"": ""OPEN"", ""trade_action"": ""HOLD_POSITION"", ""management_posture"": ""CAUTION"", ""management_reason_code"": ""NO_CURRENT_CREATION_EVENT"", ""should_exit_signal"": false}]",1258,CAUTION,NO_CURRENT_CREATION_EVENT,"[""CONTINUATION:BLOCK"", ""FAILED_BREAKOUT:PERMIT"", ""REACCELERATION:BLOCK"", ""REVERSAL:BLOCK""]",HOLD,CAND:dc1ab160fa1ee75a10189da6,OPP:dc1ab160fa1ee75a10189da6,32370.0,False,HOLD,TRANSITION,OPEN,NO_CURRENT_CREATION_EVENT,2026-07-31T13:42:00+05:30,POWERINDIA,False,ATR_MULTIPLE
NO_EVENT,NONE,[],[],LOCKED,,[],[],[],,,,,[],1259,,,"[""CONTINUATION:BLOCK"", ""REACCELERATION:BLOCK"", ""REVERSAL:BLOCK""]",,,,,,NO_ACTION,,,,2026-07-31T13:42:00+05:30,TCS,,
NO_EVENT,REVERSAL_WATCH,[],[],NONE,,[],[],[],,,,,[],1260,,,[],,,,,,NO_ACTION,,,,2026-07-31T13:42:00+05:30,TORNTPHARM,,
DIRECTIONAL_MATURED,MATURE,"[""DIR:BHEL:2026-07-31:009:DOWN:133000:DIRECTIONAL_MATURED:134500""]","[""DIRECTIONAL_MATURED""]",FORMING,,[],[],[],,,,,[],1261,,,[],,,,,,NO_ACTION,,,,2026-07-31T13:45:00+05:30,BHEL,,
DIRECTIONAL_MATURED,MATURE,"[""DIR:CHOLAFIN:2026-07-31:006:DOWN:132700:DIRECTIONAL_MATURED:134500""]","[""DIRECTIONAL_MATURED""]",NONE,,[],[],[],,,,,[],1262,,,[],,,,,,NO_ACTION,,,,2026-07-31T13:45:00+05:30,CHOLAFIN,,
NO_EVENT,NONE,[],[],NONE,UNKNOWN,[],[],[],AUCTION_SIGNAL_DOWNSTREAM_V2,OPEN,HOLD_POSITION,NONE,"[{""action"": ""HOLD"", ""signal_id"": ""b811de42-fbb9-5d26-a364-a9f98c91de7c"", ""setup"": ""BREAKOUT_INITIATION"", ""side"": ""SELL"", ""stage"": ""TRANSITION"", ""status"": ""OPEN"", ""status_reason"": ""NO_CURRENT_CREATION_EVENT"", ""signal_action"": ""HOLD"", ""signal_state"": ""OPEN"", ""trade_action"": ""HOLD_POSITION"", ""management_posture"": ""CAUTION"", ""management_reason_code"": ""NO_CURRENT_CREATION_EVENT"", ""should_exit_signal"": false}]",1263,CAUTION,NO_CURRENT_CREATION_EVENT,[],HOLD,CAND:0d32e3ad08ef9cc69fd0369f,OPP:0d32e3ad08ef9cc69fd0369f,1712.5,False,HOLD,TRANSITION,OPEN,NO_CURRENT_CREATION_EVENT,2026-07-31T13:45:00+05:30,COFORGE,False,ATR_MULTIPLE
NO_EVENT,REVERSAL_LEG,[],[],NONE,,[],[],[],,,,,[],1264,,,[],,,,,,NO_ACTION,,,,2026-07-31T13:45:00+05:30,DIVISLAB,,
"BALANCE_FORMING_STARTED,DIRECTIONAL_STARTED",DIRECTIONAL,"[""BAL:EXIDEIND:2026-07-31:004:NEUTRAL:134500:BALANCE_FORMING_STARTED:134500"", ""DIR:EXIDEIND:2026-07-31:006:UP:134500:DIRECTIONAL_STARTED:134500""]","[""BALANCE_FORMING_STARTED"", ""DIRECTIONAL_STARTED""]",FORMING,,[],[],[],,,,,[],1265,,,[],,,,,,NO_ACTION,,,,2026-07-31T13:45:00+05:30,EXIDEIND,,
NO_EVENT,NONE,[],[],LOCKED,UNKNOWN,[],[],[],AUCTION_SIGNAL_DOWNSTREAM_V2,OPEN,HOLD_POSITION,NONE,"[{""action"": ""HOLD"", ""signal_id"": ""76d65cfd-3f5f-5419-81f1-24a924660ce7"", ""setup"": ""REVERSAL"", ""side"": ""BUY"", ""stage"": ""TRANSITION"", ""status"": ""OPEN"", ""status_reason"": ""NO_CURRENT_CREATION_EVENT"", ""signal_action"": ""HOLD"", ""signal_state"": ""OPEN"", ""trade_action"": ""HOLD_POSITION"", ""management_posture"": ""CAUTION"", ""management_reason_code"": ""NO_CURRENT_CREATION_EVENT"", ""should_exit_signal"": false}]",1266,CAUTION,NO_CURRENT_CREATION_EVENT,"[""CONTINUATION:BLOCK"", ""REACCELERATION:BLOCK"", ""REVERSAL:BLOCK""]",HOLD,CAND:32b3a707960484f98d8399a7,OPP:32b3a707960484f98d8399a7,17907.0,False,HOLD,TRANSITION,OPEN,NO_CURRENT_CREATION_EVENT,2026-07-31T13:45:00+05:30,FORCEMOT,False,ATR_MULTIPLE
NO_EVENT,NONE,[],[],LOCKED,UNKNOWN,[],[],[],AUCTION_SIGNAL_DOWNSTREAM_V2,OPEN,HOLD_POSITION,NONE,"[{""action"": ""HOLD"", ""signal_id"": ""a4859555-9e57-5772-9c79-4a6b83478351"", ""setup"": ""FAILED_BREAKOUT"", ""side"": ""BUY"", ""stage"": ""TRANSITION"", ""status"": ""OPEN"", ""status_reason"": ""NO_CURRENT_CREATION_EVENT"", ""signal_action"": ""HOLD"", ""signal_state"": ""OPEN"", ""trade_action"": ""HOLD_POSITION"", ""management_posture"": ""CAUTION"", ""management_reason_code"": ""NO_CURRENT_CREATION_EVENT"", ""should_exit_signal"": false}]",1267,CAUTION,NO_CURRENT_CREATION_EVENT,"[""CONTINUATION:BLOCK"", ""REACCELERATION:BLOCK"", ""REVERSAL:BLOCK""]",HOLD,CAND:ccb8d7c9ac57fbb14f47bb87,OPP:ccb8d7c9ac57fbb14f47bb87,2231.9,False,HOLD,TRANSITION,OPEN,NO_CURRENT_CREATION_EVENT,2026-07-31T13:45:00+05:30,GLENMARK,False,ATR_MULTIPLE
NO_EVENT,NONE,[],[],FAILED_BACK_INSIDE,UNKNOWN,[],[],[],AUCTION_SIGNAL_DOWNSTREAM_V2,OPEN,HOLD_POSITION,NONE,"[{""action"": ""HOLD"", ""signal_id"": ""6c1d311c-b1e4-503d-9f2d-3a50df29da5d"", ""setup"": ""FAILED_BREAKOUT"", ""side"": ""SELL"", ""stage"": ""TRANSITION"", ""status"": ""OPEN"", ""status_reason"": ""NO_CURRENT_CREATION_EVENT"", ""signal_action"": ""HOLD"", ""signal_state"": ""OPEN"", ""trade_action"": ""HOLD_POSITION"", ""management_posture"": ""CAUTION"", ""management_reason_code"": ""NO_CURRENT_CREATION_EVENT"", ""should_exit_signal"": false}]",1268,CAUTION,NO_CURRENT_CREATION_EVENT,"[""CONTINUATION:BLOCK"", ""REACCELERATION:BLOCK"", ""REVERSAL:BLOCK""]",HOLD,CAND:296c26607039b07e87c6f497,OPP:296c26607039b07e87c6f497,388.0,False,HOLD,TRANSITION,OPEN,NO_CURRENT_CREATION_EVENT,2026-07-31T13:45:00+05:30,INDUSTOWER,False,ATR_MULTIPLE
"BALANCE_COMPLETED,DIRECTIONAL_REVERSAL_LEG_FAILED,DIRECTIONAL_COMPLETED",COMPLETED,"[""BAL:KALYANKJIL:2026-07-31:004:NEUTRAL:133600:BALANCE_COMPLETED:134500"", ""DIR:KALYANKJIL:2026-07-31:011:UP:133600:DIRECTIONAL_REVERSAL_LEG_FAILED:134500"", ""DIR:KALYANKJIL:2026-07-31:011:UP:133600:DIRECTIONAL_COMPLETED:134500""]","[""BALANCE_COMPLETED"", ""DIRECTIONAL_REVERSAL_LEG_FAILED"", ""DIRECTIONAL_COMPLETED""]",COMPLETED,ALIGNED,[],[],[],AUCTION_SIGNAL_DOWNSTREAM_V2,OPEN,HOLD_POSITION,NONE,"[{""action"": ""HOLD"", ""signal_id"": ""fe205a27-ef8f-5bf7-9192-94593d799d94"", ""setup"": ""BREAKOUT_INITIATION"", ""side"": ""BUY"", ""stage"": ""TRANSITION"", ""status"": ""OPEN"", ""status_reason"": ""NO_CURRENT_CREATION_EVENT"", ""signal_action"": ""HOLD"", ""signal_state"": ""OPEN"", ""trade_action"": ""HOLD_POSITION"", ""management_posture"": ""CAUTION"", ""management_reason_code"": ""NO_CURRENT_CREATION_EVENT"", ""should_exit_signal"": false}]",1269,CAUTION,NO_CURRENT_CREATION_EVENT,[],HOLD,CAND:4a3872010c190995b2d63ff8,OPP:4a3872010c190995b2d63ff8,628.95,False,HOLD,TRANSITION,OPEN,NO_CURRENT_CREATION_EVENT,2026-07-31T13:45:00+05:30,KALYANKJIL,False,ATR_MULTIPLE
"DIRECTIONAL_REVERSAL_LEG_FAILED,DIRECTIONAL_COMPLETED",COMPLETED,"[""DIR:MANAPPURAM:2026-07-31:008:DOWN:133900:DIRECTIONAL_REVERSAL_LEG_FAILED:134500"", ""DIR:MANAPPURAM:2026-07-31:008:DOWN:133900:DIRECTIONAL_COMPLETED:134500""]","[""DIRECTIONAL_REVERSAL_LEG_FAILED"", ""DIRECTIONAL_COMPLETED""]",NONE,OPPOSED,[],[],[],AUCTION_SIGNAL_DOWNSTREAM_V2,OPEN,HOLD_POSITION,NONE,"[{""action"": ""HOLD"", ""signal_id"": ""50c51811-b112-5f0f-9fcc-a1422ceea97c"", ""setup"": ""REVERSAL"", ""side"": ""BUY"", ""stage"": ""WEAKENING"", ""status"": ""OPEN"", ""status_reason"": ""AUTHORITATIVE_DIRECTION_OPPOSED"", ""signal_action"": ""HOLD"", ""signal_state"": ""OPEN"", ""trade_action"": ""HOLD_POSITION"", ""management_posture"": ""CAUTION"", ""management_reason_code"": ""AUTHORITATIVE_DIRECTION_OPPOSED"", ""should_exit_signal"": false}]",1270,CAUTION,AUTHORITATIVE_DIRECTION_OPPOSED,[],HOLD,CAND:7316c4a2330c742a8803fe6c,OPP:7316c4a2330c742a8803fe6c,369.15,False,HOLD,WEAKENING,OPEN,AUTHORITATIVE_DIRECTION_OPPOSED,2026-07-31T13:45:00+05:30,MANAPPURAM,False,ATR_MULTIPLE
NO_EVENT,NONE,[],[],NONE,UNKNOWN,[],[],[],AUCTION_SIGNAL_DOWNSTREAM_V2,OPEN,HOLD_POSITION,NONE,"[{""action"": ""HOLD"", ""signal_id"": ""cad8805e-c102-57a4-96c7-d70c9c07f5cc"", ""setup"": ""BREAKOUT_INITIATION"", ""side"": ""BUY"", ""stage"": ""TRANSITION"", ""status"": ""OPEN"", ""status_reason"": ""NO_CURRENT_CREATION_EVENT"", ""signal_action"": ""HOLD"", ""signal_state"": ""OPEN"", ""trade_action"": ""HOLD_POSITION"", ""management_posture"": ""CAUTION"", ""management_reason_code"": ""NO_CURRENT_CREATION_EVENT"", ""should_exit_signal"": false}]",1271,CAUTION,NO_CURRENT_CREATION_EVENT,[],HOLD,CAND:6e00ceac84968df1df4d7495,OPP:6e00ceac84968df1df4d7495,5416.9,False,HOLD,TRANSITION,OPEN,NO_CURRENT_CREATION_EVENT,2026-07-31T13:45:00+05:30,PERSISTENT,False,ATR_MULTIPLE
NO_EVENT,NONE,[],[],FAILED_BACK_INSIDE,UNKNOWN,[],[],[],AUCTION_SIGNAL_DOWNSTREAM_V2,OPEN,HOLD_POSITION,NONE,"[{""action"": ""HOLD"", ""signal_id"": ""57fbc3b0-0822-51b7-8515-450ea6586841"", ""setup"": ""FAILED_BREAKOUT"", ""side"": ""BUY"", ""stage"": ""TRANSITION"", ""status"": ""OPEN"", ""status_reason"": ""NO_CURRENT_CREATION_EVENT"", ""signal_action"": ""HOLD"", ""signal_state"": ""OPEN"", ""trade_action"": ""HOLD_POSITION"", ""management_posture"": ""CAUTION"", ""management_reason_code"": ""NO_CURRENT_CREATION_EVENT"", ""should_exit_signal"": false}]",1272,CAUTION,NO_CURRENT_CREATION_EVENT,"[""CONTINUATION:BLOCK"", ""REACCELERATION:BLOCK"", ""REVERSAL:BLOCK""]",HOLD,CAND:dc1ab160fa1ee75a10189da6,OPP:dc1ab160fa1ee75a10189da6,32370.0,False,HOLD,TRANSITION,OPEN,NO_CURRENT_CREATION_EVENT,2026-07-31T13:45:00+05:30,POWERINDIA,False,ATR_MULTIPLE
NO_EVENT,NONE,[],[],LOCKED,,[],[],[],,,,,[],1273,,,"[""CONTINUATION:BLOCK"", ""REACCELERATION:BLOCK"", ""REVERSAL:BLOCK""]",,,,,,NO_ACTION,,,,2026-07-31T13:45:00+05:30,TCS,,
NO_EVENT,REVERSAL_WATCH,[],[],NONE,,[],[],[],,,,,[],1274,,,[],,,,,,NO_ACTION,,,,2026-07-31T13:45:00+05:30,TORNTPHARM,,
REVERSAL_WATCH_STARTED,REVERSAL_WATCH,"[""DIR:BHEL:2026-07-31:009:DOWN:133000:REVERSAL_WATCH_STARTED:134800""]","[""REVERSAL_WATCH_STARTED""]",FORMING,,[],[],[],,,,,[],1275,,,[],,,,,,NO_ACTION,,,,2026-07-31T13:48:00+05:30,BHEL,,
REVERSAL_WATCH_STARTED,REVERSAL_WATCH,"[""DIR:CHOLAFIN:2026-07-31:006:DOWN:132700:REVERSAL_WATCH_STARTED:134800""]","[""REVERSAL_WATCH_STARTED""]",NONE,,[],[],[],,,,,[],1276,,,[],,,,,,NO_ACTION,,,,2026-07-31T13:48:00+05:30,CHOLAFIN,,
NO_EVENT,NONE,[],[],NONE,UNKNOWN,[],[],[],AUCTION_SIGNAL_DOWNSTREAM_V2,OPEN,HOLD_POSITION,NONE,"[{""action"": ""HOLD"", ""signal_id"": ""b811de42-fbb9-5d26-a364-a9f98c91de7c"", ""setup"": ""BREAKOUT_INITIATION"", ""side"": ""SELL"", ""stage"": ""TRANSITION"", ""status"": ""OPEN"", ""status_reason"": ""NO_CURRENT_CREATION_EVENT"", ""signal_action"": ""HOLD"", ""signal_state"": ""OPEN"", ""trade_action"": ""HOLD_POSITION"", ""management_posture"": ""CAUTION"", ""management_reason_code"": ""NO_CURRENT_CREATION_EVENT"", ""should_exit_signal"": false}]",1277,CAUTION,NO_CURRENT_CREATION_EVENT,[],HOLD,CAND:0d32e3ad08ef9cc69fd0369f,OPP:0d32e3ad08ef9cc69fd0369f,1712.5,False,HOLD,TRANSITION,OPEN,NO_CURRENT_CREATION_EVENT,2026-07-31T13:48:00+05:30,COFORGE,False,ATR_MULTIPLE
NO_EVENT,REVERSAL_LEG,[],[],NONE,,[],[],[],,,,,[],1278,,,[],,,,,,NO_ACTION,,,,2026-07-31T13:48:00+05:30,DIVISLAB,,
NO_EVENT,DIRECTIONAL,[],[],FORMING,,[],[],[],,,,,[],1279,,,[],,,,,,NO_ACTION,,,,2026-07-31T13:48:00+05:30,EXIDEIND,,
NO_EVENT,NONE,[],[],LOCKED,UNKNOWN,[],[],[],AUCTION_SIGNAL_DOWNSTREAM_V2,OPEN,HOLD_POSITION,NONE,"[{""action"": ""HOLD"", ""signal_id"": ""76d65cfd-3f5f-5419-81f1-24a924660ce7"", ""setup"": ""REVERSAL"", ""side"": ""BUY"", ""stage"": ""TRANSITION"", ""status"": ""OPEN"", ""status_reason"": ""NO_CURRENT_CREATION_EVENT"", ""signal_action"": ""HOLD"", ""signal_state"": ""OPEN"", ""trade_action"": ""HOLD_POSITION"", ""management_posture"": ""CAUTION"", ""management_reason_code"": ""NO_CURRENT_CREATION_EVENT"", ""should_exit_signal"": false}]",1280,CAUTION,NO_CURRENT_CREATION_EVENT,"[""CONTINUATION:BLOCK"", ""REACCELERATION:BLOCK"", ""REVERSAL:BLOCK""]",HOLD,CAND:32b3a707960484f98d8399a7,OPP:32b3a707960484f98d8399a7,17907.0,False,HOLD,TRANSITION,OPEN,NO_CURRENT_CREATION_EVENT,2026-07-31T13:48:00+05:30,FORCEMOT,False,ATR_MULTIPLE
BALANCE_ESCAPE_STARTED,NONE,"[""BAL:GLENMARK:2026-07-31:001:NEUTRAL:101200:BALANCE_ESCAPE_STARTED:134800""]","[""BALANCE_ESCAPE_STARTED""]",ESCAPE_WATCH,UNKNOWN,[],[],[],AUCTION_SIGNAL_DOWNSTREAM_V2,OPEN,HOLD_POSITION,NONE,"[{""action"": ""HOLD"", ""signal_id"": ""a4859555-9e57-5772-9c79-4a6b83478351"", ""setup"": ""FAILED_BREAKOUT"", ""side"": ""BUY"", ""stage"": ""TRANSITION"", ""status"": ""OPEN"", ""status_reason"": ""NO_CURRENT_CREATION_EVENT"", ""signal_action"": ""HOLD"", ""signal_state"": ""OPEN"", ""trade_action"": ""HOLD_POSITION"", ""management_posture"": ""CAUTION"", ""management_reason_code"": ""NO_CURRENT_CREATION_EVENT"", ""should_exit_signal"": false}]",1281,CAUTION,NO_CURRENT_CREATION_EVENT,"[""ACCEPTED_BREAKOUT:WAIT"", ""BREAKOUT_INITIATION:PERMIT"", ""CONTINUATION:BLOCK"", ""FAILED_BREAKOUT:WAIT"", ""REACCELERATION:BLOCK"", ""REVERSAL:BLOCK""]",HOLD,CAND:ccb8d7c9ac57fbb14f47bb87,OPP:ccb8d7c9ac57fbb14f47bb87,2231.9,False,HOLD,TRANSITION,OPEN,NO_CURRENT_CREATION_EVENT,2026-07-31T13:48:00+05:30,GLENMARK,False,ATR_MULTIPLE
NO_EVENT,NONE,[],[],FAILED_BACK_INSIDE,UNKNOWN,[],[],[],AUCTION_SIGNAL_DOWNSTREAM_V2,OPEN,HOLD_POSITION,NONE,"[{""action"": ""HOLD"", ""signal_id"": ""6c1d311c-b1e4-503d-9f2d-3a50df29da5d"", ""setup"": ""FAILED_BREAKOUT"", ""side"": ""SELL"", ""stage"": ""TRANSITION"", ""status"": ""OPEN"", ""status_reason"": ""NO_CURRENT_CREATION_EVENT"", ""signal_action"": ""HOLD"", ""signal_state"": ""OPEN"", ""trade_action"": ""HOLD_POSITION"", ""management_posture"": ""CAUTION"", ""management_reason_code"": ""NO_CURRENT_CREATION_EVENT"", ""should_exit_signal"": false}]",1282,CAUTION,NO_CURRENT_CREATION_EVENT,"[""CONTINUATION:BLOCK"", ""REACCELERATION:BLOCK"", ""REVERSAL:BLOCK""]",HOLD,CAND:296c26607039b07e87c6f497,OPP:296c26607039b07e87c6f497,388.0,False,HOLD,TRANSITION,OPEN,NO_CURRENT_CREATION_EVENT,2026-07-31T13:48:00+05:30,INDUSTOWER,False,ATR_MULTIPLE
NO_EVENT,NONE,[],[],NONE,UNKNOWN,[],[],[],AUCTION_SIGNAL_DOWNSTREAM_V2,OPEN,HOLD_POSITION,NONE,"[{""action"": ""HOLD"", ""signal_id"": ""fe205a27-ef8f-5bf7-9192-94593d799d94"", ""setup"": ""BREAKOUT_INITIATION"", ""side"": ""BUY"", ""stage"": ""TRANSITION"", ""status"": ""OPEN"", ""status_reason"": ""NO_CURRENT_CREATION_EVENT"", ""signal_action"": ""HOLD"", ""signal_state"": ""OPEN"", ""trade_action"": ""HOLD_POSITION"", ""management_posture"": ""CAUTION"", ""management_reason_code"": ""NO_CURRENT_CREATION_EVENT"", ""should_exit_signal"": false}]",1283,CAUTION,NO_CURRENT_CREATION_EVENT,[],HOLD,CAND:4a3872010c190995b2d63ff8,OPP:4a3872010c190995b2d63ff8,628.95,False,HOLD,TRANSITION,OPEN,NO_CURRENT_CREATION_EVENT,2026-07-31T13:48:00+05:30,KALYANKJIL,False,ATR_MULTIPLE
NO_EVENT,NONE,[],[],NONE,UNKNOWN,[],[],[],AUCTION_SIGNAL_DOWNSTREAM_V2,OPEN,HOLD_POSITION,NONE,"[{""action"": ""HOLD"", ""signal_id"": ""50c51811-b112-5f0f-9fcc-a1422ceea97c"", ""setup"": ""REVERSAL"", ""side"": ""BUY"", ""stage"": ""TRANSITION"", ""status"": ""OPEN"", ""status_reason"": ""NO_CURRENT_CREATION_EVENT"", ""signal_action"": ""HOLD"", ""signal_state"": ""OPEN"", ""trade_action"": ""HOLD_POSITION"", ""management_posture"": ""CAUTION"", ""management_reason_code"": ""NO_CURRENT_CREATION_EVENT"", ""should_exit_signal"": false}]",1284,CAUTION,NO_CURRENT_CREATION_EVENT,[],HOLD,CAND:7316c4a2330c742a8803fe6c,OPP:7316c4a2330c742a8803fe6c,369.15,False,HOLD,TRANSITION,OPEN,NO_CURRENT_CREATION_EVENT,2026-07-31T13:48:00+05:30,MANAPPURAM,False,ATR_MULTIPLE
NO_EVENT,NONE,[],[],NONE,UNKNOWN,[],[],[],AUCTION_SIGNAL_DOWNSTREAM_V2,OPEN,HOLD_POSITION,NONE,"[{""action"": ""HOLD"", ""signal_id"": ""cad8805e-c102-57a4-96c7-d70c9c07f5cc"", ""setup"": ""BREAKOUT_INITIATION"", ""side"": ""BUY"", ""stage"": ""TRANSITION"", ""status"": ""OPEN"", ""status_reason"": ""NO_CURRENT_CREATION_EVENT"", ""signal_action"": ""HOLD"", ""signal_state"": ""OPEN"", ""trade_action"": ""HOLD_POSITION"", ""management_posture"": ""CAUTION"", ""management_reason_code"": ""NO_CURRENT_CREATION_EVENT"", ""should_exit_signal"": false}]",1285,CAUTION,NO_CURRENT_CREATION_EVENT,[],HOLD,CAND:6e00ceac84968df1df4d7495,OPP:6e00ceac84968df1df4d7495,5416.9,False,HOLD,TRANSITION,OPEN,NO_CURRENT_CREATION_EVENT,2026-07-31T13:48:00+05:30,PERSISTENT,False,ATR_MULTIPLE
BALANCE_REARMED,NONE,"[""BAL:POWERINDIA:2026-07-31:002:NEUTRAL:124800:BALANCE_REARMED:134800""]","[""BALANCE_REARMED""]",LOCKED,UNKNOWN,[],[],[],AUCTION_SIGNAL_DOWNSTREAM_V2,OPEN,HOLD_POSITION,NONE,"[{""action"": ""HOLD"", ""signal_id"": ""57fbc3b0-0822-51b7-8515-450ea6586841"", ""setup"": ""FAILED_BREAKOUT"", ""side"": ""BUY"", ""stage"": ""TRANSITION"", ""status"": ""OPEN"", ""status_reason"": ""NO_CURRENT_CREATION_EVENT"", ""signal_action"": ""HOLD"", ""signal_state"": ""OPEN"", ""trade_action"": ""HOLD_POSITION"", ""management_posture"": ""CAUTION"", ""management_reason_code"": ""NO_CURRENT_CREATION_EVENT"", ""should_exit_signal"": false}]",1286,CAUTION,NO_CURRENT_CREATION_EVENT,"[""CONTINUATION:BLOCK"", ""REACCELERATION:BLOCK"", ""REVERSAL:BLOCK""]",HOLD,CAND:dc1ab160fa1ee75a10189da6,OPP:dc1ab160fa1ee75a10189da6,32370.0,False,HOLD,TRANSITION,OPEN,NO_CURRENT_CREATION_EVENT,2026-07-31T13:48:00+05:30,POWERINDIA,False,ATR_MULTIPLE
NO_EVENT,NONE,[],[],LOCKED,,[],[],[],,,,,[],1287,,,"[""CONTINUATION:BLOCK"", ""REACCELERATION:BLOCK"", ""REVERSAL:BLOCK""]",,,,,,NO_ACTION,,,,2026-07-31T13:48:00+05:30,TCS,,
BALANCE_FORMING_STARTED,REVERSAL_WATCH,"[""BAL:TORNTPHARM:2026-07-31:006:NEUTRAL:134800:BALANCE_FORMING_STARTED:134800""]","[""BALANCE_FORMING_STARTED""]",FORMING,,[],[],[],,,,,[],1288,,,[],,,,,,NO_ACTION,,,,2026-07-31T13:48:00+05:30,TORNTPHARM,,
"DIRECTIONAL_REVERSAL_CONFIRMED,DIRECTIONAL_COMPLETED,DIRECTIONAL_REVERSAL_LEG_STARTED",REVERSAL_LEG,"[""DIR:BHEL:2026-07-31:009:DOWN:133000:DIRECTIONAL_REVERSAL_CONFIRMED:135100"", ""DIR:BHEL:2026-07-31:009:DOWN:133000:DIRECTIONAL_COMPLETED:135100"", ""DIR:BHEL:2026-07-31:010:UP:135100:DIRECTIONAL_REVERSAL_LEG_STARTED:135100""]","[""DIRECTIONAL_REVERSAL_CONFIRMED"", ""DIRECTIONAL_COMPLETED"", ""DIRECTIONAL_REVERSAL_LEG_STARTED""]",FORMING,,[],[],[],,,,,[],1289,,,"[""REVERSAL:WAIT""]",,,,,,NO_ACTION,,,,2026-07-31T13:51:00+05:30,BHEL,,
NO_EVENT,REVERSAL_WATCH,[],[],NONE,,[],[],[],,,,,[],1290,,,[],,,,,,NO_ACTION,,,,2026-07-31T13:51:00+05:30,CHOLAFIN,,
NO_EVENT,NONE,[],[],NONE,UNKNOWN,[],[],[],AUCTION_SIGNAL_DOWNSTREAM_V2,OPEN,HOLD_POSITION,NONE,"[{""action"": ""HOLD"", ""signal_id"": ""b811de42-fbb9-5d26-a364-a9f98c91de7c"", ""setup"": ""BREAKOUT_INITIATION"", ""side"": ""SELL"", ""stage"": ""TRANSITION"", ""status"": ""OPEN"", ""status_reason"": ""NO_CURRENT_CREATION_EVENT"", ""signal_action"": ""HOLD"", ""signal_state"": ""OPEN"", ""trade_action"": ""HOLD_POSITION"", ""management_posture"": ""CAUTION"", ""management_reason_code"": ""NO_CURRENT_CREATION_EVENT"", ""should_exit_signal"": false}]",1291,CAUTION,NO_CURRENT_CREATION_EVENT,[],HOLD,CAND:0d32e3ad08ef9cc69fd0369f,OPP:0d32e3ad08ef9cc69fd0369f,1712.5,False,HOLD,TRANSITION,OPEN,NO_CURRENT_CREATION_EVENT,2026-07-31T13:51:00+05:30,COFORGE,False,ATR_MULTIPLE
NO_EVENT,REVERSAL_LEG,[],[],NONE,,[],[],[],,,,,[],1292,,,[],,,,,,NO_ACTION,,,,2026-07-31T13:51:00+05:30,DIVISLAB,,
"BALANCE_COMPLETED,DIRECTIONAL_MATURED",MATURE,"[""BAL:EXIDEIND:2026-07-31:004:NEUTRAL:134500:BALANCE_COMPLETED:135100"", ""DIR:EXIDEIND:2026-07-31:006:UP:134500:DIRECTIONAL_MATURED:135100""]","[""BALANCE_COMPLETED"", ""DIRECTIONAL_MATURED""]",COMPLETED,,[],[],[],,,,,[],1293,,,[],,,,,,NO_ACTION,,,,2026-07-31T13:51:00+05:30,EXIDEIND,,
NO_EVENT,NONE,[],[],LOCKED,UNKNOWN,[],[],[],AUCTION_SIGNAL_DOWNSTREAM_V2,OPEN,HOLD_POSITION,NONE,"[{""action"": ""HOLD"", ""signal_id"": ""76d65cfd-3f5f-5419-81f1-24a924660ce7"", ""setup"": ""REVERSAL"", ""side"": ""BUY"", ""stage"": ""TRANSITION"", ""status"": ""OPEN"", ""status_reason"": ""NO_CURRENT_CREATION_EVENT"", ""signal_action"": ""HOLD"", ""signal_state"": ""OPEN"", ""trade_action"": ""HOLD_POSITION"", ""management_posture"": ""CAUTION"", ""management_reason_code"": ""NO_CURRENT_CREATION_EVENT"", ""should_exit_signal"": false}]",1294,CAUTION,NO_CURRENT_CREATION_EVENT,"[""CONTINUATION:BLOCK"", ""REACCELERATION:BLOCK"", ""REVERSAL:BLOCK""]",HOLD,CAND:32b3a707960484f98d8399a7,OPP:32b3a707960484f98d8399a7,17907.0,False,HOLD,TRANSITION,OPEN,NO_CURRENT_CREATION_EVENT,2026-07-31T13:51:00+05:30,FORCEMOT,False,ATR_MULTIPLE
BALANCE_ESCAPE_ACCEPTED,NONE,"[""BAL:GLENMARK:2026-07-31:001:NEUTRAL:101200:BALANCE_ESCAPE_ACCEPTED:135100""]","[""BALANCE_ESCAPE_ACCEPTED""]",ACCEPTED_OUTSIDE,UNKNOWN,[],[],[],AUCTION_SIGNAL_DOWNSTREAM_V2,OPEN,HOLD_POSITION,NONE,"[{""action"": ""HOLD"", ""signal_id"": ""a4859555-9e57-5772-9c79-4a6b83478351"", ""setup"": ""FAILED_BREAKOUT"", ""side"": ""BUY"", ""stage"": ""TRANSITION"", ""status"": ""OPEN"", ""status_reason"": ""NO_CURRENT_CREATION_EVENT"", ""signal_action"": ""HOLD"", ""signal_state"": ""OPEN"", ""trade_action"": ""HOLD_POSITION"", ""management_posture"": ""CAUTION"", ""management_reason_code"": ""NO_CURRENT_CREATION_EVENT"", ""should_exit_signal"": false}]",1295,CAUTION,NO_CURRENT_CREATION_EVENT,"[""ACCEPTED_BREAKOUT:PERMIT""]",HOLD,CAND:ccb8d7c9ac57fbb14f47bb87,OPP:ccb8d7c9ac57fbb14f47bb87,2231.9,False,HOLD,TRANSITION,OPEN,NO_CURRENT_CREATION_EVENT,2026-07-31T13:51:00+05:30,GLENMARK,False,ATR_MULTIPLE
NO_EVENT,NONE,[],[],FAILED_BACK_INSIDE,UNKNOWN,[],[],[],AUCTION_SIGNAL_DOWNSTREAM_V2,OPEN,HOLD_POSITION,NONE,"[{""action"": ""HOLD"", ""signal_id"": ""6c1d311c-b1e4-503d-9f2d-3a50df29da5d"", ""setup"": ""FAILED_BREAKOUT"", ""side"": ""SELL"", ""stage"": ""TRANSITION"", ""status"": ""OPEN"", ""status_reason"": ""NO_CURRENT_CREATION_EVENT"", ""signal_action"": ""HOLD"", ""signal_state"": ""OPEN"", ""trade_action"": ""HOLD_POSITION"", ""management_posture"": ""CAUTION"", ""management_reason_code"": ""NO_CURRENT_CREATION_EVENT"", ""should_exit_signal"": false}]",1296,CAUTION,NO_CURRENT_CREATION_EVENT,"[""CONTINUATION:BLOCK"", ""REACCELERATION:BLOCK"", ""REVERSAL:BLOCK""]",HOLD,CAND:296c26607039b07e87c6f497,OPP:296c26607039b07e87c6f497,388.0,False,HOLD,TRANSITION,OPEN,NO_CURRENT_CREATION_EVENT,2026-07-31T13:51:00+05:30,INDUSTOWER,False,ATR_MULTIPLE
DIRECTIONAL_STARTED,DIRECTIONAL,"[""DIR:KALYANKJIL:2026-07-31:012:DOWN:135100:DIRECTIONAL_STARTED:135100""]","[""DIRECTIONAL_STARTED""]",NONE,OPPOSED,[],[],[],AUCTION_SIGNAL_DOWNSTREAM_V2,OPEN,HOLD_POSITION,NONE,"[{""action"": ""HOLD"", ""signal_id"": ""fe205a27-ef8f-5bf7-9192-94593d799d94"", ""setup"": ""BREAKOUT_INITIATION"", ""side"": ""BUY"", ""stage"": ""WEAKENING"", ""status"": ""OPEN"", ""status_reason"": ""AUTHORITATIVE_DIRECTION_OPPOSED"", ""signal_action"": ""HOLD"", ""signal_state"": ""OPEN"", ""trade_action"": ""HOLD_POSITION"", ""management_posture"": ""CAUTION"", ""management_reason_code"": ""AUTHORITATIVE_DIRECTION_OPPOSED"", ""should_exit_signal"": false}]",1297,CAUTION,AUTHORITATIVE_DIRECTION_OPPOSED,[],HOLD,CAND:4a3872010c190995b2d63ff8,OPP:4a3872010c190995b2d63ff8,628.95,False,HOLD,WEAKENING,OPEN,AUTHORITATIVE_DIRECTION_OPPOSED,2026-07-31T13:51:00+05:30,KALYANKJIL,False,ATR_MULTIPLE
DIRECTIONAL_STARTED,DIRECTIONAL,"[""DIR:MANAPPURAM:2026-07-31:009:UP:135100:DIRECTIONAL_STARTED:135100""]","[""DIRECTIONAL_STARTED""]",NONE,ALIGNED,[],[],[],AUCTION_SIGNAL_DOWNSTREAM_V2,OPEN,HOLD_POSITION,NONE,"[{""action"": ""HOLD"", ""signal_id"": ""50c51811-b112-5f0f-9fcc-a1422ceea97c"", ""setup"": ""REVERSAL"", ""side"": ""BUY"", ""stage"": ""ACTIVE"", ""status"": ""OPEN"", ""status_reason"": ""AUTHORITATIVE_DIRECTIONAL_ALIGNED"", ""signal_action"": ""HOLD"", ""signal_state"": ""OPEN"", ""trade_action"": ""HOLD_POSITION"", ""management_posture"": ""STRENGTHEN"", ""management_reason_code"": ""AUTHORITATIVE_DIRECTIONAL_ALIGNED"", ""should_exit_signal"": false}]",1298,STRENGTHEN,AUTHORITATIVE_DIRECTIONAL_ALIGNED,[],HOLD,CAND:7316c4a2330c742a8803fe6c,OPP:7316c4a2330c742a8803fe6c,369.15,False,HOLD,ACTIVE,OPEN,AUTHORITATIVE_DIRECTIONAL_ALIGNED,2026-07-31T13:51:00+05:30,MANAPPURAM,True,ATR_MULTIPLE
NO_EVENT,NONE,[],[],NONE,UNKNOWN,[],[],[],AUCTION_SIGNAL_DOWNSTREAM_V2,OPEN,HOLD_POSITION,NONE,"[{""action"": ""HOLD"", ""signal_id"": ""cad8805e-c102-57a4-96c7-d70c9c07f5cc"", ""setup"": ""BREAKOUT_INITIATION"", ""side"": ""BUY"", ""stage"": ""TRANSITION"", ""status"": ""OPEN"", ""status_reason"": ""NO_CURRENT_CREATION_EVENT"", ""signal_action"": ""HOLD"", ""signal_state"": ""OPEN"", ""trade_action"": ""HOLD_POSITION"", ""management_posture"": ""CAUTION"", ""management_reason_code"": ""NO_CURRENT_CREATION_EVENT"", ""should_exit_signal"": false}]",1299,CAUTION,NO_CURRENT_CREATION_EVENT,[],HOLD,CAND:6e00ceac84968df1df4d7495,OPP:6e00ceac84968df1df4d7495,5416.9,False,HOLD,TRANSITION,OPEN,NO_CURRENT_CREATION_EVENT,2026-07-31T13:51:00+05:30,PERSISTENT,False,ATR_MULTIPLE
NO_EVENT,NONE,[],[],LOCKED,UNKNOWN,[],[],[],AUCTION_SIGNAL_DOWNSTREAM_V2,OPEN,HOLD_POSITION,NONE,"[{""action"": ""HOLD"", ""signal_id"": ""57fbc3b0-0822-51b7-8515-450ea6586841"", ""setup"": ""FAILED_BREAKOUT"", ""side"": ""BUY"", ""stage"": ""TRANSITION"", ""status"": ""OPEN"", ""status_reason"": ""NO_CURRENT_CREATION_EVENT"", ""signal_action"": ""HOLD"", ""signal_state"": ""OPEN"", ""trade_action"": ""HOLD_POSITION"", ""management_posture"": ""CAUTION"", ""management_reason_code"": ""NO_CURRENT_CREATION_EVENT"", ""should_exit_signal"": false}]",1300,CAUTION,NO_CURRENT_CREATION_EVENT,"[""CONTINUATION:BLOCK"", ""REACCELERATION:BLOCK"", ""REVERSAL:BLOCK""]",HOLD,CAND:dc1ab160fa1ee75a10189da6,OPP:dc1ab160fa1ee75a10189da6,32370.0,False,HOLD,TRANSITION,OPEN,NO_CURRENT_CREATION_EVENT,2026-07-31T13:51:00+05:30,POWERINDIA,False,ATR_MULTIPLE
NO_EVENT,NONE,[],[],LOCKED,,[],[],[],,,,,[],1301,,,"[""CONTINUATION:BLOCK"", ""REACCELERATION:BLOCK"", ""REVERSAL:BLOCK""]",,,,,,NO_ACTION,,,,2026-07-31T13:51:00+05:30,TCS,,
NO_EVENT,REVERSAL_WATCH,[],[],FORMING,,[],[],[],,,,,[],1302,,,[],,,,,,NO_ACTION,,,,2026-07-31T13:51:00+05:30,TORNTPHARM,,
NO_EVENT,REVERSAL_LEG,[],[],FORMING,,[],[],[],,,,,[],1303,,,[],,,,,,NO_ACTION,,,,2026-07-31T13:54:00+05:30,BHEL,,
NO_EVENT,REVERSAL_WATCH,[],[],NONE,,[],[],[],,,,,[],1304,,,[],,,,,,NO_ACTION,,,,2026-07-31T13:54:00+05:30,CHOLAFIN,,
BALANCE_FORMING_STARTED,NONE,"[""BAL:COFORGE:2026-07-31:004:NEUTRAL:135400:BALANCE_FORMING_STARTED:135400""]","[""BALANCE_FORMING_STARTED""]",FORMING,UNKNOWN,[],[],[],AUCTION_SIGNAL_DOWNSTREAM_V2,OPEN,HOLD_POSITION,NONE,"[{""action"": ""HOLD"", ""signal_id"": ""b811de42-fbb9-5d26-a364-a9f98c91de7c"", ""setup"": ""BREAKOUT_INITIATION"", ""side"": ""SELL"", ""stage"": ""TRANSITION"", ""status"": ""OPEN"", ""status_reason"": ""NO_CURRENT_CREATION_EVENT"", ""signal_action"": ""HOLD"", ""signal_state"": ""OPEN"", ""trade_action"": ""HOLD_POSITION"", ""management_posture"": ""CAUTION"", ""management_reason_code"": ""NO_CURRENT_CREATION_EVENT"", ""should_exit_signal"": false}]",1305,CAUTION,NO_CURRENT_CREATION_EVENT,[],HOLD,CAND:0d32e3ad08ef9cc69fd0369f,OPP:0d32e3ad08ef9cc69fd0369f,1712.5,False,HOLD,TRANSITION,OPEN,NO_CURRENT_CREATION_EVENT,2026-07-31T13:54:00+05:30,COFORGE,False,ATR_MULTIPLE
"DIRECTIONAL_REVERSAL_LEG_FAILED,DIRECTIONAL_COMPLETED",COMPLETED,"[""DIR:DIVISLAB:2026-07-31:006:DOWN:132100:DIRECTIONAL_REVERSAL_LEG_FAILED:135400"", ""DIR:DIVISLAB:2026-07-31:006:DOWN:132100:DIRECTIONAL_COMPLETED:135400""]","[""DIRECTIONAL_REVERSAL_LEG_FAILED"", ""DIRECTIONAL_COMPLETED""]",NONE,,[],[],[],,,,,[],1306,,,[],,,,,,NO_ACTION,,,,2026-07-31T13:54:00+05:30,DIVISLAB,,
REVERSAL_WATCH_STARTED,REVERSAL_WATCH,"[""DIR:EXIDEIND:2026-07-31:006:UP:134500:REVERSAL_WATCH_STARTED:135400""]","[""REVERSAL_WATCH_STARTED""]",NONE,,[],[],[],,,,,[],1307,,,[],,,,,,NO_ACTION,,,,2026-07-31T13:54:00+05:30,EXIDEIND,,
NO_EVENT,NONE,[],[],LOCKED,UNKNOWN,[],[],[],AUCTION_SIGNAL_DOWNSTREAM_V2,OPEN,HOLD_POSITION,NONE,"[{""action"": ""HOLD"", ""signal_id"": ""76d65cfd-3f5f-5419-81f1-24a924660ce7"", ""setup"": ""REVERSAL"", ""side"": ""BUY"", ""stage"": ""TRANSITION"", ""status"": ""OPEN"", ""status_reason"": ""NO_CURRENT_CREATION_EVENT"", ""signal_action"": ""HOLD"", ""signal_state"": ""OPEN"", ""trade_action"": ""HOLD_POSITION"", ""management_posture"": ""CAUTION"", ""management_reason_code"": ""NO_CURRENT_CREATION_EVENT"", ""should_exit_signal"": false}]",1308,CAUTION,NO_CURRENT_CREATION_EVENT,"[""CONTINUATION:BLOCK"", ""REACCELERATION:BLOCK"", ""REVERSAL:BLOCK""]",HOLD,CAND:32b3a707960484f98d8399a7,OPP:32b3a707960484f98d8399a7,17907.0,False,HOLD,TRANSITION,OPEN,NO_CURRENT_CREATION_EVENT,2026-07-31T13:54:00+05:30,FORCEMOT,False,ATR_MULTIPLE
BALANCE_COMPLETED,NONE,"[""BAL:GLENMARK:2026-07-31:001:NEUTRAL:101200:BALANCE_COMPLETED:135400""]","[""BALANCE_COMPLETED""]",COMPLETED,UNKNOWN,[],[],[],AUCTION_SIGNAL_DOWNSTREAM_V2,OPEN,HOLD_POSITION,NONE,"[{""action"": ""HOLD"", ""signal_id"": ""a4859555-9e57-5772-9c79-4a6b83478351"", ""setup"": ""FAILED_BREAKOUT"", ""side"": ""BUY"", ""stage"": ""TRANSITION"", ""status"": ""OPEN"", ""status_reason"": ""NO_CURRENT_CREATION_EVENT"", ""signal_action"": ""HOLD"", ""signal_state"": ""OPEN"", ""trade_action"": ""HOLD_POSITION"", ""management_posture"": ""CAUTION"", ""management_reason_code"": ""NO_CURRENT_CREATION_EVENT"", ""should_exit_signal"": false}]",1309,CAUTION,NO_CURRENT_CREATION_EVENT,[],HOLD,CAND:ccb8d7c9ac57fbb14f47bb87,OPP:ccb8d7c9ac57fbb14f47bb87,2231.9,False,HOLD,TRANSITION,OPEN,NO_CURRENT_CREATION_EVENT,2026-07-31T13:54:00+05:30,GLENMARK,False,ATR_MULTIPLE
NO_EVENT,NONE,[],[],FAILED_BACK_INSIDE,UNKNOWN,[],[],[],AUCTION_SIGNAL_DOWNSTREAM_V2,OPEN,HOLD_POSITION,NONE,"[{""action"": ""HOLD"", ""signal_id"": ""6c1d311c-b1e4-503d-9f2d-3a50df29da5d"", ""setup"": ""FAILED_BREAKOUT"", ""side"": ""SELL"", ""stage"": ""TRANSITION"", ""status"": ""OPEN"", ""status_reason"": ""NO_CURRENT_CREATION_EVENT"", ""signal_action"": ""HOLD"", ""signal_state"": ""OPEN"", ""trade_action"": ""HOLD_POSITION"", ""management_posture"": ""CAUTION"", ""management_reason_code"": ""NO_CURRENT_CREATION_EVENT"", ""should_exit_signal"": false}]",1310,CAUTION,NO_CURRENT_CREATION_EVENT,"[""CONTINUATION:BLOCK"", ""REACCELERATION:BLOCK"", ""REVERSAL:BLOCK""]",HOLD,CAND:296c26607039b07e87c6f497,OPP:296c26607039b07e87c6f497,388.0,False,HOLD,TRANSITION,OPEN,NO_CURRENT_CREATION_EVENT,2026-07-31T13:54:00+05:30,INDUSTOWER,False,ATR_MULTIPLE
NO_EVENT,DIRECTIONAL,[],[],NONE,OPPOSED,[],[],[],AUCTION_SIGNAL_DOWNSTREAM_V2,OPEN,HOLD_POSITION,NONE,"[{""action"": ""HOLD"", ""signal_id"": ""fe205a27-ef8f-5bf7-9192-94593d799d94"", ""setup"": ""BREAKOUT_INITIATION"", ""side"": ""BUY"", ""stage"": ""WEAKENING"", ""status"": ""OPEN"", ""status_reason"": ""AUTHORITATIVE_DIRECTION_OPPOSED"", ""signal_action"": ""HOLD"", ""signal_state"": ""OPEN"", ""trade_action"": ""HOLD_POSITION"", ""management_posture"": ""CAUTION"", ""management_reason_code"": ""AUTHORITATIVE_DIRECTION_OPPOSED"", ""should_exit_signal"": false}]",1311,CAUTION,AUTHORITATIVE_DIRECTION_OPPOSED,[],HOLD,CAND:4a3872010c190995b2d63ff8,OPP:4a3872010c190995b2d63ff8,628.95,False,HOLD,WEAKENING,OPEN,AUTHORITATIVE_DIRECTION_OPPOSED,2026-07-31T13:54:00+05:30,KALYANKJIL,False,ATR_MULTIPLE
NO_EVENT,DIRECTIONAL,[],[],NONE,ALIGNED,[],[],[],AUCTION_SIGNAL_DOWNSTREAM_V2,OPEN,HOLD_POSITION,NONE,"[{""action"": ""HOLD"", ""signal_id"": ""50c51811-b112-5f0f-9fcc-a1422ceea97c"", ""setup"": ""REVERSAL"", ""side"": ""BUY"", ""stage"": ""ACTIVE"", ""status"": ""OPEN"", ""status_reason"": ""AUTHORITATIVE_DIRECTIONAL_ALIGNED"", ""signal_action"": ""HOLD"", ""signal_state"": ""OPEN"", ""trade_action"": ""HOLD_POSITION"", ""management_posture"": ""STRENGTHEN"", ""management_reason_code"": ""AUTHORITATIVE_DIRECTIONAL_ALIGNED"", ""should_exit_signal"": false}]",1312,STRENGTHEN,AUTHORITATIVE_DIRECTIONAL_ALIGNED,[],HOLD,CAND:7316c4a2330c742a8803fe6c,OPP:7316c4a2330c742a8803fe6c,369.15,False,HOLD,ACTIVE,OPEN,AUTHORITATIVE_DIRECTIONAL_ALIGNED,2026-07-31T13:54:00+05:30,MANAPPURAM,True,ATR_MULTIPLE
NO_EVENT,NONE,[],[],NONE,UNKNOWN,[],[],[],AUCTION_SIGNAL_DOWNSTREAM_V2,OPEN,HOLD_POSITION,NONE,"[{""action"": ""HOLD"", ""signal_id"": ""cad8805e-c102-57a4-96c7-d70c9c07f5cc"", ""setup"": ""BREAKOUT_INITIATION"", ""side"": ""BUY"", ""stage"": ""TRANSITION"", ""status"": ""OPEN"", ""status_reason"": ""NO_CURRENT_CREATION_EVENT"", ""signal_action"": ""HOLD"", ""signal_state"": ""OPEN"", ""trade_action"": ""HOLD_POSITION"", ""management_posture"": ""CAUTION"", ""management_reason_code"": ""NO_CURRENT_CREATION_EVENT"", ""should_exit_signal"": false}]",1313,CAUTION,NO_CURRENT_CREATION_EVENT,[],HOLD,CAND:6e00ceac84968df1df4d7495,OPP:6e00ceac84968df1df4d7495,5416.9,False,HOLD,TRANSITION,OPEN,NO_CURRENT_CREATION_EVENT,2026-07-31T13:54:00+05:30,PERSISTENT,False,ATR_MULTIPLE
NO_EVENT,NONE,[],[],LOCKED,UNKNOWN,[],[],[],AUCTION_SIGNAL_DOWNSTREAM_V2,OPEN,HOLD_POSITION,NONE,"[{""action"": ""HOLD"", ""signal_id"": ""57fbc3b0-0822-51b7-8515-450ea6586841"", ""setup"": ""FAILED_BREAKOUT"", ""side"": ""BUY"", ""stage"": ""TRANSITION"", ""status"": ""OPEN"", ""status_reason"": ""NO_CURRENT_CREATION_EVENT"", ""signal_action"": ""HOLD"", ""signal_state"": ""OPEN"", ""trade_action"": ""HOLD_POSITION"", ""management_posture"": ""CAUTION"", ""management_reason_code"": ""NO_CURRENT_CREATION_EVENT"", ""should_exit_signal"": false}]",1314,CAUTION,NO_CURRENT_CREATION_EVENT,"[""CONTINUATION:BLOCK"", ""REACCELERATION:BLOCK"", ""REVERSAL:BLOCK""]",HOLD,CAND:dc1ab160fa1ee75a10189da6,OPP:dc1ab160fa1ee75a10189da6,32370.0,False,HOLD,TRANSITION,OPEN,NO_CURRENT_CREATION_EVENT,2026-07-31T13:54:00+05:30,POWERINDIA,False,ATR_MULTIPLE
NO_EVENT,NONE,[],[],LOCKED,,[],[],[],,,,,[],1315,,,"[""CONTINUATION:BLOCK"", ""REACCELERATION:BLOCK"", ""REVERSAL:BLOCK""]",,,,,,NO_ACTION,,,,2026-07-31T13:54:00+05:30,TCS,,
NO_EVENT,REVERSAL_WATCH,[],[],FORMING,,[],[],[],,,,,[],1316,,,[],,,,,,NO_ACTION,,,,2026-07-31T13:54:00+05:30,TORNTPHARM,,
NO_EVENT,REVERSAL_LEG,[],[],FORMING,,[],[],[],,,,,[],1317,,,[],,,,,,NO_ACTION,,,,2026-07-31T13:57:00+05:30,BHEL,,
NO_EVENT,REVERSAL_WATCH,[],[],NONE,,[],[],[],,,,,[],1318,,,[],,,,,,NO_ACTION,,,,2026-07-31T13:57:00+05:30,CHOLAFIN,,
NO_EVENT,NONE,[],[],FORMING,UNKNOWN,[],[],[],AUCTION_SIGNAL_DOWNSTREAM_V2,OPEN,HOLD_POSITION,NONE,"[{""action"": ""HOLD"", ""signal_id"": ""b811de42-fbb9-5d26-a364-a9f98c91de7c"", ""setup"": ""BREAKOUT_INITIATION"", ""side"": ""SELL"", ""stage"": ""TRANSITION"", ""status"": ""OPEN"", ""status_reason"": ""NO_CURRENT_CREATION_EVENT"", ""signal_action"": ""HOLD"", ""signal_state"": ""OPEN"", ""trade_action"": ""HOLD_POSITION"", ""management_posture"": ""CAUTION"", ""management_reason_code"": ""NO_CURRENT_CREATION_EVENT"", ""should_exit_signal"": false}]",1319,CAUTION,NO_CURRENT_CREATION_EVENT,[],HOLD,CAND:0d32e3ad08ef9cc69fd0369f,OPP:0d32e3ad08ef9cc69fd0369f,1712.5,False,HOLD,TRANSITION,OPEN,NO_CURRENT_CREATION_EVENT,2026-07-31T13:57:00+05:30,COFORGE,False,ATR_MULTIPLE
NO_EVENT,NONE,[],[],NONE,,[],[],[],,,,,[],1320,,,[],,,,,,NO_ACTION,,,,2026-07-31T13:57:00+05:30,DIVISLAB,,
NO_EVENT,REVERSAL_WATCH,[],[],NONE,,[],[],[],,,,,[],1321,,,[],,,,,,NO_ACTION,,,,2026-07-31T13:57:00+05:30,EXIDEIND,,
NO_EVENT,NONE,[],[],LOCKED,UNKNOWN,[],[],[],AUCTION_SIGNAL_DOWNSTREAM_V2,OPEN,HOLD_POSITION,NONE,"[{""action"": ""HOLD"", ""signal_id"": ""76d65cfd-3f5f-5419-81f1-24a924660ce7"", ""setup"": ""REVERSAL"", ""side"": ""BUY"", ""stage"": ""TRANSITION"", ""status"": ""OPEN"", ""status_reason"": ""NO_CURRENT_CREATION_EVENT"", ""signal_action"": ""HOLD"", ""signal_state"": ""OPEN"", ""trade_action"": ""HOLD_POSITION"", ""management_posture"": ""CAUTION"", ""management_reason_code"": ""NO_CURRENT_CREATION_EVENT"", ""should_exit_signal"": false}]",1322,CAUTION,NO_CURRENT_CREATION_EVENT,"[""CONTINUATION:BLOCK"", ""REACCELERATION:BLOCK"", ""REVERSAL:BLOCK""]",HOLD,CAND:32b3a707960484f98d8399a7,OPP:32b3a707960484f98d8399a7,17907.0,False,HOLD,TRANSITION,OPEN,NO_CURRENT_CREATION_EVENT,2026-07-31T13:57:00+05:30,FORCEMOT,False,ATR_MULTIPLE
NO_EVENT,NONE,[],[],NONE,UNKNOWN,[],[],[],AUCTION_SIGNAL_DOWNSTREAM_V2,OPEN,HOLD_POSITION,NONE,"[{""action"": ""HOLD"", ""signal_id"": ""a4859555-9e57-5772-9c79-4a6b83478351"", ""setup"": ""FAILED_BREAKOUT"", ""side"": ""BUY"", ""stage"": ""TRANSITION"", ""status"": ""OPEN"", ""status_reason"": ""NO_CURRENT_CREATION_EVENT"", ""signal_action"": ""HOLD"", ""signal_state"": ""OPEN"", ""trade_action"": ""HOLD_POSITION"", ""management_posture"": ""CAUTION"", ""management_reason_code"": ""NO_CURRENT_CREATION_EVENT"", ""should_exit_signal"": false}]",1323,CAUTION,NO_CURRENT_CREATION_EVENT,[],HOLD,CAND:ccb8d7c9ac57fbb14f47bb87,OPP:ccb8d7c9ac57fbb14f47bb87,2231.9,False,HOLD,TRANSITION,OPEN,NO_CURRENT_CREATION_EVENT,2026-07-31T13:57:00+05:30,GLENMARK,False,ATR_MULTIPLE
NO_EVENT,NONE,[],[],FAILED_BACK_INSIDE,UNKNOWN,[],[],[],AUCTION_SIGNAL_DOWNSTREAM_V2,OPEN,HOLD_POSITION,NONE,"[{""action"": ""HOLD"", ""signal_id"": ""6c1d311c-b1e4-503d-9f2d-3a50df29da5d"", ""setup"": ""FAILED_BREAKOUT"", ""side"": ""SELL"", ""stage"": ""TRANSITION"", ""status"": ""OPEN"", ""status_reason"": ""NO_CURRENT_CREATION_EVENT"", ""signal_action"": ""HOLD"", ""signal_state"": ""OPEN"", ""trade_action"": ""HOLD_POSITION"", ""management_posture"": ""CAUTION"", ""management_reason_code"": ""NO_CURRENT_CREATION_EVENT"", ""should_exit_signal"": false}]",1324,CAUTION,NO_CURRENT_CREATION_EVENT,"[""CONTINUATION:BLOCK"", ""REACCELERATION:BLOCK"", ""REVERSAL:BLOCK""]",HOLD,CAND:296c26607039b07e87c6f497,OPP:296c26607039b07e87c6f497,388.0,False,HOLD,TRANSITION,OPEN,NO_CURRENT_CREATION_EVENT,2026-07-31T13:57:00+05:30,INDUSTOWER,False,ATR_MULTIPLE
DIRECTIONAL_MATURED,MATURE,"[""DIR:KALYANKJIL:2026-07-31:012:DOWN:135100:DIRECTIONAL_MATURED:135700""]","[""DIRECTIONAL_MATURED""]",NONE,OPPOSED,[],[],[],AUCTION_SIGNAL_DOWNSTREAM_V2,OPEN,HOLD_POSITION,NONE,"[{""action"": ""HOLD"", ""signal_id"": ""fe205a27-ef8f-5bf7-9192-94593d799d94"", ""setup"": ""BREAKOUT_INITIATION"", ""side"": ""BUY"", ""stage"": ""WEAKENING"", ""status"": ""OPEN"", ""status_reason"": ""AUTHORITATIVE_DIRECTION_OPPOSED"", ""signal_action"": ""HOLD"", ""signal_state"": ""OPEN"", ""trade_action"": ""HOLD_POSITION"", ""management_posture"": ""CAUTION"", ""management_reason_code"": ""AUTHORITATIVE_DIRECTION_OPPOSED"", ""should_exit_signal"": false}]",1325,CAUTION,AUTHORITATIVE_DIRECTION_OPPOSED,[],HOLD,CAND:4a3872010c190995b2d63ff8,OPP:4a3872010c190995b2d63ff8,628.95,False,HOLD,WEAKENING,OPEN,AUTHORITATIVE_DIRECTION_OPPOSED,2026-07-31T13:57:00+05:30,KALYANKJIL,False,ATR_MULTIPLE
NO_EVENT,DIRECTIONAL,[],[],NONE,ALIGNED,[],[],[],AUCTION_SIGNAL_DOWNSTREAM_V2,OPEN,HOLD_POSITION,NONE,"[{""action"": ""HOLD"", ""signal_id"": ""50c51811-b112-5f0f-9fcc-a1422ceea97c"", ""setup"": ""REVERSAL"", ""side"": ""BUY"", ""stage"": ""ACTIVE"", ""status"": ""OPEN"", ""status_reason"": ""AUTHORITATIVE_DIRECTIONAL_ALIGNED"", ""signal_action"": ""HOLD"", ""signal_state"": ""OPEN"", ""trade_action"": ""HOLD_POSITION"", ""management_posture"": ""STRENGTHEN"", ""management_reason_code"": ""AUTHORITATIVE_DIRECTIONAL_ALIGNED"", ""should_exit_signal"": false}]",1326,STRENGTHEN,AUTHORITATIVE_DIRECTIONAL_ALIGNED,[],HOLD,CAND:7316c4a2330c742a8803fe6c,OPP:7316c4a2330c742a8803fe6c,369.15,False,HOLD,ACTIVE,OPEN,AUTHORITATIVE_DIRECTIONAL_ALIGNED,2026-07-31T13:57:00+05:30,MANAPPURAM,True,ATR_MULTIPLE
NO_EVENT,NONE,[],[],NONE,UNKNOWN,[],[],[],AUCTION_SIGNAL_DOWNSTREAM_V2,OPEN,HOLD_POSITION,NONE,"[{""action"": ""HOLD"", ""signal_id"": ""cad8805e-c102-57a4-96c7-d70c9c07f5cc"", ""setup"": ""BREAKOUT_INITIATION"", ""side"": ""BUY"", ""stage"": ""TRANSITION"", ""status"": ""OPEN"", ""status_reason"": ""NO_CURRENT_CREATION_EVENT"", ""signal_action"": ""HOLD"", ""signal_state"": ""OPEN"", ""trade_action"": ""HOLD_POSITION"", ""management_posture"": ""CAUTION"", ""management_reason_code"": ""NO_CURRENT_CREATION_EVENT"", ""should_exit_signal"": false}]",1327,CAUTION,NO_CURRENT_CREATION_EVENT,[],HOLD,CAND:6e00ceac84968df1df4d7495,OPP:6e00ceac84968df1df4d7495,5416.9,False,HOLD,TRANSITION,OPEN,NO_CURRENT_CREATION_EVENT,2026-07-31T13:57:00+05:30,PERSISTENT,False,ATR_MULTIPLE
NO_EVENT,NONE,[],[],LOCKED,UNKNOWN,[],[],[],AUCTION_SIGNAL_DOWNSTREAM_V2,OPEN,HOLD_POSITION,NONE,"[{""action"": ""HOLD"", ""signal_id"": ""57fbc3b0-0822-51b7-8515-450ea6586841"", ""setup"": ""FAILED_BREAKOUT"", ""side"": ""BUY"", ""stage"": ""TRANSITION"", ""status"": ""OPEN"", ""status_reason"": ""NO_CURRENT_CREATION_EVENT"", ""signal_action"": ""HOLD"", ""signal_state"": ""OPEN"", ""trade_action"": ""HOLD_POSITION"", ""management_posture"": ""CAUTION"", ""management_reason_code"": ""NO_CURRENT_CREATION_EVENT"", ""should_exit_signal"": false}]",1328,CAUTION,NO_CURRENT_CREATION_EVENT,"[""CONTINUATION:BLOCK"", ""REACCELERATION:BLOCK"", ""REVERSAL:BLOCK""]",HOLD,CAND:dc1ab160fa1ee75a10189da6,OPP:dc1ab160fa1ee75a10189da6,32370.0,False,HOLD,TRANSITION,OPEN,NO_CURRENT_CREATION_EVENT,2026-07-31T13:57:00+05:30,POWERINDIA,False,ATR_MULTIPLE
NO_EVENT,NONE,[],[],LOCKED,,[],[],[],,,,,[],1329,,,"[""CONTINUATION:BLOCK"", ""REACCELERATION:BLOCK"", ""REVERSAL:BLOCK""]",,,,,,NO_ACTION,,,,2026-07-31T13:57:00+05:30,TCS,,
NO_EVENT,REVERSAL_WATCH,[],[],FORMING,,[],[],[],,,,,[],1330,,,[],,,,,,NO_ACTION,,,,2026-07-31T13:57:00+05:30,TORNTPHARM,,
NO_EVENT,REVERSAL_LEG,[],[],FORMING,,[],[],[],,,,,[],1331,,,[],,,,,,NO_ACTION,,,,2026-07-31T14:00:00+05:30,BHEL,,
NO_EVENT,REVERSAL_WATCH,[],[],NONE,,[],[],[],,,,,[],1332,,,[],,,,,,NO_ACTION,,,,2026-07-31T14:00:00+05:30,CHOLAFIN,,
NO_EVENT,NONE,[],[],FORMING,UNKNOWN,[],[],[],AUCTION_SIGNAL_DOWNSTREAM_V2,OPEN,HOLD_POSITION,NONE,"[{""action"": ""HOLD"", ""signal_id"": ""b811de42-fbb9-5d26-a364-a9f98c91de7c"", ""setup"": ""BREAKOUT_INITIATION"", ""side"": ""SELL"", ""stage"": ""TRANSITION"", ""status"": ""OPEN"", ""status_reason"": ""NO_CURRENT_CREATION_EVENT"", ""signal_action"": ""HOLD"", ""signal_state"": ""OPEN"", ""trade_action"": ""HOLD_POSITION"", ""management_posture"": ""CAUTION"", ""management_reason_code"": ""NO_CURRENT_CREATION_EVENT"", ""should_exit_signal"": false}]",1333,CAUTION,NO_CURRENT_CREATION_EVENT,[],HOLD,CAND:0d32e3ad08ef9cc69fd0369f,OPP:0d32e3ad08ef9cc69fd0369f,1712.5,False,HOLD,TRANSITION,OPEN,NO_CURRENT_CREATION_EVENT,2026-07-31T14:00:00+05:30,COFORGE,False,ATR_MULTIPLE
DIRECTIONAL_STARTED,DIRECTIONAL,"[""DIR:DIVISLAB:2026-07-31:007:UP:140000:DIRECTIONAL_STARTED:140000""]","[""DIRECTIONAL_STARTED""]",NONE,,[],[],[],,,,,[],1334,,,[],,,,,,NO_ACTION,,,,2026-07-31T14:00:00+05:30,DIVISLAB,,
NO_EVENT,REVERSAL_WATCH,[],[],NONE,,[],[],[],,,,,[],1335,,,[],,,,,,NO_ACTION,,,,2026-07-31T14:00:00+05:30,EXIDEIND,,
NO_EVENT,NONE,[],[],LOCKED,UNKNOWN,[],[],[],AUCTION_SIGNAL_DOWNSTREAM_V2,OPEN,HOLD_POSITION,NONE,"[{""action"": ""HOLD"", ""signal_id"": ""76d65cfd-3f5f-5419-81f1-24a924660ce7"", ""setup"": ""REVERSAL"", ""side"": ""BUY"", ""stage"": ""TRANSITION"", ""status"": ""OPEN"", ""status_reason"": ""NO_CURRENT_CREATION_EVENT"", ""signal_action"": ""HOLD"", ""signal_state"": ""OPEN"", ""trade_action"": ""HOLD_POSITION"", ""management_posture"": ""CAUTION"", ""management_reason_code"": ""NO_CURRENT_CREATION_EVENT"", ""should_exit_signal"": false}]",1336,CAUTION,NO_CURRENT_CREATION_EVENT,"[""CONTINUATION:BLOCK"", ""REACCELERATION:BLOCK"", ""REVERSAL:BLOCK""]",HOLD,CAND:32b3a707960484f98d8399a7,OPP:32b3a707960484f98d8399a7,17907.0,False,HOLD,TRANSITION,OPEN,NO_CURRENT_CREATION_EVENT,2026-07-31T14:00:00+05:30,FORCEMOT,False,ATR_MULTIPLE
NO_EVENT,NONE,[],[],NONE,UNKNOWN,[],[],[],AUCTION_SIGNAL_DOWNSTREAM_V2,OPEN,HOLD_POSITION,NONE,"[{""action"": ""HOLD"", ""signal_id"": ""a4859555-9e57-5772-9c79-4a6b83478351"", ""setup"": ""FAILED_BREAKOUT"", ""side"": ""BUY"", ""stage"": ""TRANSITION"", ""status"": ""OPEN"", ""status_reason"": ""NO_CURRENT_CREATION_EVENT"", ""signal_action"": ""HOLD"", ""signal_state"": ""OPEN"", ""trade_action"": ""HOLD_POSITION"", ""management_posture"": ""CAUTION"", ""management_reason_code"": ""NO_CURRENT_CREATION_EVENT"", ""should_exit_signal"": false}]",1337,CAUTION,NO_CURRENT_CREATION_EVENT,[],HOLD,CAND:ccb8d7c9ac57fbb14f47bb87,OPP:ccb8d7c9ac57fbb14f47bb87,2231.9,False,HOLD,TRANSITION,OPEN,NO_CURRENT_CREATION_EVENT,2026-07-31T14:00:00+05:30,GLENMARK,False,ATR_MULTIPLE
NO_EVENT,NONE,[],[],FAILED_BACK_INSIDE,UNKNOWN,[],[],[],AUCTION_SIGNAL_DOWNSTREAM_V2,OPEN,HOLD_POSITION,NONE,"[{""action"": ""HOLD"", ""signal_id"": ""6c1d311c-b1e4-503d-9f2d-3a50df29da5d"", ""setup"": ""FAILED_BREAKOUT"", ""side"": ""SELL"", ""stage"": ""TRANSITION"", ""status"": ""OPEN"", ""status_reason"": ""NO_CURRENT_CREATION_EVENT"", ""signal_action"": ""HOLD"", ""signal_state"": ""OPEN"", ""trade_action"": ""HOLD_POSITION"", ""management_posture"": ""CAUTION"", ""management_reason_code"": ""NO_CURRENT_CREATION_EVENT"", ""should_exit_signal"": false}]",1338,CAUTION,NO_CURRENT_CREATION_EVENT,"[""CONTINUATION:BLOCK"", ""REACCELERATION:BLOCK"", ""REVERSAL:BLOCK""]",HOLD,CAND:296c26607039b07e87c6f497,OPP:296c26607039b07e87c6f497,388.0,False,HOLD,TRANSITION,OPEN,NO_CURRENT_CREATION_EVENT,2026-07-31T14:00:00+05:30,INDUSTOWER,False,ATR_MULTIPLE
REVERSAL_WATCH_STARTED,REVERSAL_WATCH,"[""DIR:KALYANKJIL:2026-07-31:012:DOWN:135100:REVERSAL_WATCH_STARTED:140000""]","[""REVERSAL_WATCH_STARTED""]",NONE,OPPOSED,[],[],[],AUCTION_SIGNAL_DOWNSTREAM_V2,OPEN,HOLD_POSITION,NONE,"[{""action"": ""HOLD"", ""signal_id"": ""fe205a27-ef8f-5bf7-9192-94593d799d94"", ""setup"": ""BREAKOUT_INITIATION"", ""side"": ""BUY"", ""stage"": ""PROTECT"", ""status"": ""OPEN"", ""status_reason"": ""AUTHORITATIVE_REVERSAL_WATCH"", ""signal_action"": ""HOLD"", ""signal_state"": ""OPEN"", ""trade_action"": ""HOLD_POSITION"", ""management_posture"": ""CAUTION"", ""management_reason_code"": ""AUTHORITATIVE_REVERSAL_WATCH"", ""should_exit_signal"": false}]",1339,CAUTION,AUTHORITATIVE_REVERSAL_WATCH,[],HOLD,CAND:4a3872010c190995b2d63ff8,OPP:4a3872010c190995b2d63ff8,628.95,False,HOLD,PROTECT,OPEN,AUTHORITATIVE_REVERSAL_WATCH,2026-07-31T14:00:00+05:30,KALYANKJIL,False,ATR_MULTIPLE
NO_EVENT,DIRECTIONAL,[],[],NONE,ALIGNED,[],[],[],AUCTION_SIGNAL_DOWNSTREAM_V2,OPEN,HOLD_POSITION,NONE,"[{""action"": ""HOLD"", ""signal_id"": ""50c51811-b112-5f0f-9fcc-a1422ceea97c"", ""setup"": ""REVERSAL"", ""side"": ""BUY"", ""stage"": ""ACTIVE"", ""status"": ""OPEN"", ""status_reason"": ""AUTHORITATIVE_DIRECTIONAL_ALIGNED"", ""signal_action"": ""HOLD"", ""signal_state"": ""OPEN"", ""trade_action"": ""HOLD_POSITION"", ""management_posture"": ""STRENGTHEN"", ""management_reason_code"": ""AUTHORITATIVE_DIRECTIONAL_ALIGNED"", ""should_exit_signal"": false}]",1340,STRENGTHEN,AUTHORITATIVE_DIRECTIONAL_ALIGNED,[],HOLD,CAND:7316c4a2330c742a8803fe6c,OPP:7316c4a2330c742a8803fe6c,369.15,False,HOLD,ACTIVE,OPEN,AUTHORITATIVE_DIRECTIONAL_ALIGNED,2026-07-31T14:00:00+05:30,MANAPPURAM,True,ATR_MULTIPLE
NO_EVENT,NONE,[],[],NONE,UNKNOWN,[],[],[],AUCTION_SIGNAL_DOWNSTREAM_V2,OPEN,HOLD_POSITION,NONE,"[{""action"": ""HOLD"", ""signal_id"": ""cad8805e-c102-57a4-96c7-d70c9c07f5cc"", ""setup"": ""BREAKOUT_INITIATION"", ""side"": ""BUY"", ""stage"": ""TRANSITION"", ""status"": ""OPEN"", ""status_reason"": ""NO_CURRENT_CREATION_EVENT"", ""signal_action"": ""HOLD"", ""signal_state"": ""OPEN"", ""trade_action"": ""HOLD_POSITION"", ""management_posture"": ""CAUTION"", ""management_reason_code"": ""NO_CURRENT_CREATION_EVENT"", ""should_exit_signal"": false}]",1341,CAUTION,NO_CURRENT_CREATION_EVENT,[],HOLD,CAND:6e00ceac84968df1df4d7495,OPP:6e00ceac84968df1df4d7495,5416.9,False,HOLD,TRANSITION,OPEN,NO_CURRENT_CREATION_EVENT,2026-07-31T14:00:00+05:30,PERSISTENT,False,ATR_MULTIPLE
NO_EVENT,NONE,[],[],LOCKED,UNKNOWN,[],[],[],AUCTION_SIGNAL_DOWNSTREAM_V2,OPEN,HOLD_POSITION,NONE,"[{""action"": ""HOLD"", ""signal_id"": ""57fbc3b0-0822-51b7-8515-450ea6586841"", ""setup"": ""FAILED_BREAKOUT"", ""side"": ""BUY"", ""stage"": ""TRANSITION"", ""status"": ""OPEN"", ""status_reason"": ""NO_CURRENT_CREATION_EVENT"", ""signal_action"": ""HOLD"", ""signal_state"": ""OPEN"", ""trade_action"": ""HOLD_POSITION"", ""management_posture"": ""CAUTION"", ""management_reason_code"": ""NO_CURRENT_CREATION_EVENT"", ""should_exit_signal"": false}]",1342,CAUTION,NO_CURRENT_CREATION_EVENT,"[""CONTINUATION:BLOCK"", ""REACCELERATION:BLOCK"", ""REVERSAL:BLOCK""]",HOLD,CAND:dc1ab160fa1ee75a10189da6,OPP:dc1ab160fa1ee75a10189da6,32370.0,False,HOLD,TRANSITION,OPEN,NO_CURRENT_CREATION_EVENT,2026-07-31T14:00:00+05:30,POWERINDIA,False,ATR_MULTIPLE
NO_EVENT,NONE,[],[],LOCKED,,[],[],[],,,,,[],1343,,,"[""CONTINUATION:BLOCK"", ""REACCELERATION:BLOCK"", ""REVERSAL:BLOCK""]",,,,,,NO_ACTION,,,,2026-07-31T14:00:00+05:30,TCS,,
BALANCE_PROBABLE,REVERSAL_WATCH,"[""BAL:TORNTPHARM:2026-07-31:006:NEUTRAL:134800:BALANCE_PROBABLE:140000""]","[""BALANCE_PROBABLE""]",PROBABLE,,[],[],[],,,,,[],1344,,,[],,,,,,NO_ACTION,,,,2026-07-31T14:00:00+05:30,TORNTPHARM,,
NO_EVENT,REVERSAL_LEG,[],[],FORMING,,[],[],[],,,,,[],1345,,,[],,,,,,NO_ACTION,,,,2026-07-31T14:03:00+05:30,BHEL,,
NO_EVENT,REVERSAL_WATCH,[],[],NONE,,[],[],[],,,,,[],1346,,,[],,,,,,NO_ACTION,,,,2026-07-31T14:03:00+05:30,CHOLAFIN,,
NO_EVENT,NONE,[],[],FORMING,UNKNOWN,[],[],[],AUCTION_SIGNAL_DOWNSTREAM_V2,OPEN,HOLD_POSITION,NONE,"[{""action"": ""HOLD"", ""signal_id"": ""b811de42-fbb9-5d26-a364-a9f98c91de7c"", ""setup"": ""BREAKOUT_INITIATION"", ""side"": ""SELL"", ""stage"": ""TRANSITION"", ""status"": ""OPEN"", ""status_reason"": ""NO_CURRENT_CREATION_EVENT"", ""signal_action"": ""HOLD"", ""signal_state"": ""OPEN"", ""trade_action"": ""HOLD_POSITION"", ""management_posture"": ""CAUTION"", ""management_reason_code"": ""NO_CURRENT_CREATION_EVENT"", ""should_exit_signal"": false}]",1347,CAUTION,NO_CURRENT_CREATION_EVENT,[],HOLD,CAND:0d32e3ad08ef9cc69fd0369f,OPP:0d32e3ad08ef9cc69fd0369f,1712.5,False,HOLD,TRANSITION,OPEN,NO_CURRENT_CREATION_EVENT,2026-07-31T14:03:00+05:30,COFORGE,False,ATR_MULTIPLE
NO_EVENT,DIRECTIONAL,[],[],NONE,,[],[],[],,,,,[],1348,,,[],,,,,,NO_ACTION,,,,2026-07-31T14:03:00+05:30,DIVISLAB,,
"DIRECTIONAL_REVERSAL_CONFIRMED,DIRECTIONAL_COMPLETED,DIRECTIONAL_REVERSAL_LEG_STARTED",REVERSAL_LEG,"[""DIR:EXIDEIND:2026-07-31:006:UP:134500:DIRECTIONAL_REVERSAL_CONFIRMED:140300"", ""DIR:EXIDEIND:2026-07-31:006:UP:134500:DIRECTIONAL_COMPLETED:140300"", ""DIR:EXIDEIND:2026-07-31:007:DOWN:140300:DIRECTIONAL_REVERSAL_LEG_STARTED:140300""]","[""DIRECTIONAL_REVERSAL_CONFIRMED"", ""DIRECTIONAL_COMPLETED"", ""DIRECTIONAL_REVERSAL_LEG_STARTED""]",NONE,,[],[],[],,,,,[],1349,,,"[""REVERSAL:WAIT""]",,,,,,NO_ACTION,,,,2026-07-31T14:03:00+05:30,EXIDEIND,,
NO_EVENT,NONE,[],[],LOCKED,UNKNOWN,[],[],[],AUCTION_SIGNAL_DOWNSTREAM_V2,OPEN,HOLD_POSITION,NONE,"[{""action"": ""HOLD"", ""signal_id"": ""76d65cfd-3f5f-5419-81f1-24a924660ce7"", ""setup"": ""REVERSAL"", ""side"": ""BUY"", ""stage"": ""TRANSITION"", ""status"": ""OPEN"", ""status_reason"": ""NO_CURRENT_CREATION_EVENT"", ""signal_action"": ""HOLD"", ""signal_state"": ""OPEN"", ""trade_action"": ""HOLD_POSITION"", ""management_posture"": ""CAUTION"", ""management_reason_code"": ""NO_CURRENT_CREATION_EVENT"", ""should_exit_signal"": false}]",1350,CAUTION,NO_CURRENT_CREATION_EVENT,"[""CONTINUATION:BLOCK"", ""REACCELERATION:BLOCK"", ""REVERSAL:BLOCK""]",HOLD,CAND:32b3a707960484f98d8399a7,OPP:32b3a707960484f98d8399a7,17907.0,False,HOLD,TRANSITION,OPEN,NO_CURRENT_CREATION_EVENT,2026-07-31T14:03:00+05:30,FORCEMOT,False,ATR_MULTIPLE
NO_EVENT,NONE,[],[],NONE,UNKNOWN,[],[],[],AUCTION_SIGNAL_DOWNSTREAM_V2,OPEN,HOLD_POSITION,NONE,"[{""action"": ""HOLD"", ""signal_id"": ""a4859555-9e57-5772-9c79-4a6b83478351"", ""setup"": ""FAILED_BREAKOUT"", ""side"": ""BUY"", ""stage"": ""TRANSITION"", ""status"": ""OPEN"", ""status_reason"": ""NO_CURRENT_CREATION_EVENT"", ""signal_action"": ""HOLD"", ""signal_state"": ""OPEN"", ""trade_action"": ""HOLD_POSITION"", ""management_posture"": ""CAUTION"", ""management_reason_code"": ""NO_CURRENT_CREATION_EVENT"", ""should_exit_signal"": false}]",1351,CAUTION,NO_CURRENT_CREATION_EVENT,[],HOLD,CAND:ccb8d7c9ac57fbb14f47bb87,OPP:ccb8d7c9ac57fbb14f47bb87,2231.9,False,HOLD,TRANSITION,OPEN,NO_CURRENT_CREATION_EVENT,2026-07-31T14:03:00+05:30,GLENMARK,False,ATR_MULTIPLE
NO_EVENT,NONE,[],[],FAILED_BACK_INSIDE,UNKNOWN,[],[],[],AUCTION_SIGNAL_DOWNSTREAM_V2,OPEN,HOLD_POSITION,NONE,"[{""action"": ""HOLD"", ""signal_id"": ""6c1d311c-b1e4-503d-9f2d-3a50df29da5d"", ""setup"": ""FAILED_BREAKOUT"", ""side"": ""SELL"", ""stage"": ""TRANSITION"", ""status"": ""OPEN"", ""status_reason"": ""NO_CURRENT_CREATION_EVENT"", ""signal_action"": ""HOLD"", ""signal_state"": ""OPEN"", ""trade_action"": ""HOLD_POSITION"", ""management_posture"": ""CAUTION"", ""management_reason_code"": ""NO_CURRENT_CREATION_EVENT"", ""should_exit_signal"": false}]",1352,CAUTION,NO_CURRENT_CREATION_EVENT,"[""CONTINUATION:BLOCK"", ""REACCELERATION:BLOCK"", ""REVERSAL:BLOCK""]",HOLD,CAND:296c26607039b07e87c6f497,OPP:296c26607039b07e87c6f497,388.0,False,HOLD,TRANSITION,OPEN,NO_CURRENT_CREATION_EVENT,2026-07-31T14:03:00+05:30,INDUSTOWER,False,ATR_MULTIPLE
NO_EVENT,REVERSAL_WATCH,[],[],NONE,OPPOSED,[],[],[],AUCTION_SIGNAL_DOWNSTREAM_V2,OPEN,HOLD_POSITION,NONE,"[{""action"": ""HOLD"", ""signal_id"": ""fe205a27-ef8f-5bf7-9192-94593d799d94"", ""setup"": ""BREAKOUT_INITIATION"", ""side"": ""BUY"", ""stage"": ""PROTECT"", ""status"": ""OPEN"", ""status_reason"": ""AUTHORITATIVE_REVERSAL_WATCH"", ""signal_action"": ""HOLD"", ""signal_state"": ""OPEN"", ""trade_action"": ""HOLD_POSITION"", ""management_posture"": ""CAUTION"", ""management_reason_code"": ""AUTHORITATIVE_REVERSAL_WATCH"", ""should_exit_signal"": false}]",1353,CAUTION,AUTHORITATIVE_REVERSAL_WATCH,[],HOLD,CAND:4a3872010c190995b2d63ff8,OPP:4a3872010c190995b2d63ff8,628.95,False,HOLD,PROTECT,OPEN,AUTHORITATIVE_REVERSAL_WATCH,2026-07-31T14:03:00+05:30,KALYANKJIL,False,ATR_MULTIPLE
NO_EVENT,DIRECTIONAL,[],[],NONE,ALIGNED,[],[],[],AUCTION_SIGNAL_DOWNSTREAM_V2,OPEN,HOLD_POSITION,NONE,"[{""action"": ""HOLD"", ""signal_id"": ""50c51811-b112-5f0f-9fcc-a1422ceea97c"", ""setup"": ""REVERSAL"", ""side"": ""BUY"", ""stage"": ""ACTIVE"", ""status"": ""OPEN"", ""status_reason"": ""AUTHORITATIVE_DIRECTIONAL_ALIGNED"", ""signal_action"": ""HOLD"", ""signal_state"": ""OPEN"", ""trade_action"": ""HOLD_POSITION"", ""management_posture"": ""STRENGTHEN"", ""management_reason_code"": ""AUTHORITATIVE_DIRECTIONAL_ALIGNED"", ""should_exit_signal"": false}]",1354,STRENGTHEN,AUTHORITATIVE_DIRECTIONAL_ALIGNED,[],HOLD,CAND:7316c4a2330c742a8803fe6c,OPP:7316c4a2330c742a8803fe6c,369.15,False,HOLD,ACTIVE,OPEN,AUTHORITATIVE_DIRECTIONAL_ALIGNED,2026-07-31T14:03:00+05:30,MANAPPURAM,True,ATR_MULTIPLE
BALANCE_FORMING_STARTED,NONE,"[""BAL:PERSISTENT:2026-07-31:006:NEUTRAL:140300:BALANCE_FORMING_STARTED:140300""]","[""BALANCE_FORMING_STARTED""]",FORMING,UNKNOWN,[],[],[],AUCTION_SIGNAL_DOWNSTREAM_V2,OPEN,HOLD_POSITION,NONE,"[{""action"": ""HOLD"", ""signal_id"": ""cad8805e-c102-57a4-96c7-d70c9c07f5cc"", ""setup"": ""BREAKOUT_INITIATION"", ""side"": ""BUY"", ""stage"": ""TRANSITION"", ""status"": ""OPEN"", ""status_reason"": ""NO_CURRENT_CREATION_EVENT"", ""signal_action"": ""HOLD"", ""signal_state"": ""OPEN"", ""trade_action"": ""HOLD_POSITION"", ""management_posture"": ""CAUTION"", ""management_reason_code"": ""NO_CURRENT_CREATION_EVENT"", ""should_exit_signal"": false}]",1355,CAUTION,NO_CURRENT_CREATION_EVENT,[],HOLD,CAND:6e00ceac84968df1df4d7495,OPP:6e00ceac84968df1df4d7495,5416.9,False,HOLD,TRANSITION,OPEN,NO_CURRENT_CREATION_EVENT,2026-07-31T14:03:00+05:30,PERSISTENT,False,ATR_MULTIPLE
NO_EVENT,NONE,[],[],LOCKED,UNKNOWN,[],[],[],AUCTION_SIGNAL_DOWNSTREAM_V2,OPEN,HOLD_POSITION,NONE,"[{""action"": ""HOLD"", ""signal_id"": ""57fbc3b0-0822-51b7-8515-450ea6586841"", ""setup"": ""FAILED_BREAKOUT"", ""side"": ""BUY"", ""stage"": ""TRANSITION"", ""status"": ""OPEN"", ""status_reason"": ""NO_CURRENT_CREATION_EVENT"", ""signal_action"": ""HOLD"", ""signal_state"": ""OPEN"", ""trade_action"": ""HOLD_POSITION"", ""management_posture"": ""CAUTION"", ""management_reason_code"": ""NO_CURRENT_CREATION_EVENT"", ""should_exit_signal"": false}]",1356,CAUTION,NO_CURRENT_CREATION_EVENT,"[""CONTINUATION:BLOCK"", ""REACCELERATION:BLOCK"", ""REVERSAL:BLOCK""]",HOLD,CAND:dc1ab160fa1ee75a10189da6,OPP:dc1ab160fa1ee75a10189da6,32370.0,False,HOLD,TRANSITION,OPEN,NO_CURRENT_CREATION_EVENT,2026-07-31T14:03:00+05:30,POWERINDIA,False,ATR_MULTIPLE
NO_EVENT,NONE,[],[],LOCKED,,[],[],[],,,,,[],1357,,,"[""CONTINUATION:BLOCK"", ""REACCELERATION:BLOCK"", ""REVERSAL:BLOCK""]",,,,,,NO_ACTION,,,,2026-07-31T14:03:00+05:30,TCS,,
NO_EVENT,REVERSAL_WATCH,[],[],PROBABLE,,[],[],[],,,,,[],1358,,,[],,,,,,NO_ACTION,,,,2026-07-31T14:03:00+05:30,TORNTPHARM,,
"BALANCE_COMPLETED,DIRECTIONAL_REVERSAL_LEG_FAILED,DIRECTIONAL_COMPLETED",COMPLETED,"[""BAL:BHEL:2026-07-31:003:NEUTRAL:131500:BALANCE_COMPLETED:140600"", ""DIR:BHEL:2026-07-31:010:UP:135100:DIRECTIONAL_REVERSAL_LEG_FAILED:140600"", ""DIR:BHEL:2026-07-31:010:UP:135100:DIRECTIONAL_COMPLETED:140600""]","[""BALANCE_COMPLETED"", ""DIRECTIONAL_REVERSAL_LEG_FAILED"", ""DIRECTIONAL_COMPLETED""]",COMPLETED,,[],[],[],,,,,[],1359,,,[],,,,,,NO_ACTION,,,,2026-07-31T14:06:00+05:30,BHEL,,
NO_EVENT,REVERSAL_WATCH,[],[],NONE,,[],[],[],,,,,[],1360,,,[],,,,,,NO_ACTION,,,,2026-07-31T14:06:00+05:30,CHOLAFIN,,
BALANCE_PROBABLE,NONE,"[""BAL:COFORGE:2026-07-31:004:NEUTRAL:135400:BALANCE_PROBABLE:140600""]","[""BALANCE_PROBABLE""]",PROBABLE,UNKNOWN,[],[],[],AUCTION_SIGNAL_DOWNSTREAM_V2,OPEN,HOLD_POSITION,NONE,"[{""action"": ""HOLD"", ""signal_id"": ""b811de42-fbb9-5d26-a364-a9f98c91de7c"", ""setup"": ""BREAKOUT_INITIATION"", ""side"": ""SELL"", ""stage"": ""TRANSITION"", ""status"": ""OPEN"", ""status_reason"": ""NO_CURRENT_CREATION_EVENT"", ""signal_action"": ""HOLD"", ""signal_state"": ""OPEN"", ""trade_action"": ""HOLD_POSITION"", ""management_posture"": ""CAUTION"", ""management_reason_code"": ""NO_CURRENT_CREATION_EVENT"", ""should_exit_signal"": false}]",1361,CAUTION,NO_CURRENT_CREATION_EVENT,[],HOLD,CAND:0d32e3ad08ef9cc69fd0369f,OPP:0d32e3ad08ef9cc69fd0369f,1712.5,False,HOLD,TRANSITION,OPEN,NO_CURRENT_CREATION_EVENT,2026-07-31T14:06:00+05:30,COFORGE,False,ATR_MULTIPLE
NO_EVENT,DIRECTIONAL,[],[],NONE,,[],[],[],,,,,[],1362,,,[],,,,,,NO_ACTION,,,,2026-07-31T14:06:00+05:30,DIVISLAB,,
BALANCE_FORMING_STARTED,REVERSAL_LEG,"[""BAL:EXIDEIND:2026-07-31:005:NEUTRAL:140600:BALANCE_FORMING_STARTED:140600""]","[""BALANCE_FORMING_STARTED""]",FORMING,,[],[],[],,,,,[],1363,,,[],,,,,,NO_ACTION,,,,2026-07-31T14:06:00+05:30,EXIDEIND,,
NO_EVENT,NONE,[],[],LOCKED,UNKNOWN,[],[],[],AUCTION_SIGNAL_DOWNSTREAM_V2,OPEN,HOLD_POSITION,NONE,"[{""action"": ""HOLD"", ""signal_id"": ""76d65cfd-3f5f-5419-81f1-24a924660ce7"", ""setup"": ""REVERSAL"", ""side"": ""BUY"", ""stage"": ""TRANSITION"", ""status"": ""OPEN"", ""status_reason"": ""NO_CURRENT_CREATION_EVENT"", ""signal_action"": ""HOLD"", ""signal_state"": ""OPEN"", ""trade_action"": ""HOLD_POSITION"", ""management_posture"": ""CAUTION"", ""management_reason_code"": ""NO_CURRENT_CREATION_EVENT"", ""should_exit_signal"": false}]",1364,CAUTION,NO_CURRENT_CREATION_EVENT,"[""CONTINUATION:BLOCK"", ""REACCELERATION:BLOCK"", ""REVERSAL:BLOCK""]",HOLD,CAND:32b3a707960484f98d8399a7,OPP:32b3a707960484f98d8399a7,17907.0,False,HOLD,TRANSITION,OPEN,NO_CURRENT_CREATION_EVENT,2026-07-31T14:06:00+05:30,FORCEMOT,False,ATR_MULTIPLE
NO_EVENT,NONE,[],[],NONE,UNKNOWN,[],[],[],AUCTION_SIGNAL_DOWNSTREAM_V2,OPEN,HOLD_POSITION,NONE,"[{""action"": ""HOLD"", ""signal_id"": ""a4859555-9e57-5772-9c79-4a6b83478351"", ""setup"": ""FAILED_BREAKOUT"", ""side"": ""BUY"", ""stage"": ""TRANSITION"", ""status"": ""OPEN"", ""status_reason"": ""NO_CURRENT_CREATION_EVENT"", ""signal_action"": ""HOLD"", ""signal_state"": ""OPEN"", ""trade_action"": ""HOLD_POSITION"", ""management_posture"": ""CAUTION"", ""management_reason_code"": ""NO_CURRENT_CREATION_EVENT"", ""should_exit_signal"": false}]",1365,CAUTION,NO_CURRENT_CREATION_EVENT,[],HOLD,CAND:ccb8d7c9ac57fbb14f47bb87,OPP:ccb8d7c9ac57fbb14f47bb87,2231.9,False,HOLD,TRANSITION,OPEN,NO_CURRENT_CREATION_EVENT,2026-07-31T14:06:00+05:30,GLENMARK,False,ATR_MULTIPLE
NO_EVENT,NONE,[],[],FAILED_BACK_INSIDE,UNKNOWN,[],[],[],AUCTION_SIGNAL_DOWNSTREAM_V2,OPEN,HOLD_POSITION,NONE,"[{""action"": ""HOLD"", ""signal_id"": ""6c1d311c-b1e4-503d-9f2d-3a50df29da5d"", ""setup"": ""FAILED_BREAKOUT"", ""side"": ""SELL"", ""stage"": ""TRANSITION"", ""status"": ""OPEN"", ""status_reason"": ""NO_CURRENT_CREATION_EVENT"", ""signal_action"": ""HOLD"", ""signal_state"": ""OPEN"", ""trade_action"": ""HOLD_POSITION"", ""management_posture"": ""CAUTION"", ""management_reason_code"": ""NO_CURRENT_CREATION_EVENT"", ""should_exit_signal"": false}]",1366,CAUTION,NO_CURRENT_CREATION_EVENT,"[""CONTINUATION:BLOCK"", ""REACCELERATION:BLOCK"", ""REVERSAL:BLOCK""]",HOLD,CAND:296c26607039b07e87c6f497,OPP:296c26607039b07e87c6f497,388.0,False,HOLD,TRANSITION,OPEN,NO_CURRENT_CREATION_EVENT,2026-07-31T14:06:00+05:30,INDUSTOWER,False,ATR_MULTIPLE
NO_EVENT,REVERSAL_WATCH,[],[],NONE,OPPOSED,[],[],[],AUCTION_SIGNAL_DOWNSTREAM_V2,OPEN,HOLD_POSITION,NONE,"[{""action"": ""HOLD"", ""signal_id"": ""fe205a27-ef8f-5bf7-9192-94593d799d94"", ""setup"": ""BREAKOUT_INITIATION"", ""side"": ""BUY"", ""stage"": ""PROTECT"", ""status"": ""OPEN"", ""status_reason"": ""AUTHORITATIVE_REVERSAL_WATCH"", ""signal_action"": ""HOLD"", ""signal_state"": ""OPEN"", ""trade_action"": ""HOLD_POSITION"", ""management_posture"": ""CAUTION"", ""management_reason_code"": ""AUTHORITATIVE_REVERSAL_WATCH"", ""should_exit_signal"": false}]",1367,CAUTION,AUTHORITATIVE_REVERSAL_WATCH,[],HOLD,CAND:4a3872010c190995b2d63ff8,OPP:4a3872010c190995b2d63ff8,628.95,False,HOLD,PROTECT,OPEN,AUTHORITATIVE_REVERSAL_WATCH,2026-07-31T14:06:00+05:30,KALYANKJIL,False,ATR_MULTIPLE
NO_EVENT,DIRECTIONAL,[],[],NONE,ALIGNED,[],[],[],AUCTION_SIGNAL_DOWNSTREAM_V2,OPEN,HOLD_POSITION,NONE,"[{""action"": ""HOLD"", ""signal_id"": ""50c51811-b112-5f0f-9fcc-a1422ceea97c"", ""setup"": ""REVERSAL"", ""side"": ""BUY"", ""stage"": ""ACTIVE"", ""status"": ""OPEN"", ""status_reason"": ""AUTHORITATIVE_DIRECTIONAL_ALIGNED"", ""signal_action"": ""HOLD"", ""signal_state"": ""OPEN"", ""trade_action"": ""HOLD_POSITION"", ""management_posture"": ""STRENGTHEN"", ""management_reason_code"": ""AUTHORITATIVE_DIRECTIONAL_ALIGNED"", ""should_exit_signal"": false}]",1368,STRENGTHEN,AUTHORITATIVE_DIRECTIONAL_ALIGNED,[],HOLD,CAND:7316c4a2330c742a8803fe6c,OPP:7316c4a2330c742a8803fe6c,369.15,False,HOLD,ACTIVE,OPEN,AUTHORITATIVE_DIRECTIONAL_ALIGNED,2026-07-31T14:06:00+05:30,MANAPPURAM,True,ATR_MULTIPLE
NO_EVENT,NONE,[],[],FORMING,UNKNOWN,[],[],[],AUCTION_SIGNAL_DOWNSTREAM_V2,OPEN,HOLD_POSITION,NONE,"[{""action"": ""HOLD"", ""signal_id"": ""cad8805e-c102-57a4-96c7-d70c9c07f5cc"", ""setup"": ""BREAKOUT_INITIATION"", ""side"": ""BUY"", ""stage"": ""TRANSITION"", ""status"": ""OPEN"", ""status_reason"": ""NO_CURRENT_CREATION_EVENT"", ""signal_action"": ""HOLD"", ""signal_state"": ""OPEN"", ""trade_action"": ""HOLD_POSITION"", ""management_posture"": ""CAUTION"", ""management_reason_code"": ""NO_CURRENT_CREATION_EVENT"", ""should_exit_signal"": false}]",1369,CAUTION,NO_CURRENT_CREATION_EVENT,[],HOLD,CAND:6e00ceac84968df1df4d7495,OPP:6e00ceac84968df1df4d7495,5416.9,False,HOLD,TRANSITION,OPEN,NO_CURRENT_CREATION_EVENT,2026-07-31T14:06:00+05:30,PERSISTENT,False,ATR_MULTIPLE
NO_EVENT,NONE,[],[],LOCKED,UNKNOWN,[],[],[],AUCTION_SIGNAL_DOWNSTREAM_V2,OPEN,HOLD_POSITION,NONE,"[{""action"": ""HOLD"", ""signal_id"": ""57fbc3b0-0822-51b7-8515-450ea6586841"", ""setup"": ""FAILED_BREAKOUT"", ""side"": ""BUY"", ""stage"": ""TRANSITION"", ""status"": ""OPEN"", ""status_reason"": ""NO_CURRENT_CREATION_EVENT"", ""signal_action"": ""HOLD"", ""signal_state"": ""OPEN"", ""trade_action"": ""HOLD_POSITION"", ""management_posture"": ""CAUTION"", ""management_reason_code"": ""NO_CURRENT_CREATION_EVENT"", ""should_exit_signal"": false}]",1370,CAUTION,NO_CURRENT_CREATION_EVENT,"[""CONTINUATION:BLOCK"", ""REACCELERATION:BLOCK"", ""REVERSAL:BLOCK""]",HOLD,CAND:dc1ab160fa1ee75a10189da6,OPP:dc1ab160fa1ee75a10189da6,32370.0,False,HOLD,TRANSITION,OPEN,NO_CURRENT_CREATION_EVENT,2026-07-31T14:06:00+05:30,POWERINDIA,False,ATR_MULTIPLE
NO_EVENT,NONE,[],[],LOCKED,,[],[],[],,,,,[],1371,,,"[""CONTINUATION:BLOCK"", ""REACCELERATION:BLOCK"", ""REVERSAL:BLOCK""]",,,,,,NO_ACTION,,,,2026-07-31T14:06:00+05:30,TCS,,
NO_EVENT,REVERSAL_WATCH,[],[],PROBABLE,,[],[],[],,,,,[],1372,,,[],,,,,,NO_ACTION,,,,2026-07-31T14:06:00+05:30,TORNTPHARM,,
NO_EVENT,NONE,[],[],NONE,,[],[],[],,,,,[],1373,,,[],,,,,,NO_ACTION,,,,2026-07-31T14:09:00+05:30,BHEL,,
NO_EVENT,REVERSAL_WATCH,[],[],NONE,,[],[],[],,,,,[],1374,,,[],,,,,,NO_ACTION,,,,2026-07-31T14:09:00+05:30,CHOLAFIN,,
NO_EVENT,NONE,[],[],PROBABLE,UNKNOWN,[],[],[],AUCTION_SIGNAL_DOWNSTREAM_V2,OPEN,HOLD_POSITION,NONE,"[{""action"": ""HOLD"", ""signal_id"": ""b811de42-fbb9-5d26-a364-a9f98c91de7c"", ""setup"": ""BREAKOUT_INITIATION"", ""side"": ""SELL"", ""stage"": ""TRANSITION"", ""status"": ""OPEN"", ""status_reason"": ""NO_CURRENT_CREATION_EVENT"", ""signal_action"": ""HOLD"", ""signal_state"": ""OPEN"", ""trade_action"": ""HOLD_POSITION"", ""management_posture"": ""CAUTION"", ""management_reason_code"": ""NO_CURRENT_CREATION_EVENT"", ""should_exit_signal"": false}]",1375,CAUTION,NO_CURRENT_CREATION_EVENT,[],HOLD,CAND:0d32e3ad08ef9cc69fd0369f,OPP:0d32e3ad08ef9cc69fd0369f,1712.5,False,HOLD,TRANSITION,OPEN,NO_CURRENT_CREATION_EVENT,2026-07-31T14:09:00+05:30,COFORGE,False,ATR_MULTIPLE
NO_EVENT,DIRECTIONAL,[],[],NONE,,[],[],[],,,,,[],1376,,,[],,,,,,NO_ACTION,,,,2026-07-31T14:09:00+05:30,DIVISLAB,,
NO_EVENT,REVERSAL_LEG,[],[],FORMING,,[],[],[],,,,,[],1377,,,[],,,,,,NO_ACTION,,,,2026-07-31T14:09:00+05:30,EXIDEIND,,
NO_EVENT,NONE,[],[],LOCKED,UNKNOWN,[],[],[],AUCTION_SIGNAL_DOWNSTREAM_V2,OPEN,HOLD_POSITION,NONE,"[{""action"": ""HOLD"", ""signal_id"": ""76d65cfd-3f5f-5419-81f1-24a924660ce7"", ""setup"": ""REVERSAL"", ""side"": ""BUY"", ""stage"": ""TRANSITION"", ""status"": ""OPEN"", ""status_reason"": ""NO_CURRENT_CREATION_EVENT"", ""signal_action"": ""HOLD"", ""signal_state"": ""OPEN"", ""trade_action"": ""HOLD_POSITION"", ""management_posture"": ""CAUTION"", ""management_reason_code"": ""NO_CURRENT_CREATION_EVENT"", ""should_exit_signal"": false}]",1378,CAUTION,NO_CURRENT_CREATION_EVENT,"[""CONTINUATION:BLOCK"", ""REACCELERATION:BLOCK"", ""REVERSAL:BLOCK""]",HOLD,CAND:32b3a707960484f98d8399a7,OPP:32b3a707960484f98d8399a7,17907.0,False,HOLD,TRANSITION,OPEN,NO_CURRENT_CREATION_EVENT,2026-07-31T14:09:00+05:30,FORCEMOT,False,ATR_MULTIPLE
NO_EVENT,NONE,[],[],NONE,UNKNOWN,[],[],[],AUCTION_SIGNAL_DOWNSTREAM_V2,OPEN,HOLD_POSITION,NONE,"[{""action"": ""HOLD"", ""signal_id"": ""a4859555-9e57-5772-9c79-4a6b83478351"", ""setup"": ""FAILED_BREAKOUT"", ""side"": ""BUY"", ""stage"": ""TRANSITION"", ""status"": ""OPEN"", ""status_reason"": ""NO_CURRENT_CREATION_EVENT"", ""signal_action"": ""HOLD"", ""signal_state"": ""OPEN"", ""trade_action"": ""HOLD_POSITION"", ""management_posture"": ""CAUTION"", ""management_reason_code"": ""NO_CURRENT_CREATION_EVENT"", ""should_exit_signal"": false}]",1379,CAUTION,NO_CURRENT_CREATION_EVENT,[],HOLD,CAND:ccb8d7c9ac57fbb14f47bb87,OPP:ccb8d7c9ac57fbb14f47bb87,2231.9,False,HOLD,TRANSITION,OPEN,NO_CURRENT_CREATION_EVENT,2026-07-31T14:09:00+05:30,GLENMARK,False,ATR_MULTIPLE
NO_EVENT,NONE,[],[],FAILED_BACK_INSIDE,UNKNOWN,[],[],[],AUCTION_SIGNAL_DOWNSTREAM_V2,OPEN,HOLD_POSITION,NONE,"[{""action"": ""HOLD"", ""signal_id"": ""6c1d311c-b1e4-503d-9f2d-3a50df29da5d"", ""setup"": ""FAILED_BREAKOUT"", ""side"": ""SELL"", ""stage"": ""TRANSITION"", ""status"": ""OPEN"", ""status_reason"": ""NO_CURRENT_CREATION_EVENT"", ""signal_action"": ""HOLD"", ""signal_state"": ""OPEN"", ""trade_action"": ""HOLD_POSITION"", ""management_posture"": ""CAUTION"", ""management_reason_code"": ""NO_CURRENT_CREATION_EVENT"", ""should_exit_signal"": false}]",1380,CAUTION,NO_CURRENT_CREATION_EVENT,"[""CONTINUATION:BLOCK"", ""REACCELERATION:BLOCK"", ""REVERSAL:BLOCK""]",HOLD,CAND:296c26607039b07e87c6f497,OPP:296c26607039b07e87c6f497,388.0,False,HOLD,TRANSITION,OPEN,NO_CURRENT_CREATION_EVENT,2026-07-31T14:09:00+05:30,INDUSTOWER,False,ATR_MULTIPLE
BALANCE_FORMING_STARTED,REVERSAL_WATCH,"[""BAL:KALYANKJIL:2026-07-31:005:NEUTRAL:140900:BALANCE_FORMING_STARTED:140900""]","[""BALANCE_FORMING_STARTED""]",FORMING,OPPOSED,[],[],[],AUCTION_SIGNAL_DOWNSTREAM_V2,OPEN,HOLD_POSITION,NONE,"[{""action"": ""HOLD"", ""signal_id"": ""fe205a27-ef8f-5bf7-9192-94593d799d94"", ""setup"": ""BREAKOUT_INITIATION"", ""side"": ""BUY"", ""stage"": ""PROTECT"", ""status"": ""OPEN"", ""status_reason"": ""AUTHORITATIVE_REVERSAL_WATCH"", ""signal_action"": ""HOLD"", ""signal_state"": ""OPEN"", ""trade_action"": ""HOLD_POSITION"", ""management_posture"": ""CAUTION"", ""management_reason_code"": ""AUTHORITATIVE_REVERSAL_WATCH"", ""should_exit_signal"": false}]",1381,CAUTION,AUTHORITATIVE_REVERSAL_WATCH,[],HOLD,CAND:4a3872010c190995b2d63ff8,OPP:4a3872010c190995b2d63ff8,628.95,False,HOLD,PROTECT,OPEN,AUTHORITATIVE_REVERSAL_WATCH,2026-07-31T14:09:00+05:30,KALYANKJIL,False,ATR_MULTIPLE
NO_EVENT,DIRECTIONAL,[],[],NONE,ALIGNED,[],[],[],AUCTION_SIGNAL_DOWNSTREAM_V2,OPEN,HOLD_POSITION,NONE,"[{""action"": ""HOLD"", ""signal_id"": ""50c51811-b112-5f0f-9fcc-a1422ceea97c"", ""setup"": ""REVERSAL"", ""side"": ""BUY"", ""stage"": ""ACTIVE"", ""status"": ""OPEN"", ""status_reason"": ""AUTHORITATIVE_DIRECTIONAL_ALIGNED"", ""signal_action"": ""HOLD"", ""signal_state"": ""OPEN"", ""trade_action"": ""HOLD_POSITION"", ""management_posture"": ""STRENGTHEN"", ""management_reason_code"": ""AUTHORITATIVE_DIRECTIONAL_ALIGNED"", ""should_exit_signal"": false}]",1382,STRENGTHEN,AUTHORITATIVE_DIRECTIONAL_ALIGNED,[],HOLD,CAND:7316c4a2330c742a8803fe6c,OPP:7316c4a2330c742a8803fe6c,369.15,False,HOLD,ACTIVE,OPEN,AUTHORITATIVE_DIRECTIONAL_ALIGNED,2026-07-31T14:09:00+05:30,MANAPPURAM,True,ATR_MULTIPLE
NO_EVENT,NONE,[],[],FORMING,UNKNOWN,[],[],[],AUCTION_SIGNAL_DOWNSTREAM_V2,OPEN,HOLD_POSITION,NONE,"[{""action"": ""HOLD"", ""signal_id"": ""cad8805e-c102-57a4-96c7-d70c9c07f5cc"", ""setup"": ""BREAKOUT_INITIATION"", ""side"": ""BUY"", ""stage"": ""TRANSITION"", ""status"": ""OPEN"", ""status_reason"": ""NO_CURRENT_CREATION_EVENT"", ""signal_action"": ""HOLD"", ""signal_state"": ""OPEN"", ""trade_action"": ""HOLD_POSITION"", ""management_posture"": ""CAUTION"", ""management_reason_code"": ""NO_CURRENT_CREATION_EVENT"", ""should_exit_signal"": false}]",1383,CAUTION,NO_CURRENT_CREATION_EVENT,[],HOLD,CAND:6e00ceac84968df1df4d7495,OPP:6e00ceac84968df1df4d7495,5416.9,False,HOLD,TRANSITION,OPEN,NO_CURRENT_CREATION_EVENT,2026-07-31T14:09:00+05:30,PERSISTENT,False,ATR_MULTIPLE
NO_EVENT,NONE,[],[],LOCKED,UNKNOWN,[],[],[],AUCTION_SIGNAL_DOWNSTREAM_V2,OPEN,HOLD_POSITION,NONE,"[{""action"": ""HOLD"", ""signal_id"": ""57fbc3b0-0822-51b7-8515-450ea6586841"", ""setup"": ""FAILED_BREAKOUT"", ""side"": ""BUY"", ""stage"": ""TRANSITION"", ""status"": ""OPEN"", ""status_reason"": ""NO_CURRENT_CREATION_EVENT"", ""signal_action"": ""HOLD"", ""signal_state"": ""OPEN"", ""trade_action"": ""HOLD_POSITION"", ""management_posture"": ""CAUTION"", ""management_reason_code"": ""NO_CURRENT_CREATION_EVENT"", ""should_exit_signal"": false}]",1384,CAUTION,NO_CURRENT_CREATION_EVENT,"[""CONTINUATION:BLOCK"", ""REACCELERATION:BLOCK"", ""REVERSAL:BLOCK""]",HOLD,CAND:dc1ab160fa1ee75a10189da6,OPP:dc1ab160fa1ee75a10189da6,32370.0,False,HOLD,TRANSITION,OPEN,NO_CURRENT_CREATION_EVENT,2026-07-31T14:09:00+05:30,POWERINDIA,False,ATR_MULTIPLE
NO_EVENT,NONE,[],[],LOCKED,,[],[],[],,,,,[],1385,,,"[""CONTINUATION:BLOCK"", ""REACCELERATION:BLOCK"", ""REVERSAL:BLOCK""]",,,,,,NO_ACTION,,,,2026-07-31T14:09:00+05:30,TCS,,
NO_EVENT,REVERSAL_WATCH,[],[],PROBABLE,,[],[],[],,,,,[],1386,,,[],,,,,,NO_ACTION,,,,2026-07-31T14:09:00+05:30,TORNTPHARM,,
"BALANCE_FORMING_STARTED,DIRECTIONAL_STARTED",DIRECTIONAL,"[""BAL:BHEL:2026-07-31:004:NEUTRAL:141200:BALANCE_FORMING_STARTED:141200"", ""DIR:BHEL:2026-07-31:011:DOWN:141200:DIRECTIONAL_STARTED:141200""]","[""BALANCE_FORMING_STARTED"", ""DIRECTIONAL_STARTED""]",FORMING,,[],[],[],,,,,[],1387,,,[],,,,,,NO_ACTION,,,,2026-07-31T14:12:00+05:30,BHEL,,
NO_EVENT,REVERSAL_WATCH,[],[],NONE,,[],[],[],,,,,[],1388,,,[],,,,,,NO_ACTION,,,,2026-07-31T14:12:00+05:30,CHOLAFIN,,
NO_EVENT,NONE,[],[],PROBABLE,UNKNOWN,[],[],[],AUCTION_SIGNAL_DOWNSTREAM_V2,OPEN,HOLD_POSITION,NONE,"[{""action"": ""HOLD"", ""signal_id"": ""b811de42-fbb9-5d26-a364-a9f98c91de7c"", ""setup"": ""BREAKOUT_INITIATION"", ""side"": ""SELL"", ""stage"": ""TRANSITION"", ""status"": ""OPEN"", ""status_reason"": ""NO_CURRENT_CREATION_EVENT"", ""signal_action"": ""HOLD"", ""signal_state"": ""OPEN"", ""trade_action"": ""HOLD_POSITION"", ""management_posture"": ""CAUTION"", ""management_reason_code"": ""NO_CURRENT_CREATION_EVENT"", ""should_exit_signal"": false}]",1389,CAUTION,NO_CURRENT_CREATION_EVENT,[],HOLD,CAND:0d32e3ad08ef9cc69fd0369f,OPP:0d32e3ad08ef9cc69fd0369f,1712.5,False,HOLD,TRANSITION,OPEN,NO_CURRENT_CREATION_EVENT,2026-07-31T14:12:00+05:30,COFORGE,False,ATR_MULTIPLE
NO_EVENT,DIRECTIONAL,[],[],NONE,,[],[],[],,,,,[],1390,,,[],,,,,,NO_ACTION,,,,2026-07-31T14:12:00+05:30,DIVISLAB,,
NO_EVENT,REVERSAL_LEG,[],[],FORMING,,[],[],[],,,,,[],1391,,,[],,,,,,NO_ACTION,,,,2026-07-31T14:12:00+05:30,EXIDEIND,,
NO_EVENT,NONE,[],[],LOCKED,UNKNOWN,[],[],[],AUCTION_SIGNAL_DOWNSTREAM_V2,OPEN,HOLD_POSITION,NONE,"[{""action"": ""HOLD"", ""signal_id"": ""76d65cfd-3f5f-5419-81f1-24a924660ce7"", ""setup"": ""REVERSAL"", ""side"": ""BUY"", ""stage"": ""TRANSITION"", ""status"": ""OPEN"", ""status_reason"": ""NO_CURRENT_CREATION_EVENT"", ""signal_action"": ""HOLD"", ""signal_state"": ""OPEN"", ""trade_action"": ""HOLD_POSITION"", ""management_posture"": ""CAUTION"", ""management_reason_code"": ""NO_CURRENT_CREATION_EVENT"", ""should_exit_signal"": false}]",1392,CAUTION,NO_CURRENT_CREATION_EVENT,"[""CONTINUATION:BLOCK"", ""REACCELERATION:BLOCK"", ""REVERSAL:BLOCK""]",HOLD,CAND:32b3a707960484f98d8399a7,OPP:32b3a707960484f98d8399a7,17907.0,False,HOLD,TRANSITION,OPEN,NO_CURRENT_CREATION_EVENT,2026-07-31T14:12:00+05:30,FORCEMOT,False,ATR_MULTIPLE
NO_EVENT,NONE,[],[],NONE,UNKNOWN,[],[],[],AUCTION_SIGNAL_DOWNSTREAM_V2,OPEN,HOLD_POSITION,NONE,"[{""action"": ""HOLD"", ""signal_id"": ""a4859555-9e57-5772-9c79-4a6b83478351"", ""setup"": ""FAILED_BREAKOUT"", ""side"": ""BUY"", ""stage"": ""TRANSITION"", ""status"": ""OPEN"", ""status_reason"": ""NO_CURRENT_CREATION_EVENT"", ""signal_action"": ""HOLD"", ""signal_state"": ""OPEN"", ""trade_action"": ""HOLD_POSITION"", ""management_posture"": ""CAUTION"", ""management_reason_code"": ""NO_CURRENT_CREATION_EVENT"", ""should_exit_signal"": false}]",1393,CAUTION,NO_CURRENT_CREATION_EVENT,[],HOLD,CAND:ccb8d7c9ac57fbb14f47bb87,OPP:ccb8d7c9ac57fbb14f47bb87,2231.9,False,HOLD,TRANSITION,OPEN,NO_CURRENT_CREATION_EVENT,2026-07-31T14:12:00+05:30,GLENMARK,False,ATR_MULTIPLE
NO_EVENT,NONE,[],[],FAILED_BACK_INSIDE,UNKNOWN,[],[],[],AUCTION_SIGNAL_DOWNSTREAM_V2,OPEN,HOLD_POSITION,NONE,"[{""action"": ""HOLD"", ""signal_id"": ""6c1d311c-b1e4-503d-9f2d-3a50df29da5d"", ""setup"": ""FAILED_BREAKOUT"", ""side"": ""SELL"", ""stage"": ""TRANSITION"", ""status"": ""OPEN"", ""status_reason"": ""NO_CURRENT_CREATION_EVENT"", ""signal_action"": ""HOLD"", ""signal_state"": ""OPEN"", ""trade_action"": ""HOLD_POSITION"", ""management_posture"": ""CAUTION"", ""management_reason_code"": ""NO_CURRENT_CREATION_EVENT"", ""should_exit_signal"": false}]",1394,CAUTION,NO_CURRENT_CREATION_EVENT,"[""CONTINUATION:BLOCK"", ""REACCELERATION:BLOCK"", ""REVERSAL:BLOCK""]",HOLD,CAND:296c26607039b07e87c6f497,OPP:296c26607039b07e87c6f497,388.0,False,HOLD,TRANSITION,OPEN,NO_CURRENT_CREATION_EVENT,2026-07-31T14:12:00+05:30,INDUSTOWER,False,ATR_MULTIPLE
NO_EVENT,REVERSAL_WATCH,[],[],FORMING,OPPOSED,[],[],[],AUCTION_SIGNAL_DOWNSTREAM_V2,OPEN,HOLD_POSITION,NONE,"[{""action"": ""HOLD"", ""signal_id"": ""fe205a27-ef8f-5bf7-9192-94593d799d94"", ""setup"": ""BREAKOUT_INITIATION"", ""side"": ""BUY"", ""stage"": ""PROTECT"", ""status"": ""OPEN"", ""status_reason"": ""AUTHORITATIVE_REVERSAL_WATCH"", ""signal_action"": ""HOLD"", ""signal_state"": ""OPEN"", ""trade_action"": ""HOLD_POSITION"", ""management_posture"": ""CAUTION"", ""management_reason_code"": ""AUTHORITATIVE_REVERSAL_WATCH"", ""should_exit_signal"": false}]",1395,CAUTION,AUTHORITATIVE_REVERSAL_WATCH,[],HOLD,CAND:4a3872010c190995b2d63ff8,OPP:4a3872010c190995b2d63ff8,628.95,False,HOLD,PROTECT,OPEN,AUTHORITATIVE_REVERSAL_WATCH,2026-07-31T14:12:00+05:30,KALYANKJIL,False,ATR_MULTIPLE
NO_EVENT,DIRECTIONAL,[],[],NONE,ALIGNED,[],[],[],AUCTION_SIGNAL_DOWNSTREAM_V2,OPEN,HOLD_POSITION,NONE,"[{""action"": ""HOLD"", ""signal_id"": ""50c51811-b112-5f0f-9fcc-a1422ceea97c"", ""setup"": ""REVERSAL"", ""side"": ""BUY"", ""stage"": ""ACTIVE"", ""status"": ""OPEN"", ""status_reason"": ""AUTHORITATIVE_DIRECTIONAL_ALIGNED"", ""signal_action"": ""HOLD"", ""signal_state"": ""OPEN"", ""trade_action"": ""HOLD_POSITION"", ""management_posture"": ""STRENGTHEN"", ""management_reason_code"": ""AUTHORITATIVE_DIRECTIONAL_ALIGNED"", ""should_exit_signal"": false}]",1396,STRENGTHEN,AUTHORITATIVE_DIRECTIONAL_ALIGNED,[],HOLD,CAND:7316c4a2330c742a8803fe6c,OPP:7316c4a2330c742a8803fe6c,369.15,False,HOLD,ACTIVE,OPEN,AUTHORITATIVE_DIRECTIONAL_ALIGNED,2026-07-31T14:12:00+05:30,MANAPPURAM,True,ATR_MULTIPLE
NO_EVENT,NONE,[],[],FORMING,UNKNOWN,[],[],[],AUCTION_SIGNAL_DOWNSTREAM_V2,OPEN,HOLD_POSITION,NONE,"[{""action"": ""HOLD"", ""signal_id"": ""cad8805e-c102-57a4-96c7-d70c9c07f5cc"", ""setup"": ""BREAKOUT_INITIATION"", ""side"": ""BUY"", ""stage"": ""TRANSITION"", ""status"": ""OPEN"", ""status_reason"": ""NO_CURRENT_CREATION_EVENT"", ""signal_action"": ""HOLD"", ""signal_state"": ""OPEN"", ""trade_action"": ""HOLD_POSITION"", ""management_posture"": ""CAUTION"", ""management_reason_code"": ""NO_CURRENT_CREATION_EVENT"", ""should_exit_signal"": false}]",1397,CAUTION,NO_CURRENT_CREATION_EVENT,[],HOLD,CAND:6e00ceac84968df1df4d7495,OPP:6e00ceac84968df1df4d7495,5416.9,False,HOLD,TRANSITION,OPEN,NO_CURRENT_CREATION_EVENT,2026-07-31T14:12:00+05:30,PERSISTENT,False,ATR_MULTIPLE
NO_EVENT,NONE,[],[],LOCKED,UNKNOWN,[],[],[],AUCTION_SIGNAL_DOWNSTREAM_V2,OPEN,HOLD_POSITION,NONE,"[{""action"": ""HOLD"", ""signal_id"": ""57fbc3b0-0822-51b7-8515-450ea6586841"", ""setup"": ""FAILED_BREAKOUT"", ""side"": ""BUY"", ""stage"": ""TRANSITION"", ""status"": ""OPEN"", ""status_reason"": ""NO_CURRENT_CREATION_EVENT"", ""signal_action"": ""HOLD"", ""signal_state"": ""OPEN"", ""trade_action"": ""HOLD_POSITION"", ""management_posture"": ""CAUTION"", ""management_reason_code"": ""NO_CURRENT_CREATION_EVENT"", ""should_exit_signal"": false}]",1398,CAUTION,NO_CURRENT_CREATION_EVENT,"[""CONTINUATION:BLOCK"", ""REACCELERATION:BLOCK"", ""REVERSAL:BLOCK""]",HOLD,CAND:dc1ab160fa1ee75a10189da6,OPP:dc1ab160fa1ee75a10189da6,32370.0,False,HOLD,TRANSITION,OPEN,NO_CURRENT_CREATION_EVENT,2026-07-31T14:12:00+05:30,POWERINDIA,False,ATR_MULTIPLE
NO_EVENT,NONE,[],[],LOCKED,,[],[],[],,,,,[],1399,,,"[""CONTINUATION:BLOCK"", ""REACCELERATION:BLOCK"", ""REVERSAL:BLOCK""]",,,,,,NO_ACTION,,,,2026-07-31T14:12:00+05:30,TCS,,
DIRECTIONAL_TREND_RESTORED,DIRECTIONAL,"[""DIR:TORNTPHARM:2026-07-31:006:DOWN:130300:DIRECTIONAL_TREND_RESTORED:141200""]","[""DIRECTIONAL_TREND_RESTORED""]",PROBABLE,,[],[],[],,,,,[],1400,,,"[""CONTINUATION:PERMIT""]",,,,,,NO_ACTION,,,,2026-07-31T14:12:00+05:30,TORNTPHARM,,
NO_EVENT,DIRECTIONAL,[],[],FORMING,,[],[],[],,,,,[],1401,,,[],,,,,,NO_ACTION,,,,2026-07-31T14:15:00+05:30,BHEL,,
NO_EVENT,REVERSAL_WATCH,[],[],NONE,,[],[],[],,,,,[],1402,,,[],,,,,,NO_ACTION,,,,2026-07-31T14:15:00+05:30,CHOLAFIN,,
BALANCE_LOCKED,NONE,"[""BAL:COFORGE:2026-07-31:004:NEUTRAL:135400:BALANCE_LOCKED:141500""]","[""BALANCE_LOCKED""]",LOCKED,UNKNOWN,[],[],[],AUCTION_SIGNAL_DOWNSTREAM_V2,OPEN,HOLD_POSITION,NONE,"[{""action"": ""HOLD"", ""signal_id"": ""b811de42-fbb9-5d26-a364-a9f98c91de7c"", ""setup"": ""BREAKOUT_INITIATION"", ""side"": ""SELL"", ""stage"": ""TRANSITION"", ""status"": ""OPEN"", ""status_reason"": ""NO_CURRENT_CREATION_EVENT"", ""signal_action"": ""HOLD"", ""signal_state"": ""OPEN"", ""trade_action"": ""HOLD_POSITION"", ""management_posture"": ""CAUTION"", ""management_reason_code"": ""NO_CURRENT_CREATION_EVENT"", ""should_exit_signal"": false}]",1403,CAUTION,NO_CURRENT_CREATION_EVENT,"[""CONTINUATION:BLOCK"", ""REACCELERATION:BLOCK"", ""REVERSAL:BLOCK""]",HOLD,CAND:0d32e3ad08ef9cc69fd0369f,OPP:0d32e3ad08ef9cc69fd0369f,1712.5,False,HOLD,TRANSITION,OPEN,NO_CURRENT_CREATION_EVENT,2026-07-31T14:15:00+05:30,COFORGE,False,ATR_MULTIPLE
NO_EVENT,DIRECTIONAL,[],[],NONE,,[],[],[],,,,,[],1404,,,[],,,,,,NO_ACTION,,,,2026-07-31T14:15:00+05:30,DIVISLAB,,
NO_EVENT,REVERSAL_LEG,[],[],FORMING,,[],[],[],,,,,[],1405,,,[],,,,,,NO_ACTION,,,,2026-07-31T14:15:00+05:30,EXIDEIND,,
NO_EVENT,NONE,[],[],LOCKED,UNKNOWN,[],[],[],AUCTION_SIGNAL_DOWNSTREAM_V2,OPEN,HOLD_POSITION,NONE,"[{""action"": ""HOLD"", ""signal_id"": ""76d65cfd-3f5f-5419-81f1-24a924660ce7"", ""setup"": ""REVERSAL"", ""side"": ""BUY"", ""stage"": ""TRANSITION"", ""status"": ""OPEN"", ""status_reason"": ""NO_CURRENT_CREATION_EVENT"", ""signal_action"": ""HOLD"", ""signal_state"": ""OPEN"", ""trade_action"": ""HOLD_POSITION"", ""management_posture"": ""CAUTION"", ""management_reason_code"": ""NO_CURRENT_CREATION_EVENT"", ""should_exit_signal"": false}]",1406,CAUTION,NO_CURRENT_CREATION_EVENT,"[""CONTINUATION:BLOCK"", ""REACCELERATION:BLOCK"", ""REVERSAL:BLOCK""]",HOLD,CAND:32b3a707960484f98d8399a7,OPP:32b3a707960484f98d8399a7,17907.0,False,HOLD,TRANSITION,OPEN,NO_CURRENT_CREATION_EVENT,2026-07-31T14:15:00+05:30,FORCEMOT,False,ATR_MULTIPLE
NO_EVENT,NONE,[],[],NONE,UNKNOWN,[],[],[],AUCTION_SIGNAL_DOWNSTREAM_V2,OPEN,HOLD_POSITION,NONE,"[{""action"": ""HOLD"", ""signal_id"": ""a4859555-9e57-5772-9c79-4a6b83478351"", ""setup"": ""FAILED_BREAKOUT"", ""side"": ""BUY"", ""stage"": ""TRANSITION"", ""status"": ""OPEN"", ""status_reason"": ""NO_CURRENT_CREATION_EVENT"", ""signal_action"": ""HOLD"", ""signal_state"": ""OPEN"", ""trade_action"": ""HOLD_POSITION"", ""management_posture"": ""CAUTION"", ""management_reason_code"": ""NO_CURRENT_CREATION_EVENT"", ""should_exit_signal"": false}]",1407,CAUTION,NO_CURRENT_CREATION_EVENT,[],HOLD,CAND:ccb8d7c9ac57fbb14f47bb87,OPP:ccb8d7c9ac57fbb14f47bb87,2231.9,False,HOLD,TRANSITION,OPEN,NO_CURRENT_CREATION_EVENT,2026-07-31T14:15:00+05:30,GLENMARK,False,ATR_MULTIPLE
NO_EVENT,NONE,[],[],FAILED_BACK_INSIDE,UNKNOWN,[],[],[],AUCTION_SIGNAL_DOWNSTREAM_V2,OPEN,HOLD_POSITION,NONE,"[{""action"": ""HOLD"", ""signal_id"": ""6c1d311c-b1e4-503d-9f2d-3a50df29da5d"", ""setup"": ""FAILED_BREAKOUT"", ""side"": ""SELL"", ""stage"": ""TRANSITION"", ""status"": ""OPEN"", ""status_reason"": ""NO_CURRENT_CREATION_EVENT"", ""signal_action"": ""HOLD"", ""signal_state"": ""OPEN"", ""trade_action"": ""HOLD_POSITION"", ""management_posture"": ""CAUTION"", ""management_reason_code"": ""NO_CURRENT_CREATION_EVENT"", ""should_exit_signal"": false}]",1408,CAUTION,NO_CURRENT_CREATION_EVENT,"[""CONTINUATION:BLOCK"", ""REACCELERATION:BLOCK"", ""REVERSAL:BLOCK""]",HOLD,CAND:296c26607039b07e87c6f497,OPP:296c26607039b07e87c6f497,388.0,False,HOLD,TRANSITION,OPEN,NO_CURRENT_CREATION_EVENT,2026-07-31T14:15:00+05:30,INDUSTOWER,False,ATR_MULTIPLE
NO_EVENT,REVERSAL_WATCH,[],[],FORMING,OPPOSED,[],[],[],AUCTION_SIGNAL_DOWNSTREAM_V2,OPEN,HOLD_POSITION,NONE,"[{""action"": ""HOLD"", ""signal_id"": ""fe205a27-ef8f-5bf7-9192-94593d799d94"", ""setup"": ""BREAKOUT_INITIATION"", ""side"": ""BUY"", ""stage"": ""PROTECT"", ""status"": ""OPEN"", ""status_reason"": ""AUTHORITATIVE_REVERSAL_WATCH"", ""signal_action"": ""HOLD"", ""signal_state"": ""OPEN"", ""trade_action"": ""HOLD_POSITION"", ""management_posture"": ""CAUTION"", ""management_reason_code"": ""AUTHORITATIVE_REVERSAL_WATCH"", ""should_exit_signal"": false}]",1409,CAUTION,AUTHORITATIVE_REVERSAL_WATCH,[],HOLD,CAND:4a3872010c190995b2d63ff8,OPP:4a3872010c190995b2d63ff8,628.95,False,HOLD,PROTECT,OPEN,AUTHORITATIVE_REVERSAL_WATCH,2026-07-31T14:15:00+05:30,KALYANKJIL,False,ATR_MULTIPLE
NO_EVENT,DIRECTIONAL,[],[],NONE,ALIGNED,[],[],[],AUCTION_SIGNAL_DOWNSTREAM_V2,OPEN,HOLD_POSITION,NONE,"[{""action"": ""HOLD"", ""signal_id"": ""50c51811-b112-5f0f-9fcc-a1422ceea97c"", ""setup"": ""REVERSAL"", ""side"": ""BUY"", ""stage"": ""ACTIVE"", ""status"": ""OPEN"", ""status_reason"": ""AUTHORITATIVE_DIRECTIONAL_ALIGNED"", ""signal_action"": ""HOLD"", ""signal_state"": ""OPEN"", ""trade_action"": ""HOLD_POSITION"", ""management_posture"": ""STRENGTHEN"", ""management_reason_code"": ""AUTHORITATIVE_DIRECTIONAL_ALIGNED"", ""should_exit_signal"": false}]",1410,STRENGTHEN,AUTHORITATIVE_DIRECTIONAL_ALIGNED,[],HOLD,CAND:7316c4a2330c742a8803fe6c,OPP:7316c4a2330c742a8803fe6c,369.15,False,HOLD,ACTIVE,OPEN,AUTHORITATIVE_DIRECTIONAL_ALIGNED,2026-07-31T14:15:00+05:30,MANAPPURAM,True,ATR_MULTIPLE
BALANCE_COMPLETED,NONE,"[""BAL:PERSISTENT:2026-07-31:006:NEUTRAL:140300:BALANCE_COMPLETED:141500""]","[""BALANCE_COMPLETED""]",COMPLETED,UNKNOWN,[],[],[],AUCTION_SIGNAL_DOWNSTREAM_V2,OPEN,HOLD_POSITION,NONE,"[{""action"": ""HOLD"", ""signal_id"": ""cad8805e-c102-57a4-96c7-d70c9c07f5cc"", ""setup"": ""BREAKOUT_INITIATION"", ""side"": ""BUY"", ""stage"": ""TRANSITION"", ""status"": ""OPEN"", ""status_reason"": ""NO_CURRENT_CREATION_EVENT"", ""signal_action"": ""HOLD"", ""signal_state"": ""OPEN"", ""trade_action"": ""HOLD_POSITION"", ""management_posture"": ""CAUTION"", ""management_reason_code"": ""NO_CURRENT_CREATION_EVENT"", ""should_exit_signal"": false}]",1411,CAUTION,NO_CURRENT_CREATION_EVENT,[],HOLD,CAND:6e00ceac84968df1df4d7495,OPP:6e00ceac84968df1df4d7495,5416.9,False,HOLD,TRANSITION,OPEN,NO_CURRENT_CREATION_EVENT,2026-07-31T14:15:00+05:30,PERSISTENT,False,ATR_MULTIPLE
NO_EVENT,NONE,[],[],LOCKED,UNKNOWN,[],[],[],AUCTION_SIGNAL_DOWNSTREAM_V2,OPEN,HOLD_POSITION,NONE,"[{""action"": ""HOLD"", ""signal_id"": ""57fbc3b0-0822-51b7-8515-450ea6586841"", ""setup"": ""FAILED_BREAKOUT"", ""side"": ""BUY"", ""stage"": ""TRANSITION"", ""status"": ""OPEN"", ""status_reason"": ""NO_CURRENT_CREATION_EVENT"", ""signal_action"": ""HOLD"", ""signal_state"": ""OPEN"", ""trade_action"": ""HOLD_POSITION"", ""management_posture"": ""CAUTION"", ""management_reason_code"": ""NO_CURRENT_CREATION_EVENT"", ""should_exit_signal"": false}]",1412,CAUTION,NO_CURRENT_CREATION_EVENT,"[""CONTINUATION:BLOCK"", ""REACCELERATION:BLOCK"", ""REVERSAL:BLOCK""]",HOLD,CAND:dc1ab160fa1ee75a10189da6,OPP:dc1ab160fa1ee75a10189da6,32370.0,False,HOLD,TRANSITION,OPEN,NO_CURRENT_CREATION_EVENT,2026-07-31T14:15:00+05:30,POWERINDIA,False,ATR_MULTIPLE
NO_EVENT,NONE,[],[],LOCKED,,[],[],[],,,,,[],1413,,,"[""CONTINUATION:BLOCK"", ""REACCELERATION:BLOCK"", ""REVERSAL:BLOCK""]",,,,,,NO_ACTION,,,,2026-07-31T14:15:00+05:30,TCS,,
DIRECTIONAL_MATURED,MATURE,"[""DIR:TORNTPHARM:2026-07-31:006:DOWN:130300:DIRECTIONAL_MATURED:141500""]","[""DIRECTIONAL_MATURED""]",PROBABLE,,[],[],[],,,,,[],1414,,,[],,,,,,NO_ACTION,,,,2026-07-31T14:15:00+05:30,TORNTPHARM,,
"BALANCE_COMPLETED,DIRECTIONAL_MATURED",MATURE,"[""BAL:BHEL:2026-07-31:004:NEUTRAL:141200:BALANCE_COMPLETED:141800"", ""DIR:BHEL:2026-07-31:011:DOWN:141200:DIRECTIONAL_MATURED:141800""]","[""BALANCE_COMPLETED"", ""DIRECTIONAL_MATURED""]",COMPLETED,,[],[],[],,,,,[],1415,,,[],,,,,,NO_ACTION,,,,2026-07-31T14:18:00+05:30,BHEL,,
"DIRECTIONAL_REVERSAL_CONFIRMED,DIRECTIONAL_COMPLETED,DIRECTIONAL_REVERSAL_LEG_STARTED",REVERSAL_LEG,"[""DIR:CHOLAFIN:2026-07-31:006:DOWN:132700:DIRECTIONAL_REVERSAL_CONFIRMED:141800"", ""DIR:CHOLAFIN:2026-07-31:006:DOWN:132700:DIRECTIONAL_COMPLETED:141800"", ""DIR:CHOLAFIN:2026-07-31:007:UP:141800:DIRECTIONAL_REVERSAL_LEG_STARTED:141800""]","[""DIRECTIONAL_REVERSAL_CONFIRMED"", ""DIRECTIONAL_COMPLETED"", ""DIRECTIONAL_REVERSAL_LEG_STARTED""]",NONE,,[],[],[],,,,,[],1416,,,"[""REVERSAL:WAIT""]",,,,,,NO_ACTION,,,,2026-07-31T14:18:00+05:30,CHOLAFIN,,
NO_EVENT,NONE,[],[],LOCKED,UNKNOWN,[],[],[],AUCTION_SIGNAL_DOWNSTREAM_V2,OPEN,HOLD_POSITION,NONE,"[{""action"": ""HOLD"", ""signal_id"": ""b811de42-fbb9-5d26-a364-a9f98c91de7c"", ""setup"": ""BREAKOUT_INITIATION"", ""side"": ""SELL"", ""stage"": ""TRANSITION"", ""status"": ""OPEN"", ""status_reason"": ""NO_CURRENT_CREATION_EVENT"", ""signal_action"": ""HOLD"", ""signal_state"": ""OPEN"", ""trade_action"": ""HOLD_POSITION"", ""management_posture"": ""CAUTION"", ""management_reason_code"": ""NO_CURRENT_CREATION_EVENT"", ""should_exit_signal"": false}]",1417,CAUTION,NO_CURRENT_CREATION_EVENT,"[""CONTINUATION:BLOCK"", ""REACCELERATION:BLOCK"", ""REVERSAL:BLOCK""]",HOLD,CAND:0d32e3ad08ef9cc69fd0369f,OPP:0d32e3ad08ef9cc69fd0369f,1712.5,False,HOLD,TRANSITION,OPEN,NO_CURRENT_CREATION_EVENT,2026-07-31T14:18:00+05:30,COFORGE,False,ATR_MULTIPLE
NO_EVENT,DIRECTIONAL,[],[],NONE,,[],[],[],,,,,[],1418,,,[],,,,,,NO_ACTION,,,,2026-07-31T14:18:00+05:30,DIVISLAB,,
BALANCE_COMPLETED,REVERSAL_LEG,"[""BAL:EXIDEIND:2026-07-31:005:NEUTRAL:140600:BALANCE_COMPLETED:141800""]","[""BALANCE_COMPLETED""]",COMPLETED,,[],[],[],,,,,[],1419,,,[],,,,,,NO_ACTION,,,,2026-07-31T14:18:00+05:30,EXIDEIND,,
NO_EVENT,NONE,[],[],LOCKED,UNKNOWN,[],[],[],AUCTION_SIGNAL_DOWNSTREAM_V2,OPEN,HOLD_POSITION,NONE,"[{""action"": ""HOLD"", ""signal_id"": ""76d65cfd-3f5f-5419-81f1-24a924660ce7"", ""setup"": ""REVERSAL"", ""side"": ""BUY"", ""stage"": ""TRANSITION"", ""status"": ""OPEN"", ""status_reason"": ""NO_CURRENT_CREATION_EVENT"", ""signal_action"": ""HOLD"", ""signal_state"": ""OPEN"", ""trade_action"": ""HOLD_POSITION"", ""management_posture"": ""CAUTION"", ""management_reason_code"": ""NO_CURRENT_CREATION_EVENT"", ""should_exit_signal"": false}]",1420,CAUTION,NO_CURRENT_CREATION_EVENT,"[""CONTINUATION:BLOCK"", ""REACCELERATION:BLOCK"", ""REVERSAL:BLOCK""]",HOLD,CAND:32b3a707960484f98d8399a7,OPP:32b3a707960484f98d8399a7,17907.0,False,HOLD,TRANSITION,OPEN,NO_CURRENT_CREATION_EVENT,2026-07-31T14:18:00+05:30,FORCEMOT,False,ATR_MULTIPLE
NO_EVENT,NONE,[],[],NONE,UNKNOWN,[],[],[],AUCTION_SIGNAL_DOWNSTREAM_V2,OPEN,HOLD_POSITION,NONE,"[{""action"": ""HOLD"", ""signal_id"": ""a4859555-9e57-5772-9c79-4a6b83478351"", ""setup"": ""FAILED_BREAKOUT"", ""side"": ""BUY"", ""stage"": ""TRANSITION"", ""status"": ""OPEN"", ""status_reason"": ""NO_CURRENT_CREATION_EVENT"", ""signal_action"": ""HOLD"", ""signal_state"": ""OPEN"", ""trade_action"": ""HOLD_POSITION"", ""management_posture"": ""CAUTION"", ""management_reason_code"": ""NO_CURRENT_CREATION_EVENT"", ""should_exit_signal"": false}]",1421,CAUTION,NO_CURRENT_CREATION_EVENT,[],HOLD,CAND:ccb8d7c9ac57fbb14f47bb87,OPP:ccb8d7c9ac57fbb14f47bb87,2231.9,False,HOLD,TRANSITION,OPEN,NO_CURRENT_CREATION_EVENT,2026-07-31T14:18:00+05:30,GLENMARK,False,ATR_MULTIPLE
NO_EVENT,NONE,[],[],FAILED_BACK_INSIDE,UNKNOWN,[],[],[],AUCTION_SIGNAL_DOWNSTREAM_V2,OPEN,HOLD_POSITION,NONE,"[{""action"": ""HOLD"", ""signal_id"": ""6c1d311c-b1e4-503d-9f2d-3a50df29da5d"", ""setup"": ""FAILED_BREAKOUT"", ""side"": ""SELL"", ""stage"": ""TRANSITION"", ""status"": ""OPEN"", ""status_reason"": ""NO_CURRENT_CREATION_EVENT"", ""signal_action"": ""HOLD"", ""signal_state"": ""OPEN"", ""trade_action"": ""HOLD_POSITION"", ""management_posture"": ""CAUTION"", ""management_reason_code"": ""NO_CURRENT_CREATION_EVENT"", ""should_exit_signal"": false}]",1422,CAUTION,NO_CURRENT_CREATION_EVENT,"[""CONTINUATION:BLOCK"", ""REACCELERATION:BLOCK"", ""REVERSAL:BLOCK""]",HOLD,CAND:296c26607039b07e87c6f497,OPP:296c26607039b07e87c6f497,388.0,False,HOLD,TRANSITION,OPEN,NO_CURRENT_CREATION_EVENT,2026-07-31T14:18:00+05:30,INDUSTOWER,False,ATR_MULTIPLE
NO_EVENT,REVERSAL_WATCH,[],[],FORMING,OPPOSED,[],[],[],AUCTION_SIGNAL_DOWNSTREAM_V2,OPEN,HOLD_POSITION,NONE,"[{""action"": ""HOLD"", ""signal_id"": ""fe205a27-ef8f-5bf7-9192-94593d799d94"", ""setup"": ""BREAKOUT_INITIATION"", ""side"": ""BUY"", ""stage"": ""PROTECT"", ""status"": ""OPEN"", ""status_reason"": ""AUTHORITATIVE_REVERSAL_WATCH"", ""signal_action"": ""HOLD"", ""signal_state"": ""OPEN"", ""trade_action"": ""HOLD_POSITION"", ""management_posture"": ""CAUTION"", ""management_reason_code"": ""AUTHORITATIVE_REVERSAL_WATCH"", ""should_exit_signal"": false}]",1423,CAUTION,AUTHORITATIVE_REVERSAL_WATCH,[],HOLD,CAND:4a3872010c190995b2d63ff8,OPP:4a3872010c190995b2d63ff8,628.95,False,HOLD,PROTECT,OPEN,AUTHORITATIVE_REVERSAL_WATCH,2026-07-31T14:18:00+05:30,KALYANKJIL,False,ATR_MULTIPLE
NO_EVENT,DIRECTIONAL,[],[],NONE,ALIGNED,[],[],[],AUCTION_SIGNAL_DOWNSTREAM_V2,OPEN,HOLD_POSITION,NONE,"[{""action"": ""HOLD"", ""signal_id"": ""50c51811-b112-5f0f-9fcc-a1422ceea97c"", ""setup"": ""REVERSAL"", ""side"": ""BUY"", ""stage"": ""ACTIVE"", ""status"": ""OPEN"", ""status_reason"": ""AUTHORITATIVE_DIRECTIONAL_ALIGNED"", ""signal_action"": ""HOLD"", ""signal_state"": ""OPEN"", ""trade_action"": ""HOLD_POSITION"", ""management_posture"": ""STRENGTHEN"", ""management_reason_code"": ""AUTHORITATIVE_DIRECTIONAL_ALIGNED"", ""should_exit_signal"": false}]",1424,STRENGTHEN,AUTHORITATIVE_DIRECTIONAL_ALIGNED,[],HOLD,CAND:7316c4a2330c742a8803fe6c,OPP:7316c4a2330c742a8803fe6c,369.15,False,HOLD,ACTIVE,OPEN,AUTHORITATIVE_DIRECTIONAL_ALIGNED,2026-07-31T14:18:00+05:30,MANAPPURAM,True,ATR_MULTIPLE
NO_EVENT,NONE,[],[],NONE,UNKNOWN,[],[],[],AUCTION_SIGNAL_DOWNSTREAM_V2,OPEN,HOLD_POSITION,NONE,"[{""action"": ""HOLD"", ""signal_id"": ""cad8805e-c102-57a4-96c7-d70c9c07f5cc"", ""setup"": ""BREAKOUT_INITIATION"", ""side"": ""BUY"", ""stage"": ""TRANSITION"", ""status"": ""OPEN"", ""status_reason"": ""NO_CURRENT_CREATION_EVENT"", ""signal_action"": ""HOLD"", ""signal_state"": ""OPEN"", ""trade_action"": ""HOLD_POSITION"", ""management_posture"": ""CAUTION"", ""management_reason_code"": ""NO_CURRENT_CREATION_EVENT"", ""should_exit_signal"": false}]",1425,CAUTION,NO_CURRENT_CREATION_EVENT,[],HOLD,CAND:6e00ceac84968df1df4d7495,OPP:6e00ceac84968df1df4d7495,5416.9,False,HOLD,TRANSITION,OPEN,NO_CURRENT_CREATION_EVENT,2026-07-31T14:18:00+05:30,PERSISTENT,False,ATR_MULTIPLE
NO_EVENT,NONE,[],[],LOCKED,UNKNOWN,[],[],[],AUCTION_SIGNAL_DOWNSTREAM_V2,OPEN,HOLD_POSITION,NONE,"[{""action"": ""HOLD"", ""signal_id"": ""57fbc3b0-0822-51b7-8515-450ea6586841"", ""setup"": ""FAILED_BREAKOUT"", ""side"": ""BUY"", ""stage"": ""TRANSITION"", ""status"": ""OPEN"", ""status_reason"": ""NO_CURRENT_CREATION_EVENT"", ""signal_action"": ""HOLD"", ""signal_state"": ""OPEN"", ""trade_action"": ""HOLD_POSITION"", ""management_posture"": ""CAUTION"", ""management_reason_code"": ""NO_CURRENT_CREATION_EVENT"", ""should_exit_signal"": false}]",1426,CAUTION,NO_CURRENT_CREATION_EVENT,"[""CONTINUATION:BLOCK"", ""REACCELERATION:BLOCK"", ""REVERSAL:BLOCK""]",HOLD,CAND:dc1ab160fa1ee75a10189da6,OPP:dc1ab160fa1ee75a10189da6,32370.0,False,HOLD,TRANSITION,OPEN,NO_CURRENT_CREATION_EVENT,2026-07-31T14:18:00+05:30,POWERINDIA,False,ATR_MULTIPLE
NO_EVENT,NONE,[],[],LOCKED,,[],[],[],,,,,[],1427,,,"[""CONTINUATION:BLOCK"", ""REACCELERATION:BLOCK"", ""REVERSAL:BLOCK""]",,,,,,NO_ACTION,,,,2026-07-31T14:18:00+05:30,TCS,,
"BALANCE_COMPLETED,REVERSAL_WATCH_STARTED",REVERSAL_WATCH,"[""BAL:TORNTPHARM:2026-07-31:006:NEUTRAL:134800:BALANCE_COMPLETED:141800"", ""DIR:TORNTPHARM:2026-07-31:006:DOWN:130300:REVERSAL_WATCH_STARTED:141800""]","[""BALANCE_COMPLETED"", ""REVERSAL_WATCH_STARTED""]",COMPLETED,,[],[],[],,,,,[],1428,,,[],,,,,,NO_ACTION,,,,2026-07-31T14:18:00+05:30,TORNTPHARM,,
REVERSAL_WATCH_STARTED,REVERSAL_WATCH,"[""DIR:BHEL:2026-07-31:011:DOWN:141200:REVERSAL_WATCH_STARTED:142100""]","[""REVERSAL_WATCH_STARTED""]",NONE,,[],[],[],,,,,[],1429,,,[],,,,,,NO_ACTION,,,,2026-07-31T14:21:00+05:30,BHEL,,
NO_EVENT,REVERSAL_LEG,[],[],NONE,,[],[],[],,,,,[],1430,,,[],,,,,,NO_ACTION,,,,2026-07-31T14:21:00+05:30,CHOLAFIN,,
NO_EVENT,NONE,[],[],LOCKED,UNKNOWN,[],[],[],AUCTION_SIGNAL_DOWNSTREAM_V2,OPEN,HOLD_POSITION,NONE,"[{""action"": ""HOLD"", ""signal_id"": ""b811de42-fbb9-5d26-a364-a9f98c91de7c"", ""setup"": ""BREAKOUT_INITIATION"", ""side"": ""SELL"", ""stage"": ""TRANSITION"", ""status"": ""OPEN"", ""status_reason"": ""NO_CURRENT_CREATION_EVENT"", ""signal_action"": ""HOLD"", ""signal_state"": ""OPEN"", ""trade_action"": ""HOLD_POSITION"", ""management_posture"": ""CAUTION"", ""management_reason_code"": ""NO_CURRENT_CREATION_EVENT"", ""should_exit_signal"": false}]",1431,CAUTION,NO_CURRENT_CREATION_EVENT,"[""CONTINUATION:BLOCK"", ""REACCELERATION:BLOCK"", ""REVERSAL:BLOCK""]",HOLD,CAND:0d32e3ad08ef9cc69fd0369f,OPP:0d32e3ad08ef9cc69fd0369f,1712.5,False,HOLD,TRANSITION,OPEN,NO_CURRENT_CREATION_EVENT,2026-07-31T14:21:00+05:30,COFORGE,False,ATR_MULTIPLE
NO_EVENT,DIRECTIONAL,[],[],NONE,,[],[],[],,,,,[],1432,,,[],,,,,,NO_ACTION,,,,2026-07-31T14:21:00+05:30,DIVISLAB,,
NO_EVENT,REVERSAL_LEG,[],[],NONE,,[],[],[],,,,,[],1433,,,[],,,,,,NO_ACTION,,,,2026-07-31T14:21:00+05:30,EXIDEIND,,
NO_EVENT,NONE,[],[],LOCKED,UNKNOWN,[],[],[],AUCTION_SIGNAL_DOWNSTREAM_V2,OPEN,HOLD_POSITION,NONE,"[{""action"": ""HOLD"", ""signal_id"": ""76d65cfd-3f5f-5419-81f1-24a924660ce7"", ""setup"": ""REVERSAL"", ""side"": ""BUY"", ""stage"": ""TRANSITION"", ""status"": ""OPEN"", ""status_reason"": ""NO_CURRENT_CREATION_EVENT"", ""signal_action"": ""HOLD"", ""signal_state"": ""OPEN"", ""trade_action"": ""HOLD_POSITION"", ""management_posture"": ""CAUTION"", ""management_reason_code"": ""NO_CURRENT_CREATION_EVENT"", ""should_exit_signal"": false}]",1434,CAUTION,NO_CURRENT_CREATION_EVENT,"[""CONTINUATION:BLOCK"", ""REACCELERATION:BLOCK"", ""REVERSAL:BLOCK""]",HOLD,CAND:32b3a707960484f98d8399a7,OPP:32b3a707960484f98d8399a7,17907.0,False,HOLD,TRANSITION,OPEN,NO_CURRENT_CREATION_EVENT,2026-07-31T14:21:00+05:30,FORCEMOT,False,ATR_MULTIPLE
NO_EVENT,NONE,[],[],NONE,UNKNOWN,[],[],[],AUCTION_SIGNAL_DOWNSTREAM_V2,OPEN,HOLD_POSITION,NONE,"[{""action"": ""HOLD"", ""signal_id"": ""a4859555-9e57-5772-9c79-4a6b83478351"", ""setup"": ""FAILED_BREAKOUT"", ""side"": ""BUY"", ""stage"": ""TRANSITION"", ""status"": ""OPEN"", ""status_reason"": ""NO_CURRENT_CREATION_EVENT"", ""signal_action"": ""HOLD"", ""signal_state"": ""OPEN"", ""trade_action"": ""HOLD_POSITION"", ""management_posture"": ""CAUTION"", ""management_reason_code"": ""NO_CURRENT_CREATION_EVENT"", ""should_exit_signal"": false}]",1435,CAUTION,NO_CURRENT_CREATION_EVENT,[],HOLD,CAND:ccb8d7c9ac57fbb14f47bb87,OPP:ccb8d7c9ac57fbb14f47bb87,2231.9,False,HOLD,TRANSITION,OPEN,NO_CURRENT_CREATION_EVENT,2026-07-31T14:21:00+05:30,GLENMARK,False,ATR_MULTIPLE
NO_EVENT,NONE,[],[],FAILED_BACK_INSIDE,UNKNOWN,[],[],[],AUCTION_SIGNAL_DOWNSTREAM_V2,OPEN,HOLD_POSITION,NONE,"[{""action"": ""HOLD"", ""signal_id"": ""6c1d311c-b1e4-503d-9f2d-3a50df29da5d"", ""setup"": ""FAILED_BREAKOUT"", ""side"": ""SELL"", ""stage"": ""TRANSITION"", ""status"": ""OPEN"", ""status_reason"": ""NO_CURRENT_CREATION_EVENT"", ""signal_action"": ""HOLD"", ""signal_state"": ""OPEN"", ""trade_action"": ""HOLD_POSITION"", ""management_posture"": ""CAUTION"", ""management_reason_code"": ""NO_CURRENT_CREATION_EVENT"", ""should_exit_signal"": false}]",1436,CAUTION,NO_CURRENT_CREATION_EVENT,"[""CONTINUATION:BLOCK"", ""REACCELERATION:BLOCK"", ""REVERSAL:BLOCK""]",HOLD,CAND:296c26607039b07e87c6f497,OPP:296c26607039b07e87c6f497,388.0,False,HOLD,TRANSITION,OPEN,NO_CURRENT_CREATION_EVENT,2026-07-31T14:21:00+05:30,INDUSTOWER,False,ATR_MULTIPLE
NO_EVENT,REVERSAL_WATCH,[],[],FORMING,OPPOSED,[],[],[],AUCTION_SIGNAL_DOWNSTREAM_V2,OPEN,HOLD_POSITION,NONE,"[{""action"": ""HOLD"", ""signal_id"": ""fe205a27-ef8f-5bf7-9192-94593d799d94"", ""setup"": ""BREAKOUT_INITIATION"", ""side"": ""BUY"", ""stage"": ""PROTECT"", ""status"": ""OPEN"", ""status_reason"": ""AUTHORITATIVE_REVERSAL_WATCH"", ""signal_action"": ""HOLD"", ""signal_state"": ""OPEN"", ""trade_action"": ""HOLD_POSITION"", ""management_posture"": ""CAUTION"", ""management_reason_code"": ""AUTHORITATIVE_REVERSAL_WATCH"", ""should_exit_signal"": false}]",1437,CAUTION,AUTHORITATIVE_REVERSAL_WATCH,[],HOLD,CAND:4a3872010c190995b2d63ff8,OPP:4a3872010c190995b2d63ff8,628.95,False,HOLD,PROTECT,OPEN,AUTHORITATIVE_REVERSAL_WATCH,2026-07-31T14:21:00+05:30,KALYANKJIL,False,ATR_MULTIPLE
NO_EVENT,DIRECTIONAL,[],[],NONE,ALIGNED,[],[],[],AUCTION_SIGNAL_DOWNSTREAM_V2,OPEN,HOLD_POSITION,NONE,"[{""action"": ""HOLD"", ""signal_id"": ""50c51811-b112-5f0f-9fcc-a1422ceea97c"", ""setup"": ""REVERSAL"", ""side"": ""BUY"", ""stage"": ""ACTIVE"", ""status"": ""OPEN"", ""status_reason"": ""AUTHORITATIVE_DIRECTIONAL_ALIGNED"", ""signal_action"": ""HOLD"", ""signal_state"": ""OPEN"", ""trade_action"": ""HOLD_POSITION"", ""management_posture"": ""STRENGTHEN"", ""management_reason_code"": ""AUTHORITATIVE_DIRECTIONAL_ALIGNED"", ""should_exit_signal"": false}]",1438,STRENGTHEN,AUTHORITATIVE_DIRECTIONAL_ALIGNED,[],HOLD,CAND:7316c4a2330c742a8803fe6c,OPP:7316c4a2330c742a8803fe6c,369.15,False,HOLD,ACTIVE,OPEN,AUTHORITATIVE_DIRECTIONAL_ALIGNED,2026-07-31T14:21:00+05:30,MANAPPURAM,True,ATR_MULTIPLE
NO_EVENT,NONE,[],[],NONE,UNKNOWN,[],[],[],AUCTION_SIGNAL_DOWNSTREAM_V2,OPEN,HOLD_POSITION,NONE,"[{""action"": ""HOLD"", ""signal_id"": ""cad8805e-c102-57a4-96c7-d70c9c07f5cc"", ""setup"": ""BREAKOUT_INITIATION"", ""side"": ""BUY"", ""stage"": ""TRANSITION"", ""status"": ""OPEN"", ""status_reason"": ""NO_CURRENT_CREATION_EVENT"", ""signal_action"": ""HOLD"", ""signal_state"": ""OPEN"", ""trade_action"": ""HOLD_POSITION"", ""management_posture"": ""CAUTION"", ""management_reason_code"": ""NO_CURRENT_CREATION_EVENT"", ""should_exit_signal"": false}]",1439,CAUTION,NO_CURRENT_CREATION_EVENT,[],HOLD,CAND:6e00ceac84968df1df4d7495,OPP:6e00ceac84968df1df4d7495,5416.9,False,HOLD,TRANSITION,OPEN,NO_CURRENT_CREATION_EVENT,2026-07-31T14:21:00+05:30,PERSISTENT,False,ATR_MULTIPLE
NO_EVENT,NONE,[],[],LOCKED,UNKNOWN,[],[],[],AUCTION_SIGNAL_DOWNSTREAM_V2,OPEN,HOLD_POSITION,NONE,"[{""action"": ""HOLD"", ""signal_id"": ""57fbc3b0-0822-51b7-8515-450ea6586841"", ""setup"": ""FAILED_BREAKOUT"", ""side"": ""BUY"", ""stage"": ""TRANSITION"", ""status"": ""OPEN"", ""status_reason"": ""NO_CURRENT_CREATION_EVENT"", ""signal_action"": ""HOLD"", ""signal_state"": ""OPEN"", ""trade_action"": ""HOLD_POSITION"", ""management_posture"": ""CAUTION"", ""management_reason_code"": ""NO_CURRENT_CREATION_EVENT"", ""should_exit_signal"": false}]",1440,CAUTION,NO_CURRENT_CREATION_EVENT,"[""CONTINUATION:BLOCK"", ""REACCELERATION:BLOCK"", ""REVERSAL:BLOCK""]",HOLD,CAND:dc1ab160fa1ee75a10189da6,OPP:dc1ab160fa1ee75a10189da6,32370.0,False,HOLD,TRANSITION,OPEN,NO_CURRENT_CREATION_EVENT,2026-07-31T14:21:00+05:30,POWERINDIA,False,ATR_MULTIPLE
NO_EVENT,NONE,[],[],LOCKED,,[],[],[],,,,,[],1441,,,"[""CONTINUATION:BLOCK"", ""REACCELERATION:BLOCK"", ""REVERSAL:BLOCK""]",,,,,,NO_ACTION,,,,2026-07-31T14:21:00+05:30,TCS,,
"BALANCE_FORMING_STARTED,DIRECTIONAL_REVERSAL_CONFIRMED,DIRECTIONAL_COMPLETED,DIRECTIONAL_REVERSAL_LEG_STARTED",REVERSAL_LEG,"[""BAL:TORNTPHARM:2026-07-31:007:NEUTRAL:142100:BALANCE_FORMING_STARTED:142100"", ""DIR:TORNTPHARM:2026-07-31:006:DOWN:130300:DIRECTIONAL_REVERSAL_CONFIRMED:142100"", ""DIR:TORNTPHARM:2026-07-31:006:DOWN:130300:DIRECTIONAL_COMPLETED:142100"", ""DIR:TORNTPHARM:2026-07-31:007:UP:142100:DIRECTIONAL_REVERSAL_LEG_STARTED:142100""]","[""BALANCE_FORMING_STARTED"", ""DIRECTIONAL_REVERSAL_CONFIRMED"", ""DIRECTIONAL_COMPLETED"", ""DIRECTIONAL_REVERSAL_LEG_STARTED""]",FORMING,,[],[],[],,,,,[],1442,,,"[""REVERSAL:WAIT""]",,,,,,NO_ACTION,,,,2026-07-31T14:21:00+05:30,TORNTPHARM,,
"DIRECTIONAL_REVERSAL_CONFIRMED,DIRECTIONAL_COMPLETED,DIRECTIONAL_REVERSAL_LEG_STARTED",REVERSAL_LEG,"[""DIR:BHEL:2026-07-31:011:DOWN:141200:DIRECTIONAL_REVERSAL_CONFIRMED:142400"", ""DIR:BHEL:2026-07-31:011:DOWN:141200:DIRECTIONAL_COMPLETED:142400"", ""DIR:BHEL:2026-07-31:012:UP:142400:DIRECTIONAL_REVERSAL_LEG_STARTED:142400""]","[""DIRECTIONAL_REVERSAL_CONFIRMED"", ""DIRECTIONAL_COMPLETED"", ""DIRECTIONAL_REVERSAL_LEG_STARTED""]",NONE,,[],[],[],,,,,[],1443,,,"[""REVERSAL:WAIT""]",,,,,,NO_ACTION,,,,2026-07-31T14:24:00+05:30,BHEL,,
"DIRECTIONAL_REVERSAL_LEG_FAILED,DIRECTIONAL_COMPLETED",COMPLETED,"[""DIR:CHOLAFIN:2026-07-31:007:UP:141800:DIRECTIONAL_REVERSAL_LEG_FAILED:142400"", ""DIR:CHOLAFIN:2026-07-31:007:UP:141800:DIRECTIONAL_COMPLETED:142400""]","[""DIRECTIONAL_REVERSAL_LEG_FAILED"", ""DIRECTIONAL_COMPLETED""]",NONE,,[],[],[],,,,,[],1444,,,[],,,,,,NO_ACTION,,,,2026-07-31T14:24:00+05:30,CHOLAFIN,,
NO_EVENT,NONE,[],[],LOCKED,UNKNOWN,[],[],[],AUCTION_SIGNAL_DOWNSTREAM_V2,OPEN,HOLD_POSITION,NONE,"[{""action"": ""HOLD"", ""signal_id"": ""b811de42-fbb9-5d26-a364-a9f98c91de7c"", ""setup"": ""BREAKOUT_INITIATION"", ""side"": ""SELL"", ""stage"": ""TRANSITION"", ""status"": ""OPEN"", ""status_reason"": ""NO_CURRENT_CREATION_EVENT"", ""signal_action"": ""HOLD"", ""signal_state"": ""OPEN"", ""trade_action"": ""HOLD_POSITION"", ""management_posture"": ""CAUTION"", ""management_reason_code"": ""NO_CURRENT_CREATION_EVENT"", ""should_exit_signal"": false}]",1445,CAUTION,NO_CURRENT_CREATION_EVENT,"[""CONTINUATION:BLOCK"", ""REACCELERATION:BLOCK"", ""REVERSAL:BLOCK""]",HOLD,CAND:0d32e3ad08ef9cc69fd0369f,OPP:0d32e3ad08ef9cc69fd0369f,1712.5,False,HOLD,TRANSITION,OPEN,NO_CURRENT_CREATION_EVENT,2026-07-31T14:24:00+05:30,COFORGE,False,ATR_MULTIPLE
NO_EVENT,DIRECTIONAL,[],[],NONE,,[],[],[],,,,,[],1446,,,[],,,,,,NO_ACTION,,,,2026-07-31T14:24:00+05:30,DIVISLAB,,
NO_EVENT,REVERSAL_LEG,[],[],NONE,,[],[],[],,,,,[],1447,,,[],,,,,,NO_ACTION,,,,2026-07-31T14:24:00+05:30,EXIDEIND,,
NO_EVENT,NONE,[],[],LOCKED,UNKNOWN,[],[],[],AUCTION_SIGNAL_DOWNSTREAM_V2,OPEN,HOLD_POSITION,NONE,"[{""action"": ""HOLD"", ""signal_id"": ""76d65cfd-3f5f-5419-81f1-24a924660ce7"", ""setup"": ""REVERSAL"", ""side"": ""BUY"", ""stage"": ""TRANSITION"", ""status"": ""OPEN"", ""status_reason"": ""NO_CURRENT_CREATION_EVENT"", ""signal_action"": ""HOLD"", ""signal_state"": ""OPEN"", ""trade_action"": ""HOLD_POSITION"", ""management_posture"": ""CAUTION"", ""management_reason_code"": ""NO_CURRENT_CREATION_EVENT"", ""should_exit_signal"": false}]",1448,CAUTION,NO_CURRENT_CREATION_EVENT,"[""CONTINUATION:BLOCK"", ""REACCELERATION:BLOCK"", ""REVERSAL:BLOCK""]",HOLD,CAND:32b3a707960484f98d8399a7,OPP:32b3a707960484f98d8399a7,17907.0,False,HOLD,TRANSITION,OPEN,NO_CURRENT_CREATION_EVENT,2026-07-31T14:24:00+05:30,FORCEMOT,False,ATR_MULTIPLE
NO_EVENT,NONE,[],[],NONE,UNKNOWN,[],[],[],AUCTION_SIGNAL_DOWNSTREAM_V2,OPEN,HOLD_POSITION,NONE,"[{""action"": ""HOLD"", ""signal_id"": ""a4859555-9e57-5772-9c79-4a6b83478351"", ""setup"": ""FAILED_BREAKOUT"", ""side"": ""BUY"", ""stage"": ""TRANSITION"", ""status"": ""OPEN"", ""status_reason"": ""NO_CURRENT_CREATION_EVENT"", ""signal_action"": ""HOLD"", ""signal_state"": ""OPEN"", ""trade_action"": ""HOLD_POSITION"", ""management_posture"": ""CAUTION"", ""management_reason_code"": ""NO_CURRENT_CREATION_EVENT"", ""should_exit_signal"": false}]",1449,CAUTION,NO_CURRENT_CREATION_EVENT,[],HOLD,CAND:ccb8d7c9ac57fbb14f47bb87,OPP:ccb8d7c9ac57fbb14f47bb87,2231.9,False,HOLD,TRANSITION,OPEN,NO_CURRENT_CREATION_EVENT,2026-07-31T14:24:00+05:30,GLENMARK,False,ATR_MULTIPLE
NO_EVENT,NONE,[],[],FAILED_BACK_INSIDE,UNKNOWN,[],[],[],AUCTION_SIGNAL_DOWNSTREAM_V2,OPEN,HOLD_POSITION,NONE,"[{""action"": ""HOLD"", ""signal_id"": ""6c1d311c-b1e4-503d-9f2d-3a50df29da5d"", ""setup"": ""FAILED_BREAKOUT"", ""side"": ""SELL"", ""stage"": ""TRANSITION"", ""status"": ""OPEN"", ""status_reason"": ""NO_CURRENT_CREATION_EVENT"", ""signal_action"": ""HOLD"", ""signal_state"": ""OPEN"", ""trade_action"": ""HOLD_POSITION"", ""management_posture"": ""CAUTION"", ""management_reason_code"": ""NO_CURRENT_CREATION_EVENT"", ""should_exit_signal"": false}]",1450,CAUTION,NO_CURRENT_CREATION_EVENT,"[""CONTINUATION:BLOCK"", ""REACCELERATION:BLOCK"", ""REVERSAL:BLOCK""]",HOLD,CAND:296c26607039b07e87c6f497,OPP:296c26607039b07e87c6f497,388.0,False,HOLD,TRANSITION,OPEN,NO_CURRENT_CREATION_EVENT,2026-07-31T14:24:00+05:30,INDUSTOWER,False,ATR_MULTIPLE
"DIRECTIONAL_REVERSAL_CONFIRMED,DIRECTIONAL_COMPLETED,DIRECTIONAL_REVERSAL_LEG_STARTED",REVERSAL_LEG,"[""DIR:KALYANKJIL:2026-07-31:012:DOWN:135100:DIRECTIONAL_REVERSAL_CONFIRMED:142400"", ""DIR:KALYANKJIL:2026-07-31:012:DOWN:135100:DIRECTIONAL_COMPLETED:142400"", ""DIR:KALYANKJIL:2026-07-31:013:UP:142400:DIRECTIONAL_REVERSAL_LEG_STARTED:142400""]","[""DIRECTIONAL_REVERSAL_CONFIRMED"", ""DIRECTIONAL_COMPLETED"", ""DIRECTIONAL_REVERSAL_LEG_STARTED""]",FORMING,ALIGNED,[],[],[],AUCTION_SIGNAL_DOWNSTREAM_V2,OPEN,HOLD_POSITION,NONE,"[{""action"": ""HOLD"", ""signal_id"": ""fe205a27-ef8f-5bf7-9192-94593d799d94"", ""setup"": ""BREAKOUT_INITIATION"", ""side"": ""BUY"", ""stage"": ""ACTIVE"", ""status"": ""OPEN"", ""status_reason"": ""AUTHORITATIVE_DIRECTIONAL_ALIGNED"", ""signal_action"": ""HOLD"", ""signal_state"": ""OPEN"", ""trade_action"": ""HOLD_POSITION"", ""management_posture"": ""STRENGTHEN"", ""management_reason_code"": ""AUTHORITATIVE_DIRECTIONAL_ALIGNED"", ""should_exit_signal"": false}]",1451,STRENGTHEN,AUTHORITATIVE_DIRECTIONAL_ALIGNED,"[""REVERSAL:WAIT""]",HOLD,CAND:4a3872010c190995b2d63ff8,OPP:4a3872010c190995b2d63ff8,628.95,False,HOLD,ACTIVE,OPEN,AUTHORITATIVE_DIRECTIONAL_ALIGNED,2026-07-31T14:24:00+05:30,KALYANKJIL,True,ATR_MULTIPLE
NO_EVENT,DIRECTIONAL,[],[],NONE,ALIGNED,[],[],[],AUCTION_SIGNAL_DOWNSTREAM_V2,OPEN,HOLD_POSITION,NONE,"[{""action"": ""HOLD"", ""signal_id"": ""50c51811-b112-5f0f-9fcc-a1422ceea97c"", ""setup"": ""REVERSAL"", ""side"": ""BUY"", ""stage"": ""ACTIVE"", ""status"": ""OPEN"", ""status_reason"": ""AUTHORITATIVE_DIRECTIONAL_ALIGNED"", ""signal_action"": ""HOLD"", ""signal_state"": ""OPEN"", ""trade_action"": ""HOLD_POSITION"", ""management_posture"": ""STRENGTHEN"", ""management_reason_code"": ""AUTHORITATIVE_DIRECTIONAL_ALIGNED"", ""should_exit_signal"": false}]",1452,STRENGTHEN,AUTHORITATIVE_DIRECTIONAL_ALIGNED,[],HOLD,CAND:7316c4a2330c742a8803fe6c,OPP:7316c4a2330c742a8803fe6c,369.15,False,HOLD,ACTIVE,OPEN,AUTHORITATIVE_DIRECTIONAL_ALIGNED,2026-07-31T14:24:00+05:30,MANAPPURAM,True,ATR_MULTIPLE
NO_EVENT,NONE,[],[],NONE,UNKNOWN,[],[],[],AUCTION_SIGNAL_DOWNSTREAM_V2,OPEN,HOLD_POSITION,NONE,"[{""action"": ""HOLD"", ""signal_id"": ""cad8805e-c102-57a4-96c7-d70c9c07f5cc"", ""setup"": ""BREAKOUT_INITIATION"", ""side"": ""BUY"", ""stage"": ""TRANSITION"", ""status"": ""OPEN"", ""status_reason"": ""NO_CURRENT_CREATION_EVENT"", ""signal_action"": ""HOLD"", ""signal_state"": ""OPEN"", ""trade_action"": ""HOLD_POSITION"", ""management_posture"": ""CAUTION"", ""management_reason_code"": ""NO_CURRENT_CREATION_EVENT"", ""should_exit_signal"": false}]",1453,CAUTION,NO_CURRENT_CREATION_EVENT,[],HOLD,CAND:6e00ceac84968df1df4d7495,OPP:6e00ceac84968df1df4d7495,5416.9,False,HOLD,TRANSITION,OPEN,NO_CURRENT_CREATION_EVENT,2026-07-31T14:24:00+05:30,PERSISTENT,False,ATR_MULTIPLE
NO_EVENT,NONE,[],[],LOCKED,UNKNOWN,[],[],[],AUCTION_SIGNAL_DOWNSTREAM_V2,OPEN,HOLD_POSITION,NONE,"[{""action"": ""HOLD"", ""signal_id"": ""57fbc3b0-0822-51b7-8515-450ea6586841"", ""setup"": ""FAILED_BREAKOUT"", ""side"": ""BUY"", ""stage"": ""TRANSITION"", ""status"": ""OPEN"", ""status_reason"": ""NO_CURRENT_CREATION_EVENT"", ""signal_action"": ""HOLD"", ""signal_state"": ""OPEN"", ""trade_action"": ""HOLD_POSITION"", ""management_posture"": ""CAUTION"", ""management_reason_code"": ""NO_CURRENT_CREATION_EVENT"", ""should_exit_signal"": false}]",1454,CAUTION,NO_CURRENT_CREATION_EVENT,"[""CONTINUATION:BLOCK"", ""REACCELERATION:BLOCK"", ""REVERSAL:BLOCK""]",HOLD,CAND:dc1ab160fa1ee75a10189da6,OPP:dc1ab160fa1ee75a10189da6,32370.0,False,HOLD,TRANSITION,OPEN,NO_CURRENT_CREATION_EVENT,2026-07-31T14:24:00+05:30,POWERINDIA,False,ATR_MULTIPLE
NO_EVENT,NONE,[],[],LOCKED,,[],[],[],,,,,[],1455,,,"[""CONTINUATION:BLOCK"", ""REACCELERATION:BLOCK"", ""REVERSAL:BLOCK""]",,,,,,NO_ACTION,,,,2026-07-31T14:24:00+05:30,TCS,,
NO_EVENT,REVERSAL_LEG,[],[],FORMING,,[],[],[],,,,,[],1456,,,[],,,,,,NO_ACTION,,,,2026-07-31T14:24:00+05:30,TORNTPHARM,,
NO_EVENT,REVERSAL_LEG,[],[],NONE,,[],[],[],,,,,[],1457,,,[],,,,,,NO_ACTION,,,,2026-07-31T14:27:00+05:30,BHEL,,
NO_EVENT,NONE,[],[],NONE,,[],[],[],,,,,[],1458,,,[],,,,,,NO_ACTION,,,,2026-07-31T14:27:00+05:30,CHOLAFIN,,
BALANCE_ESCAPE_STARTED,NONE,"[""BAL:COFORGE:2026-07-31:004:NEUTRAL:135400:BALANCE_ESCAPE_STARTED:142700""]","[""BALANCE_ESCAPE_STARTED""]",ESCAPE_WATCH,UNKNOWN,[],[],[],AUCTION_SIGNAL_DOWNSTREAM_V2,OPEN,HOLD_POSITION,NONE,"[{""action"": ""HOLD"", ""signal_id"": ""b811de42-fbb9-5d26-a364-a9f98c91de7c"", ""setup"": ""BREAKOUT_INITIATION"", ""side"": ""SELL"", ""stage"": ""TRANSITION"", ""status"": ""OPEN"", ""status_reason"": ""NO_CURRENT_CREATION_EVENT"", ""signal_action"": ""HOLD"", ""signal_state"": ""OPEN"", ""trade_action"": ""HOLD_POSITION"", ""management_posture"": ""CAUTION"", ""management_reason_code"": ""NO_CURRENT_CREATION_EVENT"", ""should_exit_signal"": false}]",1459,CAUTION,NO_CURRENT_CREATION_EVENT,"[""ACCEPTED_BREAKOUT:WAIT"", ""BREAKOUT_INITIATION:PERMIT"", ""CONTINUATION:BLOCK"", ""FAILED_BREAKOUT:WAIT"", ""REACCELERATION:BLOCK"", ""REVERSAL:BLOCK""]",HOLD,CAND:0d32e3ad08ef9cc69fd0369f,OPP:0d32e3ad08ef9cc69fd0369f,1712.5,False,HOLD,TRANSITION,OPEN,NO_CURRENT_CREATION_EVENT,2026-07-31T14:27:00+05:30,COFORGE,False,ATR_MULTIPLE
DIRECTIONAL_MATURED,MATURE,"[""DIR:DIVISLAB:2026-07-31:007:UP:140000:DIRECTIONAL_MATURED:142700""]","[""DIRECTIONAL_MATURED""]",NONE,,[],[],[],,,,,[],1460,,,[],,,,,,NO_ACTION,,,,2026-07-31T14:27:00+05:30,DIVISLAB,,
DIRECTIONAL_REVERSAL_LEG_ESTABLISHED,DIRECTIONAL,"[""DIR:EXIDEIND:2026-07-31:007:DOWN:140300:DIRECTIONAL_REVERSAL_LEG_ESTABLISHED:142700""]","[""DIRECTIONAL_REVERSAL_LEG_ESTABLISHED""]",NONE,,[],[],[],,,,,[],1461,,,"[""REVERSAL:PERMIT""]",,,,,,NO_ACTION,,,,2026-07-31T14:27:00+05:30,EXIDEIND,,
NO_EVENT,NONE,[],[],LOCKED,UNKNOWN,[],[],[],AUCTION_SIGNAL_DOWNSTREAM_V2,OPEN,HOLD_POSITION,NONE,"[{""action"": ""HOLD"", ""signal_id"": ""76d65cfd-3f5f-5419-81f1-24a924660ce7"", ""setup"": ""REVERSAL"", ""side"": ""BUY"", ""stage"": ""TRANSITION"", ""status"": ""OPEN"", ""status_reason"": ""NO_CURRENT_CREATION_EVENT"", ""signal_action"": ""HOLD"", ""signal_state"": ""OPEN"", ""trade_action"": ""HOLD_POSITION"", ""management_posture"": ""CAUTION"", ""management_reason_code"": ""NO_CURRENT_CREATION_EVENT"", ""should_exit_signal"": false}]",1462,CAUTION,NO_CURRENT_CREATION_EVENT,"[""CONTINUATION:BLOCK"", ""REACCELERATION:BLOCK"", ""REVERSAL:BLOCK""]",HOLD,CAND:32b3a707960484f98d8399a7,OPP:32b3a707960484f98d8399a7,17907.0,False,HOLD,TRANSITION,OPEN,NO_CURRENT_CREATION_EVENT,2026-07-31T14:27:00+05:30,FORCEMOT,False,ATR_MULTIPLE
NO_EVENT,NONE,[],[],NONE,UNKNOWN,[],[],[],AUCTION_SIGNAL_DOWNSTREAM_V2,OPEN,HOLD_POSITION,NONE,"[{""action"": ""HOLD"", ""signal_id"": ""a4859555-9e57-5772-9c79-4a6b83478351"", ""setup"": ""FAILED_BREAKOUT"", ""side"": ""BUY"", ""stage"": ""TRANSITION"", ""status"": ""OPEN"", ""status_reason"": ""NO_CURRENT_CREATION_EVENT"", ""signal_action"": ""HOLD"", ""signal_state"": ""OPEN"", ""trade_action"": ""HOLD_POSITION"", ""management_posture"": ""CAUTION"", ""management_reason_code"": ""NO_CURRENT_CREATION_EVENT"", ""should_exit_signal"": false}]",1463,CAUTION,NO_CURRENT_CREATION_EVENT,[],HOLD,CAND:ccb8d7c9ac57fbb14f47bb87,OPP:ccb8d7c9ac57fbb14f47bb87,2231.9,False,HOLD,TRANSITION,OPEN,NO_CURRENT_CREATION_EVENT,2026-07-31T14:27:00+05:30,GLENMARK,False,ATR_MULTIPLE
NO_EVENT,NONE,[],[],FAILED_BACK_INSIDE,UNKNOWN,[],[],[],AUCTION_SIGNAL_DOWNSTREAM_V2,OPEN,HOLD_POSITION,NONE,"[{""action"": ""HOLD"", ""signal_id"": ""6c1d311c-b1e4-503d-9f2d-3a50df29da5d"", ""setup"": ""FAILED_BREAKOUT"", ""side"": ""SELL"", ""stage"": ""TRANSITION"", ""status"": ""OPEN"", ""status_reason"": ""NO_CURRENT_CREATION_EVENT"", ""signal_action"": ""HOLD"", ""signal_state"": ""OPEN"", ""trade_action"": ""HOLD_POSITION"", ""management_posture"": ""CAUTION"", ""management_reason_code"": ""NO_CURRENT_CREATION_EVENT"", ""should_exit_signal"": false}]",1464,CAUTION,NO_CURRENT_CREATION_EVENT,"[""CONTINUATION:BLOCK"", ""REACCELERATION:BLOCK"", ""REVERSAL:BLOCK""]",HOLD,CAND:296c26607039b07e87c6f497,OPP:296c26607039b07e87c6f497,388.0,False,HOLD,TRANSITION,OPEN,NO_CURRENT_CREATION_EVENT,2026-07-31T14:27:00+05:30,INDUSTOWER,False,ATR_MULTIPLE
BALANCE_COMPLETED,REVERSAL_LEG,"[""BAL:KALYANKJIL:2026-07-31:005:NEUTRAL:140900:BALANCE_COMPLETED:142700""]","[""BALANCE_COMPLETED""]",COMPLETED,ALIGNED,[],[],[],AUCTION_SIGNAL_DOWNSTREAM_V2,OPEN,HOLD_POSITION,NONE,"[{""action"": ""HOLD"", ""signal_id"": ""fe205a27-ef8f-5bf7-9192-94593d799d94"", ""setup"": ""BREAKOUT_INITIATION"", ""side"": ""BUY"", ""stage"": ""ACTIVE"", ""status"": ""OPEN"", ""status_reason"": ""AUTHORITATIVE_DIRECTIONAL_ALIGNED"", ""signal_action"": ""HOLD"", ""signal_state"": ""OPEN"", ""trade_action"": ""HOLD_POSITION"", ""management_posture"": ""STRENGTHEN"", ""management_reason_code"": ""AUTHORITATIVE_DIRECTIONAL_ALIGNED"", ""should_exit_signal"": false}]",1465,STRENGTHEN,AUTHORITATIVE_DIRECTIONAL_ALIGNED,[],HOLD,CAND:4a3872010c190995b2d63ff8,OPP:4a3872010c190995b2d63ff8,628.95,False,HOLD,ACTIVE,OPEN,AUTHORITATIVE_DIRECTIONAL_ALIGNED,2026-07-31T14:27:00+05:30,KALYANKJIL,True,ATR_MULTIPLE
NO_EVENT,DIRECTIONAL,[],[],NONE,ALIGNED,[],[],[],AUCTION_SIGNAL_DOWNSTREAM_V2,OPEN,HOLD_POSITION,NONE,"[{""action"": ""HOLD"", ""signal_id"": ""50c51811-b112-5f0f-9fcc-a1422ceea97c"", ""setup"": ""REVERSAL"", ""side"": ""BUY"", ""stage"": ""ACTIVE"", ""status"": ""OPEN"", ""status_reason"": ""AUTHORITATIVE_DIRECTIONAL_ALIGNED"", ""signal_action"": ""HOLD"", ""signal_state"": ""OPEN"", ""trade_action"": ""HOLD_POSITION"", ""management_posture"": ""STRENGTHEN"", ""management_reason_code"": ""AUTHORITATIVE_DIRECTIONAL_ALIGNED"", ""should_exit_signal"": false}]",1466,STRENGTHEN,AUTHORITATIVE_DIRECTIONAL_ALIGNED,[],HOLD,CAND:7316c4a2330c742a8803fe6c,OPP:7316c4a2330c742a8803fe6c,369.15,False,HOLD,ACTIVE,OPEN,AUTHORITATIVE_DIRECTIONAL_ALIGNED,2026-07-31T14:27:00+05:30,MANAPPURAM,True,ATR_MULTIPLE
NO_EVENT,NONE,[],[],NONE,UNKNOWN,[],[],[],AUCTION_SIGNAL_DOWNSTREAM_V2,OPEN,HOLD_POSITION,NONE,"[{""action"": ""HOLD"", ""signal_id"": ""cad8805e-c102-57a4-96c7-d70c9c07f5cc"", ""setup"": ""BREAKOUT_INITIATION"", ""side"": ""BUY"", ""stage"": ""TRANSITION"", ""status"": ""OPEN"", ""status_reason"": ""NO_CURRENT_CREATION_EVENT"", ""signal_action"": ""HOLD"", ""signal_state"": ""OPEN"", ""trade_action"": ""HOLD_POSITION"", ""management_posture"": ""CAUTION"", ""management_reason_code"": ""NO_CURRENT_CREATION_EVENT"", ""should_exit_signal"": false}]",1467,CAUTION,NO_CURRENT_CREATION_EVENT,[],HOLD,CAND:6e00ceac84968df1df4d7495,OPP:6e00ceac84968df1df4d7495,5416.9,False,HOLD,TRANSITION,OPEN,NO_CURRENT_CREATION_EVENT,2026-07-31T14:27:00+05:30,PERSISTENT,False,ATR_MULTIPLE
NO_EVENT,NONE,[],[],LOCKED,UNKNOWN,[],[],[],AUCTION_SIGNAL_DOWNSTREAM_V2,OPEN,HOLD_POSITION,NONE,"[{""action"": ""HOLD"", ""signal_id"": ""57fbc3b0-0822-51b7-8515-450ea6586841"", ""setup"": ""FAILED_BREAKOUT"", ""side"": ""BUY"", ""stage"": ""TRANSITION"", ""status"": ""OPEN"", ""status_reason"": ""NO_CURRENT_CREATION_EVENT"", ""signal_action"": ""HOLD"", ""signal_state"": ""OPEN"", ""trade_action"": ""HOLD_POSITION"", ""management_posture"": ""CAUTION"", ""management_reason_code"": ""NO_CURRENT_CREATION_EVENT"", ""should_exit_signal"": false}]",1468,CAUTION,NO_CURRENT_CREATION_EVENT,"[""CONTINUATION:BLOCK"", ""REACCELERATION:BLOCK"", ""REVERSAL:BLOCK""]",HOLD,CAND:dc1ab160fa1ee75a10189da6,OPP:dc1ab160fa1ee75a10189da6,32370.0,False,HOLD,TRANSITION,OPEN,NO_CURRENT_CREATION_EVENT,2026-07-31T14:27:00+05:30,POWERINDIA,False,ATR_MULTIPLE
NO_EVENT,NONE,[],[],LOCKED,,[],[],[],,,,,[],1469,,,"[""CONTINUATION:BLOCK"", ""REACCELERATION:BLOCK"", ""REVERSAL:BLOCK""]",,,,,,NO_ACTION,,,,2026-07-31T14:27:00+05:30,TCS,,
DIRECTIONAL_REVERSAL_LEG_ESTABLISHED,DIRECTIONAL,"[""DIR:TORNTPHARM:2026-07-31:007:UP:142100:DIRECTIONAL_REVERSAL_LEG_ESTABLISHED:142700""]","[""DIRECTIONAL_REVERSAL_LEG_ESTABLISHED""]",FORMING,,[],[],[],,,,,[],1470,,,"[""REVERSAL:PERMIT""]",,,,,,NO_ACTION,,,,2026-07-31T14:27:00+05:30,TORNTPHARM,,
NO_EVENT,REVERSAL_LEG,[],[],NONE,,[],[],[],,,,,[],1471,,,[],,,,,,NO_ACTION,,,,2026-07-31T14:30:00+05:30,BHEL,,
NO_EVENT,NONE,[],[],NONE,,[],[],[],,,,,[],1472,,,[],,,,,,NO_ACTION,,,,2026-07-31T14:30:00+05:30,CHOLAFIN,,
BALANCE_ESCAPE_ACCEPTED,NONE,"[""BAL:COFORGE:2026-07-31:004:NEUTRAL:135400:BALANCE_ESCAPE_ACCEPTED:143000""]","[""BALANCE_ESCAPE_ACCEPTED""]",ACCEPTED_OUTSIDE,UNKNOWN,[],[],[],AUCTION_SIGNAL_DOWNSTREAM_V2,OPEN,HOLD_POSITION,NONE,"[{""action"": ""HOLD"", ""signal_id"": ""b811de42-fbb9-5d26-a364-a9f98c91de7c"", ""setup"": ""BREAKOUT_INITIATION"", ""side"": ""SELL"", ""stage"": ""TRANSITION"", ""status"": ""OPEN"", ""status_reason"": ""NO_CURRENT_CREATION_EVENT"", ""signal_action"": ""HOLD"", ""signal_state"": ""OPEN"", ""trade_action"": ""HOLD_POSITION"", ""management_posture"": ""CAUTION"", ""management_reason_code"": ""NO_CURRENT_CREATION_EVENT"", ""should_exit_signal"": false}]",1473,CAUTION,NO_CURRENT_CREATION_EVENT,"[""ACCEPTED_BREAKOUT:PERMIT""]",HOLD,CAND:0d32e3ad08ef9cc69fd0369f,OPP:0d32e3ad08ef9cc69fd0369f,1712.5,False,HOLD,TRANSITION,OPEN,NO_CURRENT_CREATION_EVENT,2026-07-31T14:30:00+05:30,COFORGE,False,ATR_MULTIPLE
REVERSAL_WATCH_STARTED,REVERSAL_WATCH,"[""DIR:DIVISLAB:2026-07-31:007:UP:140000:REVERSAL_WATCH_STARTED:143000""]","[""REVERSAL_WATCH_STARTED""]",NONE,,[],[],[],,,,,[],1474,,,[],,,,,,NO_ACTION,,,,2026-07-31T14:30:00+05:30,DIVISLAB,,
BALANCE_FORMING_STARTED,DIRECTIONAL,"[""BAL:EXIDEIND:2026-07-31:006:NEUTRAL:143000:BALANCE_FORMING_STARTED:143000""]","[""BALANCE_FORMING_STARTED""]",FORMING,,[],[],[],,,,,[],1475,,,[],,,,,,NO_ACTION,,,,2026-07-31T14:30:00+05:30,EXIDEIND,,
NO_EVENT,NONE,[],[],LOCKED,UNKNOWN,[],[],[],AUCTION_SIGNAL_DOWNSTREAM_V2,OPEN,HOLD_POSITION,NONE,"[{""action"": ""HOLD"", ""signal_id"": ""76d65cfd-3f5f-5419-81f1-24a924660ce7"", ""setup"": ""REVERSAL"", ""side"": ""BUY"", ""stage"": ""TRANSITION"", ""status"": ""OPEN"", ""status_reason"": ""NO_CURRENT_CREATION_EVENT"", ""signal_action"": ""HOLD"", ""signal_state"": ""OPEN"", ""trade_action"": ""HOLD_POSITION"", ""management_posture"": ""CAUTION"", ""management_reason_code"": ""NO_CURRENT_CREATION_EVENT"", ""should_exit_signal"": false}]",1476,CAUTION,NO_CURRENT_CREATION_EVENT,"[""CONTINUATION:BLOCK"", ""REACCELERATION:BLOCK"", ""REVERSAL:BLOCK""]",HOLD,CAND:32b3a707960484f98d8399a7,OPP:32b3a707960484f98d8399a7,17907.0,False,HOLD,TRANSITION,OPEN,NO_CURRENT_CREATION_EVENT,2026-07-31T14:30:00+05:30,FORCEMOT,False,ATR_MULTIPLE
NO_EVENT,NONE,[],[],NONE,UNKNOWN,[],[],[],AUCTION_SIGNAL_DOWNSTREAM_V2,OPEN,HOLD_POSITION,NONE,"[{""action"": ""HOLD"", ""signal_id"": ""a4859555-9e57-5772-9c79-4a6b83478351"", ""setup"": ""FAILED_BREAKOUT"", ""side"": ""BUY"", ""stage"": ""TRANSITION"", ""status"": ""OPEN"", ""status_reason"": ""NO_CURRENT_CREATION_EVENT"", ""signal_action"": ""HOLD"", ""signal_state"": ""OPEN"", ""trade_action"": ""HOLD_POSITION"", ""management_posture"": ""CAUTION"", ""management_reason_code"": ""NO_CURRENT_CREATION_EVENT"", ""should_exit_signal"": false}]",1477,CAUTION,NO_CURRENT_CREATION_EVENT,[],HOLD,CAND:ccb8d7c9ac57fbb14f47bb87,OPP:ccb8d7c9ac57fbb14f47bb87,2231.9,False,HOLD,TRANSITION,OPEN,NO_CURRENT_CREATION_EVENT,2026-07-31T14:30:00+05:30,GLENMARK,False,ATR_MULTIPLE
NO_EVENT,NONE,[],[],FAILED_BACK_INSIDE,UNKNOWN,[],[],[],AUCTION_SIGNAL_DOWNSTREAM_V2,OPEN,HOLD_POSITION,NONE,"[{""action"": ""HOLD"", ""signal_id"": ""6c1d311c-b1e4-503d-9f2d-3a50df29da5d"", ""setup"": ""FAILED_BREAKOUT"", ""side"": ""SELL"", ""stage"": ""TRANSITION"", ""status"": ""OPEN"", ""status_reason"": ""NO_CURRENT_CREATION_EVENT"", ""signal_action"": ""HOLD"", ""signal_state"": ""OPEN"", ""trade_action"": ""HOLD_POSITION"", ""management_posture"": ""CAUTION"", ""management_reason_code"": ""NO_CURRENT_CREATION_EVENT"", ""should_exit_signal"": false}]",1478,CAUTION,NO_CURRENT_CREATION_EVENT,"[""CONTINUATION:BLOCK"", ""REACCELERATION:BLOCK"", ""REVERSAL:BLOCK""]",HOLD,CAND:296c26607039b07e87c6f497,OPP:296c26607039b07e87c6f497,388.0,False,HOLD,TRANSITION,OPEN,NO_CURRENT_CREATION_EVENT,2026-07-31T14:30:00+05:30,INDUSTOWER,False,ATR_MULTIPLE
DIRECTIONAL_REVERSAL_LEG_ESTABLISHED,DIRECTIONAL,"[""DIR:KALYANKJIL:2026-07-31:013:UP:142400:DIRECTIONAL_REVERSAL_LEG_ESTABLISHED:143000""]","[""DIRECTIONAL_REVERSAL_LEG_ESTABLISHED""]",NONE,ALIGNED,[],[],[],AUCTION_SIGNAL_DOWNSTREAM_V2,OPEN,HOLD_POSITION,NONE,"[{""action"": ""HOLD"", ""signal_id"": ""fe205a27-ef8f-5bf7-9192-94593d799d94"", ""setup"": ""BREAKOUT_INITIATION"", ""side"": ""BUY"", ""stage"": ""ACTIVE"", ""status"": ""OPEN"", ""status_reason"": ""AUTHORITATIVE_DIRECTIONAL_ALIGNED"", ""signal_action"": ""HOLD"", ""signal_state"": ""OPEN"", ""trade_action"": ""HOLD_POSITION"", ""management_posture"": ""STRENGTHEN"", ""management_reason_code"": ""AUTHORITATIVE_DIRECTIONAL_ALIGNED"", ""should_exit_signal"": false}]",1479,STRENGTHEN,AUTHORITATIVE_DIRECTIONAL_ALIGNED,"[""REVERSAL:PERMIT""]",HOLD,CAND:4a3872010c190995b2d63ff8,OPP:4a3872010c190995b2d63ff8,628.95,False,HOLD,ACTIVE,OPEN,AUTHORITATIVE_DIRECTIONAL_ALIGNED,2026-07-31T14:30:00+05:30,KALYANKJIL,True,ATR_MULTIPLE
NO_EVENT,DIRECTIONAL,[],[],NONE,ALIGNED,[],[],[],AUCTION_SIGNAL_DOWNSTREAM_V2,OPEN,HOLD_POSITION,NONE,"[{""action"": ""HOLD"", ""signal_id"": ""50c51811-b112-5f0f-9fcc-a1422ceea97c"", ""setup"": ""REVERSAL"", ""side"": ""BUY"", ""stage"": ""ACTIVE"", ""status"": ""OPEN"", ""status_reason"": ""AUTHORITATIVE_DIRECTIONAL_ALIGNED"", ""signal_action"": ""HOLD"", ""signal_state"": ""OPEN"", ""trade_action"": ""HOLD_POSITION"", ""management_posture"": ""STRENGTHEN"", ""management_reason_code"": ""AUTHORITATIVE_DIRECTIONAL_ALIGNED"", ""should_exit_signal"": false}]",1480,STRENGTHEN,AUTHORITATIVE_DIRECTIONAL_ALIGNED,[],HOLD,CAND:7316c4a2330c742a8803fe6c,OPP:7316c4a2330c742a8803fe6c,369.15,False,HOLD,ACTIVE,OPEN,AUTHORITATIVE_DIRECTIONAL_ALIGNED,2026-07-31T14:30:00+05:30,MANAPPURAM,True,ATR_MULTIPLE
NO_EVENT,NONE,[],[],NONE,UNKNOWN,[],[],[],AUCTION_SIGNAL_DOWNSTREAM_V2,OPEN,HOLD_POSITION,NONE,"[{""action"": ""HOLD"", ""signal_id"": ""cad8805e-c102-57a4-96c7-d70c9c07f5cc"", ""setup"": ""BREAKOUT_INITIATION"", ""side"": ""BUY"", ""stage"": ""TRANSITION"", ""status"": ""OPEN"", ""status_reason"": ""NO_CURRENT_CREATION_EVENT"", ""signal_action"": ""HOLD"", ""signal_state"": ""OPEN"", ""trade_action"": ""HOLD_POSITION"", ""management_posture"": ""CAUTION"", ""management_reason_code"": ""NO_CURRENT_CREATION_EVENT"", ""should_exit_signal"": false}]",1481,CAUTION,NO_CURRENT_CREATION_EVENT,[],HOLD,CAND:6e00ceac84968df1df4d7495,OPP:6e00ceac84968df1df4d7495,5416.9,False,HOLD,TRANSITION,OPEN,NO_CURRENT_CREATION_EVENT,2026-07-31T14:30:00+05:30,PERSISTENT,False,ATR_MULTIPLE
NO_EVENT,NONE,[],[],LOCKED,UNKNOWN,[],[],[],AUCTION_SIGNAL_DOWNSTREAM_V2,OPEN,HOLD_POSITION,NONE,"[{""action"": ""HOLD"", ""signal_id"": ""57fbc3b0-0822-51b7-8515-450ea6586841"", ""setup"": ""FAILED_BREAKOUT"", ""side"": ""BUY"", ""stage"": ""TRANSITION"", ""status"": ""OPEN"", ""status_reason"": ""NO_CURRENT_CREATION_EVENT"", ""signal_action"": ""HOLD"", ""signal_state"": ""OPEN"", ""trade_action"": ""HOLD_POSITION"", ""management_posture"": ""CAUTION"", ""management_reason_code"": ""NO_CURRENT_CREATION_EVENT"", ""should_exit_signal"": false}]",1482,CAUTION,NO_CURRENT_CREATION_EVENT,"[""CONTINUATION:BLOCK"", ""REACCELERATION:BLOCK"", ""REVERSAL:BLOCK""]",HOLD,CAND:dc1ab160fa1ee75a10189da6,OPP:dc1ab160fa1ee75a10189da6,32370.0,False,HOLD,TRANSITION,OPEN,NO_CURRENT_CREATION_EVENT,2026-07-31T14:30:00+05:30,POWERINDIA,False,ATR_MULTIPLE
NO_EVENT,NONE,[],[],LOCKED,,[],[],[],,,,,[],1483,,,"[""CONTINUATION:BLOCK"", ""REACCELERATION:BLOCK"", ""REVERSAL:BLOCK""]",,,,,,NO_ACTION,,,,2026-07-31T14:30:00+05:30,TCS,,
NO_EVENT,DIRECTIONAL,[],[],FORMING,,[],[],[],,,,,[],1484,,,[],,,,,,NO_ACTION,,,,2026-07-31T14:30:00+05:30,TORNTPHARM,,
NO_EVENT,REVERSAL_LEG,[],[],NONE,,[],[],[],,,,,[],1485,,,[],,,,,,NO_ACTION,,,,2026-07-31T14:33:00+05:30,BHEL,,
NO_EVENT,NONE,[],[],NONE,,[],[],[],,,,,[],1486,,,[],,,,,,NO_ACTION,,,,2026-07-31T14:33:00+05:30,CHOLAFIN,,
BALANCE_COMPLETED,NONE,"[""BAL:COFORGE:2026-07-31:004:NEUTRAL:135400:BALANCE_COMPLETED:143300""]","[""BALANCE_COMPLETED""]",COMPLETED,UNKNOWN,[],[],[],AUCTION_SIGNAL_DOWNSTREAM_V2,OPEN,HOLD_POSITION,NONE,"[{""action"": ""HOLD"", ""signal_id"": ""b811de42-fbb9-5d26-a364-a9f98c91de7c"", ""setup"": ""BREAKOUT_INITIATION"", ""side"": ""SELL"", ""stage"": ""TRANSITION"", ""status"": ""OPEN"", ""status_reason"": ""NO_CURRENT_CREATION_EVENT"", ""signal_action"": ""HOLD"", ""signal_state"": ""OPEN"", ""trade_action"": ""HOLD_POSITION"", ""management_posture"": ""CAUTION"", ""management_reason_code"": ""NO_CURRENT_CREATION_EVENT"", ""should_exit_signal"": false}]",1487,CAUTION,NO_CURRENT_CREATION_EVENT,[],HOLD,CAND:0d32e3ad08ef9cc69fd0369f,OPP:0d32e3ad08ef9cc69fd0369f,1712.5,False,HOLD,TRANSITION,OPEN,NO_CURRENT_CREATION_EVENT,2026-07-31T14:33:00+05:30,COFORGE,False,ATR_MULTIPLE
NO_EVENT,REVERSAL_WATCH,[],[],NONE,,[],[],[],,,,,[],1488,,,[],,,,,,NO_ACTION,,,,2026-07-31T14:33:00+05:30,DIVISLAB,,
DIRECTIONAL_COMPLETED,COMPLETED,"[""DIR:EXIDEIND:2026-07-31:007:DOWN:140300:DIRECTIONAL_COMPLETED:143300""]","[""DIRECTIONAL_COMPLETED""]",FORMING,,[],[],[],,,,,[],1489,,,[],,,,,,NO_ACTION,,,,2026-07-31T14:33:00+05:30,EXIDEIND,,
NO_EVENT,NONE,[],[],LOCKED,UNKNOWN,[],[],[],AUCTION_SIGNAL_DOWNSTREAM_V2,OPEN,HOLD_POSITION,NONE,"[{""action"": ""HOLD"", ""signal_id"": ""76d65cfd-3f5f-5419-81f1-24a924660ce7"", ""setup"": ""REVERSAL"", ""side"": ""BUY"", ""stage"": ""TRANSITION"", ""status"": ""OPEN"", ""status_reason"": ""NO_CURRENT_CREATION_EVENT"", ""signal_action"": ""HOLD"", ""signal_state"": ""OPEN"", ""trade_action"": ""HOLD_POSITION"", ""management_posture"": ""CAUTION"", ""management_reason_code"": ""NO_CURRENT_CREATION_EVENT"", ""should_exit_signal"": false}]",1490,CAUTION,NO_CURRENT_CREATION_EVENT,"[""CONTINUATION:BLOCK"", ""REACCELERATION:BLOCK"", ""REVERSAL:BLOCK""]",HOLD,CAND:32b3a707960484f98d8399a7,OPP:32b3a707960484f98d8399a7,17907.0,False,HOLD,TRANSITION,OPEN,NO_CURRENT_CREATION_EVENT,2026-07-31T14:33:00+05:30,FORCEMOT,False,ATR_MULTIPLE
NO_EVENT,NONE,[],[],NONE,UNKNOWN,[],[],[],AUCTION_SIGNAL_DOWNSTREAM_V2,OPEN,HOLD_POSITION,NONE,"[{""action"": ""HOLD"", ""signal_id"": ""a4859555-9e57-5772-9c79-4a6b83478351"", ""setup"": ""FAILED_BREAKOUT"", ""side"": ""BUY"", ""stage"": ""TRANSITION"", ""status"": ""OPEN"", ""status_reason"": ""NO_CURRENT_CREATION_EVENT"", ""signal_action"": ""HOLD"", ""signal_state"": ""OPEN"", ""trade_action"": ""HOLD_POSITION"", ""management_posture"": ""CAUTION"", ""management_reason_code"": ""NO_CURRENT_CREATION_EVENT"", ""should_exit_signal"": false}]",1491,CAUTION,NO_CURRENT_CREATION_EVENT,[],HOLD,CAND:ccb8d7c9ac57fbb14f47bb87,OPP:ccb8d7c9ac57fbb14f47bb87,2231.9,False,HOLD,TRANSITION,OPEN,NO_CURRENT_CREATION_EVENT,2026-07-31T14:33:00+05:30,GLENMARK,False,ATR_MULTIPLE
NO_EVENT,NONE,[],[],FAILED_BACK_INSIDE,UNKNOWN,[],[],[],AUCTION_SIGNAL_DOWNSTREAM_V2,OPEN,HOLD_POSITION,NONE,"[{""action"": ""HOLD"", ""signal_id"": ""6c1d311c-b1e4-503d-9f2d-3a50df29da5d"", ""setup"": ""FAILED_BREAKOUT"", ""side"": ""SELL"", ""stage"": ""TRANSITION"", ""status"": ""OPEN"", ""status_reason"": ""NO_CURRENT_CREATION_EVENT"", ""signal_action"": ""HOLD"", ""signal_state"": ""OPEN"", ""trade_action"": ""HOLD_POSITION"", ""management_posture"": ""CAUTION"", ""management_reason_code"": ""NO_CURRENT_CREATION_EVENT"", ""should_exit_signal"": false}]",1492,CAUTION,NO_CURRENT_CREATION_EVENT,"[""CONTINUATION:BLOCK"", ""REACCELERATION:BLOCK"", ""REVERSAL:BLOCK""]",HOLD,CAND:296c26607039b07e87c6f497,OPP:296c26607039b07e87c6f497,388.0,False,HOLD,TRANSITION,OPEN,NO_CURRENT_CREATION_EVENT,2026-07-31T14:33:00+05:30,INDUSTOWER,False,ATR_MULTIPLE
NO_EVENT,DIRECTIONAL,[],[],NONE,ALIGNED,[],[],[],AUCTION_SIGNAL_DOWNSTREAM_V2,OPEN,HOLD_POSITION,NONE,"[{""action"": ""HOLD"", ""signal_id"": ""fe205a27-ef8f-5bf7-9192-94593d799d94"", ""setup"": ""BREAKOUT_INITIATION"", ""side"": ""BUY"", ""stage"": ""ACTIVE"", ""status"": ""OPEN"", ""status_reason"": ""AUTHORITATIVE_DIRECTIONAL_ALIGNED"", ""signal_action"": ""HOLD"", ""signal_state"": ""OPEN"", ""trade_action"": ""HOLD_POSITION"", ""management_posture"": ""STRENGTHEN"", ""management_reason_code"": ""AUTHORITATIVE_DIRECTIONAL_ALIGNED"", ""should_exit_signal"": false}]",1493,STRENGTHEN,AUTHORITATIVE_DIRECTIONAL_ALIGNED,[],HOLD,CAND:4a3872010c190995b2d63ff8,OPP:4a3872010c190995b2d63ff8,628.95,False,HOLD,ACTIVE,OPEN,AUTHORITATIVE_DIRECTIONAL_ALIGNED,2026-07-31T14:33:00+05:30,KALYANKJIL,True,ATR_MULTIPLE
NO_EVENT,DIRECTIONAL,[],[],NONE,ALIGNED,[],[],[],AUCTION_SIGNAL_DOWNSTREAM_V2,OPEN,HOLD_POSITION,NONE,"[{""action"": ""HOLD"", ""signal_id"": ""50c51811-b112-5f0f-9fcc-a1422ceea97c"", ""setup"": ""REVERSAL"", ""side"": ""BUY"", ""stage"": ""ACTIVE"", ""status"": ""OPEN"", ""status_reason"": ""AUTHORITATIVE_DIRECTIONAL_ALIGNED"", ""signal_action"": ""HOLD"", ""signal_state"": ""OPEN"", ""trade_action"": ""HOLD_POSITION"", ""management_posture"": ""STRENGTHEN"", ""management_reason_code"": ""AUTHORITATIVE_DIRECTIONAL_ALIGNED"", ""should_exit_signal"": false}]",1494,STRENGTHEN,AUTHORITATIVE_DIRECTIONAL_ALIGNED,[],HOLD,CAND:7316c4a2330c742a8803fe6c,OPP:7316c4a2330c742a8803fe6c,369.15,False,HOLD,ACTIVE,OPEN,AUTHORITATIVE_DIRECTIONAL_ALIGNED,2026-07-31T14:33:00+05:30,MANAPPURAM,True,ATR_MULTIPLE
NO_EVENT,NONE,[],[],NONE,UNKNOWN,[],[],[],AUCTION_SIGNAL_DOWNSTREAM_V2,OPEN,HOLD_POSITION,NONE,"[{""action"": ""HOLD"", ""signal_id"": ""cad8805e-c102-57a4-96c7-d70c9c07f5cc"", ""setup"": ""BREAKOUT_INITIATION"", ""side"": ""BUY"", ""stage"": ""TRANSITION"", ""status"": ""OPEN"", ""status_reason"": ""NO_CURRENT_CREATION_EVENT"", ""signal_action"": ""HOLD"", ""signal_state"": ""OPEN"", ""trade_action"": ""HOLD_POSITION"", ""management_posture"": ""CAUTION"", ""management_reason_code"": ""NO_CURRENT_CREATION_EVENT"", ""should_exit_signal"": false}]",1495,CAUTION,NO_CURRENT_CREATION_EVENT,[],HOLD,CAND:6e00ceac84968df1df4d7495,OPP:6e00ceac84968df1df4d7495,5416.9,False,HOLD,TRANSITION,OPEN,NO_CURRENT_CREATION_EVENT,2026-07-31T14:33:00+05:30,PERSISTENT,False,ATR_MULTIPLE
BALANCE_ESCAPE_STARTED,NONE,"[""BAL:POWERINDIA:2026-07-31:002:NEUTRAL:124800:BALANCE_ESCAPE_STARTED:143300""]","[""BALANCE_ESCAPE_STARTED""]",ESCAPE_WATCH,UNKNOWN,[],[],[],AUCTION_SIGNAL_DOWNSTREAM_V2,OPEN,HOLD_POSITION,NONE,"[{""action"": ""HOLD"", ""signal_id"": ""57fbc3b0-0822-51b7-8515-450ea6586841"", ""setup"": ""FAILED_BREAKOUT"", ""side"": ""BUY"", ""stage"": ""TRANSITION"", ""status"": ""OPEN"", ""status_reason"": ""NO_CURRENT_CREATION_EVENT"", ""signal_action"": ""HOLD"", ""signal_state"": ""OPEN"", ""trade_action"": ""HOLD_POSITION"", ""management_posture"": ""CAUTION"", ""management_reason_code"": ""NO_CURRENT_CREATION_EVENT"", ""should_exit_signal"": false}]",1496,CAUTION,NO_CURRENT_CREATION_EVENT,"[""ACCEPTED_BREAKOUT:WAIT"", ""BREAKOUT_INITIATION:PERMIT"", ""CONTINUATION:BLOCK"", ""FAILED_BREAKOUT:WAIT"", ""REACCELERATION:BLOCK"", ""REVERSAL:BLOCK""]",HOLD,CAND:dc1ab160fa1ee75a10189da6,OPP:dc1ab160fa1ee75a10189da6,32370.0,False,HOLD,TRANSITION,OPEN,NO_CURRENT_CREATION_EVENT,2026-07-31T14:33:00+05:30,POWERINDIA,False,ATR_MULTIPLE
NO_EVENT,NONE,[],[],LOCKED,,[],[],[],,,,,[],1497,,,"[""CONTINUATION:BLOCK"", ""REACCELERATION:BLOCK"", ""REVERSAL:BLOCK""]",,,,,,NO_ACTION,,,,2026-07-31T14:33:00+05:30,TCS,,
DIRECTIONAL_COMPLETED,COMPLETED,"[""DIR:TORNTPHARM:2026-07-31:007:UP:142100:DIRECTIONAL_COMPLETED:143300""]","[""DIRECTIONAL_COMPLETED""]",FORMING,,[],[],[],,,,,[],1498,,,[],,,,,,NO_ACTION,,,,2026-07-31T14:33:00+05:30,TORNTPHARM,,
"DIRECTIONAL_REVERSAL_LEG_FAILED,DIRECTIONAL_COMPLETED",COMPLETED,"[""DIR:BHEL:2026-07-31:012:UP:142400:DIRECTIONAL_REVERSAL_LEG_FAILED:143600"", ""DIR:BHEL:2026-07-31:012:UP:142400:DIRECTIONAL_COMPLETED:143600""]","[""DIRECTIONAL_REVERSAL_LEG_FAILED"", ""DIRECTIONAL_COMPLETED""]",NONE,,[],[],[],,,,,[],1499,,,[],,,,,,NO_ACTION,,,,2026-07-31T14:36:00+05:30,BHEL,,
NO_EVENT,NONE,[],[],NONE,,[],[],[],,,,,[],1500,,,[],,,,,,NO_ACTION,,,,2026-07-31T14:36:00+05:30,CHOLAFIN,,
NO_EVENT,NONE,[],[],NONE,UNKNOWN,[],[],[],AUCTION_SIGNAL_DOWNSTREAM_V2,OPEN,HOLD_POSITION,NONE,"[{""action"": ""HOLD"", ""signal_id"": ""b811de42-fbb9-5d26-a364-a9f98c91de7c"", ""setup"": ""BREAKOUT_INITIATION"", ""side"": ""SELL"", ""stage"": ""TRANSITION"", ""status"": ""OPEN"", ""status_reason"": ""NO_CURRENT_CREATION_EVENT"", ""signal_action"": ""HOLD"", ""signal_state"": ""OPEN"", ""trade_action"": ""HOLD_POSITION"", ""management_posture"": ""CAUTION"", ""management_reason_code"": ""NO_CURRENT_CREATION_EVENT"", ""should_exit_signal"": false}]",1501,CAUTION,NO_CURRENT_CREATION_EVENT,[],HOLD,CAND:0d32e3ad08ef9cc69fd0369f,OPP:0d32e3ad08ef9cc69fd0369f,1712.5,False,HOLD,TRANSITION,OPEN,NO_CURRENT_CREATION_EVENT,2026-07-31T14:36:00+05:30,COFORGE,False,ATR_MULTIPLE
NO_EVENT,REVERSAL_WATCH,[],[],NONE,,[],[],[],,,,,[],1502,,,[],,,,,,NO_ACTION,,,,2026-07-31T14:36:00+05:30,DIVISLAB,,
NO_EVENT,NONE,[],[],FORMING,,[],[],[],,,,,[],1503,,,[],,,,,,NO_ACTION,,,,2026-07-31T14:36:00+05:30,EXIDEIND,,
NO_EVENT,NONE,[],[],LOCKED,UNKNOWN,[],[],[],AUCTION_SIGNAL_DOWNSTREAM_V2,OPEN,HOLD_POSITION,NONE,"[{""action"": ""HOLD"", ""signal_id"": ""76d65cfd-3f5f-5419-81f1-24a924660ce7"", ""setup"": ""REVERSAL"", ""side"": ""BUY"", ""stage"": ""TRANSITION"", ""status"": ""OPEN"", ""status_reason"": ""NO_CURRENT_CREATION_EVENT"", ""signal_action"": ""HOLD"", ""signal_state"": ""OPEN"", ""trade_action"": ""HOLD_POSITION"", ""management_posture"": ""CAUTION"", ""management_reason_code"": ""NO_CURRENT_CREATION_EVENT"", ""should_exit_signal"": false}]",1504,CAUTION,NO_CURRENT_CREATION_EVENT,"[""CONTINUATION:BLOCK"", ""REACCELERATION:BLOCK"", ""REVERSAL:BLOCK""]",HOLD,CAND:32b3a707960484f98d8399a7,OPP:32b3a707960484f98d8399a7,17907.0,False,HOLD,TRANSITION,OPEN,NO_CURRENT_CREATION_EVENT,2026-07-31T14:36:00+05:30,FORCEMOT,False,ATR_MULTIPLE
NO_EVENT,NONE,[],[],NONE,UNKNOWN,[],[],[],AUCTION_SIGNAL_DOWNSTREAM_V2,OPEN,HOLD_POSITION,NONE,"[{""action"": ""HOLD"", ""signal_id"": ""a4859555-9e57-5772-9c79-4a6b83478351"", ""setup"": ""FAILED_BREAKOUT"", ""side"": ""BUY"", ""stage"": ""TRANSITION"", ""status"": ""OPEN"", ""status_reason"": ""NO_CURRENT_CREATION_EVENT"", ""signal_action"": ""HOLD"", ""signal_state"": ""OPEN"", ""trade_action"": ""HOLD_POSITION"", ""management_posture"": ""CAUTION"", ""management_reason_code"": ""NO_CURRENT_CREATION_EVENT"", ""should_exit_signal"": false}]",1505,CAUTION,NO_CURRENT_CREATION_EVENT,[],HOLD,CAND:ccb8d7c9ac57fbb14f47bb87,OPP:ccb8d7c9ac57fbb14f47bb87,2231.9,False,HOLD,TRANSITION,OPEN,NO_CURRENT_CREATION_EVENT,2026-07-31T14:36:00+05:30,GLENMARK,False,ATR_MULTIPLE
NO_EVENT,NONE,[],[],FAILED_BACK_INSIDE,UNKNOWN,[],[],[],AUCTION_SIGNAL_DOWNSTREAM_V2,OPEN,HOLD_POSITION,NONE,"[{""action"": ""HOLD"", ""signal_id"": ""6c1d311c-b1e4-503d-9f2d-3a50df29da5d"", ""setup"": ""FAILED_BREAKOUT"", ""side"": ""SELL"", ""stage"": ""TRANSITION"", ""status"": ""OPEN"", ""status_reason"": ""NO_CURRENT_CREATION_EVENT"", ""signal_action"": ""HOLD"", ""signal_state"": ""OPEN"", ""trade_action"": ""HOLD_POSITION"", ""management_posture"": ""CAUTION"", ""management_reason_code"": ""NO_CURRENT_CREATION_EVENT"", ""should_exit_signal"": false}]",1506,CAUTION,NO_CURRENT_CREATION_EVENT,"[""CONTINUATION:BLOCK"", ""REACCELERATION:BLOCK"", ""REVERSAL:BLOCK""]",HOLD,CAND:296c26607039b07e87c6f497,OPP:296c26607039b07e87c6f497,388.0,False,HOLD,TRANSITION,OPEN,NO_CURRENT_CREATION_EVENT,2026-07-31T14:36:00+05:30,INDUSTOWER,False,ATR_MULTIPLE
DIRECTIONAL_COMPLETED,COMPLETED,"[""DIR:KALYANKJIL:2026-07-31:013:UP:142400:DIRECTIONAL_COMPLETED:143600""]","[""DIRECTIONAL_COMPLETED""]",NONE,ALIGNED,[],[],[],AUCTION_SIGNAL_DOWNSTREAM_V2,OPEN,HOLD_POSITION,NONE,"[{""action"": ""HOLD"", ""signal_id"": ""fe205a27-ef8f-5bf7-9192-94593d799d94"", ""setup"": ""BREAKOUT_INITIATION"", ""side"": ""BUY"", ""stage"": ""TRANSITION"", ""status"": ""OPEN"", ""status_reason"": ""NO_CURRENT_CREATION_EVENT"", ""signal_action"": ""HOLD"", ""signal_state"": ""OPEN"", ""trade_action"": ""HOLD_POSITION"", ""management_posture"": ""CAUTION"", ""management_reason_code"": ""NO_CURRENT_CREATION_EVENT"", ""should_exit_signal"": false}]",1507,CAUTION,NO_CURRENT_CREATION_EVENT,[],HOLD,CAND:4a3872010c190995b2d63ff8,OPP:4a3872010c190995b2d63ff8,628.95,False,HOLD,TRANSITION,OPEN,NO_CURRENT_CREATION_EVENT,2026-07-31T14:36:00+05:30,KALYANKJIL,False,ATR_MULTIPLE
NO_EVENT,DIRECTIONAL,[],[],NONE,ALIGNED,[],[],[],AUCTION_SIGNAL_DOWNSTREAM_V2,OPEN,HOLD_POSITION,NONE,"[{""action"": ""HOLD"", ""signal_id"": ""50c51811-b112-5f0f-9fcc-a1422ceea97c"", ""setup"": ""REVERSAL"", ""side"": ""BUY"", ""stage"": ""ACTIVE"", ""status"": ""OPEN"", ""status_reason"": ""AUTHORITATIVE_DIRECTIONAL_ALIGNED"", ""signal_action"": ""HOLD"", ""signal_state"": ""OPEN"", ""trade_action"": ""HOLD_POSITION"", ""management_posture"": ""STRENGTHEN"", ""management_reason_code"": ""AUTHORITATIVE_DIRECTIONAL_ALIGNED"", ""should_exit_signal"": false}]",1508,STRENGTHEN,AUTHORITATIVE_DIRECTIONAL_ALIGNED,[],HOLD,CAND:7316c4a2330c742a8803fe6c,OPP:7316c4a2330c742a8803fe6c,369.15,False,HOLD,ACTIVE,OPEN,AUTHORITATIVE_DIRECTIONAL_ALIGNED,2026-07-31T14:36:00+05:30,MANAPPURAM,True,ATR_MULTIPLE
NO_EVENT,NONE,[],[],NONE,UNKNOWN,[],[],[],AUCTION_SIGNAL_DOWNSTREAM_V2,OPEN,HOLD_POSITION,NONE,"[{""action"": ""HOLD"", ""signal_id"": ""cad8805e-c102-57a4-96c7-d70c9c07f5cc"", ""setup"": ""BREAKOUT_INITIATION"", ""side"": ""BUY"", ""stage"": ""TRANSITION"", ""status"": ""OPEN"", ""status_reason"": ""NO_CURRENT_CREATION_EVENT"", ""signal_action"": ""HOLD"", ""signal_state"": ""OPEN"", ""trade_action"": ""HOLD_POSITION"", ""management_posture"": ""CAUTION"", ""management_reason_code"": ""NO_CURRENT_CREATION_EVENT"", ""should_exit_signal"": false}]",1509,CAUTION,NO_CURRENT_CREATION_EVENT,[],HOLD,CAND:6e00ceac84968df1df4d7495,OPP:6e00ceac84968df1df4d7495,5416.9,False,HOLD,TRANSITION,OPEN,NO_CURRENT_CREATION_EVENT,2026-07-31T14:36:00+05:30,PERSISTENT,False,ATR_MULTIPLE
BALANCE_ESCAPE_ACCEPTED,NONE,"[""BAL:POWERINDIA:2026-07-31:002:NEUTRAL:124800:BALANCE_ESCAPE_ACCEPTED:143600""]","[""BALANCE_ESCAPE_ACCEPTED""]",ACCEPTED_OUTSIDE,UNKNOWN,[],[],[],AUCTION_SIGNAL_DOWNSTREAM_V2,OPEN,HOLD_POSITION,NONE,"[{""action"": ""HOLD"", ""signal_id"": ""57fbc3b0-0822-51b7-8515-450ea6586841"", ""setup"": ""FAILED_BREAKOUT"", ""side"": ""BUY"", ""stage"": ""TRANSITION"", ""status"": ""OPEN"", ""status_reason"": ""NO_CURRENT_CREATION_EVENT"", ""signal_action"": ""HOLD"", ""signal_state"": ""OPEN"", ""trade_action"": ""HOLD_POSITION"", ""management_posture"": ""CAUTION"", ""management_reason_code"": ""NO_CURRENT_CREATION_EVENT"", ""should_exit_signal"": false}]",1510,CAUTION,NO_CURRENT_CREATION_EVENT,"[""ACCEPTED_BREAKOUT:PERMIT""]",HOLD,CAND:dc1ab160fa1ee75a10189da6,OPP:dc1ab160fa1ee75a10189da6,32370.0,False,HOLD,TRANSITION,OPEN,NO_CURRENT_CREATION_EVENT,2026-07-31T14:36:00+05:30,POWERINDIA,False,ATR_MULTIPLE
NO_EVENT,NONE,[],[],LOCKED,,[],[],[],,,,,[],1511,,,"[""CONTINUATION:BLOCK"", ""REACCELERATION:BLOCK"", ""REVERSAL:BLOCK""]",,,,,,NO_ACTION,,,,2026-07-31T14:36:00+05:30,TCS,,
NO_EVENT,NONE,[],[],FORMING,,[],[],[],,,,,[],1512,,,[],,,,,,NO_ACTION,,,,2026-07-31T14:36:00+05:30,TORNTPHARM,,
NO_EVENT,NONE,[],[],NONE,,[],[],[],,,,,[],1513,,,[],,,,,,NO_ACTION,,,,2026-07-31T14:39:00+05:30,BHEL,,
NO_EVENT,NONE,[],[],NONE,,[],[],[],,,,,[],1514,,,[],,,,,,NO_ACTION,,,,2026-07-31T14:39:00+05:30,CHOLAFIN,,
NO_EVENT,NONE,[],[],NONE,UNKNOWN,[],[],[],AUCTION_SIGNAL_DOWNSTREAM_V2,OPEN,HOLD_POSITION,NONE,"[{""action"": ""HOLD"", ""signal_id"": ""b811de42-fbb9-5d26-a364-a9f98c91de7c"", ""setup"": ""BREAKOUT_INITIATION"", ""side"": ""SELL"", ""stage"": ""TRANSITION"", ""status"": ""OPEN"", ""status_reason"": ""NO_CURRENT_CREATION_EVENT"", ""signal_action"": ""HOLD"", ""signal_state"": ""OPEN"", ""trade_action"": ""HOLD_POSITION"", ""management_posture"": ""CAUTION"", ""management_reason_code"": ""NO_CURRENT_CREATION_EVENT"", ""should_exit_signal"": false}]",1515,CAUTION,NO_CURRENT_CREATION_EVENT,[],HOLD,CAND:0d32e3ad08ef9cc69fd0369f,OPP:0d32e3ad08ef9cc69fd0369f,1712.5,False,HOLD,TRANSITION,OPEN,NO_CURRENT_CREATION_EVENT,2026-07-31T14:39:00+05:30,COFORGE,False,ATR_MULTIPLE
NO_EVENT,REVERSAL_WATCH,[],[],NONE,,[],[],[],,,,,[],1516,,,[],,,,,,NO_ACTION,,,,2026-07-31T14:39:00+05:30,DIVISLAB,,
DIRECTIONAL_STARTED,DIRECTIONAL,"[""DIR:EXIDEIND:2026-07-31:008:UP:143900:DIRECTIONAL_STARTED:143900""]","[""DIRECTIONAL_STARTED""]",FORMING,,[],[],[],,,,,[],1517,,,[],,,,,,NO_ACTION,,,,2026-07-31T14:39:00+05:30,EXIDEIND,,
NO_EVENT,NONE,[],[],LOCKED,UNKNOWN,[],[],[],AUCTION_SIGNAL_DOWNSTREAM_V2,OPEN,HOLD_POSITION,NONE,"[{""action"": ""HOLD"", ""signal_id"": ""76d65cfd-3f5f-5419-81f1-24a924660ce7"", ""setup"": ""REVERSAL"", ""side"": ""BUY"", ""stage"": ""TRANSITION"", ""status"": ""OPEN"", ""status_reason"": ""NO_CURRENT_CREATION_EVENT"", ""signal_action"": ""HOLD"", ""signal_state"": ""OPEN"", ""trade_action"": ""HOLD_POSITION"", ""management_posture"": ""CAUTION"", ""management_reason_code"": ""NO_CURRENT_CREATION_EVENT"", ""should_exit_signal"": false}]",1518,CAUTION,NO_CURRENT_CREATION_EVENT,"[""CONTINUATION:BLOCK"", ""REACCELERATION:BLOCK"", ""REVERSAL:BLOCK""]",HOLD,CAND:32b3a707960484f98d8399a7,OPP:32b3a707960484f98d8399a7,17907.0,False,HOLD,TRANSITION,OPEN,NO_CURRENT_CREATION_EVENT,2026-07-31T14:39:00+05:30,FORCEMOT,False,ATR_MULTIPLE
NO_EVENT,NONE,[],[],NONE,UNKNOWN,[],[],[],AUCTION_SIGNAL_DOWNSTREAM_V2,OPEN,HOLD_POSITION,NONE,"[{""action"": ""HOLD"", ""signal_id"": ""a4859555-9e57-5772-9c79-4a6b83478351"", ""setup"": ""FAILED_BREAKOUT"", ""side"": ""BUY"", ""stage"": ""TRANSITION"", ""status"": ""OPEN"", ""status_reason"": ""NO_CURRENT_CREATION_EVENT"", ""signal_action"": ""HOLD"", ""signal_state"": ""OPEN"", ""trade_action"": ""HOLD_POSITION"", ""management_posture"": ""CAUTION"", ""management_reason_code"": ""NO_CURRENT_CREATION_EVENT"", ""should_exit_signal"": false}]",1519,CAUTION,NO_CURRENT_CREATION_EVENT,[],HOLD,CAND:ccb8d7c9ac57fbb14f47bb87,OPP:ccb8d7c9ac57fbb14f47bb87,2231.9,False,HOLD,TRANSITION,OPEN,NO_CURRENT_CREATION_EVENT,2026-07-31T14:39:00+05:30,GLENMARK,False,ATR_MULTIPLE
NO_EVENT,NONE,[],[],FAILED_BACK_INSIDE,UNKNOWN,[],[],[],AUCTION_SIGNAL_DOWNSTREAM_V2,OPEN,HOLD_POSITION,NONE,"[{""action"": ""HOLD"", ""signal_id"": ""6c1d311c-b1e4-503d-9f2d-3a50df29da5d"", ""setup"": ""FAILED_BREAKOUT"", ""side"": ""SELL"", ""stage"": ""TRANSITION"", ""status"": ""OPEN"", ""status_reason"": ""NO_CURRENT_CREATION_EVENT"", ""signal_action"": ""HOLD"", ""signal_state"": ""OPEN"", ""trade_action"": ""HOLD_POSITION"", ""management_posture"": ""CAUTION"", ""management_reason_code"": ""NO_CURRENT_CREATION_EVENT"", ""should_exit_signal"": false}]",1520,CAUTION,NO_CURRENT_CREATION_EVENT,"[""CONTINUATION:BLOCK"", ""REACCELERATION:BLOCK"", ""REVERSAL:BLOCK""]",HOLD,CAND:296c26607039b07e87c6f497,OPP:296c26607039b07e87c6f497,388.0,False,HOLD,TRANSITION,OPEN,NO_CURRENT_CREATION_EVENT,2026-07-31T14:39:00+05:30,INDUSTOWER,False,ATR_MULTIPLE
NO_EVENT,NONE,[],[],NONE,UNKNOWN,[],[],[],AUCTION_SIGNAL_DOWNSTREAM_V2,OPEN,HOLD_POSITION,NONE,"[{""action"": ""HOLD"", ""signal_id"": ""fe205a27-ef8f-5bf7-9192-94593d799d94"", ""setup"": ""BREAKOUT_INITIATION"", ""side"": ""BUY"", ""stage"": ""TRANSITION"", ""status"": ""OPEN"", ""status_reason"": ""NO_CURRENT_CREATION_EVENT"", ""signal_action"": ""HOLD"", ""signal_state"": ""OPEN"", ""trade_action"": ""HOLD_POSITION"", ""management_posture"": ""CAUTION"", ""management_reason_code"": ""NO_CURRENT_CREATION_EVENT"", ""should_exit_signal"": false}]",1521,CAUTION,NO_CURRENT_CREATION_EVENT,[],HOLD,CAND:4a3872010c190995b2d63ff8,OPP:4a3872010c190995b2d63ff8,628.95,False,HOLD,TRANSITION,OPEN,NO_CURRENT_CREATION_EVENT,2026-07-31T14:39:00+05:30,KALYANKJIL,False,ATR_MULTIPLE
NO_EVENT,DIRECTIONAL,[],[],NONE,ALIGNED,[],[],[],AUCTION_SIGNAL_DOWNSTREAM_V2,OPEN,HOLD_POSITION,NONE,"[{""action"": ""HOLD"", ""signal_id"": ""50c51811-b112-5f0f-9fcc-a1422ceea97c"", ""setup"": ""REVERSAL"", ""side"": ""BUY"", ""stage"": ""ACTIVE"", ""status"": ""OPEN"", ""status_reason"": ""AUTHORITATIVE_DIRECTIONAL_ALIGNED"", ""signal_action"": ""HOLD"", ""signal_state"": ""OPEN"", ""trade_action"": ""HOLD_POSITION"", ""management_posture"": ""STRENGTHEN"", ""management_reason_code"": ""AUTHORITATIVE_DIRECTIONAL_ALIGNED"", ""should_exit_signal"": false}]",1522,STRENGTHEN,AUTHORITATIVE_DIRECTIONAL_ALIGNED,[],HOLD,CAND:7316c4a2330c742a8803fe6c,OPP:7316c4a2330c742a8803fe6c,369.15,False,HOLD,ACTIVE,OPEN,AUTHORITATIVE_DIRECTIONAL_ALIGNED,2026-07-31T14:39:00+05:30,MANAPPURAM,True,ATR_MULTIPLE
NO_EVENT,NONE,[],[],NONE,UNKNOWN,[],[],[],AUCTION_SIGNAL_DOWNSTREAM_V2,OPEN,HOLD_POSITION,NONE,"[{""action"": ""HOLD"", ""signal_id"": ""cad8805e-c102-57a4-96c7-d70c9c07f5cc"", ""setup"": ""BREAKOUT_INITIATION"", ""side"": ""BUY"", ""stage"": ""TRANSITION"", ""status"": ""OPEN"", ""status_reason"": ""NO_CURRENT_CREATION_EVENT"", ""signal_action"": ""HOLD"", ""signal_state"": ""OPEN"", ""trade_action"": ""HOLD_POSITION"", ""management_posture"": ""CAUTION"", ""management_reason_code"": ""NO_CURRENT_CREATION_EVENT"", ""should_exit_signal"": false}]",1523,CAUTION,NO_CURRENT_CREATION_EVENT,[],HOLD,CAND:6e00ceac84968df1df4d7495,OPP:6e00ceac84968df1df4d7495,5416.9,False,HOLD,TRANSITION,OPEN,NO_CURRENT_CREATION_EVENT,2026-07-31T14:39:00+05:30,PERSISTENT,False,ATR_MULTIPLE
BALANCE_COMPLETED,NONE,"[""BAL:POWERINDIA:2026-07-31:002:NEUTRAL:124800:BALANCE_COMPLETED:143900""]","[""BALANCE_COMPLETED""]",COMPLETED,UNKNOWN,[],[],[],AUCTION_SIGNAL_DOWNSTREAM_V2,OPEN,HOLD_POSITION,NONE,"[{""action"": ""HOLD"", ""signal_id"": ""57fbc3b0-0822-51b7-8515-450ea6586841"", ""setup"": ""FAILED_BREAKOUT"", ""side"": ""BUY"", ""stage"": ""TRANSITION"", ""status"": ""OPEN"", ""status_reason"": ""NO_CURRENT_CREATION_EVENT"", ""signal_action"": ""HOLD"", ""signal_state"": ""OPEN"", ""trade_action"": ""HOLD_POSITION"", ""management_posture"": ""CAUTION"", ""management_reason_code"": ""NO_CURRENT_CREATION_EVENT"", ""should_exit_signal"": false}]",1524,CAUTION,NO_CURRENT_CREATION_EVENT,[],HOLD,CAND:dc1ab160fa1ee75a10189da6,OPP:dc1ab160fa1ee75a10189da6,32370.0,False,HOLD,TRANSITION,OPEN,NO_CURRENT_CREATION_EVENT,2026-07-31T14:39:00+05:30,POWERINDIA,False,ATR_MULTIPLE
NO_EVENT,NONE,[],[],LOCKED,,[],[],[],,,,,[],1525,,,"[""CONTINUATION:BLOCK"", ""REACCELERATION:BLOCK"", ""REVERSAL:BLOCK""]",,,,,,NO_ACTION,,,,2026-07-31T14:39:00+05:30,TCS,,
NO_EVENT,NONE,[],[],FORMING,,[],[],[],,,,,[],1526,,,[],,,,,,NO_ACTION,,,,2026-07-31T14:39:00+05:30,TORNTPHARM,,
DIRECTIONAL_STARTED,DIRECTIONAL,"[""DIR:BHEL:2026-07-31:013:DOWN:144200:DIRECTIONAL_STARTED:144200""]","[""DIRECTIONAL_STARTED""]",NONE,,[],[],[],,,,,[],1527,,,[],,,,,,NO_ACTION,,,,2026-07-31T14:42:00+05:30,BHEL,,
NO_EVENT,NONE,[],[],NONE,,[],[],[],,,,,[],1528,,,[],,,,,,NO_ACTION,,,,2026-07-31T14:42:00+05:30,CHOLAFIN,,
DIRECTIONAL_STARTED,DIRECTIONAL,"[""DIR:COFORGE:2026-07-31:003:UP:144200:DIRECTIONAL_STARTED:144200""]","[""DIRECTIONAL_STARTED""]",NONE,OPPOSED,[],[],[],AUCTION_SIGNAL_DOWNSTREAM_V2,OPEN,HOLD_POSITION,NONE,"[{""action"": ""HOLD"", ""signal_id"": ""b811de42-fbb9-5d26-a364-a9f98c91de7c"", ""setup"": ""BREAKOUT_INITIATION"", ""side"": ""SELL"", ""stage"": ""WEAKENING"", ""status"": ""OPEN"", ""status_reason"": ""AUTHORITATIVE_DIRECTION_OPPOSED"", ""signal_action"": ""HOLD"", ""signal_state"": ""OPEN"", ""trade_action"": ""HOLD_POSITION"", ""management_posture"": ""CAUTION"", ""management_reason_code"": ""AUTHORITATIVE_DIRECTION_OPPOSED"", ""should_exit_signal"": false}]",1529,CAUTION,AUTHORITATIVE_DIRECTION_OPPOSED,[],HOLD,CAND:0d32e3ad08ef9cc69fd0369f,OPP:0d32e3ad08ef9cc69fd0369f,1712.5,False,HOLD,WEAKENING,OPEN,AUTHORITATIVE_DIRECTION_OPPOSED,2026-07-31T14:42:00+05:30,COFORGE,False,ATR_MULTIPLE
NO_EVENT,REVERSAL_WATCH,[],[],NONE,,[],[],[],,,,,[],1530,,,[],,,,,,NO_ACTION,,,,2026-07-31T14:42:00+05:30,DIVISLAB,,
"BALANCE_PROBABLE,DIRECTIONAL_MATURED",MATURE,"[""BAL:EXIDEIND:2026-07-31:006:NEUTRAL:143000:BALANCE_PROBABLE:144200"", ""DIR:EXIDEIND:2026-07-31:008:UP:143900:DIRECTIONAL_MATURED:144200""]","[""BALANCE_PROBABLE"", ""DIRECTIONAL_MATURED""]",PROBABLE,,[],[],[],,,,,[],1531,,,[],,,,,,NO_ACTION,,,,2026-07-31T14:42:00+05:30,EXIDEIND,,
NO_EVENT,NONE,[],[],LOCKED,UNKNOWN,[],[],[],AUCTION_SIGNAL_DOWNSTREAM_V2,OPEN,HOLD_POSITION,NONE,"[{""action"": ""HOLD"", ""signal_id"": ""76d65cfd-3f5f-5419-81f1-24a924660ce7"", ""setup"": ""REVERSAL"", ""side"": ""BUY"", ""stage"": ""TRANSITION"", ""status"": ""OPEN"", ""status_reason"": ""NO_CURRENT_CREATION_EVENT"", ""signal_action"": ""HOLD"", ""signal_state"": ""OPEN"", ""trade_action"": ""HOLD_POSITION"", ""management_posture"": ""CAUTION"", ""management_reason_code"": ""NO_CURRENT_CREATION_EVENT"", ""should_exit_signal"": false}]",1532,CAUTION,NO_CURRENT_CREATION_EVENT,"[""CONTINUATION:BLOCK"", ""REACCELERATION:BLOCK"", ""REVERSAL:BLOCK""]",HOLD,CAND:32b3a707960484f98d8399a7,OPP:32b3a707960484f98d8399a7,17907.0,False,HOLD,TRANSITION,OPEN,NO_CURRENT_CREATION_EVENT,2026-07-31T14:42:00+05:30,FORCEMOT,False,ATR_MULTIPLE
NO_EVENT,NONE,[],[],NONE,UNKNOWN,[],[],[],AUCTION_SIGNAL_DOWNSTREAM_V2,OPEN,HOLD_POSITION,NONE,"[{""action"": ""HOLD"", ""signal_id"": ""a4859555-9e57-5772-9c79-4a6b83478351"", ""setup"": ""FAILED_BREAKOUT"", ""side"": ""BUY"", ""stage"": ""TRANSITION"", ""status"": ""OPEN"", ""status_reason"": ""NO_CURRENT_CREATION_EVENT"", ""signal_action"": ""HOLD"", ""signal_state"": ""OPEN"", ""trade_action"": ""HOLD_POSITION"", ""management_posture"": ""CAUTION"", ""management_reason_code"": ""NO_CURRENT_CREATION_EVENT"", ""should_exit_signal"": false}]",1533,CAUTION,NO_CURRENT_CREATION_EVENT,[],HOLD,CAND:ccb8d7c9ac57fbb14f47bb87,OPP:ccb8d7c9ac57fbb14f47bb87,2231.9,False,HOLD,TRANSITION,OPEN,NO_CURRENT_CREATION_EVENT,2026-07-31T14:42:00+05:30,GLENMARK,False,ATR_MULTIPLE
NO_EVENT,NONE,[],[],FAILED_BACK_INSIDE,UNKNOWN,[],[],[],AUCTION_SIGNAL_DOWNSTREAM_V2,OPEN,HOLD_POSITION,NONE,"[{""action"": ""HOLD"", ""signal_id"": ""6c1d311c-b1e4-503d-9f2d-3a50df29da5d"", ""setup"": ""FAILED_BREAKOUT"", ""side"": ""SELL"", ""stage"": ""TRANSITION"", ""status"": ""OPEN"", ""status_reason"": ""NO_CURRENT_CREATION_EVENT"", ""signal_action"": ""HOLD"", ""signal_state"": ""OPEN"", ""trade_action"": ""HOLD_POSITION"", ""management_posture"": ""CAUTION"", ""management_reason_code"": ""NO_CURRENT_CREATION_EVENT"", ""should_exit_signal"": false}]",1534,CAUTION,NO_CURRENT_CREATION_EVENT,"[""CONTINUATION:BLOCK"", ""REACCELERATION:BLOCK"", ""REVERSAL:BLOCK""]",HOLD,CAND:296c26607039b07e87c6f497,OPP:296c26607039b07e87c6f497,388.0,False,HOLD,TRANSITION,OPEN,NO_CURRENT_CREATION_EVENT,2026-07-31T14:42:00+05:30,INDUSTOWER,False,ATR_MULTIPLE
DIRECTIONAL_STARTED,DIRECTIONAL,"[""DIR:KALYANKJIL:2026-07-31:014:DOWN:144200:DIRECTIONAL_STARTED:144200""]","[""DIRECTIONAL_STARTED""]",NONE,OPPOSED,[],[],[],AUCTION_SIGNAL_DOWNSTREAM_V2,OPEN,HOLD_POSITION,NONE,"[{""action"": ""HOLD"", ""signal_id"": ""fe205a27-ef8f-5bf7-9192-94593d799d94"", ""setup"": ""BREAKOUT_INITIATION"", ""side"": ""BUY"", ""stage"": ""WEAKENING"", ""status"": ""OPEN"", ""status_reason"": ""AUTHORITATIVE_DIRECTION_OPPOSED"", ""signal_action"": ""HOLD"", ""signal_state"": ""OPEN"", ""trade_action"": ""HOLD_POSITION"", ""management_posture"": ""CAUTION"", ""management_reason_code"": ""AUTHORITATIVE_DIRECTION_OPPOSED"", ""should_exit_signal"": false}]",1535,CAUTION,AUTHORITATIVE_DIRECTION_OPPOSED,[],HOLD,CAND:4a3872010c190995b2d63ff8,OPP:4a3872010c190995b2d63ff8,628.95,False,HOLD,WEAKENING,OPEN,AUTHORITATIVE_DIRECTION_OPPOSED,2026-07-31T14:42:00+05:30,KALYANKJIL,False,ATR_MULTIPLE
NO_EVENT,DIRECTIONAL,[],[],NONE,ALIGNED,[],[],[],AUCTION_SIGNAL_DOWNSTREAM_V2,OPEN,HOLD_POSITION,NONE,"[{""action"": ""HOLD"", ""signal_id"": ""50c51811-b112-5f0f-9fcc-a1422ceea97c"", ""setup"": ""REVERSAL"", ""side"": ""BUY"", ""stage"": ""ACTIVE"", ""status"": ""OPEN"", ""status_reason"": ""AUTHORITATIVE_DIRECTIONAL_ALIGNED"", ""signal_action"": ""HOLD"", ""signal_state"": ""OPEN"", ""trade_action"": ""HOLD_POSITION"", ""management_posture"": ""STRENGTHEN"", ""management_reason_code"": ""AUTHORITATIVE_DIRECTIONAL_ALIGNED"", ""should_exit_signal"": false}]",1536,STRENGTHEN,AUTHORITATIVE_DIRECTIONAL_ALIGNED,[],HOLD,CAND:7316c4a2330c742a8803fe6c,OPP:7316c4a2330c742a8803fe6c,369.15,False,HOLD,ACTIVE,OPEN,AUTHORITATIVE_DIRECTIONAL_ALIGNED,2026-07-31T14:42:00+05:30,MANAPPURAM,True,ATR_MULTIPLE
BALANCE_FORMING_STARTED,NONE,"[""BAL:PERSISTENT:2026-07-31:007:NEUTRAL:144200:BALANCE_FORMING_STARTED:144200""]","[""BALANCE_FORMING_STARTED""]",FORMING,UNKNOWN,[],[],[],AUCTION_SIGNAL_DOWNSTREAM_V2,OPEN,HOLD_POSITION,NONE,"[{""action"": ""HOLD"", ""signal_id"": ""cad8805e-c102-57a4-96c7-d70c9c07f5cc"", ""setup"": ""BREAKOUT_INITIATION"", ""side"": ""BUY"", ""stage"": ""TRANSITION"", ""status"": ""OPEN"", ""status_reason"": ""NO_CURRENT_CREATION_EVENT"", ""signal_action"": ""HOLD"", ""signal_state"": ""OPEN"", ""trade_action"": ""HOLD_POSITION"", ""management_posture"": ""CAUTION"", ""management_reason_code"": ""NO_CURRENT_CREATION_EVENT"", ""should_exit_signal"": false}]",1537,CAUTION,NO_CURRENT_CREATION_EVENT,[],HOLD,CAND:6e00ceac84968df1df4d7495,OPP:6e00ceac84968df1df4d7495,5416.9,False,HOLD,TRANSITION,OPEN,NO_CURRENT_CREATION_EVENT,2026-07-31T14:42:00+05:30,PERSISTENT,False,ATR_MULTIPLE
NO_EVENT,NONE,[],[],NONE,UNKNOWN,[],[],[],AUCTION_SIGNAL_DOWNSTREAM_V2,OPEN,HOLD_POSITION,NONE,"[{""action"": ""HOLD"", ""signal_id"": ""57fbc3b0-0822-51b7-8515-450ea6586841"", ""setup"": ""FAILED_BREAKOUT"", ""side"": ""BUY"", ""stage"": ""TRANSITION"", ""status"": ""OPEN"", ""status_reason"": ""NO_CURRENT_CREATION_EVENT"", ""signal_action"": ""HOLD"", ""signal_state"": ""OPEN"", ""trade_action"": ""HOLD_POSITION"", ""management_posture"": ""CAUTION"", ""management_reason_code"": ""NO_CURRENT_CREATION_EVENT"", ""should_exit_signal"": false}]",1538,CAUTION,NO_CURRENT_CREATION_EVENT,[],HOLD,CAND:dc1ab160fa1ee75a10189da6,OPP:dc1ab160fa1ee75a10189da6,32370.0,False,HOLD,TRANSITION,OPEN,NO_CURRENT_CREATION_EVENT,2026-07-31T14:42:00+05:30,POWERINDIA,False,ATR_MULTIPLE
NO_EVENT,NONE,[],[],LOCKED,,[],[],[],,,,,[],1539,,,"[""CONTINUATION:BLOCK"", ""REACCELERATION:BLOCK"", ""REVERSAL:BLOCK""]",,,,,,NO_ACTION,,,,2026-07-31T14:42:00+05:30,TCS,,
NO_EVENT,NONE,[],[],FORMING,,[],[],[],,,,,[],1540,,,[],,,,,,NO_ACTION,,,,2026-07-31T14:42:00+05:30,TORNTPHARM,,
NO_EVENT,DIRECTIONAL,[],[],NONE,,[],[],[],,,,,[],1541,,,[],,,,,,NO_ACTION,,,,2026-07-31T14:45:00+05:30,BHEL,,
NO_EVENT,NONE,[],[],NONE,,[],[],[],,,,,[],1542,,,[],,,,,,NO_ACTION,,,,2026-07-31T14:45:00+05:30,CHOLAFIN,,
NO_EVENT,DIRECTIONAL,[],[],NONE,OPPOSED,[],[],[],AUCTION_SIGNAL_DOWNSTREAM_V2,OPEN,HOLD_POSITION,NONE,"[{""action"": ""HOLD"", ""signal_id"": ""b811de42-fbb9-5d26-a364-a9f98c91de7c"", ""setup"": ""BREAKOUT_INITIATION"", ""side"": ""SELL"", ""stage"": ""WEAKENING"", ""status"": ""OPEN"", ""status_reason"": ""AUTHORITATIVE_DIRECTION_OPPOSED"", ""signal_action"": ""HOLD"", ""signal_state"": ""OPEN"", ""trade_action"": ""HOLD_POSITION"", ""management_posture"": ""CAUTION"", ""management_reason_code"": ""AUTHORITATIVE_DIRECTION_OPPOSED"", ""should_exit_signal"": false}]",1543,CAUTION,AUTHORITATIVE_DIRECTION_OPPOSED,[],HOLD,CAND:0d32e3ad08ef9cc69fd0369f,OPP:0d32e3ad08ef9cc69fd0369f,1712.5,False,HOLD,WEAKENING,OPEN,AUTHORITATIVE_DIRECTION_OPPOSED,2026-07-31T14:45:00+05:30,COFORGE,False,ATR_MULTIPLE
NO_EVENT,REVERSAL_WATCH,[],[],NONE,,[],[],[],,,,,[],1544,,,[],,,,,,NO_ACTION,,,,2026-07-31T14:45:00+05:30,DIVISLAB,,
REVERSAL_WATCH_STARTED,REVERSAL_WATCH,"[""DIR:EXIDEIND:2026-07-31:008:UP:143900:REVERSAL_WATCH_STARTED:144500""]","[""REVERSAL_WATCH_STARTED""]",PROBABLE,,[],[],[],,,,,[],1545,,,[],,,,,,NO_ACTION,,,,2026-07-31T14:45:00+05:30,EXIDEIND,,
NO_EVENT,NONE,[],[],LOCKED,UNKNOWN,[],[],[],AUCTION_SIGNAL_DOWNSTREAM_V2,OPEN,HOLD_POSITION,NONE,"[{""action"": ""HOLD"", ""signal_id"": ""76d65cfd-3f5f-5419-81f1-24a924660ce7"", ""setup"": ""REVERSAL"", ""side"": ""BUY"", ""stage"": ""TRANSITION"", ""status"": ""OPEN"", ""status_reason"": ""NO_CURRENT_CREATION_EVENT"", ""signal_action"": ""HOLD"", ""signal_state"": ""OPEN"", ""trade_action"": ""HOLD_POSITION"", ""management_posture"": ""CAUTION"", ""management_reason_code"": ""NO_CURRENT_CREATION_EVENT"", ""should_exit_signal"": false}]",1546,CAUTION,NO_CURRENT_CREATION_EVENT,"[""CONTINUATION:BLOCK"", ""REACCELERATION:BLOCK"", ""REVERSAL:BLOCK""]",HOLD,CAND:32b3a707960484f98d8399a7,OPP:32b3a707960484f98d8399a7,17907.0,False,HOLD,TRANSITION,OPEN,NO_CURRENT_CREATION_EVENT,2026-07-31T14:45:00+05:30,FORCEMOT,False,ATR_MULTIPLE
NO_EVENT,NONE,[],[],NONE,UNKNOWN,[],[],[],AUCTION_SIGNAL_DOWNSTREAM_V2,OPEN,HOLD_POSITION,NONE,"[{""action"": ""HOLD"", ""signal_id"": ""a4859555-9e57-5772-9c79-4a6b83478351"", ""setup"": ""FAILED_BREAKOUT"", ""side"": ""BUY"", ""stage"": ""TRANSITION"", ""status"": ""OPEN"", ""status_reason"": ""NO_CURRENT_CREATION_EVENT"", ""signal_action"": ""HOLD"", ""signal_state"": ""OPEN"", ""trade_action"": ""HOLD_POSITION"", ""management_posture"": ""CAUTION"", ""management_reason_code"": ""NO_CURRENT_CREATION_EVENT"", ""should_exit_signal"": false}]",1547,CAUTION,NO_CURRENT_CREATION_EVENT,[],HOLD,CAND:ccb8d7c9ac57fbb14f47bb87,OPP:ccb8d7c9ac57fbb14f47bb87,2231.9,False,HOLD,TRANSITION,OPEN,NO_CURRENT_CREATION_EVENT,2026-07-31T14:45:00+05:30,GLENMARK,False,ATR_MULTIPLE
NO_EVENT,NONE,[],[],FAILED_BACK_INSIDE,UNKNOWN,[],[],[],AUCTION_SIGNAL_DOWNSTREAM_V2,OPEN,HOLD_POSITION,NONE,"[{""action"": ""HOLD"", ""signal_id"": ""6c1d311c-b1e4-503d-9f2d-3a50df29da5d"", ""setup"": ""FAILED_BREAKOUT"", ""side"": ""SELL"", ""stage"": ""TRANSITION"", ""status"": ""OPEN"", ""status_reason"": ""NO_CURRENT_CREATION_EVENT"", ""signal_action"": ""HOLD"", ""signal_state"": ""OPEN"", ""trade_action"": ""HOLD_POSITION"", ""management_posture"": ""CAUTION"", ""management_reason_code"": ""NO_CURRENT_CREATION_EVENT"", ""should_exit_signal"": false}]",1548,CAUTION,NO_CURRENT_CREATION_EVENT,"[""CONTINUATION:BLOCK"", ""REACCELERATION:BLOCK"", ""REVERSAL:BLOCK""]",HOLD,CAND:296c26607039b07e87c6f497,OPP:296c26607039b07e87c6f497,388.0,False,HOLD,TRANSITION,OPEN,NO_CURRENT_CREATION_EVENT,2026-07-31T14:45:00+05:30,INDUSTOWER,False,ATR_MULTIPLE
NO_EVENT,DIRECTIONAL,[],[],NONE,OPPOSED,[],[],[],AUCTION_SIGNAL_DOWNSTREAM_V2,OPEN,HOLD_POSITION,NONE,"[{""action"": ""HOLD"", ""signal_id"": ""fe205a27-ef8f-5bf7-9192-94593d799d94"", ""setup"": ""BREAKOUT_INITIATION"", ""side"": ""BUY"", ""stage"": ""WEAKENING"", ""status"": ""OPEN"", ""status_reason"": ""AUTHORITATIVE_DIRECTION_OPPOSED"", ""signal_action"": ""HOLD"", ""signal_state"": ""OPEN"", ""trade_action"": ""HOLD_POSITION"", ""management_posture"": ""CAUTION"", ""management_reason_code"": ""AUTHORITATIVE_DIRECTION_OPPOSED"", ""should_exit_signal"": false}]",1549,CAUTION,AUTHORITATIVE_DIRECTION_OPPOSED,[],HOLD,CAND:4a3872010c190995b2d63ff8,OPP:4a3872010c190995b2d63ff8,628.95,False,HOLD,WEAKENING,OPEN,AUTHORITATIVE_DIRECTION_OPPOSED,2026-07-31T14:45:00+05:30,KALYANKJIL,False,ATR_MULTIPLE
DIRECTIONAL_MATURED,MATURE,"[""DIR:MANAPPURAM:2026-07-31:009:UP:135100:DIRECTIONAL_MATURED:144500""]","[""DIRECTIONAL_MATURED""]",NONE,ALIGNED,[],[],[],AUCTION_SIGNAL_DOWNSTREAM_V2,OPEN,HOLD_POSITION,NONE,"[{""action"": ""HOLD"", ""signal_id"": ""50c51811-b112-5f0f-9fcc-a1422ceea97c"", ""setup"": ""REVERSAL"", ""side"": ""BUY"", ""stage"": ""EXPAND"", ""status"": ""OPEN"", ""status_reason"": ""AUTHORITATIVE_DIRECTIONAL_MATURE"", ""signal_action"": ""HOLD"", ""signal_state"": ""OPEN"", ""trade_action"": ""HOLD_POSITION"", ""management_posture"": ""STRENGTHEN"", ""management_reason_code"": ""AUTHORITATIVE_DIRECTIONAL_MATURE"", ""should_exit_signal"": false}]",1550,STRENGTHEN,AUTHORITATIVE_DIRECTIONAL_MATURE,[],HOLD,CAND:7316c4a2330c742a8803fe6c,OPP:7316c4a2330c742a8803fe6c,369.15,False,HOLD,EXPAND,OPEN,AUTHORITATIVE_DIRECTIONAL_MATURE,2026-07-31T14:45:00+05:30,MANAPPURAM,True,ATR_MULTIPLE
NO_EVENT,NONE,[],[],FORMING,UNKNOWN,[],[],[],AUCTION_SIGNAL_DOWNSTREAM_V2,OPEN,HOLD_POSITION,NONE,"[{""action"": ""HOLD"", ""signal_id"": ""cad8805e-c102-57a4-96c7-d70c9c07f5cc"", ""setup"": ""BREAKOUT_INITIATION"", ""side"": ""BUY"", ""stage"": ""TRANSITION"", ""status"": ""OPEN"", ""status_reason"": ""NO_CURRENT_CREATION_EVENT"", ""signal_action"": ""HOLD"", ""signal_state"": ""OPEN"", ""trade_action"": ""HOLD_POSITION"", ""management_posture"": ""CAUTION"", ""management_reason_code"": ""NO_CURRENT_CREATION_EVENT"", ""should_exit_signal"": false}]",1551,CAUTION,NO_CURRENT_CREATION_EVENT,[],HOLD,CAND:6e00ceac84968df1df4d7495,OPP:6e00ceac84968df1df4d7495,5416.9,False,HOLD,TRANSITION,OPEN,NO_CURRENT_CREATION_EVENT,2026-07-31T14:45:00+05:30,PERSISTENT,False,ATR_MULTIPLE
NO_EVENT,NONE,[],[],NONE,UNKNOWN,[],[],[],AUCTION_SIGNAL_DOWNSTREAM_V2,OPEN,HOLD_POSITION,NONE,"[{""action"": ""HOLD"", ""signal_id"": ""57fbc3b0-0822-51b7-8515-450ea6586841"", ""setup"": ""FAILED_BREAKOUT"", ""side"": ""BUY"", ""stage"": ""TRANSITION"", ""status"": ""OPEN"", ""status_reason"": ""NO_CURRENT_CREATION_EVENT"", ""signal_action"": ""HOLD"", ""signal_state"": ""OPEN"", ""trade_action"": ""HOLD_POSITION"", ""management_posture"": ""CAUTION"", ""management_reason_code"": ""NO_CURRENT_CREATION_EVENT"", ""should_exit_signal"": false}]",1552,CAUTION,NO_CURRENT_CREATION_EVENT,[],HOLD,CAND:dc1ab160fa1ee75a10189da6,OPP:dc1ab160fa1ee75a10189da6,32370.0,False,HOLD,TRANSITION,OPEN,NO_CURRENT_CREATION_EVENT,2026-07-31T14:45:00+05:30,POWERINDIA,False,ATR_MULTIPLE
NO_EVENT,NONE,[],[],LOCKED,,[],[],[],,,,,[],1553,,,"[""CONTINUATION:BLOCK"", ""REACCELERATION:BLOCK"", ""REVERSAL:BLOCK""]",,,,,,NO_ACTION,,,,2026-07-31T14:45:00+05:30,TCS,,
NO_EVENT,NONE,[],[],FORMING,,[],[],[],,,,,[],1554,,,[],,,,,,NO_ACTION,,,,2026-07-31T14:45:00+05:30,TORNTPHARM,,
NO_EVENT,DIRECTIONAL,[],[],NONE,,[],[],[],,,,,[],1555,,,[],,,,,,NO_ACTION,,,,2026-07-31T14:48:00+05:30,BHEL,,
NO_EVENT,NONE,[],[],NONE,,[],[],[],,,,,[],1556,,,[],,,,,,NO_ACTION,,,,2026-07-31T14:48:00+05:30,CHOLAFIN,,
NO_EVENT,DIRECTIONAL,[],[],NONE,OPPOSED,[],[],[],AUCTION_SIGNAL_DOWNSTREAM_V2,OPEN,HOLD_POSITION,NONE,"[{""action"": ""HOLD"", ""signal_id"": ""b811de42-fbb9-5d26-a364-a9f98c91de7c"", ""setup"": ""BREAKOUT_INITIATION"", ""side"": ""SELL"", ""stage"": ""WEAKENING"", ""status"": ""OPEN"", ""status_reason"": ""AUTHORITATIVE_DIRECTION_OPPOSED"", ""signal_action"": ""HOLD"", ""signal_state"": ""OPEN"", ""trade_action"": ""HOLD_POSITION"", ""management_posture"": ""CAUTION"", ""management_reason_code"": ""AUTHORITATIVE_DIRECTION_OPPOSED"", ""should_exit_signal"": false}]",1557,CAUTION,AUTHORITATIVE_DIRECTION_OPPOSED,[],HOLD,CAND:0d32e3ad08ef9cc69fd0369f,OPP:0d32e3ad08ef9cc69fd0369f,1712.5,False,HOLD,WEAKENING,OPEN,AUTHORITATIVE_DIRECTION_OPPOSED,2026-07-31T14:48:00+05:30,COFORGE,False,ATR_MULTIPLE
NO_EVENT,REVERSAL_WATCH,[],[],NONE,,[],[],[],,,,,[],1558,,,[],,,,,,NO_ACTION,,,,2026-07-31T14:48:00+05:30,DIVISLAB,,
NO_EVENT,REVERSAL_WATCH,[],[],PROBABLE,,[],[],[],,,,,[],1559,,,[],,,,,,NO_ACTION,,,,2026-07-31T14:48:00+05:30,EXIDEIND,,
NO_EVENT,NONE,[],[],LOCKED,UNKNOWN,[],[],[],AUCTION_SIGNAL_DOWNSTREAM_V2,OPEN,HOLD_POSITION,NONE,"[{""action"": ""HOLD"", ""signal_id"": ""76d65cfd-3f5f-5419-81f1-24a924660ce7"", ""setup"": ""REVERSAL"", ""side"": ""BUY"", ""stage"": ""TRANSITION"", ""status"": ""OPEN"", ""status_reason"": ""NO_CURRENT_CREATION_EVENT"", ""signal_action"": ""HOLD"", ""signal_state"": ""OPEN"", ""trade_action"": ""HOLD_POSITION"", ""management_posture"": ""CAUTION"", ""management_reason_code"": ""NO_CURRENT_CREATION_EVENT"", ""should_exit_signal"": false}]",1560,CAUTION,NO_CURRENT_CREATION_EVENT,"[""CONTINUATION:BLOCK"", ""REACCELERATION:BLOCK"", ""REVERSAL:BLOCK""]",HOLD,CAND:32b3a707960484f98d8399a7,OPP:32b3a707960484f98d8399a7,17907.0,False,HOLD,TRANSITION,OPEN,NO_CURRENT_CREATION_EVENT,2026-07-31T14:48:00+05:30,FORCEMOT,False,ATR_MULTIPLE
NO_EVENT,NONE,[],[],NONE,UNKNOWN,[],[],[],AUCTION_SIGNAL_DOWNSTREAM_V2,OPEN,HOLD_POSITION,NONE,"[{""action"": ""HOLD"", ""signal_id"": ""a4859555-9e57-5772-9c79-4a6b83478351"", ""setup"": ""FAILED_BREAKOUT"", ""side"": ""BUY"", ""stage"": ""TRANSITION"", ""status"": ""OPEN"", ""status_reason"": ""NO_CURRENT_CREATION_EVENT"", ""signal_action"": ""HOLD"", ""signal_state"": ""OPEN"", ""trade_action"": ""HOLD_POSITION"", ""management_posture"": ""CAUTION"", ""management_reason_code"": ""NO_CURRENT_CREATION_EVENT"", ""should_exit_signal"": false}]",1561,CAUTION,NO_CURRENT_CREATION_EVENT,[],HOLD,CAND:ccb8d7c9ac57fbb14f47bb87,OPP:ccb8d7c9ac57fbb14f47bb87,2231.9,False,HOLD,TRANSITION,OPEN,NO_CURRENT_CREATION_EVENT,2026-07-31T14:48:00+05:30,GLENMARK,False,ATR_MULTIPLE
NO_EVENT,NONE,[],[],FAILED_BACK_INSIDE,UNKNOWN,[],[],[],AUCTION_SIGNAL_DOWNSTREAM_V2,OPEN,HOLD_POSITION,NONE,"[{""action"": ""HOLD"", ""signal_id"": ""6c1d311c-b1e4-503d-9f2d-3a50df29da5d"", ""setup"": ""FAILED_BREAKOUT"", ""side"": ""SELL"", ""stage"": ""TRANSITION"", ""status"": ""OPEN"", ""status_reason"": ""NO_CURRENT_CREATION_EVENT"", ""signal_action"": ""HOLD"", ""signal_state"": ""OPEN"", ""trade_action"": ""HOLD_POSITION"", ""management_posture"": ""CAUTION"", ""management_reason_code"": ""NO_CURRENT_CREATION_EVENT"", ""should_exit_signal"": false}]",1562,CAUTION,NO_CURRENT_CREATION_EVENT,"[""CONTINUATION:BLOCK"", ""REACCELERATION:BLOCK"", ""REVERSAL:BLOCK""]",HOLD,CAND:296c26607039b07e87c6f497,OPP:296c26607039b07e87c6f497,388.0,False,HOLD,TRANSITION,OPEN,NO_CURRENT_CREATION_EVENT,2026-07-31T14:48:00+05:30,INDUSTOWER,False,ATR_MULTIPLE
"BALANCE_FORMING_STARTED,DIRECTIONAL_MATURED",MATURE,"[""BAL:KALYANKJIL:2026-07-31:006:NEUTRAL:144800:BALANCE_FORMING_STARTED:144800"", ""DIR:KALYANKJIL:2026-07-31:014:DOWN:144200:DIRECTIONAL_MATURED:144800""]","[""BALANCE_FORMING_STARTED"", ""DIRECTIONAL_MATURED""]",FORMING,OPPOSED,[],[],[],AUCTION_SIGNAL_DOWNSTREAM_V2,OPEN,HOLD_POSITION,NONE,"[{""action"": ""HOLD"", ""signal_id"": ""fe205a27-ef8f-5bf7-9192-94593d799d94"", ""setup"": ""BREAKOUT_INITIATION"", ""side"": ""BUY"", ""stage"": ""WEAKENING"", ""status"": ""OPEN"", ""status_reason"": ""AUTHORITATIVE_DIRECTION_OPPOSED"", ""signal_action"": ""HOLD"", ""signal_state"": ""OPEN"", ""trade_action"": ""HOLD_POSITION"", ""management_posture"": ""CAUTION"", ""management_reason_code"": ""AUTHORITATIVE_DIRECTION_OPPOSED"", ""should_exit_signal"": false}]",1563,CAUTION,AUTHORITATIVE_DIRECTION_OPPOSED,[],HOLD,CAND:4a3872010c190995b2d63ff8,OPP:4a3872010c190995b2d63ff8,628.95,False,HOLD,WEAKENING,OPEN,AUTHORITATIVE_DIRECTION_OPPOSED,2026-07-31T14:48:00+05:30,KALYANKJIL,False,ATR_MULTIPLE
REVERSAL_WATCH_STARTED,REVERSAL_WATCH,"[""DIR:MANAPPURAM:2026-07-31:009:UP:135100:REVERSAL_WATCH_STARTED:144800""]","[""REVERSAL_WATCH_STARTED""]",NONE,ALIGNED,[],[],[],AUCTION_SIGNAL_DOWNSTREAM_V2,OPEN,HOLD_POSITION,NONE,"[{""action"": ""HOLD"", ""signal_id"": ""50c51811-b112-5f0f-9fcc-a1422ceea97c"", ""setup"": ""REVERSAL"", ""side"": ""BUY"", ""stage"": ""PROTECT"", ""status"": ""OPEN"", ""status_reason"": ""AUTHORITATIVE_REVERSAL_WATCH"", ""signal_action"": ""HOLD"", ""signal_state"": ""OPEN"", ""trade_action"": ""HOLD_POSITION"", ""management_posture"": ""CAUTION"", ""management_reason_code"": ""AUTHORITATIVE_REVERSAL_WATCH"", ""should_exit_signal"": false}]",1564,CAUTION,AUTHORITATIVE_REVERSAL_WATCH,[],HOLD,CAND:7316c4a2330c742a8803fe6c,OPP:7316c4a2330c742a8803fe6c,369.15,False,HOLD,PROTECT,OPEN,AUTHORITATIVE_REVERSAL_WATCH,2026-07-31T14:48:00+05:30,MANAPPURAM,False,ATR_MULTIPLE
NO_EVENT,NONE,[],[],FORMING,UNKNOWN,[],[],[],AUCTION_SIGNAL_DOWNSTREAM_V2,OPEN,HOLD_POSITION,NONE,"[{""action"": ""HOLD"", ""signal_id"": ""cad8805e-c102-57a4-96c7-d70c9c07f5cc"", ""setup"": ""BREAKOUT_INITIATION"", ""side"": ""BUY"", ""stage"": ""TRANSITION"", ""status"": ""OPEN"", ""status_reason"": ""NO_CURRENT_CREATION_EVENT"", ""signal_action"": ""HOLD"", ""signal_state"": ""OPEN"", ""trade_action"": ""HOLD_POSITION"", ""management_posture"": ""CAUTION"", ""management_reason_code"": ""NO_CURRENT_CREATION_EVENT"", ""should_exit_signal"": false}]",1565,CAUTION,NO_CURRENT_CREATION_EVENT,[],HOLD,CAND:6e00ceac84968df1df4d7495,OPP:6e00ceac84968df1df4d7495,5416.9,False,HOLD,TRANSITION,OPEN,NO_CURRENT_CREATION_EVENT,2026-07-31T14:48:00+05:30,PERSISTENT,False,ATR_MULTIPLE
NO_EVENT,NONE,[],[],NONE,UNKNOWN,[],[],[],AUCTION_SIGNAL_DOWNSTREAM_V2,OPEN,HOLD_POSITION,NONE,"[{""action"": ""HOLD"", ""signal_id"": ""57fbc3b0-0822-51b7-8515-450ea6586841"", ""setup"": ""FAILED_BREAKOUT"", ""side"": ""BUY"", ""stage"": ""TRANSITION"", ""status"": ""OPEN"", ""status_reason"": ""NO_CURRENT_CREATION_EVENT"", ""signal_action"": ""HOLD"", ""signal_state"": ""OPEN"", ""trade_action"": ""HOLD_POSITION"", ""management_posture"": ""CAUTION"", ""management_reason_code"": ""NO_CURRENT_CREATION_EVENT"", ""should_exit_signal"": false}]",1566,CAUTION,NO_CURRENT_CREATION_EVENT,[],HOLD,CAND:dc1ab160fa1ee75a10189da6,OPP:dc1ab160fa1ee75a10189da6,32370.0,False,HOLD,TRANSITION,OPEN,NO_CURRENT_CREATION_EVENT,2026-07-31T14:48:00+05:30,POWERINDIA,False,ATR_MULTIPLE
NO_EVENT,NONE,[],[],LOCKED,,[],[],[],,,,,[],1567,,,"[""CONTINUATION:BLOCK"", ""REACCELERATION:BLOCK"", ""REVERSAL:BLOCK""]",,,,,,NO_ACTION,,,,2026-07-31T14:48:00+05:30,TCS,,
BALANCE_PROBABLE,NONE,"[""BAL:TORNTPHARM:2026-07-31:007:NEUTRAL:142100:BALANCE_PROBABLE:144800""]","[""BALANCE_PROBABLE""]",PROBABLE,,[],[],[],,,,,[],1568,,,[],,,,,,NO_ACTION,,,,2026-07-31T14:48:00+05:30,TORNTPHARM,,
DIRECTIONAL_MATURED,MATURE,"[""DIR:BHEL:2026-07-31:013:DOWN:144200:DIRECTIONAL_MATURED:145100""]","[""DIRECTIONAL_MATURED""]",NONE,,[],[],[],,,,,[],1569,,,[],,,,,,NO_ACTION,,,,2026-07-31T14:51:00+05:30,BHEL,,
NO_EVENT,NONE,[],[],NONE,,[],[],[],,,,,[],1570,,,[],,,,,,NO_ACTION,,,,2026-07-31T14:51:00+05:30,CHOLAFIN,,
NO_EVENT,DIRECTIONAL,[],[],NONE,OPPOSED,[],[],[],AUCTION_SIGNAL_DOWNSTREAM_V2,OPEN,HOLD_POSITION,NONE,"[{""action"": ""HOLD"", ""signal_id"": ""b811de42-fbb9-5d26-a364-a9f98c91de7c"", ""setup"": ""BREAKOUT_INITIATION"", ""side"": ""SELL"", ""stage"": ""WEAKENING"", ""status"": ""OPEN"", ""status_reason"": ""AUTHORITATIVE_DIRECTION_OPPOSED"", ""signal_action"": ""HOLD"", ""signal_state"": ""OPEN"", ""trade_action"": ""HOLD_POSITION"", ""management_posture"": ""CAUTION"", ""management_reason_code"": ""AUTHORITATIVE_DIRECTION_OPPOSED"", ""should_exit_signal"": false}]",1571,CAUTION,AUTHORITATIVE_DIRECTION_OPPOSED,[],HOLD,CAND:0d32e3ad08ef9cc69fd0369f,OPP:0d32e3ad08ef9cc69fd0369f,1712.5,False,HOLD,WEAKENING,OPEN,AUTHORITATIVE_DIRECTION_OPPOSED,2026-07-31T14:51:00+05:30,COFORGE,False,ATR_MULTIPLE
NO_EVENT,REVERSAL_WATCH,[],[],NONE,,[],[],[],,,,,[],1572,,,[],,,,,,NO_ACTION,,,,2026-07-31T14:51:00+05:30,DIVISLAB,,
BALANCE_LOCKED,REVERSAL_WATCH,"[""BAL:EXIDEIND:2026-07-31:006:NEUTRAL:143000:BALANCE_LOCKED:145100""]","[""BALANCE_LOCKED""]",LOCKED,,[],[],[],,,,,[],1573,,,"[""CONTINUATION:BLOCK"", ""REACCELERATION:BLOCK"", ""REVERSAL:BLOCK""]",,,,,,NO_ACTION,,,,2026-07-31T14:51:00+05:30,EXIDEIND,,
NO_EVENT,NONE,[],[],LOCKED,UNKNOWN,[],[],[],AUCTION_SIGNAL_DOWNSTREAM_V2,OPEN,HOLD_POSITION,NONE,"[{""action"": ""HOLD"", ""signal_id"": ""76d65cfd-3f5f-5419-81f1-24a924660ce7"", ""setup"": ""REVERSAL"", ""side"": ""BUY"", ""stage"": ""TRANSITION"", ""status"": ""OPEN"", ""status_reason"": ""NO_CURRENT_CREATION_EVENT"", ""signal_action"": ""HOLD"", ""signal_state"": ""OPEN"", ""trade_action"": ""HOLD_POSITION"", ""management_posture"": ""CAUTION"", ""management_reason_code"": ""NO_CURRENT_CREATION_EVENT"", ""should_exit_signal"": false}]",1574,CAUTION,NO_CURRENT_CREATION_EVENT,"[""CONTINUATION:BLOCK"", ""REACCELERATION:BLOCK"", ""REVERSAL:BLOCK""]",HOLD,CAND:32b3a707960484f98d8399a7,OPP:32b3a707960484f98d8399a7,17907.0,False,HOLD,TRANSITION,OPEN,NO_CURRENT_CREATION_EVENT,2026-07-31T14:51:00+05:30,FORCEMOT,False,ATR_MULTIPLE
NO_EVENT,NONE,[],[],NONE,UNKNOWN,[],[],[],AUCTION_SIGNAL_DOWNSTREAM_V2,OPEN,HOLD_POSITION,NONE,"[{""action"": ""HOLD"", ""signal_id"": ""a4859555-9e57-5772-9c79-4a6b83478351"", ""setup"": ""FAILED_BREAKOUT"", ""side"": ""BUY"", ""stage"": ""TRANSITION"", ""status"": ""OPEN"", ""status_reason"": ""NO_CURRENT_CREATION_EVENT"", ""signal_action"": ""HOLD"", ""signal_state"": ""OPEN"", ""trade_action"": ""HOLD_POSITION"", ""management_posture"": ""CAUTION"", ""management_reason_code"": ""NO_CURRENT_CREATION_EVENT"", ""should_exit_signal"": false}]",1575,CAUTION,NO_CURRENT_CREATION_EVENT,[],HOLD,CAND:ccb8d7c9ac57fbb14f47bb87,OPP:ccb8d7c9ac57fbb14f47bb87,2231.9,False,HOLD,TRANSITION,OPEN,NO_CURRENT_CREATION_EVENT,2026-07-31T14:51:00+05:30,GLENMARK,False,ATR_MULTIPLE
NO_EVENT,NONE,[],[],FAILED_BACK_INSIDE,UNKNOWN,[],[],[],AUCTION_SIGNAL_DOWNSTREAM_V2,OPEN,HOLD_POSITION,NONE,"[{""action"": ""HOLD"", ""signal_id"": ""6c1d311c-b1e4-503d-9f2d-3a50df29da5d"", ""setup"": ""FAILED_BREAKOUT"", ""side"": ""SELL"", ""stage"": ""TRANSITION"", ""status"": ""OPEN"", ""status_reason"": ""NO_CURRENT_CREATION_EVENT"", ""signal_action"": ""HOLD"", ""signal_state"": ""OPEN"", ""trade_action"": ""HOLD_POSITION"", ""management_posture"": ""CAUTION"", ""management_reason_code"": ""NO_CURRENT_CREATION_EVENT"", ""should_exit_signal"": false}]",1576,CAUTION,NO_CURRENT_CREATION_EVENT,"[""CONTINUATION:BLOCK"", ""REACCELERATION:BLOCK"", ""REVERSAL:BLOCK""]",HOLD,CAND:296c26607039b07e87c6f497,OPP:296c26607039b07e87c6f497,388.0,False,HOLD,TRANSITION,OPEN,NO_CURRENT_CREATION_EVENT,2026-07-31T14:51:00+05:30,INDUSTOWER,False,ATR_MULTIPLE
REVERSAL_WATCH_STARTED,REVERSAL_WATCH,"[""DIR:KALYANKJIL:2026-07-31:014:DOWN:144200:REVERSAL_WATCH_STARTED:145100""]","[""REVERSAL_WATCH_STARTED""]",FORMING,OPPOSED,[],[],[],AUCTION_SIGNAL_DOWNSTREAM_V2,OPEN,HOLD_POSITION,NONE,"[{""action"": ""HOLD"", ""signal_id"": ""fe205a27-ef8f-5bf7-9192-94593d799d94"", ""setup"": ""BREAKOUT_INITIATION"", ""side"": ""BUY"", ""stage"": ""PROTECT"", ""status"": ""OPEN"", ""status_reason"": ""AUTHORITATIVE_REVERSAL_WATCH"", ""signal_action"": ""HOLD"", ""signal_state"": ""OPEN"", ""trade_action"": ""HOLD_POSITION"", ""management_posture"": ""CAUTION"", ""management_reason_code"": ""AUTHORITATIVE_REVERSAL_WATCH"", ""should_exit_signal"": false}]",1577,CAUTION,AUTHORITATIVE_REVERSAL_WATCH,[],HOLD,CAND:4a3872010c190995b2d63ff8,OPP:4a3872010c190995b2d63ff8,628.95,False,HOLD,PROTECT,OPEN,AUTHORITATIVE_REVERSAL_WATCH,2026-07-31T14:51:00+05:30,KALYANKJIL,False,ATR_MULTIPLE
NO_EVENT,REVERSAL_WATCH,[],[],NONE,ALIGNED,[],[],[],AUCTION_SIGNAL_DOWNSTREAM_V2,OPEN,HOLD_POSITION,NONE,"[{""action"": ""HOLD"", ""signal_id"": ""50c51811-b112-5f0f-9fcc-a1422ceea97c"", ""setup"": ""REVERSAL"", ""side"": ""BUY"", ""stage"": ""PROTECT"", ""status"": ""OPEN"", ""status_reason"": ""AUTHORITATIVE_REVERSAL_WATCH"", ""signal_action"": ""HOLD"", ""signal_state"": ""OPEN"", ""trade_action"": ""HOLD_POSITION"", ""management_posture"": ""CAUTION"", ""management_reason_code"": ""AUTHORITATIVE_REVERSAL_WATCH"", ""should_exit_signal"": false}]",1578,CAUTION,AUTHORITATIVE_REVERSAL_WATCH,[],HOLD,CAND:7316c4a2330c742a8803fe6c,OPP:7316c4a2330c742a8803fe6c,369.15,False,HOLD,PROTECT,OPEN,AUTHORITATIVE_REVERSAL_WATCH,2026-07-31T14:51:00+05:30,MANAPPURAM,False,ATR_MULTIPLE
NO_EVENT,NONE,[],[],FORMING,UNKNOWN,[],[],[],AUCTION_SIGNAL_DOWNSTREAM_V2,OPEN,HOLD_POSITION,NONE,"[{""action"": ""HOLD"", ""signal_id"": ""cad8805e-c102-57a4-96c7-d70c9c07f5cc"", ""setup"": ""BREAKOUT_INITIATION"", ""side"": ""BUY"", ""stage"": ""TRANSITION"", ""status"": ""OPEN"", ""status_reason"": ""NO_CURRENT_CREATION_EVENT"", ""signal_action"": ""HOLD"", ""signal_state"": ""OPEN"", ""trade_action"": ""HOLD_POSITION"", ""management_posture"": ""CAUTION"", ""management_reason_code"": ""NO_CURRENT_CREATION_EVENT"", ""should_exit_signal"": false}]",1579,CAUTION,NO_CURRENT_CREATION_EVENT,[],HOLD,CAND:6e00ceac84968df1df4d7495,OPP:6e00ceac84968df1df4d7495,5416.9,False,HOLD,TRANSITION,OPEN,NO_CURRENT_CREATION_EVENT,2026-07-31T14:51:00+05:30,PERSISTENT,False,ATR_MULTIPLE
NO_EVENT,NONE,[],[],NONE,UNKNOWN,[],[],[],AUCTION_SIGNAL_DOWNSTREAM_V2,OPEN,HOLD_POSITION,NONE,"[{""action"": ""HOLD"", ""signal_id"": ""57fbc3b0-0822-51b7-8515-450ea6586841"", ""setup"": ""FAILED_BREAKOUT"", ""side"": ""BUY"", ""stage"": ""TRANSITION"", ""status"": ""OPEN"", ""status_reason"": ""NO_CURRENT_CREATION_EVENT"", ""signal_action"": ""HOLD"", ""signal_state"": ""OPEN"", ""trade_action"": ""HOLD_POSITION"", ""management_posture"": ""CAUTION"", ""management_reason_code"": ""NO_CURRENT_CREATION_EVENT"", ""should_exit_signal"": false}]",1580,CAUTION,NO_CURRENT_CREATION_EVENT,[],HOLD,CAND:dc1ab160fa1ee75a10189da6,OPP:dc1ab160fa1ee75a10189da6,32370.0,False,HOLD,TRANSITION,OPEN,NO_CURRENT_CREATION_EVENT,2026-07-31T14:51:00+05:30,POWERINDIA,False,ATR_MULTIPLE
NO_EVENT,NONE,[],[],LOCKED,,[],[],[],,,,,[],1581,,,"[""CONTINUATION:BLOCK"", ""REACCELERATION:BLOCK"", ""REVERSAL:BLOCK""]",,,,,,NO_ACTION,,,,2026-07-31T14:51:00+05:30,TCS,,
BALANCE_LOCKED,NONE,"[""BAL:TORNTPHARM:2026-07-31:007:NEUTRAL:142100:BALANCE_LOCKED:145100""]","[""BALANCE_LOCKED""]",LOCKED,,[],[],[],,,,,[],1582,,,"[""CONTINUATION:BLOCK"", ""REACCELERATION:BLOCK"", ""REVERSAL:BLOCK""]",,,,,,NO_ACTION,,,,2026-07-31T14:51:00+05:30,TORNTPHARM,,
REVERSAL_WATCH_STARTED,REVERSAL_WATCH,"[""DIR:BHEL:2026-07-31:013:DOWN:144200:REVERSAL_WATCH_STARTED:145400""]","[""REVERSAL_WATCH_STARTED""]",NONE,,[],[],[],,,,,[],1583,,,[],,,,,,NO_ACTION,,,,2026-07-31T14:54:00+05:30,BHEL,,
NO_EVENT,NONE,[],[],NONE,,[],[],[],,,,,[],1584,,,[],,,,,,NO_ACTION,,,,2026-07-31T14:54:00+05:30,CHOLAFIN,,
NO_EVENT,DIRECTIONAL,[],[],NONE,OPPOSED,[],[],[],AUCTION_SIGNAL_DOWNSTREAM_V2,OPEN,HOLD_POSITION,NONE,"[{""action"": ""HOLD"", ""signal_id"": ""b811de42-fbb9-5d26-a364-a9f98c91de7c"", ""setup"": ""BREAKOUT_INITIATION"", ""side"": ""SELL"", ""stage"": ""WEAKENING"", ""status"": ""OPEN"", ""status_reason"": ""AUTHORITATIVE_DIRECTION_OPPOSED"", ""signal_action"": ""HOLD"", ""signal_state"": ""OPEN"", ""trade_action"": ""HOLD_POSITION"", ""management_posture"": ""CAUTION"", ""management_reason_code"": ""AUTHORITATIVE_DIRECTION_OPPOSED"", ""should_exit_signal"": false}]",1585,CAUTION,AUTHORITATIVE_DIRECTION_OPPOSED,[],HOLD,CAND:0d32e3ad08ef9cc69fd0369f,OPP:0d32e3ad08ef9cc69fd0369f,1712.5,False,HOLD,WEAKENING,OPEN,AUTHORITATIVE_DIRECTION_OPPOSED,2026-07-31T14:54:00+05:30,COFORGE,False,ATR_MULTIPLE
NO_EVENT,REVERSAL_WATCH,[],[],NONE,,[],[],[],,,,,[],1586,,,[],,,,,,NO_ACTION,,,,2026-07-31T14:54:00+05:30,DIVISLAB,,
NO_EVENT,REVERSAL_WATCH,[],[],LOCKED,,[],[],[],,,,,[],1587,,,"[""CONTINUATION:BLOCK"", ""REACCELERATION:BLOCK"", ""REVERSAL:BLOCK""]",,,,,,NO_ACTION,,,,2026-07-31T14:54:00+05:30,EXIDEIND,,
NO_EVENT,NONE,[],[],LOCKED,UNKNOWN,[],[],[],AUCTION_SIGNAL_DOWNSTREAM_V2,OPEN,HOLD_POSITION,NONE,"[{""action"": ""HOLD"", ""signal_id"": ""76d65cfd-3f5f-5419-81f1-24a924660ce7"", ""setup"": ""REVERSAL"", ""side"": ""BUY"", ""stage"": ""TRANSITION"", ""status"": ""OPEN"", ""status_reason"": ""NO_CURRENT_CREATION_EVENT"", ""signal_action"": ""HOLD"", ""signal_state"": ""OPEN"", ""trade_action"": ""HOLD_POSITION"", ""management_posture"": ""CAUTION"", ""management_reason_code"": ""NO_CURRENT_CREATION_EVENT"", ""should_exit_signal"": false}]",1588,CAUTION,NO_CURRENT_CREATION_EVENT,"[""CONTINUATION:BLOCK"", ""REACCELERATION:BLOCK"", ""REVERSAL:BLOCK""]",HOLD,CAND:32b3a707960484f98d8399a7,OPP:32b3a707960484f98d8399a7,17907.0,False,HOLD,TRANSITION,OPEN,NO_CURRENT_CREATION_EVENT,2026-07-31T14:54:00+05:30,FORCEMOT,False,ATR_MULTIPLE
NO_EVENT,NONE,[],[],NONE,UNKNOWN,[],[],[],AUCTION_SIGNAL_DOWNSTREAM_V2,OPEN,HOLD_POSITION,NONE,"[{""action"": ""HOLD"", ""signal_id"": ""a4859555-9e57-5772-9c79-4a6b83478351"", ""setup"": ""FAILED_BREAKOUT"", ""side"": ""BUY"", ""stage"": ""TRANSITION"", ""status"": ""OPEN"", ""status_reason"": ""NO_CURRENT_CREATION_EVENT"", ""signal_action"": ""HOLD"", ""signal_state"": ""OPEN"", ""trade_action"": ""HOLD_POSITION"", ""management_posture"": ""CAUTION"", ""management_reason_code"": ""NO_CURRENT_CREATION_EVENT"", ""should_exit_signal"": false}]",1589,CAUTION,NO_CURRENT_CREATION_EVENT,[],HOLD,CAND:ccb8d7c9ac57fbb14f47bb87,OPP:ccb8d7c9ac57fbb14f47bb87,2231.9,False,HOLD,TRANSITION,OPEN,NO_CURRENT_CREATION_EVENT,2026-07-31T14:54:00+05:30,GLENMARK,False,ATR_MULTIPLE
NO_EVENT,NONE,[],[],FAILED_BACK_INSIDE,UNKNOWN,[],[],[],AUCTION_SIGNAL_DOWNSTREAM_V2,OPEN,HOLD_POSITION,NONE,"[{""action"": ""HOLD"", ""signal_id"": ""6c1d311c-b1e4-503d-9f2d-3a50df29da5d"", ""setup"": ""FAILED_BREAKOUT"", ""side"": ""SELL"", ""stage"": ""TRANSITION"", ""status"": ""OPEN"", ""status_reason"": ""NO_CURRENT_CREATION_EVENT"", ""signal_action"": ""HOLD"", ""signal_state"": ""OPEN"", ""trade_action"": ""HOLD_POSITION"", ""management_posture"": ""CAUTION"", ""management_reason_code"": ""NO_CURRENT_CREATION_EVENT"", ""should_exit_signal"": false}]",1590,CAUTION,NO_CURRENT_CREATION_EVENT,"[""CONTINUATION:BLOCK"", ""REACCELERATION:BLOCK"", ""REVERSAL:BLOCK""]",HOLD,CAND:296c26607039b07e87c6f497,OPP:296c26607039b07e87c6f497,388.0,False,HOLD,TRANSITION,OPEN,NO_CURRENT_CREATION_EVENT,2026-07-31T14:54:00+05:30,INDUSTOWER,False,ATR_MULTIPLE
NO_EVENT,REVERSAL_WATCH,[],[],FORMING,OPPOSED,[],[],[],AUCTION_SIGNAL_DOWNSTREAM_V2,OPEN,HOLD_POSITION,NONE,"[{""action"": ""HOLD"", ""signal_id"": ""fe205a27-ef8f-5bf7-9192-94593d799d94"", ""setup"": ""BREAKOUT_INITIATION"", ""side"": ""BUY"", ""stage"": ""PROTECT"", ""status"": ""OPEN"", ""status_reason"": ""AUTHORITATIVE_REVERSAL_WATCH"", ""signal_action"": ""HOLD"", ""signal_state"": ""OPEN"", ""trade_action"": ""HOLD_POSITION"", ""management_posture"": ""CAUTION"", ""management_reason_code"": ""AUTHORITATIVE_REVERSAL_WATCH"", ""should_exit_signal"": false}]",1591,CAUTION,AUTHORITATIVE_REVERSAL_WATCH,[],HOLD,CAND:4a3872010c190995b2d63ff8,OPP:4a3872010c190995b2d63ff8,628.95,False,HOLD,PROTECT,OPEN,AUTHORITATIVE_REVERSAL_WATCH,2026-07-31T14:54:00+05:30,KALYANKJIL,False,ATR_MULTIPLE
NO_EVENT,REVERSAL_WATCH,[],[],NONE,ALIGNED,[],[],[],AUCTION_SIGNAL_DOWNSTREAM_V2,OPEN,HOLD_POSITION,NONE,"[{""action"": ""HOLD"", ""signal_id"": ""50c51811-b112-5f0f-9fcc-a1422ceea97c"", ""setup"": ""REVERSAL"", ""side"": ""BUY"", ""stage"": ""PROTECT"", ""status"": ""OPEN"", ""status_reason"": ""AUTHORITATIVE_REVERSAL_WATCH"", ""signal_action"": ""HOLD"", ""signal_state"": ""OPEN"", ""trade_action"": ""HOLD_POSITION"", ""management_posture"": ""CAUTION"", ""management_reason_code"": ""AUTHORITATIVE_REVERSAL_WATCH"", ""should_exit_signal"": false}]",1592,CAUTION,AUTHORITATIVE_REVERSAL_WATCH,[],HOLD,CAND:7316c4a2330c742a8803fe6c,OPP:7316c4a2330c742a8803fe6c,369.15,False,HOLD,PROTECT,OPEN,AUTHORITATIVE_REVERSAL_WATCH,2026-07-31T14:54:00+05:30,MANAPPURAM,False,ATR_MULTIPLE
BALANCE_PROBABLE,NONE,"[""BAL:PERSISTENT:2026-07-31:007:NEUTRAL:144200:BALANCE_PROBABLE:145400""]","[""BALANCE_PROBABLE""]",PROBABLE,UNKNOWN,[],[],[],AUCTION_SIGNAL_DOWNSTREAM_V2,OPEN,HOLD_POSITION,NONE,"[{""action"": ""HOLD"", ""signal_id"": ""cad8805e-c102-57a4-96c7-d70c9c07f5cc"", ""setup"": ""BREAKOUT_INITIATION"", ""side"": ""BUY"", ""stage"": ""TRANSITION"", ""status"": ""OPEN"", ""status_reason"": ""NO_CURRENT_CREATION_EVENT"", ""signal_action"": ""HOLD"", ""signal_state"": ""OPEN"", ""trade_action"": ""HOLD_POSITION"", ""management_posture"": ""CAUTION"", ""management_reason_code"": ""NO_CURRENT_CREATION_EVENT"", ""should_exit_signal"": false}]",1593,CAUTION,NO_CURRENT_CREATION_EVENT,[],HOLD,CAND:6e00ceac84968df1df4d7495,OPP:6e00ceac84968df1df4d7495,5416.9,False,HOLD,TRANSITION,OPEN,NO_CURRENT_CREATION_EVENT,2026-07-31T14:54:00+05:30,PERSISTENT,False,ATR_MULTIPLE
NO_EVENT,NONE,[],[],NONE,UNKNOWN,[],[],[],AUCTION_SIGNAL_DOWNSTREAM_V2,OPEN,HOLD_POSITION,NONE,"[{""action"": ""HOLD"", ""signal_id"": ""57fbc3b0-0822-51b7-8515-450ea6586841"", ""setup"": ""FAILED_BREAKOUT"", ""side"": ""BUY"", ""stage"": ""TRANSITION"", ""status"": ""OPEN"", ""status_reason"": ""NO_CURRENT_CREATION_EVENT"", ""signal_action"": ""HOLD"", ""signal_state"": ""OPEN"", ""trade_action"": ""HOLD_POSITION"", ""management_posture"": ""CAUTION"", ""management_reason_code"": ""NO_CURRENT_CREATION_EVENT"", ""should_exit_signal"": false}]",1594,CAUTION,NO_CURRENT_CREATION_EVENT,[],HOLD,CAND:dc1ab160fa1ee75a10189da6,OPP:dc1ab160fa1ee75a10189da6,32370.0,False,HOLD,TRANSITION,OPEN,NO_CURRENT_CREATION_EVENT,2026-07-31T14:54:00+05:30,POWERINDIA,False,ATR_MULTIPLE
NO_EVENT,NONE,[],[],LOCKED,,[],[],[],,,,,[],1595,,,"[""CONTINUATION:BLOCK"", ""REACCELERATION:BLOCK"", ""REVERSAL:BLOCK""]",,,,,,NO_ACTION,,,,2026-07-31T14:54:00+05:30,TCS,,
NO_EVENT,NONE,[],[],LOCKED,,[],[],[],,,,,[],1596,,,"[""CONTINUATION:BLOCK"", ""REACCELERATION:BLOCK"", ""REVERSAL:BLOCK""]",,,,,,NO_ACTION,,,,2026-07-31T14:54:00+05:30,TORNTPHARM,,
NO_EVENT,REVERSAL_WATCH,[],[],NONE,,[],[],[],,,,,[],1597,,,[],,,,,,NO_ACTION,,,,2026-07-31T14:57:00+05:30,BHEL,,
NO_EVENT,NONE,[],[],NONE,,[],[],[],,,,,[],1598,,,[],,,,,,NO_ACTION,,,,2026-07-31T14:57:00+05:30,CHOLAFIN,,
NO_EVENT,DIRECTIONAL,[],[],NONE,OPPOSED,[],[],[],AUCTION_SIGNAL_DOWNSTREAM_V2,OPEN,HOLD_POSITION,NONE,"[{""action"": ""HOLD"", ""signal_id"": ""b811de42-fbb9-5d26-a364-a9f98c91de7c"", ""setup"": ""BREAKOUT_INITIATION"", ""side"": ""SELL"", ""stage"": ""WEAKENING"", ""status"": ""OPEN"", ""status_reason"": ""AUTHORITATIVE_DIRECTION_OPPOSED"", ""signal_action"": ""HOLD"", ""signal_state"": ""OPEN"", ""trade_action"": ""HOLD_POSITION"", ""management_posture"": ""CAUTION"", ""management_reason_code"": ""AUTHORITATIVE_DIRECTION_OPPOSED"", ""should_exit_signal"": false}]",1599,CAUTION,AUTHORITATIVE_DIRECTION_OPPOSED,[],HOLD,CAND:0d32e3ad08ef9cc69fd0369f,OPP:0d32e3ad08ef9cc69fd0369f,1712.5,False,HOLD,WEAKENING,OPEN,AUTHORITATIVE_DIRECTION_OPPOSED,2026-07-31T14:57:00+05:30,COFORGE,False,ATR_MULTIPLE
NO_EVENT,REVERSAL_WATCH,[],[],NONE,,[],[],[],,,,,[],1600,,,[],,,,,,NO_ACTION,,,,2026-07-31T14:57:00+05:30,DIVISLAB,,
"BALANCE_ESCAPE_STARTED,DIRECTIONAL_TREND_RESTORED",DIRECTIONAL,"[""BAL:EXIDEIND:2026-07-31:006:NEUTRAL:143000:BALANCE_ESCAPE_STARTED:145700"", ""DIR:EXIDEIND:2026-07-31:008:UP:143900:DIRECTIONAL_TREND_RESTORED:145700""]","[""BALANCE_ESCAPE_STARTED"", ""DIRECTIONAL_TREND_RESTORED""]",ESCAPE_WATCH,,[],[],[],,,,,[],1601,,,"[""ACCEPTED_BREAKOUT:WAIT"", ""BREAKOUT_INITIATION:PERMIT"", ""CONTINUATION:BLOCK"", ""FAILED_BREAKOUT:WAIT"", ""REACCELERATION:BLOCK"", ""REVERSAL:BLOCK""]",,,,,,NO_ACTION,,,,2026-07-31T14:57:00+05:30,EXIDEIND,,
BALANCE_ESCAPE_STARTED,NONE,"[""BAL:FORCEMOT:2026-07-31:002:NEUTRAL:114500:BALANCE_ESCAPE_STARTED:145700""]","[""BALANCE_ESCAPE_STARTED""]",ESCAPE_WATCH,UNKNOWN,[],[],[],AUCTION_SIGNAL_DOWNSTREAM_V2,OPEN,HOLD_POSITION,NONE,"[{""action"": ""HOLD"", ""signal_id"": ""76d65cfd-3f5f-5419-81f1-24a924660ce7"", ""setup"": ""REVERSAL"", ""side"": ""BUY"", ""stage"": ""TRANSITION"", ""status"": ""OPEN"", ""status_reason"": ""NO_CURRENT_CREATION_EVENT"", ""signal_action"": ""HOLD"", ""signal_state"": ""OPEN"", ""trade_action"": ""HOLD_POSITION"", ""management_posture"": ""CAUTION"", ""management_reason_code"": ""NO_CURRENT_CREATION_EVENT"", ""should_exit_signal"": false}]",1602,CAUTION,NO_CURRENT_CREATION_EVENT,"[""ACCEPTED_BREAKOUT:WAIT"", ""BREAKOUT_INITIATION:PERMIT"", ""CONTINUATION:BLOCK"", ""FAILED_BREAKOUT:WAIT"", ""REACCELERATION:BLOCK"", ""REVERSAL:BLOCK""]",HOLD,CAND:32b3a707960484f98d8399a7,OPP:32b3a707960484f98d8399a7,17907.0,False,HOLD,TRANSITION,OPEN,NO_CURRENT_CREATION_EVENT,2026-07-31T14:57:00+05:30,FORCEMOT,False,ATR_MULTIPLE
NO_EVENT,NONE,[],[],NONE,UNKNOWN,[],[],[],AUCTION_SIGNAL_DOWNSTREAM_V2,OPEN,HOLD_POSITION,NONE,"[{""action"": ""HOLD"", ""signal_id"": ""a4859555-9e57-5772-9c79-4a6b83478351"", ""setup"": ""FAILED_BREAKOUT"", ""side"": ""BUY"", ""stage"": ""TRANSITION"", ""status"": ""OPEN"", ""status_reason"": ""NO_CURRENT_CREATION_EVENT"", ""signal_action"": ""HOLD"", ""signal_state"": ""OPEN"", ""trade_action"": ""HOLD_POSITION"", ""management_posture"": ""CAUTION"", ""management_reason_code"": ""NO_CURRENT_CREATION_EVENT"", ""should_exit_signal"": false}]",1603,CAUTION,NO_CURRENT_CREATION_EVENT,[],HOLD,CAND:ccb8d7c9ac57fbb14f47bb87,OPP:ccb8d7c9ac57fbb14f47bb87,2231.9,False,HOLD,TRANSITION,OPEN,NO_CURRENT_CREATION_EVENT,2026-07-31T14:57:00+05:30,GLENMARK,False,ATR_MULTIPLE
NO_EVENT,NONE,[],[],FAILED_BACK_INSIDE,UNKNOWN,[],[],[],AUCTION_SIGNAL_DOWNSTREAM_V2,OPEN,HOLD_POSITION,NONE,"[{""action"": ""HOLD"", ""signal_id"": ""6c1d311c-b1e4-503d-9f2d-3a50df29da5d"", ""setup"": ""FAILED_BREAKOUT"", ""side"": ""SELL"", ""stage"": ""TRANSITION"", ""status"": ""OPEN"", ""status_reason"": ""NO_CURRENT_CREATION_EVENT"", ""signal_action"": ""HOLD"", ""signal_state"": ""OPEN"", ""trade_action"": ""HOLD_POSITION"", ""management_posture"": ""CAUTION"", ""management_reason_code"": ""NO_CURRENT_CREATION_EVENT"", ""should_exit_signal"": false}]",1604,CAUTION,NO_CURRENT_CREATION_EVENT,"[""CONTINUATION:BLOCK"", ""REACCELERATION:BLOCK"", ""REVERSAL:BLOCK""]",HOLD,CAND:296c26607039b07e87c6f497,OPP:296c26607039b07e87c6f497,388.0,False,HOLD,TRANSITION,OPEN,NO_CURRENT_CREATION_EVENT,2026-07-31T14:57:00+05:30,INDUSTOWER,False,ATR_MULTIPLE
DIRECTIONAL_TREND_RESTORED,DIRECTIONAL,"[""DIR:KALYANKJIL:2026-07-31:014:DOWN:144200:DIRECTIONAL_TREND_RESTORED:145700""]","[""DIRECTIONAL_TREND_RESTORED""]",FORMING,OPPOSED,[],[],[],AUCTION_SIGNAL_DOWNSTREAM_V2,OPEN,HOLD_POSITION,NONE,"[{""action"": ""HOLD"", ""signal_id"": ""fe205a27-ef8f-5bf7-9192-94593d799d94"", ""setup"": ""BREAKOUT_INITIATION"", ""side"": ""BUY"", ""stage"": ""WEAKENING"", ""status"": ""OPEN"", ""status_reason"": ""AUTHORITATIVE_DIRECTION_OPPOSED"", ""signal_action"": ""HOLD"", ""signal_state"": ""OPEN"", ""trade_action"": ""HOLD_POSITION"", ""management_posture"": ""CAUTION"", ""management_reason_code"": ""AUTHORITATIVE_DIRECTION_OPPOSED"", ""should_exit_signal"": false}]",1605,CAUTION,AUTHORITATIVE_DIRECTION_OPPOSED,"[""CONTINUATION:PERMIT""]",HOLD,CAND:4a3872010c190995b2d63ff8,OPP:4a3872010c190995b2d63ff8,628.95,False,HOLD,WEAKENING,OPEN,AUTHORITATIVE_DIRECTION_OPPOSED,2026-07-31T14:57:00+05:30,KALYANKJIL,False,ATR_MULTIPLE
NO_EVENT,REVERSAL_WATCH,[],[],NONE,ALIGNED,[],[],[],AUCTION_SIGNAL_DOWNSTREAM_V2,OPEN,HOLD_POSITION,NONE,"[{""action"": ""HOLD"", ""signal_id"": ""50c51811-b112-5f0f-9fcc-a1422ceea97c"", ""setup"": ""REVERSAL"", ""side"": ""BUY"", ""stage"": ""PROTECT"", ""status"": ""OPEN"", ""status_reason"": ""AUTHORITATIVE_REVERSAL_WATCH"", ""signal_action"": ""HOLD"", ""signal_state"": ""OPEN"", ""trade_action"": ""HOLD_POSITION"", ""management_posture"": ""CAUTION"", ""management_reason_code"": ""AUTHORITATIVE_REVERSAL_WATCH"", ""should_exit_signal"": false}]",1606,CAUTION,AUTHORITATIVE_REVERSAL_WATCH,[],HOLD,CAND:7316c4a2330c742a8803fe6c,OPP:7316c4a2330c742a8803fe6c,369.15,False,HOLD,PROTECT,OPEN,AUTHORITATIVE_REVERSAL_WATCH,2026-07-31T14:57:00+05:30,MANAPPURAM,False,ATR_MULTIPLE
NO_EVENT,NONE,[],[],PROBABLE,UNKNOWN,[],[],[],AUCTION_SIGNAL_DOWNSTREAM_V2,OPEN,HOLD_POSITION,NONE,"[{""action"": ""HOLD"", ""signal_id"": ""cad8805e-c102-57a4-96c7-d70c9c07f5cc"", ""setup"": ""BREAKOUT_INITIATION"", ""side"": ""BUY"", ""stage"": ""TRANSITION"", ""status"": ""OPEN"", ""status_reason"": ""NO_CURRENT_CREATION_EVENT"", ""signal_action"": ""HOLD"", ""signal_state"": ""OPEN"", ""trade_action"": ""HOLD_POSITION"", ""management_posture"": ""CAUTION"", ""management_reason_code"": ""NO_CURRENT_CREATION_EVENT"", ""should_exit_signal"": false}]",1607,CAUTION,NO_CURRENT_CREATION_EVENT,[],HOLD,CAND:6e00ceac84968df1df4d7495,OPP:6e00ceac84968df1df4d7495,5416.9,False,HOLD,TRANSITION,OPEN,NO_CURRENT_CREATION_EVENT,2026-07-31T14:57:00+05:30,PERSISTENT,False,ATR_MULTIPLE
NO_EVENT,NONE,[],[],NONE,UNKNOWN,[],[],[],AUCTION_SIGNAL_DOWNSTREAM_V2,OPEN,HOLD_POSITION,NONE,"[{""action"": ""HOLD"", ""signal_id"": ""57fbc3b0-0822-51b7-8515-450ea6586841"", ""setup"": ""FAILED_BREAKOUT"", ""side"": ""BUY"", ""stage"": ""TRANSITION"", ""status"": ""OPEN"", ""status_reason"": ""NO_CURRENT_CREATION_EVENT"", ""signal_action"": ""HOLD"", ""signal_state"": ""OPEN"", ""trade_action"": ""HOLD_POSITION"", ""management_posture"": ""CAUTION"", ""management_reason_code"": ""NO_CURRENT_CREATION_EVENT"", ""should_exit_signal"": false}]",1608,CAUTION,NO_CURRENT_CREATION_EVENT,[],HOLD,CAND:dc1ab160fa1ee75a10189da6,OPP:dc1ab160fa1ee75a10189da6,32370.0,False,HOLD,TRANSITION,OPEN,NO_CURRENT_CREATION_EVENT,2026-07-31T14:57:00+05:30,POWERINDIA,False,ATR_MULTIPLE
NO_EVENT,NONE,[],[],LOCKED,,[],[],[],,,,,[],1609,,,"[""CONTINUATION:BLOCK"", ""REACCELERATION:BLOCK"", ""REVERSAL:BLOCK""]",,,,,,NO_ACTION,,,,2026-07-31T14:57:00+05:30,TCS,,
NO_EVENT,NONE,[],[],LOCKED,,[],[],[],,,,,[],1610,,,"[""CONTINUATION:BLOCK"", ""REACCELERATION:BLOCK"", ""REVERSAL:BLOCK""]",,,,,,NO_ACTION,,,,2026-07-31T14:57:00+05:30,TORNTPHARM,,
BALANCE_FORMING_STARTED,REVERSAL_WATCH,"[""BAL:BHEL:2026-07-31:005:NEUTRAL:150000:BALANCE_FORMING_STARTED:150000""]","[""BALANCE_FORMING_STARTED""]",FORMING,,[],[],[],,,,,[],1611,,,[],,,,,,NO_ACTION,,,,2026-07-31T15:00:00+05:30,BHEL,,
NO_EVENT,NONE,[],[],NONE,,[],[],[],,,,,[],1612,,,[],,,,,,NO_ACTION,,,,2026-07-31T15:00:00+05:30,CHOLAFIN,,
BALANCE_FORMING_STARTED,DIRECTIONAL,"[""BAL:COFORGE:2026-07-31:005:NEUTRAL:150000:BALANCE_FORMING_STARTED:150000""]","[""BALANCE_FORMING_STARTED""]",FORMING,OPPOSED,[],[],[],AUCTION_SIGNAL_DOWNSTREAM_V2,OPEN,HOLD_POSITION,NONE,"[{""action"": ""HOLD"", ""signal_id"": ""b811de42-fbb9-5d26-a364-a9f98c91de7c"", ""setup"": ""BREAKOUT_INITIATION"", ""side"": ""SELL"", ""stage"": ""WEAKENING"", ""status"": ""OPEN"", ""status_reason"": ""AUTHORITATIVE_DIRECTION_OPPOSED"", ""signal_action"": ""HOLD"", ""signal_state"": ""OPEN"", ""trade_action"": ""HOLD_POSITION"", ""management_posture"": ""CAUTION"", ""management_reason_code"": ""AUTHORITATIVE_DIRECTION_OPPOSED"", ""should_exit_signal"": false}]",1613,CAUTION,AUTHORITATIVE_DIRECTION_OPPOSED,[],HOLD,CAND:0d32e3ad08ef9cc69fd0369f,OPP:0d32e3ad08ef9cc69fd0369f,1712.5,False,HOLD,WEAKENING,OPEN,AUTHORITATIVE_DIRECTION_OPPOSED,2026-07-31T15:00:00+05:30,COFORGE,False,ATR_MULTIPLE
NO_EVENT,REVERSAL_WATCH,[],[],NONE,,[],[],[],,,,,[],1614,,,[],,,,,,NO_ACTION,,,,2026-07-31T15:00:00+05:30,DIVISLAB,,
BALANCE_ESCAPE_ACCEPTED,DIRECTIONAL,"[""BAL:EXIDEIND:2026-07-31:006:NEUTRAL:143000:BALANCE_ESCAPE_ACCEPTED:150000""]","[""BALANCE_ESCAPE_ACCEPTED""]",ACCEPTED_OUTSIDE,,[],[],[],,,,,[],1615,,,"[""ACCEPTED_BREAKOUT:PERMIT""]",,,,,,NO_ACTION,,,,2026-07-31T15:00:00+05:30,EXIDEIND,,
BALANCE_ESCAPE_ACCEPTED,NONE,"[""BAL:FORCEMOT:2026-07-31:002:NEUTRAL:114500:BALANCE_ESCAPE_ACCEPTED:150000""]","[""BALANCE_ESCAPE_ACCEPTED""]",ACCEPTED_OUTSIDE,UNKNOWN,[],[],[],AUCTION_SIGNAL_DOWNSTREAM_V2,OPEN,HOLD_POSITION,NONE,"[{""action"": ""HOLD"", ""signal_id"": ""76d65cfd-3f5f-5419-81f1-24a924660ce7"", ""setup"": ""REVERSAL"", ""side"": ""BUY"", ""stage"": ""TRANSITION"", ""status"": ""OPEN"", ""status_reason"": ""NO_CURRENT_CREATION_EVENT"", ""signal_action"": ""HOLD"", ""signal_state"": ""OPEN"", ""trade_action"": ""HOLD_POSITION"", ""management_posture"": ""CAUTION"", ""management_reason_code"": ""NO_CURRENT_CREATION_EVENT"", ""should_exit_signal"": false}]",1616,CAUTION,NO_CURRENT_CREATION_EVENT,"[""ACCEPTED_BREAKOUT:PERMIT""]",HOLD,CAND:32b3a707960484f98d8399a7,OPP:32b3a707960484f98d8399a7,17907.0,False,HOLD,TRANSITION,OPEN,NO_CURRENT_CREATION_EVENT,2026-07-31T15:00:00+05:30,FORCEMOT,False,ATR_MULTIPLE
NO_EVENT,NONE,[],[],NONE,UNKNOWN,[],[],[],AUCTION_SIGNAL_DOWNSTREAM_V2,OPEN,HOLD_POSITION,NONE,"[{""action"": ""HOLD"", ""signal_id"": ""a4859555-9e57-5772-9c79-4a6b83478351"", ""setup"": ""FAILED_BREAKOUT"", ""side"": ""BUY"", ""stage"": ""TRANSITION"", ""status"": ""OPEN"", ""status_reason"": ""NO_CURRENT_CREATION_EVENT"", ""signal_action"": ""HOLD"", ""signal_state"": ""OPEN"", ""trade_action"": ""HOLD_POSITION"", ""management_posture"": ""CAUTION"", ""management_reason_code"": ""NO_CURRENT_CREATION_EVENT"", ""should_exit_signal"": false}]",1617,CAUTION,NO_CURRENT_CREATION_EVENT,[],HOLD,CAND:ccb8d7c9ac57fbb14f47bb87,OPP:ccb8d7c9ac57fbb14f47bb87,2231.9,False,HOLD,TRANSITION,OPEN,NO_CURRENT_CREATION_EVENT,2026-07-31T15:00:00+05:30,GLENMARK,False,ATR_MULTIPLE
NO_EVENT,NONE,[],[],FAILED_BACK_INSIDE,UNKNOWN,[],[],[],AUCTION_SIGNAL_DOWNSTREAM_V2,OPEN,HOLD_POSITION,NONE,"[{""action"": ""HOLD"", ""signal_id"": ""6c1d311c-b1e4-503d-9f2d-3a50df29da5d"", ""setup"": ""FAILED_BREAKOUT"", ""side"": ""SELL"", ""stage"": ""TRANSITION"", ""status"": ""OPEN"", ""status_reason"": ""NO_CURRENT_CREATION_EVENT"", ""signal_action"": ""HOLD"", ""signal_state"": ""OPEN"", ""trade_action"": ""HOLD_POSITION"", ""management_posture"": ""CAUTION"", ""management_reason_code"": ""NO_CURRENT_CREATION_EVENT"", ""should_exit_signal"": false}]",1618,CAUTION,NO_CURRENT_CREATION_EVENT,"[""CONTINUATION:BLOCK"", ""REACCELERATION:BLOCK"", ""REVERSAL:BLOCK""]",HOLD,CAND:296c26607039b07e87c6f497,OPP:296c26607039b07e87c6f497,388.0,False,HOLD,TRANSITION,OPEN,NO_CURRENT_CREATION_EVENT,2026-07-31T15:00:00+05:30,INDUSTOWER,False,ATR_MULTIPLE
DIRECTIONAL_MATURED,MATURE,"[""DIR:KALYANKJIL:2026-07-31:014:DOWN:144200:DIRECTIONAL_MATURED:150000""]","[""DIRECTIONAL_MATURED""]",FORMING,OPPOSED,[],[],[],AUCTION_SIGNAL_DOWNSTREAM_V2,OPEN,HOLD_POSITION,NONE,"[{""action"": ""HOLD"", ""signal_id"": ""fe205a27-ef8f-5bf7-9192-94593d799d94"", ""setup"": ""BREAKOUT_INITIATION"", ""side"": ""BUY"", ""stage"": ""WEAKENING"", ""status"": ""OPEN"", ""status_reason"": ""AUTHORITATIVE_DIRECTION_OPPOSED"", ""signal_action"": ""HOLD"", ""signal_state"": ""OPEN"", ""trade_action"": ""HOLD_POSITION"", ""management_posture"": ""CAUTION"", ""management_reason_code"": ""AUTHORITATIVE_DIRECTION_OPPOSED"", ""should_exit_signal"": false}]",1619,CAUTION,AUTHORITATIVE_DIRECTION_OPPOSED,[],HOLD,CAND:4a3872010c190995b2d63ff8,OPP:4a3872010c190995b2d63ff8,628.95,False,HOLD,WEAKENING,OPEN,AUTHORITATIVE_DIRECTION_OPPOSED,2026-07-31T15:00:00+05:30,KALYANKJIL,False,ATR_MULTIPLE
NO_EVENT,REVERSAL_WATCH,[],[],NONE,ALIGNED,[],[],[],AUCTION_SIGNAL_DOWNSTREAM_V2,OPEN,HOLD_POSITION,NONE,"[{""action"": ""HOLD"", ""signal_id"": ""50c51811-b112-5f0f-9fcc-a1422ceea97c"", ""setup"": ""REVERSAL"", ""side"": ""BUY"", ""stage"": ""PROTECT"", ""status"": ""OPEN"", ""status_reason"": ""AUTHORITATIVE_REVERSAL_WATCH"", ""signal_action"": ""HOLD"", ""signal_state"": ""OPEN"", ""trade_action"": ""HOLD_POSITION"", ""management_posture"": ""CAUTION"", ""management_reason_code"": ""AUTHORITATIVE_REVERSAL_WATCH"", ""should_exit_signal"": false}]",1620,CAUTION,AUTHORITATIVE_REVERSAL_WATCH,[],HOLD,CAND:7316c4a2330c742a8803fe6c,OPP:7316c4a2330c742a8803fe6c,369.15,False,HOLD,PROTECT,OPEN,AUTHORITATIVE_REVERSAL_WATCH,2026-07-31T15:00:00+05:30,MANAPPURAM,False,ATR_MULTIPLE
NO_EVENT,NONE,[],[],PROBABLE,UNKNOWN,[],[],[],AUCTION_SIGNAL_DOWNSTREAM_V2,OPEN,HOLD_POSITION,NONE,"[{""action"": ""HOLD"", ""signal_id"": ""cad8805e-c102-57a4-96c7-d70c9c07f5cc"", ""setup"": ""BREAKOUT_INITIATION"", ""side"": ""BUY"", ""stage"": ""TRANSITION"", ""status"": ""OPEN"", ""status_reason"": ""NO_CURRENT_CREATION_EVENT"", ""signal_action"": ""HOLD"", ""signal_state"": ""OPEN"", ""trade_action"": ""HOLD_POSITION"", ""management_posture"": ""CAUTION"", ""management_reason_code"": ""NO_CURRENT_CREATION_EVENT"", ""should_exit_signal"": false}]",1621,CAUTION,NO_CURRENT_CREATION_EVENT,[],HOLD,CAND:6e00ceac84968df1df4d7495,OPP:6e00ceac84968df1df4d7495,5416.9,False,HOLD,TRANSITION,OPEN,NO_CURRENT_CREATION_EVENT,2026-07-31T15:00:00+05:30,PERSISTENT,False,ATR_MULTIPLE
NO_EVENT,NONE,[],[],NONE,UNKNOWN,[],[],[],AUCTION_SIGNAL_DOWNSTREAM_V2,OPEN,HOLD_POSITION,NONE,"[{""action"": ""HOLD"", ""signal_id"": ""57fbc3b0-0822-51b7-8515-450ea6586841"", ""setup"": ""FAILED_BREAKOUT"", ""side"": ""BUY"", ""stage"": ""TRANSITION"", ""status"": ""OPEN"", ""status_reason"": ""NO_CURRENT_CREATION_EVENT"", ""signal_action"": ""HOLD"", ""signal_state"": ""OPEN"", ""trade_action"": ""HOLD_POSITION"", ""management_posture"": ""CAUTION"", ""management_reason_code"": ""NO_CURRENT_CREATION_EVENT"", ""should_exit_signal"": false}]",1622,CAUTION,NO_CURRENT_CREATION_EVENT,[],HOLD,CAND:dc1ab160fa1ee75a10189da6,OPP:dc1ab160fa1ee75a10189da6,32370.0,False,HOLD,TRANSITION,OPEN,NO_CURRENT_CREATION_EVENT,2026-07-31T15:00:00+05:30,POWERINDIA,False,ATR_MULTIPLE
NO_EVENT,NONE,[],[],LOCKED,,[],[],[],,,,,[],1623,,,"[""CONTINUATION:BLOCK"", ""REACCELERATION:BLOCK"", ""REVERSAL:BLOCK""]",,,,,,NO_ACTION,,,,2026-07-31T15:00:00+05:30,TCS,,
NO_EVENT,NONE,[],[],LOCKED,,[],[],[],,,,,[],1624,,,"[""CONTINUATION:BLOCK"", ""REACCELERATION:BLOCK"", ""REVERSAL:BLOCK""]",,,,,,NO_ACTION,,,,2026-07-31T15:00:00+05:30,TORNTPHARM,,
NO_EVENT,REVERSAL_WATCH,[],[],FORMING,,[],[],[],,,,,[],1625,,,[],,,,,,NO_ACTION,,,,2026-07-31T15:03:00+05:30,BHEL,,
NO_EVENT,NONE,[],[],NONE,,[],[],[],,,,,[],1626,,,[],,,,,,NO_ACTION,,,,2026-07-31T15:03:00+05:30,CHOLAFIN,,
DIRECTIONAL_MATURED,MATURE,"[""DIR:COFORGE:2026-07-31:003:UP:144200:DIRECTIONAL_MATURED:150300""]","[""DIRECTIONAL_MATURED""]",FORMING,OPPOSED,[],[],[],AUCTION_SIGNAL_DOWNSTREAM_V2,OPEN,HOLD_POSITION,NONE,"[{""action"": ""HOLD"", ""signal_id"": ""b811de42-fbb9-5d26-a364-a9f98c91de7c"", ""setup"": ""BREAKOUT_INITIATION"", ""side"": ""SELL"", ""stage"": ""WEAKENING"", ""status"": ""OPEN"", ""status_reason"": ""AUTHORITATIVE_DIRECTION_OPPOSED"", ""signal_action"": ""HOLD"", ""signal_state"": ""OPEN"", ""trade_action"": ""HOLD_POSITION"", ""management_posture"": ""CAUTION"", ""management_reason_code"": ""AUTHORITATIVE_DIRECTION_OPPOSED"", ""should_exit_signal"": false}]",1627,CAUTION,AUTHORITATIVE_DIRECTION_OPPOSED,[],HOLD,CAND:0d32e3ad08ef9cc69fd0369f,OPP:0d32e3ad08ef9cc69fd0369f,1712.5,False,HOLD,WEAKENING,OPEN,AUTHORITATIVE_DIRECTION_OPPOSED,2026-07-31T15:03:00+05:30,COFORGE,False,ATR_MULTIPLE
BALANCE_FORMING_STARTED,REVERSAL_WATCH,"[""BAL:DIVISLAB:2026-07-31:003:NEUTRAL:150300:BALANCE_FORMING_STARTED:150300""]","[""BALANCE_FORMING_STARTED""]",FORMING,,[],[],[],,,,,[],1628,,,[],,,,,,NO_ACTION,,,,2026-07-31T15:03:00+05:30,DIVISLAB,,
BALANCE_COMPLETED,DIRECTIONAL,"[""BAL:EXIDEIND:2026-07-31:006:NEUTRAL:143000:BALANCE_COMPLETED:150300""]","[""BALANCE_COMPLETED""]",COMPLETED,,[],[],[],,,,,[],1629,,,[],,,,,,NO_ACTION,,,,2026-07-31T15:03:00+05:30,EXIDEIND,,
"BALANCE_COMPLETED,DIRECTIONAL_STARTED",DIRECTIONAL,"[""BAL:FORCEMOT:2026-07-31:002:NEUTRAL:114500:BALANCE_COMPLETED:150300"", ""DIR:FORCEMOT:2026-07-31:003:DOWN:150300:DIRECTIONAL_STARTED:150300""]","[""BALANCE_COMPLETED"", ""DIRECTIONAL_STARTED""]",COMPLETED,OPPOSED,[],[],[],AUCTION_SIGNAL_DOWNSTREAM_V2,OPEN,HOLD_POSITION,NONE,"[{""action"": ""HOLD"", ""signal_id"": ""76d65cfd-3f5f-5419-81f1-24a924660ce7"", ""setup"": ""REVERSAL"", ""side"": ""BUY"", ""stage"": ""WEAKENING"", ""status"": ""OPEN"", ""status_reason"": ""AUTHORITATIVE_DIRECTION_OPPOSED"", ""signal_action"": ""HOLD"", ""signal_state"": ""OPEN"", ""trade_action"": ""HOLD_POSITION"", ""management_posture"": ""CAUTION"", ""management_reason_code"": ""AUTHORITATIVE_DIRECTION_OPPOSED"", ""should_exit_signal"": false}]",1630,CAUTION,AUTHORITATIVE_DIRECTION_OPPOSED,[],HOLD,CAND:32b3a707960484f98d8399a7,OPP:32b3a707960484f98d8399a7,17907.0,False,HOLD,WEAKENING,OPEN,AUTHORITATIVE_DIRECTION_OPPOSED,2026-07-31T15:03:00+05:30,FORCEMOT,False,ATR_MULTIPLE
NO_EVENT,NONE,[],[],NONE,UNKNOWN,[],[],[],AUCTION_SIGNAL_DOWNSTREAM_V2,OPEN,HOLD_POSITION,NONE,"[{""action"": ""HOLD"", ""signal_id"": ""a4859555-9e57-5772-9c79-4a6b83478351"", ""setup"": ""FAILED_BREAKOUT"", ""side"": ""BUY"", ""stage"": ""TRANSITION"", ""status"": ""OPEN"", ""status_reason"": ""NO_CURRENT_CREATION_EVENT"", ""signal_action"": ""HOLD"", ""signal_state"": ""OPEN"", ""trade_action"": ""HOLD_POSITION"", ""management_posture"": ""CAUTION"", ""management_reason_code"": ""NO_CURRENT_CREATION_EVENT"", ""should_exit_signal"": false}]",1631,CAUTION,NO_CURRENT_CREATION_EVENT,[],HOLD,CAND:ccb8d7c9ac57fbb14f47bb87,OPP:ccb8d7c9ac57fbb14f47bb87,2231.9,False,HOLD,TRANSITION,OPEN,NO_CURRENT_CREATION_EVENT,2026-07-31T15:03:00+05:30,GLENMARK,False,ATR_MULTIPLE
NO_EVENT,NONE,[],[],FAILED_BACK_INSIDE,UNKNOWN,[],[],[],AUCTION_SIGNAL_DOWNSTREAM_V2,OPEN,HOLD_POSITION,NONE,"[{""action"": ""HOLD"", ""signal_id"": ""6c1d311c-b1e4-503d-9f2d-3a50df29da5d"", ""setup"": ""FAILED_BREAKOUT"", ""side"": ""SELL"", ""stage"": ""TRANSITION"", ""status"": ""OPEN"", ""status_reason"": ""NO_CURRENT_CREATION_EVENT"", ""signal_action"": ""HOLD"", ""signal_state"": ""OPEN"", ""trade_action"": ""HOLD_POSITION"", ""management_posture"": ""CAUTION"", ""management_reason_code"": ""NO_CURRENT_CREATION_EVENT"", ""should_exit_signal"": false}]",1632,CAUTION,NO_CURRENT_CREATION_EVENT,"[""CONTINUATION:BLOCK"", ""REACCELERATION:BLOCK"", ""REVERSAL:BLOCK""]",HOLD,CAND:296c26607039b07e87c6f497,OPP:296c26607039b07e87c6f497,388.0,False,HOLD,TRANSITION,OPEN,NO_CURRENT_CREATION_EVENT,2026-07-31T15:03:00+05:30,INDUSTOWER,False,ATR_MULTIPLE
REVERSAL_WATCH_STARTED,REVERSAL_WATCH,"[""DIR:KALYANKJIL:2026-07-31:014:DOWN:144200:REVERSAL_WATCH_STARTED:150300""]","[""REVERSAL_WATCH_STARTED""]",FORMING,OPPOSED,[],[],[],AUCTION_SIGNAL_DOWNSTREAM_V2,OPEN,HOLD_POSITION,NONE,"[{""action"": ""HOLD"", ""signal_id"": ""fe205a27-ef8f-5bf7-9192-94593d799d94"", ""setup"": ""BREAKOUT_INITIATION"", ""side"": ""BUY"", ""stage"": ""PROTECT"", ""status"": ""OPEN"", ""status_reason"": ""AUTHORITATIVE_REVERSAL_WATCH"", ""signal_action"": ""HOLD"", ""signal_state"": ""OPEN"", ""trade_action"": ""HOLD_POSITION"", ""management_posture"": ""CAUTION"", ""management_reason_code"": ""AUTHORITATIVE_REVERSAL_WATCH"", ""should_exit_signal"": false}]",1633,CAUTION,AUTHORITATIVE_REVERSAL_WATCH,[],HOLD,CAND:4a3872010c190995b2d63ff8,OPP:4a3872010c190995b2d63ff8,628.95,False,HOLD,PROTECT,OPEN,AUTHORITATIVE_REVERSAL_WATCH,2026-07-31T15:03:00+05:30,KALYANKJIL,False,ATR_MULTIPLE
NO_EVENT,REVERSAL_WATCH,[],[],NONE,ALIGNED,[],[],[],AUCTION_SIGNAL_DOWNSTREAM_V2,OPEN,HOLD_POSITION,NONE,"[{""action"": ""HOLD"", ""signal_id"": ""50c51811-b112-5f0f-9fcc-a1422ceea97c"", ""setup"": ""REVERSAL"", ""side"": ""BUY"", ""stage"": ""PROTECT"", ""status"": ""OPEN"", ""status_reason"": ""AUTHORITATIVE_REVERSAL_WATCH"", ""signal_action"": ""HOLD"", ""signal_state"": ""OPEN"", ""trade_action"": ""HOLD_POSITION"", ""management_posture"": ""CAUTION"", ""management_reason_code"": ""AUTHORITATIVE_REVERSAL_WATCH"", ""should_exit_signal"": false}]",1634,CAUTION,AUTHORITATIVE_REVERSAL_WATCH,[],HOLD,CAND:7316c4a2330c742a8803fe6c,OPP:7316c4a2330c742a8803fe6c,369.15,False,HOLD,PROTECT,OPEN,AUTHORITATIVE_REVERSAL_WATCH,2026-07-31T15:03:00+05:30,MANAPPURAM,False,ATR_MULTIPLE
BALANCE_COMPLETED,NONE,"[""BAL:PERSISTENT:2026-07-31:007:NEUTRAL:144200:BALANCE_COMPLETED:150300""]","[""BALANCE_COMPLETED""]",COMPLETED,UNKNOWN,[],[],[],AUCTION_SIGNAL_DOWNSTREAM_V2,OPEN,HOLD_POSITION,NONE,"[{""action"": ""HOLD"", ""signal_id"": ""cad8805e-c102-57a4-96c7-d70c9c07f5cc"", ""setup"": ""BREAKOUT_INITIATION"", ""side"": ""BUY"", ""stage"": ""TRANSITION"", ""status"": ""OPEN"", ""status_reason"": ""NO_CURRENT_CREATION_EVENT"", ""signal_action"": ""HOLD"", ""signal_state"": ""OPEN"", ""trade_action"": ""HOLD_POSITION"", ""management_posture"": ""CAUTION"", ""management_reason_code"": ""NO_CURRENT_CREATION_EVENT"", ""should_exit_signal"": false}]",1635,CAUTION,NO_CURRENT_CREATION_EVENT,[],HOLD,CAND:6e00ceac84968df1df4d7495,OPP:6e00ceac84968df1df4d7495,5416.9,False,HOLD,TRANSITION,OPEN,NO_CURRENT_CREATION_EVENT,2026-07-31T15:03:00+05:30,PERSISTENT,False,ATR_MULTIPLE
NO_EVENT,NONE,[],[],NONE,UNKNOWN,[],[],[],AUCTION_SIGNAL_DOWNSTREAM_V2,OPEN,HOLD_POSITION,NONE,"[{""action"": ""HOLD"", ""signal_id"": ""57fbc3b0-0822-51b7-8515-450ea6586841"", ""setup"": ""FAILED_BREAKOUT"", ""side"": ""BUY"", ""stage"": ""TRANSITION"", ""status"": ""OPEN"", ""status_reason"": ""NO_CURRENT_CREATION_EVENT"", ""signal_action"": ""HOLD"", ""signal_state"": ""OPEN"", ""trade_action"": ""HOLD_POSITION"", ""management_posture"": ""CAUTION"", ""management_reason_code"": ""NO_CURRENT_CREATION_EVENT"", ""should_exit_signal"": false}]",1636,CAUTION,NO_CURRENT_CREATION_EVENT,[],HOLD,CAND:dc1ab160fa1ee75a10189da6,OPP:dc1ab160fa1ee75a10189da6,32370.0,False,HOLD,TRANSITION,OPEN,NO_CURRENT_CREATION_EVENT,2026-07-31T15:03:00+05:30,POWERINDIA,False,ATR_MULTIPLE
NO_EVENT,NONE,[],[],LOCKED,,[],[],[],,,,,[],1637,,,"[""CONTINUATION:BLOCK"", ""REACCELERATION:BLOCK"", ""REVERSAL:BLOCK""]",,,,,,NO_ACTION,,,,2026-07-31T15:03:00+05:30,TCS,,
NO_EVENT,NONE,[],[],LOCKED,,[],[],[],,,,,[],1638,,,"[""CONTINUATION:BLOCK"", ""REACCELERATION:BLOCK"", ""REVERSAL:BLOCK""]",,,,,,NO_ACTION,,,,2026-07-31T15:03:00+05:30,TORNTPHARM,,
NO_EVENT,REVERSAL_WATCH,[],[],FORMING,,[],[],[],,,,,[],1639,,,[],,,,,,NO_ACTION,,,,2026-07-31T15:06:00+05:30,BHEL,,
NO_EVENT,NONE,[],[],NONE,,[],[],[],,,,,[],1640,,,[],,,,,,NO_ACTION,,,,2026-07-31T15:06:00+05:30,CHOLAFIN,,
"BALANCE_COMPLETED,REVERSAL_WATCH_STARTED",REVERSAL_WATCH,"[""BAL:COFORGE:2026-07-31:005:NEUTRAL:150000:BALANCE_COMPLETED:150600"", ""DIR:COFORGE:2026-07-31:003:UP:144200:REVERSAL_WATCH_STARTED:150600""]","[""BALANCE_COMPLETED"", ""REVERSAL_WATCH_STARTED""]",COMPLETED,OPPOSED,[],[],[],AUCTION_SIGNAL_DOWNSTREAM_V2,OPEN,HOLD_POSITION,NONE,"[{""action"": ""HOLD"", ""signal_id"": ""b811de42-fbb9-5d26-a364-a9f98c91de7c"", ""setup"": ""BREAKOUT_INITIATION"", ""side"": ""SELL"", ""stage"": ""PROTECT"", ""status"": ""OPEN"", ""status_reason"": ""AUTHORITATIVE_REVERSAL_WATCH"", ""signal_action"": ""HOLD"", ""signal_state"": ""OPEN"", ""trade_action"": ""HOLD_POSITION"", ""management_posture"": ""CAUTION"", ""management_reason_code"": ""AUTHORITATIVE_REVERSAL_WATCH"", ""should_exit_signal"": false}]",1641,CAUTION,AUTHORITATIVE_REVERSAL_WATCH,[],HOLD,CAND:0d32e3ad08ef9cc69fd0369f,OPP:0d32e3ad08ef9cc69fd0369f,1712.5,False,HOLD,PROTECT,OPEN,AUTHORITATIVE_REVERSAL_WATCH,2026-07-31T15:06:00+05:30,COFORGE,False,ATR_MULTIPLE
NO_EVENT,REVERSAL_WATCH,[],[],FORMING,,[],[],[],,,,,[],1642,,,[],,,,,,NO_ACTION,,,,2026-07-31T15:06:00+05:30,DIVISLAB,,
BALANCE_FORMING_STARTED,DIRECTIONAL,"[""BAL:EXIDEIND:2026-07-31:007:NEUTRAL:150600:BALANCE_FORMING_STARTED:150600""]","[""BALANCE_FORMING_STARTED""]",FORMING,,[],[],[],,,,,[],1643,,,[],,,,,,NO_ACTION,,,,2026-07-31T15:06:00+05:30,EXIDEIND,,
NO_EVENT,DIRECTIONAL,[],[],NONE,OPPOSED,[],[],[],AUCTION_SIGNAL_DOWNSTREAM_V2,OPEN,HOLD_POSITION,NONE,"[{""action"": ""HOLD"", ""signal_id"": ""76d65cfd-3f5f-5419-81f1-24a924660ce7"", ""setup"": ""REVERSAL"", ""side"": ""BUY"", ""stage"": ""WEAKENING"", ""status"": ""OPEN"", ""status_reason"": ""AUTHORITATIVE_DIRECTION_OPPOSED"", ""signal_action"": ""HOLD"", ""signal_state"": ""OPEN"", ""trade_action"": ""HOLD_POSITION"", ""management_posture"": ""CAUTION"", ""management_reason_code"": ""AUTHORITATIVE_DIRECTION_OPPOSED"", ""should_exit_signal"": false}]",1644,CAUTION,AUTHORITATIVE_DIRECTION_OPPOSED,[],HOLD,CAND:32b3a707960484f98d8399a7,OPP:32b3a707960484f98d8399a7,17907.0,False,HOLD,WEAKENING,OPEN,AUTHORITATIVE_DIRECTION_OPPOSED,2026-07-31T15:06:00+05:30,FORCEMOT,False,ATR_MULTIPLE
NO_EVENT,NONE,[],[],NONE,UNKNOWN,[],[],[],AUCTION_SIGNAL_DOWNSTREAM_V2,OPEN,HOLD_POSITION,NONE,"[{""action"": ""HOLD"", ""signal_id"": ""a4859555-9e57-5772-9c79-4a6b83478351"", ""setup"": ""FAILED_BREAKOUT"", ""side"": ""BUY"", ""stage"": ""TRANSITION"", ""status"": ""OPEN"", ""status_reason"": ""NO_CURRENT_CREATION_EVENT"", ""signal_action"": ""HOLD"", ""signal_state"": ""OPEN"", ""trade_action"": ""HOLD_POSITION"", ""management_posture"": ""CAUTION"", ""management_reason_code"": ""NO_CURRENT_CREATION_EVENT"", ""should_exit_signal"": false}]",1645,CAUTION,NO_CURRENT_CREATION_EVENT,[],HOLD,CAND:ccb8d7c9ac57fbb14f47bb87,OPP:ccb8d7c9ac57fbb14f47bb87,2231.9,False,HOLD,TRANSITION,OPEN,NO_CURRENT_CREATION_EVENT,2026-07-31T15:06:00+05:30,GLENMARK,False,ATR_MULTIPLE
NO_EVENT,NONE,[],[],FAILED_BACK_INSIDE,UNKNOWN,[],[],[],AUCTION_SIGNAL_DOWNSTREAM_V2,OPEN,HOLD_POSITION,NONE,"[{""action"": ""HOLD"", ""signal_id"": ""6c1d311c-b1e4-503d-9f2d-3a50df29da5d"", ""setup"": ""FAILED_BREAKOUT"", ""side"": ""SELL"", ""stage"": ""TRANSITION"", ""status"": ""OPEN"", ""status_reason"": ""NO_CURRENT_CREATION_EVENT"", ""signal_action"": ""HOLD"", ""signal_state"": ""OPEN"", ""trade_action"": ""HOLD_POSITION"", ""management_posture"": ""CAUTION"", ""management_reason_code"": ""NO_CURRENT_CREATION_EVENT"", ""should_exit_signal"": false}]",1646,CAUTION,NO_CURRENT_CREATION_EVENT,"[""CONTINUATION:BLOCK"", ""REACCELERATION:BLOCK"", ""REVERSAL:BLOCK""]",HOLD,CAND:296c26607039b07e87c6f497,OPP:296c26607039b07e87c6f497,388.0,False,HOLD,TRANSITION,OPEN,NO_CURRENT_CREATION_EVENT,2026-07-31T15:06:00+05:30,INDUSTOWER,False,ATR_MULTIPLE
NO_EVENT,REVERSAL_WATCH,[],[],FORMING,OPPOSED,[],[],[],AUCTION_SIGNAL_DOWNSTREAM_V2,OPEN,HOLD_POSITION,NONE,"[{""action"": ""HOLD"", ""signal_id"": ""fe205a27-ef8f-5bf7-9192-94593d799d94"", ""setup"": ""BREAKOUT_INITIATION"", ""side"": ""BUY"", ""stage"": ""PROTECT"", ""status"": ""OPEN"", ""status_reason"": ""AUTHORITATIVE_REVERSAL_WATCH"", ""signal_action"": ""HOLD"", ""signal_state"": ""OPEN"", ""trade_action"": ""HOLD_POSITION"", ""management_posture"": ""CAUTION"", ""management_reason_code"": ""AUTHORITATIVE_REVERSAL_WATCH"", ""should_exit_signal"": false}]",1647,CAUTION,AUTHORITATIVE_REVERSAL_WATCH,[],HOLD,CAND:4a3872010c190995b2d63ff8,OPP:4a3872010c190995b2d63ff8,628.95,False,HOLD,PROTECT,OPEN,AUTHORITATIVE_REVERSAL_WATCH,2026-07-31T15:06:00+05:30,KALYANKJIL,False,ATR_MULTIPLE
NO_EVENT,REVERSAL_WATCH,[],[],NONE,ALIGNED,[],[],[],AUCTION_SIGNAL_DOWNSTREAM_V2,OPEN,HOLD_POSITION,NONE,"[{""action"": ""HOLD"", ""signal_id"": ""50c51811-b112-5f0f-9fcc-a1422ceea97c"", ""setup"": ""REVERSAL"", ""side"": ""BUY"", ""stage"": ""PROTECT"", ""status"": ""OPEN"", ""status_reason"": ""AUTHORITATIVE_REVERSAL_WATCH"", ""signal_action"": ""HOLD"", ""signal_state"": ""OPEN"", ""trade_action"": ""HOLD_POSITION"", ""management_posture"": ""CAUTION"", ""management_reason_code"": ""AUTHORITATIVE_REVERSAL_WATCH"", ""should_exit_signal"": false}]",1648,CAUTION,AUTHORITATIVE_REVERSAL_WATCH,[],HOLD,CAND:7316c4a2330c742a8803fe6c,OPP:7316c4a2330c742a8803fe6c,369.15,False,HOLD,PROTECT,OPEN,AUTHORITATIVE_REVERSAL_WATCH,2026-07-31T15:06:00+05:30,MANAPPURAM,False,ATR_MULTIPLE
NO_EVENT,NONE,[],[],NONE,UNKNOWN,[],[],[],AUCTION_SIGNAL_DOWNSTREAM_V2,OPEN,HOLD_POSITION,NONE,"[{""action"": ""HOLD"", ""signal_id"": ""cad8805e-c102-57a4-96c7-d70c9c07f5cc"", ""setup"": ""BREAKOUT_INITIATION"", ""side"": ""BUY"", ""stage"": ""TRANSITION"", ""status"": ""OPEN"", ""status_reason"": ""NO_CURRENT_CREATION_EVENT"", ""signal_action"": ""HOLD"", ""signal_state"": ""OPEN"", ""trade_action"": ""HOLD_POSITION"", ""management_posture"": ""CAUTION"", ""management_reason_code"": ""NO_CURRENT_CREATION_EVENT"", ""should_exit_signal"": false}]",1649,CAUTION,NO_CURRENT_CREATION_EVENT,[],HOLD,CAND:6e00ceac84968df1df4d7495,OPP:6e00ceac84968df1df4d7495,5416.9,False,HOLD,TRANSITION,OPEN,NO_CURRENT_CREATION_EVENT,2026-07-31T15:06:00+05:30,PERSISTENT,False,ATR_MULTIPLE
NO_EVENT,NONE,[],[],NONE,UNKNOWN,[],[],[],AUCTION_SIGNAL_DOWNSTREAM_V2,OPEN,HOLD_POSITION,NONE,"[{""action"": ""HOLD"", ""signal_id"": ""57fbc3b0-0822-51b7-8515-450ea6586841"", ""setup"": ""FAILED_BREAKOUT"", ""side"": ""BUY"", ""stage"": ""TRANSITION"", ""status"": ""OPEN"", ""status_reason"": ""NO_CURRENT_CREATION_EVENT"", ""signal_action"": ""HOLD"", ""signal_state"": ""OPEN"", ""trade_action"": ""HOLD_POSITION"", ""management_posture"": ""CAUTION"", ""management_reason_code"": ""NO_CURRENT_CREATION_EVENT"", ""should_exit_signal"": false}]",1650,CAUTION,NO_CURRENT_CREATION_EVENT,[],HOLD,CAND:dc1ab160fa1ee75a10189da6,OPP:dc1ab160fa1ee75a10189da6,32370.0,False,HOLD,TRANSITION,OPEN,NO_CURRENT_CREATION_EVENT,2026-07-31T15:06:00+05:30,POWERINDIA,False,ATR_MULTIPLE
BALANCE_ESCAPE_STARTED,NONE,"[""BAL:TCS:2026-07-31:001:NEUTRAL:100600:BALANCE_ESCAPE_STARTED:150600""]","[""BALANCE_ESCAPE_STARTED""]",ESCAPE_WATCH,,[],[],[],,,,,[],1651,,,"[""ACCEPTED_BREAKOUT:WAIT"", ""BREAKOUT_INITIATION:PERMIT"", ""CONTINUATION:BLOCK"", ""FAILED_BREAKOUT:WAIT"", ""REACCELERATION:BLOCK"", ""REVERSAL:BLOCK""]",,,,,,NO_ACTION,,,,2026-07-31T15:06:00+05:30,TCS,,
BALANCE_ESCAPE_STARTED,NONE,"[""BAL:TORNTPHARM:2026-07-31:007:NEUTRAL:142100:BALANCE_ESCAPE_STARTED:150600""]","[""BALANCE_ESCAPE_STARTED""]",ESCAPE_WATCH,,[],[],[],,,,,[],1652,,,"[""ACCEPTED_BREAKOUT:WAIT"", ""BREAKOUT_INITIATION:PERMIT"", ""CONTINUATION:BLOCK"", ""FAILED_BREAKOUT:WAIT"", ""REACCELERATION:BLOCK"", ""REVERSAL:BLOCK""]",,,,,,NO_ACTION,,,,2026-07-31T15:06:00+05:30,TORNTPHARM,,
NO_EVENT,REVERSAL_WATCH,[],[],FORMING,,[],[],[],,,,,[],1653,,,[],,,,,,NO_ACTION,,,,2026-07-31T15:09:00+05:30,BHEL,,
NO_EVENT,NONE,[],[],NONE,,[],[],[],,,,,[],1654,,,[],,,,,,NO_ACTION,,,,2026-07-31T15:09:00+05:30,CHOLAFIN,,
NO_EVENT,REVERSAL_WATCH,[],[],NONE,OPPOSED,[],[],[],AUCTION_SIGNAL_DOWNSTREAM_V2,OPEN,HOLD_POSITION,NONE,"[{""action"": ""HOLD"", ""signal_id"": ""b811de42-fbb9-5d26-a364-a9f98c91de7c"", ""setup"": ""BREAKOUT_INITIATION"", ""side"": ""SELL"", ""stage"": ""PROTECT"", ""status"": ""OPEN"", ""status_reason"": ""AUTHORITATIVE_REVERSAL_WATCH"", ""signal_action"": ""HOLD"", ""signal_state"": ""OPEN"", ""trade_action"": ""HOLD_POSITION"", ""management_posture"": ""CAUTION"", ""management_reason_code"": ""AUTHORITATIVE_REVERSAL_WATCH"", ""should_exit_signal"": false}]",1655,CAUTION,AUTHORITATIVE_REVERSAL_WATCH,[],HOLD,CAND:0d32e3ad08ef9cc69fd0369f,OPP:0d32e3ad08ef9cc69fd0369f,1712.5,False,HOLD,PROTECT,OPEN,AUTHORITATIVE_REVERSAL_WATCH,2026-07-31T15:09:00+05:30,COFORGE,False,ATR_MULTIPLE
NO_EVENT,REVERSAL_WATCH,[],[],FORMING,,[],[],[],,,,,[],1656,,,[],,,,,,NO_ACTION,,,,2026-07-31T15:09:00+05:30,DIVISLAB,,
NO_EVENT,DIRECTIONAL,[],[],FORMING,,[],[],[],,,,,[],1657,,,[],,,,,,NO_ACTION,,,,2026-07-31T15:09:00+05:30,EXIDEIND,,
DIRECTIONAL_MATURED,MATURE,"[""DIR:FORCEMOT:2026-07-31:003:DOWN:150300:DIRECTIONAL_MATURED:150900""]","[""DIRECTIONAL_MATURED""]",NONE,OPPOSED,[],[],[],AUCTION_SIGNAL_DOWNSTREAM_V2,OPEN,HOLD_POSITION,NONE,"[{""action"": ""HOLD"", ""signal_id"": ""76d65cfd-3f5f-5419-81f1-24a924660ce7"", ""setup"": ""REVERSAL"", ""side"": ""BUY"", ""stage"": ""WEAKENING"", ""status"": ""OPEN"", ""status_reason"": ""AUTHORITATIVE_DIRECTION_OPPOSED"", ""signal_action"": ""HOLD"", ""signal_state"": ""OPEN"", ""trade_action"": ""HOLD_POSITION"", ""management_posture"": ""CAUTION"", ""management_reason_code"": ""AUTHORITATIVE_DIRECTION_OPPOSED"", ""should_exit_signal"": false}]",1658,CAUTION,AUTHORITATIVE_DIRECTION_OPPOSED,[],HOLD,CAND:32b3a707960484f98d8399a7,OPP:32b3a707960484f98d8399a7,17907.0,False,HOLD,WEAKENING,OPEN,AUTHORITATIVE_DIRECTION_OPPOSED,2026-07-31T15:09:00+05:30,FORCEMOT,False,ATR_MULTIPLE
NO_EVENT,NONE,[],[],NONE,UNKNOWN,[],[],[],AUCTION_SIGNAL_DOWNSTREAM_V2,OPEN,HOLD_POSITION,NONE,"[{""action"": ""HOLD"", ""signal_id"": ""a4859555-9e57-5772-9c79-4a6b83478351"", ""setup"": ""FAILED_BREAKOUT"", ""side"": ""BUY"", ""stage"": ""TRANSITION"", ""status"": ""OPEN"", ""status_reason"": ""NO_CURRENT_CREATION_EVENT"", ""signal_action"": ""HOLD"", ""signal_state"": ""OPEN"", ""trade_action"": ""HOLD_POSITION"", ""management_posture"": ""CAUTION"", ""management_reason_code"": ""NO_CURRENT_CREATION_EVENT"", ""should_exit_signal"": false}]",1659,CAUTION,NO_CURRENT_CREATION_EVENT,[],HOLD,CAND:ccb8d7c9ac57fbb14f47bb87,OPP:ccb8d7c9ac57fbb14f47bb87,2231.9,False,HOLD,TRANSITION,OPEN,NO_CURRENT_CREATION_EVENT,2026-07-31T15:09:00+05:30,GLENMARK,False,ATR_MULTIPLE
NO_EVENT,NONE,[],[],FAILED_BACK_INSIDE,UNKNOWN,[],[],[],AUCTION_SIGNAL_DOWNSTREAM_V2,OPEN,HOLD_POSITION,NONE,"[{""action"": ""HOLD"", ""signal_id"": ""6c1d311c-b1e4-503d-9f2d-3a50df29da5d"", ""setup"": ""FAILED_BREAKOUT"", ""side"": ""SELL"", ""stage"": ""TRANSITION"", ""status"": ""OPEN"", ""status_reason"": ""NO_CURRENT_CREATION_EVENT"", ""signal_action"": ""HOLD"", ""signal_state"": ""OPEN"", ""trade_action"": ""HOLD_POSITION"", ""management_posture"": ""CAUTION"", ""management_reason_code"": ""NO_CURRENT_CREATION_EVENT"", ""should_exit_signal"": false}]",1660,CAUTION,NO_CURRENT_CREATION_EVENT,"[""CONTINUATION:BLOCK"", ""REACCELERATION:BLOCK"", ""REVERSAL:BLOCK""]",HOLD,CAND:296c26607039b07e87c6f497,OPP:296c26607039b07e87c6f497,388.0,False,HOLD,TRANSITION,OPEN,NO_CURRENT_CREATION_EVENT,2026-07-31T15:09:00+05:30,INDUSTOWER,False,ATR_MULTIPLE
NO_EVENT,REVERSAL_WATCH,[],[],FORMING,OPPOSED,[],[],[],AUCTION_SIGNAL_DOWNSTREAM_V2,OPEN,HOLD_POSITION,NONE,"[{""action"": ""HOLD"", ""signal_id"": ""fe205a27-ef8f-5bf7-9192-94593d799d94"", ""setup"": ""BREAKOUT_INITIATION"", ""side"": ""BUY"", ""stage"": ""PROTECT"", ""status"": ""OPEN"", ""status_reason"": ""AUTHORITATIVE_REVERSAL_WATCH"", ""signal_action"": ""HOLD"", ""signal_state"": ""OPEN"", ""trade_action"": ""HOLD_POSITION"", ""management_posture"": ""CAUTION"", ""management_reason_code"": ""AUTHORITATIVE_REVERSAL_WATCH"", ""should_exit_signal"": false}]",1661,CAUTION,AUTHORITATIVE_REVERSAL_WATCH,[],HOLD,CAND:4a3872010c190995b2d63ff8,OPP:4a3872010c190995b2d63ff8,628.95,False,HOLD,PROTECT,OPEN,AUTHORITATIVE_REVERSAL_WATCH,2026-07-31T15:09:00+05:30,KALYANKJIL,False,ATR_MULTIPLE
NO_EVENT,REVERSAL_WATCH,[],[],NONE,ALIGNED,[],[],[],AUCTION_SIGNAL_DOWNSTREAM_V2,OPEN,HOLD_POSITION,NONE,"[{""action"": ""HOLD"", ""signal_id"": ""50c51811-b112-5f0f-9fcc-a1422ceea97c"", ""setup"": ""REVERSAL"", ""side"": ""BUY"", ""stage"": ""PROTECT"", ""status"": ""OPEN"", ""status_reason"": ""AUTHORITATIVE_REVERSAL_WATCH"", ""signal_action"": ""HOLD"", ""signal_state"": ""OPEN"", ""trade_action"": ""HOLD_POSITION"", ""management_posture"": ""CAUTION"", ""management_reason_code"": ""AUTHORITATIVE_REVERSAL_WATCH"", ""should_exit_signal"": false}]",1662,CAUTION,AUTHORITATIVE_REVERSAL_WATCH,[],HOLD,CAND:7316c4a2330c742a8803fe6c,OPP:7316c4a2330c742a8803fe6c,369.15,False,HOLD,PROTECT,OPEN,AUTHORITATIVE_REVERSAL_WATCH,2026-07-31T15:09:00+05:30,MANAPPURAM,False,ATR_MULTIPLE
NO_EVENT,NONE,[],[],NONE,UNKNOWN,[],[],[],AUCTION_SIGNAL_DOWNSTREAM_V2,OPEN,HOLD_POSITION,NONE,"[{""action"": ""HOLD"", ""signal_id"": ""cad8805e-c102-57a4-96c7-d70c9c07f5cc"", ""setup"": ""BREAKOUT_INITIATION"", ""side"": ""BUY"", ""stage"": ""TRANSITION"", ""status"": ""OPEN"", ""status_reason"": ""NO_CURRENT_CREATION_EVENT"", ""signal_action"": ""HOLD"", ""signal_state"": ""OPEN"", ""trade_action"": ""HOLD_POSITION"", ""management_posture"": ""CAUTION"", ""management_reason_code"": ""NO_CURRENT_CREATION_EVENT"", ""should_exit_signal"": false}]",1663,CAUTION,NO_CURRENT_CREATION_EVENT,[],HOLD,CAND:6e00ceac84968df1df4d7495,OPP:6e00ceac84968df1df4d7495,5416.9,False,HOLD,TRANSITION,OPEN,NO_CURRENT_CREATION_EVENT,2026-07-31T15:09:00+05:30,PERSISTENT,False,ATR_MULTIPLE
NO_EVENT,NONE,[],[],NONE,UNKNOWN,[],[],[],AUCTION_SIGNAL_DOWNSTREAM_V2,OPEN,HOLD_POSITION,NONE,"[{""action"": ""HOLD"", ""signal_id"": ""57fbc3b0-0822-51b7-8515-450ea6586841"", ""setup"": ""FAILED_BREAKOUT"", ""side"": ""BUY"", ""stage"": ""TRANSITION"", ""status"": ""OPEN"", ""status_reason"": ""NO_CURRENT_CREATION_EVENT"", ""signal_action"": ""HOLD"", ""signal_state"": ""OPEN"", ""trade_action"": ""HOLD_POSITION"", ""management_posture"": ""CAUTION"", ""management_reason_code"": ""NO_CURRENT_CREATION_EVENT"", ""should_exit_signal"": false}]",1664,CAUTION,NO_CURRENT_CREATION_EVENT,[],HOLD,CAND:dc1ab160fa1ee75a10189da6,OPP:dc1ab160fa1ee75a10189da6,32370.0,False,HOLD,TRANSITION,OPEN,NO_CURRENT_CREATION_EVENT,2026-07-31T15:09:00+05:30,POWERINDIA,False,ATR_MULTIPLE
NO_EVENT,NONE,[],[],ESCAPE_WATCH,,[],[],[],,,,,[],1665,,,"[""ACCEPTED_BREAKOUT:WAIT"", ""CONTINUATION:BLOCK"", ""FAILED_BREAKOUT:WAIT"", ""REACCELERATION:BLOCK"", ""REVERSAL:BLOCK""]",,,,,,NO_ACTION,,,,2026-07-31T15:09:00+05:30,TCS,,
BALANCE_ESCAPE_ACCEPTED,NONE,"[""BAL:TORNTPHARM:2026-07-31:007:NEUTRAL:142100:BALANCE_ESCAPE_ACCEPTED:150900""]","[""BALANCE_ESCAPE_ACCEPTED""]",ACCEPTED_OUTSIDE,,[],[],[],,,,,[],1666,,,"[""ACCEPTED_BREAKOUT:PERMIT""]",,,,,,NO_ACTION,,,,2026-07-31T15:09:00+05:30,TORNTPHARM,,
NO_EVENT,REVERSAL_WATCH,[],[],FORMING,,[],[],[],,,,,[],1667,,,[],,,,,,NO_ACTION,,,,2026-07-31T15:12:00+05:30,BHEL,,
NO_EVENT,NONE,[],[],NONE,,[],[],[],,,,,[],1668,,,[],,,,,,NO_ACTION,,,,2026-07-31T15:12:00+05:30,CHOLAFIN,,
NO_EVENT,REVERSAL_WATCH,[],[],NONE,OPPOSED,[],[],[],AUCTION_SIGNAL_DOWNSTREAM_V2,OPEN,HOLD_POSITION,NONE,"[{""action"": ""HOLD"", ""signal_id"": ""b811de42-fbb9-5d26-a364-a9f98c91de7c"", ""setup"": ""BREAKOUT_INITIATION"", ""side"": ""SELL"", ""stage"": ""PROTECT"", ""status"": ""OPEN"", ""status_reason"": ""AUTHORITATIVE_REVERSAL_WATCH"", ""signal_action"": ""HOLD"", ""signal_state"": ""OPEN"", ""trade_action"": ""HOLD_POSITION"", ""management_posture"": ""CAUTION"", ""management_reason_code"": ""AUTHORITATIVE_REVERSAL_WATCH"", ""should_exit_signal"": false}]",1669,CAUTION,AUTHORITATIVE_REVERSAL_WATCH,[],HOLD,CAND:0d32e3ad08ef9cc69fd0369f,OPP:0d32e3ad08ef9cc69fd0369f,1712.5,False,HOLD,PROTECT,OPEN,AUTHORITATIVE_REVERSAL_WATCH,2026-07-31T15:12:00+05:30,COFORGE,False,ATR_MULTIPLE
NO_EVENT,REVERSAL_WATCH,[],[],FORMING,,[],[],[],,,,,[],1670,,,[],,,,,,NO_ACTION,,,,2026-07-31T15:12:00+05:30,DIVISLAB,,
NO_EVENT,DIRECTIONAL,[],[],FORMING,,[],[],[],,,,,[],1671,,,[],,,,,,NO_ACTION,,,,2026-07-31T15:12:00+05:30,EXIDEIND,,
REVERSAL_WATCH_STARTED,REVERSAL_WATCH,"[""DIR:FORCEMOT:2026-07-31:003:DOWN:150300:REVERSAL_WATCH_STARTED:151200""]","[""REVERSAL_WATCH_STARTED""]",NONE,OPPOSED,[],[],[],AUCTION_SIGNAL_DOWNSTREAM_V2,OPEN,HOLD_POSITION,NONE,"[{""action"": ""HOLD"", ""signal_id"": ""76d65cfd-3f5f-5419-81f1-24a924660ce7"", ""setup"": ""REVERSAL"", ""side"": ""BUY"", ""stage"": ""PROTECT"", ""status"": ""OPEN"", ""status_reason"": ""AUTHORITATIVE_REVERSAL_WATCH"", ""signal_action"": ""HOLD"", ""signal_state"": ""OPEN"", ""trade_action"": ""HOLD_POSITION"", ""management_posture"": ""CAUTION"", ""management_reason_code"": ""AUTHORITATIVE_REVERSAL_WATCH"", ""should_exit_signal"": false}]",1672,CAUTION,AUTHORITATIVE_REVERSAL_WATCH,[],HOLD,CAND:32b3a707960484f98d8399a7,OPP:32b3a707960484f98d8399a7,17907.0,False,HOLD,PROTECT,OPEN,AUTHORITATIVE_REVERSAL_WATCH,2026-07-31T15:12:00+05:30,FORCEMOT,False,ATR_MULTIPLE
NO_EVENT,NONE,[],[],NONE,UNKNOWN,[],[],[],AUCTION_SIGNAL_DOWNSTREAM_V2,OPEN,HOLD_POSITION,NONE,"[{""action"": ""HOLD"", ""signal_id"": ""a4859555-9e57-5772-9c79-4a6b83478351"", ""setup"": ""FAILED_BREAKOUT"", ""side"": ""BUY"", ""stage"": ""TRANSITION"", ""status"": ""OPEN"", ""status_reason"": ""NO_CURRENT_CREATION_EVENT"", ""signal_action"": ""HOLD"", ""signal_state"": ""OPEN"", ""trade_action"": ""HOLD_POSITION"", ""management_posture"": ""CAUTION"", ""management_reason_code"": ""NO_CURRENT_CREATION_EVENT"", ""should_exit_signal"": false}]",1673,CAUTION,NO_CURRENT_CREATION_EVENT,[],HOLD,CAND:ccb8d7c9ac57fbb14f47bb87,OPP:ccb8d7c9ac57fbb14f47bb87,2231.9,False,HOLD,TRANSITION,OPEN,NO_CURRENT_CREATION_EVENT,2026-07-31T15:12:00+05:30,GLENMARK,False,ATR_MULTIPLE
NO_EVENT,NONE,[],[],FAILED_BACK_INSIDE,UNKNOWN,[],[],[],AUCTION_SIGNAL_DOWNSTREAM_V2,OPEN,HOLD_POSITION,NONE,"[{""action"": ""HOLD"", ""signal_id"": ""6c1d311c-b1e4-503d-9f2d-3a50df29da5d"", ""setup"": ""FAILED_BREAKOUT"", ""side"": ""SELL"", ""stage"": ""TRANSITION"", ""status"": ""OPEN"", ""status_reason"": ""NO_CURRENT_CREATION_EVENT"", ""signal_action"": ""HOLD"", ""signal_state"": ""OPEN"", ""trade_action"": ""HOLD_POSITION"", ""management_posture"": ""CAUTION"", ""management_reason_code"": ""NO_CURRENT_CREATION_EVENT"", ""should_exit_signal"": false}]",1674,CAUTION,NO_CURRENT_CREATION_EVENT,"[""CONTINUATION:BLOCK"", ""REACCELERATION:BLOCK"", ""REVERSAL:BLOCK""]",HOLD,CAND:296c26607039b07e87c6f497,OPP:296c26607039b07e87c6f497,388.0,False,HOLD,TRANSITION,OPEN,NO_CURRENT_CREATION_EVENT,2026-07-31T15:12:00+05:30,INDUSTOWER,False,ATR_MULTIPLE
NO_EVENT,REVERSAL_WATCH,[],[],FORMING,OPPOSED,[],[],[],AUCTION_SIGNAL_DOWNSTREAM_V2,OPEN,HOLD_POSITION,NONE,"[{""action"": ""HOLD"", ""signal_id"": ""fe205a27-ef8f-5bf7-9192-94593d799d94"", ""setup"": ""BREAKOUT_INITIATION"", ""side"": ""BUY"", ""stage"": ""PROTECT"", ""status"": ""OPEN"", ""status_reason"": ""AUTHORITATIVE_REVERSAL_WATCH"", ""signal_action"": ""HOLD"", ""signal_state"": ""OPEN"", ""trade_action"": ""HOLD_POSITION"", ""management_posture"": ""CAUTION"", ""management_reason_code"": ""AUTHORITATIVE_REVERSAL_WATCH"", ""should_exit_signal"": false}]",1675,CAUTION,AUTHORITATIVE_REVERSAL_WATCH,[],HOLD,CAND:4a3872010c190995b2d63ff8,OPP:4a3872010c190995b2d63ff8,628.95,False,HOLD,PROTECT,OPEN,AUTHORITATIVE_REVERSAL_WATCH,2026-07-31T15:12:00+05:30,KALYANKJIL,False,ATR_MULTIPLE
"DIRECTIONAL_REVERSAL_CONFIRMED,DIRECTIONAL_COMPLETED,DIRECTIONAL_REVERSAL_LEG_STARTED",REVERSAL_LEG,"[""DIR:MANAPPURAM:2026-07-31:009:UP:135100:DIRECTIONAL_REVERSAL_CONFIRMED:151200"", ""DIR:MANAPPURAM:2026-07-31:009:UP:135100:DIRECTIONAL_COMPLETED:151200"", ""DIR:MANAPPURAM:2026-07-31:010:DOWN:151200:DIRECTIONAL_REVERSAL_LEG_STARTED:151200""]","[""DIRECTIONAL_REVERSAL_CONFIRMED"", ""DIRECTIONAL_COMPLETED"", ""DIRECTIONAL_REVERSAL_LEG_STARTED""]",NONE,OPPOSED,[],[],[],AUCTION_SIGNAL_DOWNSTREAM_V2,OPEN,HOLD_POSITION,NONE,"[{""action"": ""HOLD"", ""signal_id"": ""50c51811-b112-5f0f-9fcc-a1422ceea97c"", ""setup"": ""REVERSAL"", ""side"": ""BUY"", ""stage"": ""WEAKENING"", ""status"": ""OPEN"", ""status_reason"": ""AUTHORITATIVE_DIRECTION_OPPOSED"", ""signal_action"": ""HOLD"", ""signal_state"": ""OPEN"", ""trade_action"": ""HOLD_POSITION"", ""management_posture"": ""CAUTION"", ""management_reason_code"": ""AUTHORITATIVE_DIRECTION_OPPOSED"", ""should_exit_signal"": false}]",1676,CAUTION,AUTHORITATIVE_DIRECTION_OPPOSED,"[""REVERSAL:WAIT""]",HOLD,CAND:7316c4a2330c742a8803fe6c,OPP:7316c4a2330c742a8803fe6c,369.15,False,HOLD,WEAKENING,OPEN,AUTHORITATIVE_DIRECTION_OPPOSED,2026-07-31T15:12:00+05:30,MANAPPURAM,False,ATR_MULTIPLE
NO_EVENT,NONE,[],[],NONE,UNKNOWN,[],[],[],AUCTION_SIGNAL_DOWNSTREAM_V2,OPEN,HOLD_POSITION,NONE,"[{""action"": ""HOLD"", ""signal_id"": ""cad8805e-c102-57a4-96c7-d70c9c07f5cc"", ""setup"": ""BREAKOUT_INITIATION"", ""side"": ""BUY"", ""stage"": ""TRANSITION"", ""status"": ""OPEN"", ""status_reason"": ""NO_CURRENT_CREATION_EVENT"", ""signal_action"": ""HOLD"", ""signal_state"": ""OPEN"", ""trade_action"": ""HOLD_POSITION"", ""management_posture"": ""CAUTION"", ""management_reason_code"": ""NO_CURRENT_CREATION_EVENT"", ""should_exit_signal"": false}]",1677,CAUTION,NO_CURRENT_CREATION_EVENT,[],HOLD,CAND:6e00ceac84968df1df4d7495,OPP:6e00ceac84968df1df4d7495,5416.9,False,HOLD,TRANSITION,OPEN,NO_CURRENT_CREATION_EVENT,2026-07-31T15:12:00+05:30,PERSISTENT,False,ATR_MULTIPLE
NO_EVENT,NONE,[],[],NONE,UNKNOWN,[],[],[],AUCTION_SIGNAL_DOWNSTREAM_V2,OPEN,HOLD_POSITION,NONE,"[{""action"": ""HOLD"", ""signal_id"": ""57fbc3b0-0822-51b7-8515-450ea6586841"", ""setup"": ""FAILED_BREAKOUT"", ""side"": ""BUY"", ""stage"": ""TRANSITION"", ""status"": ""OPEN"", ""status_reason"": ""NO_CURRENT_CREATION_EVENT"", ""signal_action"": ""HOLD"", ""signal_state"": ""OPEN"", ""trade_action"": ""HOLD_POSITION"", ""management_posture"": ""CAUTION"", ""management_reason_code"": ""NO_CURRENT_CREATION_EVENT"", ""should_exit_signal"": false}]",1678,CAUTION,NO_CURRENT_CREATION_EVENT,[],HOLD,CAND:dc1ab160fa1ee75a10189da6,OPP:dc1ab160fa1ee75a10189da6,32370.0,False,HOLD,TRANSITION,OPEN,NO_CURRENT_CREATION_EVENT,2026-07-31T15:12:00+05:30,POWERINDIA,False,ATR_MULTIPLE
"BALANCE_ESCAPE_FAILED,BALANCE_ATTEMPT_LIMIT_REACHED",NONE,"[""BAL:TCS:2026-07-31:001:NEUTRAL:100600:BALANCE_ESCAPE_FAILED:151200"", ""BAL:TCS:2026-07-31:001:NEUTRAL:100600:BALANCE_ATTEMPT_LIMIT_REACHED:151200""]","[""BALANCE_ESCAPE_FAILED"", ""BALANCE_ATTEMPT_LIMIT_REACHED""]",FAILED_BACK_INSIDE,,[],[],[],,,,,[],1679,,,"[""CONTINUATION:BLOCK"", ""FAILED_BREAKOUT:PERMIT"", ""REACCELERATION:BLOCK"", ""REVERSAL:BLOCK""]",,,,,,NO_ACTION,,,,2026-07-31T15:12:00+05:30,TCS,,
BALANCE_COMPLETED,NONE,"[""BAL:TORNTPHARM:2026-07-31:007:NEUTRAL:142100:BALANCE_COMPLETED:151200""]","[""BALANCE_COMPLETED""]",COMPLETED,,[],[],[],,,,,[],1680,,,[],,,,,,NO_ACTION,,,,2026-07-31T15:12:00+05:30,TORNTPHARM,,
BALANCE_COMPLETED,REVERSAL_WATCH,"[""BAL:BHEL:2026-07-31:005:NEUTRAL:150000:BALANCE_COMPLETED:151500""]","[""BALANCE_COMPLETED""]",COMPLETED,,[],[],[],,,,,[],1681,,,[],,,,,,NO_ACTION,,,,2026-07-31T15:15:00+05:30,BHEL,,
NO_EVENT,NONE,[],[],NONE,,[],[],[],,,,,[],1682,,,[],,,,,,NO_ACTION,,,,2026-07-31T15:15:00+05:30,CHOLAFIN,,
NO_EVENT,REVERSAL_WATCH,[],[],NONE,OPPOSED,[],[],[],AUCTION_SIGNAL_DOWNSTREAM_V2,OPEN,HOLD_POSITION,NONE,"[{""action"": ""HOLD"", ""signal_id"": ""b811de42-fbb9-5d26-a364-a9f98c91de7c"", ""setup"": ""BREAKOUT_INITIATION"", ""side"": ""SELL"", ""stage"": ""PROTECT"", ""status"": ""OPEN"", ""status_reason"": ""AUTHORITATIVE_REVERSAL_WATCH"", ""signal_action"": ""HOLD"", ""signal_state"": ""OPEN"", ""trade_action"": ""HOLD_POSITION"", ""management_posture"": ""CAUTION"", ""management_reason_code"": ""AUTHORITATIVE_REVERSAL_WATCH"", ""should_exit_signal"": false}]",1683,CAUTION,AUTHORITATIVE_REVERSAL_WATCH,[],HOLD,CAND:0d32e3ad08ef9cc69fd0369f,OPP:0d32e3ad08ef9cc69fd0369f,1712.5,False,HOLD,PROTECT,OPEN,AUTHORITATIVE_REVERSAL_WATCH,2026-07-31T15:15:00+05:30,COFORGE,False,ATR_MULTIPLE
NO_EVENT,REVERSAL_WATCH,[],[],FORMING,,[],[],[],,,,,[],1684,,,[],,,,,,NO_ACTION,,,,2026-07-31T15:15:00+05:30,DIVISLAB,,
DIRECTIONAL_MATURED,MATURE,"[""DIR:EXIDEIND:2026-07-31:008:UP:143900:DIRECTIONAL_MATURED:151500""]","[""DIRECTIONAL_MATURED""]",FORMING,,[],[],[],,,,,[],1685,,,[],,,,,,NO_ACTION,,,,2026-07-31T15:15:00+05:30,EXIDEIND,,
NO_EVENT,REVERSAL_WATCH,[],[],NONE,OPPOSED,[],[],[],AUCTION_SIGNAL_DOWNSTREAM_V2,OPEN,HOLD_POSITION,NONE,"[{""action"": ""HOLD"", ""signal_id"": ""76d65cfd-3f5f-5419-81f1-24a924660ce7"", ""setup"": ""REVERSAL"", ""side"": ""BUY"", ""stage"": ""PROTECT"", ""status"": ""OPEN"", ""status_reason"": ""AUTHORITATIVE_REVERSAL_WATCH"", ""signal_action"": ""HOLD"", ""signal_state"": ""OPEN"", ""trade_action"": ""HOLD_POSITION"", ""management_posture"": ""CAUTION"", ""management_reason_code"": ""AUTHORITATIVE_REVERSAL_WATCH"", ""should_exit_signal"": false}]",1686,CAUTION,AUTHORITATIVE_REVERSAL_WATCH,[],HOLD,CAND:32b3a707960484f98d8399a7,OPP:32b3a707960484f98d8399a7,17907.0,False,HOLD,PROTECT,OPEN,AUTHORITATIVE_REVERSAL_WATCH,2026-07-31T15:15:00+05:30,FORCEMOT,False,ATR_MULTIPLE
NO_EVENT,NONE,[],[],NONE,UNKNOWN,[],[],[],AUCTION_SIGNAL_DOWNSTREAM_V2,OPEN,HOLD_POSITION,NONE,"[{""action"": ""HOLD"", ""signal_id"": ""a4859555-9e57-5772-9c79-4a6b83478351"", ""setup"": ""FAILED_BREAKOUT"", ""side"": ""BUY"", ""stage"": ""TRANSITION"", ""status"": ""OPEN"", ""status_reason"": ""NO_CURRENT_CREATION_EVENT"", ""signal_action"": ""HOLD"", ""signal_state"": ""OPEN"", ""trade_action"": ""HOLD_POSITION"", ""management_posture"": ""CAUTION"", ""management_reason_code"": ""NO_CURRENT_CREATION_EVENT"", ""should_exit_signal"": false}]",1687,CAUTION,NO_CURRENT_CREATION_EVENT,[],HOLD,CAND:ccb8d7c9ac57fbb14f47bb87,OPP:ccb8d7c9ac57fbb14f47bb87,2231.9,False,HOLD,TRANSITION,OPEN,NO_CURRENT_CREATION_EVENT,2026-07-31T15:15:00+05:30,GLENMARK,False,ATR_MULTIPLE
NO_EVENT,NONE,[],[],FAILED_BACK_INSIDE,UNKNOWN,[],[],[],AUCTION_SIGNAL_DOWNSTREAM_V2,OPEN,HOLD_POSITION,NONE,"[{""action"": ""HOLD"", ""signal_id"": ""6c1d311c-b1e4-503d-9f2d-3a50df29da5d"", ""setup"": ""FAILED_BREAKOUT"", ""side"": ""SELL"", ""stage"": ""TRANSITION"", ""status"": ""OPEN"", ""status_reason"": ""NO_CURRENT_CREATION_EVENT"", ""signal_action"": ""HOLD"", ""signal_state"": ""OPEN"", ""trade_action"": ""HOLD_POSITION"", ""management_posture"": ""CAUTION"", ""management_reason_code"": ""NO_CURRENT_CREATION_EVENT"", ""should_exit_signal"": false}]",1688,CAUTION,NO_CURRENT_CREATION_EVENT,"[""CONTINUATION:BLOCK"", ""REACCELERATION:BLOCK"", ""REVERSAL:BLOCK""]",HOLD,CAND:296c26607039b07e87c6f497,OPP:296c26607039b07e87c6f497,388.0,False,HOLD,TRANSITION,OPEN,NO_CURRENT_CREATION_EVENT,2026-07-31T15:15:00+05:30,INDUSTOWER,False,ATR_MULTIPLE
NO_EVENT,REVERSAL_WATCH,[],[],FORMING,OPPOSED,[],[],[],AUCTION_SIGNAL_DOWNSTREAM_V2,OPEN,HOLD_POSITION,NONE,"[{""action"": ""HOLD"", ""signal_id"": ""fe205a27-ef8f-5bf7-9192-94593d799d94"", ""setup"": ""BREAKOUT_INITIATION"", ""side"": ""BUY"", ""stage"": ""PROTECT"", ""status"": ""OPEN"", ""status_reason"": ""AUTHORITATIVE_REVERSAL_WATCH"", ""signal_action"": ""HOLD"", ""signal_state"": ""OPEN"", ""trade_action"": ""HOLD_POSITION"", ""management_posture"": ""CAUTION"", ""management_reason_code"": ""AUTHORITATIVE_REVERSAL_WATCH"", ""should_exit_signal"": false}]",1689,CAUTION,AUTHORITATIVE_REVERSAL_WATCH,[],HOLD,CAND:4a3872010c190995b2d63ff8,OPP:4a3872010c190995b2d63ff8,628.95,False,HOLD,PROTECT,OPEN,AUTHORITATIVE_REVERSAL_WATCH,2026-07-31T15:15:00+05:30,KALYANKJIL,False,ATR_MULTIPLE
NO_EVENT,REVERSAL_LEG,[],[],NONE,OPPOSED,[],[],[],AUCTION_SIGNAL_DOWNSTREAM_V2,OPEN,HOLD_POSITION,NONE,"[{""action"": ""HOLD"", ""signal_id"": ""50c51811-b112-5f0f-9fcc-a1422ceea97c"", ""setup"": ""REVERSAL"", ""side"": ""BUY"", ""stage"": ""WEAKENING"", ""status"": ""OPEN"", ""status_reason"": ""AUTHORITATIVE_DIRECTION_OPPOSED"", ""signal_action"": ""HOLD"", ""signal_state"": ""OPEN"", ""trade_action"": ""HOLD_POSITION"", ""management_posture"": ""CAUTION"", ""management_reason_code"": ""AUTHORITATIVE_DIRECTION_OPPOSED"", ""should_exit_signal"": false}]",1690,CAUTION,AUTHORITATIVE_DIRECTION_OPPOSED,[],HOLD,CAND:7316c4a2330c742a8803fe6c,OPP:7316c4a2330c742a8803fe6c,369.15,False,HOLD,WEAKENING,OPEN,AUTHORITATIVE_DIRECTION_OPPOSED,2026-07-31T15:15:00+05:30,MANAPPURAM,False,ATR_MULTIPLE
NO_EVENT,NONE,[],[],NONE,UNKNOWN,[],[],[],AUCTION_SIGNAL_DOWNSTREAM_V2,OPEN,HOLD_POSITION,NONE,"[{""action"": ""HOLD"", ""signal_id"": ""cad8805e-c102-57a4-96c7-d70c9c07f5cc"", ""setup"": ""BREAKOUT_INITIATION"", ""side"": ""BUY"", ""stage"": ""TRANSITION"", ""status"": ""OPEN"", ""status_reason"": ""NO_CURRENT_CREATION_EVENT"", ""signal_action"": ""HOLD"", ""signal_state"": ""OPEN"", ""trade_action"": ""HOLD_POSITION"", ""management_posture"": ""CAUTION"", ""management_reason_code"": ""NO_CURRENT_CREATION_EVENT"", ""should_exit_signal"": false}]",1691,CAUTION,NO_CURRENT_CREATION_EVENT,[],HOLD,CAND:6e00ceac84968df1df4d7495,OPP:6e00ceac84968df1df4d7495,5416.9,False,HOLD,TRANSITION,OPEN,NO_CURRENT_CREATION_EVENT,2026-07-31T15:15:00+05:30,PERSISTENT,False,ATR_MULTIPLE
NO_EVENT,NONE,[],[],NONE,UNKNOWN,[],[],[],AUCTION_SIGNAL_DOWNSTREAM_V2,OPEN,HOLD_POSITION,NONE,"[{""action"": ""HOLD"", ""signal_id"": ""57fbc3b0-0822-51b7-8515-450ea6586841"", ""setup"": ""FAILED_BREAKOUT"", ""side"": ""BUY"", ""stage"": ""TRANSITION"", ""status"": ""OPEN"", ""status_reason"": ""NO_CURRENT_CREATION_EVENT"", ""signal_action"": ""HOLD"", ""signal_state"": ""OPEN"", ""trade_action"": ""HOLD_POSITION"", ""management_posture"": ""CAUTION"", ""management_reason_code"": ""NO_CURRENT_CREATION_EVENT"", ""should_exit_signal"": false}]",1692,CAUTION,NO_CURRENT_CREATION_EVENT,[],HOLD,CAND:dc1ab160fa1ee75a10189da6,OPP:dc1ab160fa1ee75a10189da6,32370.0,False,HOLD,TRANSITION,OPEN,NO_CURRENT_CREATION_EVENT,2026-07-31T15:15:00+05:30,POWERINDIA,False,ATR_MULTIPLE
BALANCE_COMPLETED,NONE,"[""BAL:TCS:2026-07-31:001:NEUTRAL:100600:BALANCE_COMPLETED:151500""]","[""BALANCE_COMPLETED""]",COMPLETED,,[],[],[],,,,,[],1693,,,[],,,,,,NO_ACTION,,,,2026-07-31T15:15:00+05:30,TCS,,
NO_EVENT,NONE,[],[],NONE,,[],[],[],,,,,[],1694,,,[],,,,,,NO_ACTION,,,,2026-07-31T15:15:00+05:30,TORNTPHARM,,
NO_EVENT,REVERSAL_WATCH,[],[],NONE,,[],[],[],,,,,[],1695,,,[],,,,,,NO_ACTION,,,,2026-07-31T15:18:00+05:30,BHEL,,
NO_EVENT,NONE,[],[],NONE,,[],[],[],,,,,[],1696,,,[],,,,,,NO_ACTION,,,,2026-07-31T15:18:00+05:30,CHOLAFIN,,
NO_EVENT,REVERSAL_WATCH,[],[],NONE,OPPOSED,"[""CLOSE""]","[""b811de42-fbb9-5d26-a364-a9f98c91de7c""]","[""FORCE_EXIT""]",AUCTION_SIGNAL_DOWNSTREAM_V2,TERMINAL,FORCE_EXIT,HIGH,"[{""action"": ""CLOSE"", ""signal_id"": ""b811de42-fbb9-5d26-a364-a9f98c91de7c"", ""setup"": ""BREAKOUT_INITIATION"", ""side"": ""SELL"", ""stage"": ""FORCE_EXIT"", ""status"": ""CLOSED"", ""status_reason"": ""INTRADAY_SIGNAL_CUTOFF"", ""signal_action"": ""CLOSE"", ""signal_state"": ""TERMINAL"", ""trade_action"": ""FORCE_EXIT"", ""management_posture"": ""EXIT"", ""management_reason_code"": ""INTRADAY_SIGNAL_CUTOFF"", ""should_exit_signal"": true}]",1697,EXIT,INTRADAY_SIGNAL_CUTOFF,[],CLOSE,CAND:0d32e3ad08ef9cc69fd0369f,OPP:0d32e3ad08ef9cc69fd0369f,1712.5,True,CLOSE,FORCE_EXIT,CLOSED,INTRADAY_SIGNAL_CUTOFF,2026-07-31T15:18:00+05:30,COFORGE,False,ATR_MULTIPLE
NO_EVENT,REVERSAL_WATCH,[],[],FORMING,,[],[],[],,,,,[],1698,,,[],,,,,,NO_ACTION,,,,2026-07-31T15:18:00+05:30,DIVISLAB,,
"BALANCE_PROBABLE,REVERSAL_WATCH_STARTED",REVERSAL_WATCH,"[""BAL:EXIDEIND:2026-07-31:007:NEUTRAL:150600:BALANCE_PROBABLE:151800"", ""DIR:EXIDEIND:2026-07-31:008:UP:143900:REVERSAL_WATCH_STARTED:151800""]","[""BALANCE_PROBABLE"", ""REVERSAL_WATCH_STARTED""]",PROBABLE,,[],[],[],,,,,[],1699,,,[],,,,,,NO_ACTION,,,,2026-07-31T15:18:00+05:30,EXIDEIND,,
NO_EVENT,REVERSAL_WATCH,[],[],NONE,OPPOSED,"[""CLOSE""]","[""76d65cfd-3f5f-5419-81f1-24a924660ce7""]","[""FORCE_EXIT""]",AUCTION_SIGNAL_DOWNSTREAM_V2,TERMINAL,FORCE_EXIT,HIGH,"[{""action"": ""CLOSE"", ""signal_id"": ""76d65cfd-3f5f-5419-81f1-24a924660ce7"", ""setup"": ""REVERSAL"", ""side"": ""BUY"", ""stage"": ""FORCE_EXIT"", ""status"": ""CLOSED"", ""status_reason"": ""INTRADAY_SIGNAL_CUTOFF"", ""signal_action"": ""CLOSE"", ""signal_state"": ""TERMINAL"", ""trade_action"": ""FORCE_EXIT"", ""management_posture"": ""EXIT"", ""management_reason_code"": ""INTRADAY_SIGNAL_CUTOFF"", ""should_exit_signal"": true}]",1700,EXIT,INTRADAY_SIGNAL_CUTOFF,[],CLOSE,CAND:32b3a707960484f98d8399a7,OPP:32b3a707960484f98d8399a7,17907.0,True,CLOSE,FORCE_EXIT,CLOSED,INTRADAY_SIGNAL_CUTOFF,2026-07-31T15:18:00+05:30,FORCEMOT,False,ATR_MULTIPLE
BALANCE_FORMING_STARTED,NONE,"[""BAL:GLENMARK:2026-07-31:002:NEUTRAL:151800:BALANCE_FORMING_STARTED:151800""]","[""BALANCE_FORMING_STARTED""]",FORMING,UNKNOWN,"[""CLOSE""]","[""a4859555-9e57-5772-9c79-4a6b83478351""]","[""FORCE_EXIT""]",AUCTION_SIGNAL_DOWNSTREAM_V2,TERMINAL,FORCE_EXIT,HIGH,"[{""action"": ""CLOSE"", ""signal_id"": ""a4859555-9e57-5772-9c79-4a6b83478351"", ""setup"": ""FAILED_BREAKOUT"", ""side"": ""BUY"", ""stage"": ""FORCE_EXIT"", ""status"": ""CLOSED"", ""status_reason"": ""INTRADAY_SIGNAL_CUTOFF"", ""signal_action"": ""CLOSE"", ""signal_state"": ""TERMINAL"", ""trade_action"": ""FORCE_EXIT"", ""management_posture"": ""EXIT"", ""management_reason_code"": ""INTRADAY_SIGNAL_CUTOFF"", ""should_exit_signal"": true}]",1701,EXIT,INTRADAY_SIGNAL_CUTOFF,[],CLOSE,CAND:ccb8d7c9ac57fbb14f47bb87,OPP:ccb8d7c9ac57fbb14f47bb87,2231.9,True,CLOSE,FORCE_EXIT,CLOSED,INTRADAY_SIGNAL_CUTOFF,2026-07-31T15:18:00+05:30,GLENMARK,False,ATR_MULTIPLE
NO_EVENT,NONE,[],[],FAILED_BACK_INSIDE,UNKNOWN,"[""CLOSE""]","[""6c1d311c-b1e4-503d-9f2d-3a50df29da5d""]","[""FORCE_EXIT""]",AUCTION_SIGNAL_DOWNSTREAM_V2,TERMINAL,FORCE_EXIT,HIGH,"[{""action"": ""CLOSE"", ""signal_id"": ""6c1d311c-b1e4-503d-9f2d-3a50df29da5d"", ""setup"": ""FAILED_BREAKOUT"", ""side"": ""SELL"", ""stage"": ""FORCE_EXIT"", ""status"": ""CLOSED"", ""status_reason"": ""INTRADAY_SIGNAL_CUTOFF"", ""signal_action"": ""CLOSE"", ""signal_state"": ""TERMINAL"", ""trade_action"": ""FORCE_EXIT"", ""management_posture"": ""EXIT"", ""management_reason_code"": ""INTRADAY_SIGNAL_CUTOFF"", ""should_exit_signal"": true}]",1702,EXIT,INTRADAY_SIGNAL_CUTOFF,"[""CONTINUATION:BLOCK"", ""REACCELERATION:BLOCK"", ""REVERSAL:BLOCK""]",CLOSE,CAND:296c26607039b07e87c6f497,OPP:296c26607039b07e87c6f497,388.0,True,CLOSE,FORCE_EXIT,CLOSED,INTRADAY_SIGNAL_CUTOFF,2026-07-31T15:18:00+05:30,INDUSTOWER,False,ATR_MULTIPLE
NO_EVENT,REVERSAL_WATCH,[],[],FORMING,OPPOSED,"[""CLOSE""]","[""fe205a27-ef8f-5bf7-9192-94593d799d94""]","[""FORCE_EXIT""]",AUCTION_SIGNAL_DOWNSTREAM_V2,TERMINAL,FORCE_EXIT,HIGH,"[{""action"": ""CLOSE"", ""signal_id"": ""fe205a27-ef8f-5bf7-9192-94593d799d94"", ""setup"": ""BREAKOUT_INITIATION"", ""side"": ""BUY"", ""stage"": ""FORCE_EXIT"", ""status"": ""CLOSED"", ""status_reason"": ""INTRADAY_SIGNAL_CUTOFF"", ""signal_action"": ""CLOSE"", ""signal_state"": ""TERMINAL"", ""trade_action"": ""FORCE_EXIT"", ""management_posture"": ""EXIT"", ""management_reason_code"": ""INTRADAY_SIGNAL_CUTOFF"", ""should_exit_signal"": true}]",1703,EXIT,INTRADAY_SIGNAL_CUTOFF,[],CLOSE,CAND:4a3872010c190995b2d63ff8,OPP:4a3872010c190995b2d63ff8,628.95,True,CLOSE,FORCE_EXIT,CLOSED,INTRADAY_SIGNAL_CUTOFF,2026-07-31T15:18:00+05:30,KALYANKJIL,False,ATR_MULTIPLE
NO_EVENT,REVERSAL_LEG,[],[],NONE,OPPOSED,"[""CLOSE""]","[""50c51811-b112-5f0f-9fcc-a1422ceea97c""]","[""FORCE_EXIT""]",AUCTION_SIGNAL_DOWNSTREAM_V2,TERMINAL,FORCE_EXIT,HIGH,"[{""action"": ""CLOSE"", ""signal_id"": ""50c51811-b112-5f0f-9fcc-a1422ceea97c"", ""setup"": ""REVERSAL"", ""side"": ""BUY"", ""stage"": ""FORCE_EXIT"", ""status"": ""CLOSED"", ""status_reason"": ""INTRADAY_SIGNAL_CUTOFF"", ""signal_action"": ""CLOSE"", ""signal_state"": ""TERMINAL"", ""trade_action"": ""FORCE_EXIT"", ""management_posture"": ""EXIT"", ""management_reason_code"": ""INTRADAY_SIGNAL_CUTOFF"", ""should_exit_signal"": true}]",1704,EXIT,INTRADAY_SIGNAL_CUTOFF,[],CLOSE,CAND:7316c4a2330c742a8803fe6c,OPP:7316c4a2330c742a8803fe6c,369.15,True,CLOSE,FORCE_EXIT,CLOSED,INTRADAY_SIGNAL_CUTOFF,2026-07-31T15:18:00+05:30,MANAPPURAM,False,ATR_MULTIPLE
BALANCE_FORMING_STARTED,NONE,"[""BAL:PERSISTENT:2026-07-31:008:NEUTRAL:151800:BALANCE_FORMING_STARTED:151800""]","[""BALANCE_FORMING_STARTED""]",FORMING,UNKNOWN,"[""CLOSE""]","[""cad8805e-c102-57a4-96c7-d70c9c07f5cc""]","[""FORCE_EXIT""]",AUCTION_SIGNAL_DOWNSTREAM_V2,TERMINAL,FORCE_EXIT,HIGH,"[{""action"": ""CLOSE"", ""signal_id"": ""cad8805e-c102-57a4-96c7-d70c9c07f5cc"", ""setup"": ""BREAKOUT_INITIATION"", ""side"": ""BUY"", ""stage"": ""FORCE_EXIT"", ""status"": ""CLOSED"", ""status_reason"": ""INTRADAY_SIGNAL_CUTOFF"", ""signal_action"": ""CLOSE"", ""signal_state"": ""TERMINAL"", ""trade_action"": ""FORCE_EXIT"", ""management_posture"": ""EXIT"", ""management_reason_code"": ""INTRADAY_SIGNAL_CUTOFF"", ""should_exit_signal"": true}]",1705,EXIT,INTRADAY_SIGNAL_CUTOFF,[],CLOSE,CAND:6e00ceac84968df1df4d7495,OPP:6e00ceac84968df1df4d7495,5416.9,True,CLOSE,FORCE_EXIT,CLOSED,INTRADAY_SIGNAL_CUTOFF,2026-07-31T15:18:00+05:30,PERSISTENT,False,ATR_MULTIPLE
NO_EVENT,NONE,[],[],NONE,UNKNOWN,"[""CLOSE""]","[""57fbc3b0-0822-51b7-8515-450ea6586841""]","[""FORCE_EXIT""]",AUCTION_SIGNAL_DOWNSTREAM_V2,TERMINAL,FORCE_EXIT,HIGH,"[{""action"": ""CLOSE"", ""signal_id"": ""57fbc3b0-0822-51b7-8515-450ea6586841"", ""setup"": ""FAILED_BREAKOUT"", ""side"": ""BUY"", ""stage"": ""FORCE_EXIT"", ""status"": ""CLOSED"", ""status_reason"": ""INTRADAY_SIGNAL_CUTOFF"", ""signal_action"": ""CLOSE"", ""signal_state"": ""TERMINAL"", ""trade_action"": ""FORCE_EXIT"", ""management_posture"": ""EXIT"", ""management_reason_code"": ""INTRADAY_SIGNAL_CUTOFF"", ""should_exit_signal"": true}]",1706,EXIT,INTRADAY_SIGNAL_CUTOFF,[],CLOSE,CAND:dc1ab160fa1ee75a10189da6,OPP:dc1ab160fa1ee75a10189da6,32370.0,True,CLOSE,FORCE_EXIT,CLOSED,INTRADAY_SIGNAL_CUTOFF,2026-07-31T15:18:00+05:30,POWERINDIA,False,ATR_MULTIPLE
"BALANCE_FORMING_STARTED,DIRECTIONAL_STARTED",DIRECTIONAL,"[""BAL:TCS:2026-07-31:002:NEUTRAL:151800:BALANCE_FORMING_STARTED:151800"", ""DIR:TCS:2026-07-31:003:DOWN:151800:DIRECTIONAL_STARTED:151800""]","[""BALANCE_FORMING_STARTED"", ""DIRECTIONAL_STARTED""]",FORMING,,[],[],[],,,,,[],1707,,,[],,,,,,NO_ACTION,,,,2026-07-31T15:18:00+05:30,TCS,,
NO_EVENT,NONE,[],[],NONE,,[],[],[],,,,,[],1708,,,[],,,,,,NO_ACTION,,,,2026-07-31T15:18:00+05:30,TORNTPHARM,,
NO_EVENT,REVERSAL_WATCH,[],[],NONE,,[],[],[],,,,,[],1709,,,[],,,,,,NO_ACTION,,,,2026-07-31T15:21:00+05:30,BHEL,,
NO_EVENT,NONE,[],[],NONE,,[],[],[],,,,,[],1710,,,[],,,,,,NO_ACTION,,,,2026-07-31T15:21:00+05:30,CHOLAFIN,,
NO_EVENT,REVERSAL_WATCH,[],[],NONE,,[],[],[],,,,,[],1711,,,[],,,,,,NO_ACTION,,,,2026-07-31T15:21:00+05:30,COFORGE,,
BALANCE_COMPLETED,REVERSAL_WATCH,"[""BAL:DIVISLAB:2026-07-31:003:NEUTRAL:150300:BALANCE_COMPLETED:152100""]","[""BALANCE_COMPLETED""]",COMPLETED,,[],[],[],,,,,[],1712,,,[],,,,,,NO_ACTION,,,,2026-07-31T15:21:00+05:30,DIVISLAB,,
"DIRECTIONAL_REVERSAL_CONFIRMED,DIRECTIONAL_COMPLETED,DIRECTIONAL_REVERSAL_LEG_STARTED",REVERSAL_LEG,"[""DIR:EXIDEIND:2026-07-31:008:UP:143900:DIRECTIONAL_REVERSAL_CONFIRMED:152100"", ""DIR:EXIDEIND:2026-07-31:008:UP:143900:DIRECTIONAL_COMPLETED:152100"", ""DIR:EXIDEIND:2026-07-31:009:DOWN:152100:DIRECTIONAL_REVERSAL_LEG_STARTED:152100""]","[""DIRECTIONAL_REVERSAL_CONFIRMED"", ""DIRECTIONAL_COMPLETED"", ""DIRECTIONAL_REVERSAL_LEG_STARTED""]",PROBABLE,,[],[],[],,,,,[],1713,,,"[""REVERSAL:WAIT""]",,,,,,NO_ACTION,,,,2026-07-31T15:21:00+05:30,EXIDEIND,,
NO_EVENT,REVERSAL_WATCH,[],[],NONE,,[],[],[],,,,,[],1714,,,[],,,,,,NO_ACTION,,,,2026-07-31T15:21:00+05:30,FORCEMOT,,
NO_EVENT,NONE,[],[],FORMING,,[],[],[],,,,,[],1715,,,[],,,,,,NO_ACTION,,,,2026-07-31T15:21:00+05:30,GLENMARK,,
NO_EVENT,NONE,[],[],FAILED_BACK_INSIDE,,[],[],[],,,,,[],1716,,,"[""CONTINUATION:BLOCK"", ""REACCELERATION:BLOCK"", ""REVERSAL:BLOCK""]",,,,,,NO_ACTION,,,,2026-07-31T15:21:00+05:30,INDUSTOWER,,
NO_EVENT,REVERSAL_WATCH,[],[],FORMING,,[],[],[],,,,,[],1717,,,[],,,,,,NO_ACTION,,,,2026-07-31T15:21:00+05:30,KALYANKJIL,,
NO_EVENT,REVERSAL_LEG,[],[],NONE,,[],[],[],,,,,[],1718,,,[],,,,,,NO_ACTION,,,,2026-07-31T15:21:00+05:30,MANAPPURAM,,
NO_EVENT,NONE,[],[],FORMING,,[],[],[],,,,,[],1719,,,[],,,,,,NO_ACTION,,,,2026-07-31T15:21:00+05:30,PERSISTENT,,
NO_EVENT,NONE,[],[],NONE,,[],[],[],,,,,[],1720,,,[],,,,,,NO_ACTION,,,,2026-07-31T15:21:00+05:30,POWERINDIA,,
NO_EVENT,DIRECTIONAL,[],[],FORMING,,[],[],[],,,,,[],1721,,,[],,,,,,NO_ACTION,,,,2026-07-31T15:21:00+05:30,TCS,,
NO_EVENT,NONE,[],[],NONE,,[],[],[],,,,,[],1722,,,[],,,,,,NO_ACTION,,,,2026-07-31T15:21:00+05:30,TORNTPHARM,,
NO_EVENT,REVERSAL_WATCH,[],[],NONE,,[],[],[],,,,,[],1723,,,[],,,,,,NO_ACTION,,,,2026-07-31T15:24:00+05:30,BHEL,,
NO_EVENT,NONE,[],[],NONE,,[],[],[],,,,,[],1724,,,[],,,,,,NO_ACTION,,,,2026-07-31T15:24:00+05:30,CHOLAFIN,,
NO_EVENT,REVERSAL_WATCH,[],[],NONE,,[],[],[],,,,,[],1725,,,[],,,,,,NO_ACTION,,,,2026-07-31T15:24:00+05:30,COFORGE,,
BALANCE_FORMING_STARTED,REVERSAL_WATCH,"[""BAL:DIVISLAB:2026-07-31:004:NEUTRAL:152400:BALANCE_FORMING_STARTED:152400""]","[""BALANCE_FORMING_STARTED""]",FORMING,,[],[],[],,,,,[],1726,,,[],,,,,,NO_ACTION,,,,2026-07-31T15:24:00+05:30,DIVISLAB,,
NO_EVENT,REVERSAL_LEG,[],[],PROBABLE,,[],[],[],,,,,[],1727,,,[],,,,,,NO_ACTION,,,,2026-07-31T15:24:00+05:30,EXIDEIND,,
NO_EVENT,REVERSAL_WATCH,[],[],NONE,,[],[],[],,,,,[],1728,,,[],,,,,,NO_ACTION,,,,2026-07-31T15:24:00+05:30,FORCEMOT,,
NO_EVENT,NONE,[],[],FORMING,,[],[],[],,,,,[],1729,,,[],,,,,,NO_ACTION,,,,2026-07-31T15:24:00+05:30,GLENMARK,,
NO_EVENT,NONE,[],[],FAILED_BACK_INSIDE,,[],[],[],,,,,[],1730,,,"[""CONTINUATION:BLOCK"", ""REACCELERATION:BLOCK"", ""REVERSAL:BLOCK""]",,,,,,NO_ACTION,,,,2026-07-31T15:24:00+05:30,INDUSTOWER,,
NO_EVENT,REVERSAL_WATCH,[],[],FORMING,,[],[],[],,,,,[],1731,,,[],,,,,,NO_ACTION,,,,2026-07-31T15:24:00+05:30,KALYANKJIL,,
NO_EVENT,REVERSAL_LEG,[],[],NONE,,[],[],[],,,,,[],1732,,,[],,,,,,NO_ACTION,,,,2026-07-31T15:24:00+05:30,MANAPPURAM,,
NO_EVENT,NONE,[],[],FORMING,,[],[],[],,,,,[],1733,,,[],,,,,,NO_ACTION,,,,2026-07-31T15:24:00+05:30,PERSISTENT,,
NO_EVENT,NONE,[],[],NONE,,[],[],[],,,,,[],1734,,,[],,,,,,NO_ACTION,,,,2026-07-31T15:24:00+05:30,POWERINDIA,,
NO_EVENT,DIRECTIONAL,[],[],FORMING,,[],[],[],,,,,[],1735,,,[],,,,,,NO_ACTION,,,,2026-07-31T15:24:00+05:30,TCS,,
DIRECTIONAL_STARTED,DIRECTIONAL,"[""DIR:TORNTPHARM:2026-07-31:008:UP:152400:DIRECTIONAL_STARTED:152400""]","[""DIRECTIONAL_STARTED""]",NONE,,[],[],[],,,,,[],1736,,,[],,,,,,NO_ACTION,,,,2026-07-31T15:24:00+05:30,TORNTPHARM,,
DIRECTIONAL_TREND_RESTORED,DIRECTIONAL,"[""DIR:BHEL:2026-07-31:013:DOWN:144200:DIRECTIONAL_TREND_RESTORED:152700""]","[""DIRECTIONAL_TREND_RESTORED""]",NONE,,[],[],[],,,,,[],1737,,,"[""CONTINUATION:PERMIT""]",,,,,,NO_ACTION,,,,2026-07-31T15:27:00+05:30,BHEL,,
NO_EVENT,NONE,[],[],NONE,,[],[],[],,,,,[],1738,,,[],,,,,,NO_ACTION,,,,2026-07-31T15:27:00+05:30,CHOLAFIN,,
"DIRECTIONAL_REVERSAL_CONFIRMED,DIRECTIONAL_COMPLETED,DIRECTIONAL_REVERSAL_LEG_STARTED",REVERSAL_LEG,"[""DIR:COFORGE:2026-07-31:003:UP:144200:DIRECTIONAL_REVERSAL_CONFIRMED:152700"", ""DIR:COFORGE:2026-07-31:003:UP:144200:DIRECTIONAL_COMPLETED:152700"", ""DIR:COFORGE:2026-07-31:004:DOWN:152700:DIRECTIONAL_REVERSAL_LEG_STARTED:152700""]","[""DIRECTIONAL_REVERSAL_CONFIRMED"", ""DIRECTIONAL_COMPLETED"", ""DIRECTIONAL_REVERSAL_LEG_STARTED""]",NONE,,[],[],[],,,,,[],1739,,,"[""REVERSAL:WAIT""]",,,,,,NO_ACTION,,,,2026-07-31T15:27:00+05:30,COFORGE,,
DIRECTIONAL_TREND_RESTORED,DIRECTIONAL,"[""DIR:DIVISLAB:2026-07-31:007:UP:140000:DIRECTIONAL_TREND_RESTORED:152700""]","[""DIRECTIONAL_TREND_RESTORED""]",FORMING,,[],[],[],,,,,[],1740,,,"[""CONTINUATION:PERMIT""]",,,,,,NO_ACTION,,,,2026-07-31T15:27:00+05:30,DIVISLAB,,
NO_EVENT,REVERSAL_LEG,[],[],PROBABLE,,[],[],[],,,,,[],1741,,,[],,,,,,NO_ACTION,,,,2026-07-31T15:27:00+05:30,EXIDEIND,,
DIRECTIONAL_TREND_RESTORED,DIRECTIONAL,"[""DIR:FORCEMOT:2026-07-31:003:DOWN:150300:DIRECTIONAL_TREND_RESTORED:152700""]","[""DIRECTIONAL_TREND_RESTORED""]",NONE,,[],[],[],,,,,[],1742,,,"[""CONTINUATION:PERMIT""]",,,,,,NO_ACTION,,,,2026-07-31T15:27:00+05:30,FORCEMOT,,
NO_EVENT,NONE,[],[],FORMING,,[],[],[],,,,,[],1743,,,[],,,,,,NO_ACTION,,,,2026-07-31T15:27:00+05:30,GLENMARK,,
NO_EVENT,NONE,[],[],FAILED_BACK_INSIDE,,[],[],[],,,,,[],1744,,,"[""CONTINUATION:BLOCK"", ""REACCELERATION:BLOCK"", ""REVERSAL:BLOCK""]",,,,,,NO_ACTION,,,,2026-07-31T15:27:00+05:30,INDUSTOWER,,
"DIRECTIONAL_REVERSAL_CONFIRMED,DIRECTIONAL_COMPLETED,DIRECTIONAL_REVERSAL_LEG_STARTED",REVERSAL_LEG,"[""DIR:KALYANKJIL:2026-07-31:014:DOWN:144200:DIRECTIONAL_REVERSAL_CONFIRMED:152700"", ""DIR:KALYANKJIL:2026-07-31:014:DOWN:144200:DIRECTIONAL_COMPLETED:152700"", ""DIR:KALYANKJIL:2026-07-31:015:UP:152700:DIRECTIONAL_REVERSAL_LEG_STARTED:152700""]","[""DIRECTIONAL_REVERSAL_CONFIRMED"", ""DIRECTIONAL_COMPLETED"", ""DIRECTIONAL_REVERSAL_LEG_STARTED""]",FORMING,,[],[],[],,,,,[],1745,,,"[""REVERSAL:WAIT""]",,,,,,NO_ACTION,,,,2026-07-31T15:27:00+05:30,KALYANKJIL,,
"DIRECTIONAL_REVERSAL_LEG_FAILED,DIRECTIONAL_COMPLETED",COMPLETED,"[""DIR:MANAPPURAM:2026-07-31:010:DOWN:151200:DIRECTIONAL_REVERSAL_LEG_FAILED:152700"", ""DIR:MANAPPURAM:2026-07-31:010:DOWN:151200:DIRECTIONAL_COMPLETED:152700""]","[""DIRECTIONAL_REVERSAL_LEG_FAILED"", ""DIRECTIONAL_COMPLETED""]",NONE,,[],[],[],,,,,[],1746,,,[],,,,,,NO_ACTION,,,,2026-07-31T15:27:00+05:30,MANAPPURAM,,
NO_EVENT,NONE,[],[],FORMING,,[],[],[],,,,,[],1747,,,[],,,,,,NO_ACTION,,,,2026-07-31T15:27:00+05:30,PERSISTENT,,
NO_EVENT,NONE,[],[],NONE,,[],[],[],,,,,[],1748,,,[],,,,,,NO_ACTION,,,,2026-07-31T15:27:00+05:30,POWERINDIA,,
NO_EVENT,DIRECTIONAL,[],[],FORMING,,[],[],[],,,,,[],1749,,,[],,,,,,NO_ACTION,,,,2026-07-31T15:27:00+05:30,TCS,,
DIRECTIONAL_MATURED,MATURE,"[""DIR:TORNTPHARM:2026-07-31:008:UP:152400:DIRECTIONAL_MATURED:152700""]","[""DIRECTIONAL_MATURED""]",NONE,,[],[],[],,,,,[],1750,,,[],,,,,,NO_ACTION,,,,2026-07-31T15:27:00+05:30,TORNTPHARM,,
