advisor_action,advisor_context_as_of,advisor_context_present,advisor_context_symbol,advisor_diagnostics_json,advisor_reason_codes,approved,blockers,candidate_id,index,manager_reason_codes,market_regime_age_seconds,market_regime_availability,market_regime_buy_support,market_regime_confidence,market_regime_continuation_support,market_regime_evidence,market_regime_hysteresis,market_regime_influence,market_regime_metrics,market_regime_reason_codes,market_regime_reversal_support,market_regime_sell_support,market_regime_state,outcome,reason_codes,setup_family,side,snapshot_time,source_episode_id,source_event_id,source_event_type,stock_rank_age_seconds,stock_rank_attention_tier,stock_rank_availability,stock_rank_classification,stock_rank_direction,stock_rank_fresh,stock_rank_influence,stock_rank_movement_score,stock_rank_position,stock_rank_quality_score,stock_rank_range_penalty,stock_rank_rank_time,stock_rank_reason_codes,stock_rank_stall_penalty,stock_rank_total_score,stock_rank_universe_size,structural_result,symbol
,,False,,,[],False,"[""ENTRY_TOO_FAR_FROM_EVENT_ANCHOR""]",,170,"[""NO_EVENT_DRIVEN_SETUP_APPROVED""]",,,,,,,,,,,,,,SETUP_QUALITY_REJECTED,"[""RECOMPRESSION_COMPLETED"", ""FRESH_DIRECTIONAL_EXPANSION_CONFIRMED""]",REACCELERATION,BUY,2026-07-31T09:51:00+05:30,DIR:CHOLAFIN:2026-07-31:001:UP:093000,DIR:CHOLAFIN:2026-07-31:001:UP:093000:DIRECTIONAL_REACCELERATION_CONFIRMED:095100,DIRECTIONAL_REACCELERATION_CONFIRMED,,,,,,,,,,,,,,,,,PERMIT,CHOLAFIN
,,False,,,[],False,"[""ENTRY_TOO_FAR_FROM_EVENT_ANCHOR""]",,211,"[""NO_EVENT_DRIVEN_SETUP_APPROVED""]",,,,,,,,,,,,,,SETUP_QUALITY_REJECTED,"[""ORIGINAL_DIRECTION_REESTABLISHED_AFTER_WATCH""]",CONTINUATION,BUY,2026-07-31T10:00:00+05:30,DIR:BHEL:2026-07-31:001:UP:093000,DIR:BHEL:2026-07-31:001:UP:093000:DIRECTIONAL_TREND_RESTORED:100000,DIRECTIONAL_TREND_RESTORED,,,,,,,,,,,,,,,,,PERMIT,BHEL
,,False,,,[],False,"[""EXPECTED_FIRST_MOVE_BELOW_0_5_PERCENT""]",,232,"[""NO_EVENT_DRIVEN_SETUP_APPROVED""]",,,,,,,,,,,,,,SETUP_QUALITY_REJECTED,"[""REVERSAL_LEG_SUSTAINED_DIRECTIONAL_PROGRESS"", ""OPPOSITE_DIRECTION_ESTABLISHED_AFTER_REVERSAL""]",REVERSAL,BUY,2026-07-31T10:03:00+05:30,DIR:INDUSTOWER:2026-07-31:002:UP:095700,DIR:INDUSTOWER:2026-07-31:002:UP:095700:DIRECTIONAL_REVERSAL_LEG_ESTABLISHED:100300,DIRECTIONAL_REVERSAL_LEG_ESTABLISHED,,,,,,,,,,,,,,,,,PERMIT,INDUSTOWER
WATCH,2026-07-31T10:03:00,True,TCS,"{""advisor_context"": {""as_of"": ""2026-07-31T10:03:00"", ""market_regime"": {""age_seconds"": null, ""as_of"": ""2026-07-31T10:03:00"", ""availability"": ""UNAVAILABLE"", ""buy_support"": 0.0, ""confidence"": 0.0, ""continuation_support"": 0.0, ""evidence"": [], ""hysteresis"": {""candidate_confirmations"": 0, ""candidate_since"": null, ""candidate_state"": null, ""required_confirmations"": 0, ""state_started_at"": null, ""transition_pending"": false}, ""metrics"": {}, ""reason_codes"": [""MARKET_REGIME_NOT_IMPLEMENTED""], ""reversal_support"": 0.0, ""sell_support"": 0.0, ""state"": ""UNKNOWN""}, ""market_regime_influence"": ""NONE"", ""stock_rank"": {""age_seconds"": 180.0, ""as_of"": ""2026-07-31T10:03:00"", ""attention_tier"": ""SUPPRESSED"", ""availability"": ""AVAILABLE"", ""classification"": ""NEUTRAL"", ""direction"": ""UP"", ""fresh"": true, ""movement_score"": 43.0362, ""quality_score"": 31.545, ""range_penalty"": 37.2246, ""rank_position"": 39, ""rank_time"": ""2026-07-31T10:00:00"", ""reason_codes"": [""STOCK_RANK_AVAILABLE""], ""stall_penalty"": 45.0, ""symbol"": ""TCS"", ""total_score"": 9.7266, ""universe_size"": 77}, ""stock_rank_influence"": ""DIAGNOSTIC"", ""symbol"": ""TCS""}, ""barrier"": {""active"": false, ""barrier_price"": 2391.0, ""barrier_type"": ""ORH"", ""candidates"": [{""price"": 2391.0, ""type"": ""ORH""}, {""price"": 2391.0, ""type"": ""SESSION_HIGH""}, {""price"": 2420.1445897764356, ""type"": ""EMA_SLOW""}, {""price"": 2430.0274011452407, ""type"": ""EMA_REF""}, {""price"": 2495.0, ""type"": ""PDH""}], ""distance_atr"": 3.0134837804911054, ""distance_pct"": 1.048093990364305, ""distance_points"": 24.800000000000182, ""threshold_points"": 4.7324}, ""candidate_family"": ""REVERSAL"", ""candidate_side"": ""BUY"", ""candidate_subtype"": ""STRUCTURAL_REVERSAL"", ""day_path"": {""close_first"": 2349.5, ""close_last"": 2366.2, ""containment_ratio"": null, ""episode_age_bars"": 13, ""midpoint_crossings"": 0, ""path_efficiency"": 0.4453333333333285, ""range_width_pct"": null, ""sample_count"": 13, ""structure_flips"": 1, ""total_travel_points"": 37.5, ""total_travel_range_multiple"": null, ""vwap_crossings"": 1}, ""deployment_scope"": ""NEW_SIGNAL_ONLY"", ""episode_history"": {""exhausted_objective_context"": false, ""exhaustion_facts"": [""DIRECTIONAL_LEG_MATURE""], ""prior_count_day"": 0, ""prior_count_same_episode"": 0, ""prior_opportunity_keys"": [], ""prior_opposite_side_same_episode"": 0, ""prior_same_side_same_episode"": 0}, ""matched_rules"": [{""configured_action"": ""WATCH"", ""reason"": ""INSIDE_ACCEPTED_RANGE""}], ""mature_range_churn"": {""facts"": [], ""matched"": false}, ""range_context"": {""authority"": ""CURRENT_AUCTION_OBSERVATION"", ""high"": null, ""inside_for_rule"": true, ""low"": null, ""observation_accepted_range_high"": 2391.0, ""observation_accepted_range_inside"": true, ""observation_accepted_range_low"": 2326.1, ""outside_for_side"": false, ""reference_price"": null, ""source_episode_id"": null, ""source_event_id"": null}, ""source_episode_id"": ""DIR:TCS:2026-07-31:002:UP:094200"", ""source_event_id"": ""DIR:TCS:2026-07-31:002:UP:094200:DIRECTIONAL_REVERSAL_LEG_ESTABLISHED:100300""}","[""INSIDE_ACCEPTED_RANGE""]",True,[],CAND:6d4eb3327dea38c8df58b68c,237,"[""EVENT_DRIVEN_SETUP_SELECTED""]",,UNAVAILABLE,0.0,0.0,0.0,[],"{""candidate_confirmations"": 0, ""candidate_since"": null, ""candidate_state"": null, ""required_confirmations"": 0, ""state_started_at"": null, ""transition_pending"": false}",NONE,{},"[""MARKET_REGIME_NOT_IMPLEMENTED""]",0.0,0.0,UNKNOWN,ADVISOR_WATCH_DEFERRED,"[""AUTHORITATIVE_EVENT_ROUTE"", ""STRUCTURAL_PERMISSION_PERMIT"", ""REVERSAL_LEG_SUSTAINED_DIRECTIONAL_PROGRESS"", ""OPPOSITE_DIRECTION_ESTABLISHED_AFTER_REVERSAL"", ""AUTHORITATIVE_DIRECTIONAL_EVENT_GEOMETRY""]",REVERSAL,BUY,2026-07-31T10:03:00+05:30,DIR:TCS:2026-07-31:002:UP:094200,DIR:TCS:2026-07-31:002:UP:094200:DIRECTIONAL_REVERSAL_LEG_ESTABLISHED:100300,DIRECTIONAL_REVERSAL_LEG_ESTABLISHED,180.0,SUPPRESSED,AVAILABLE,NEUTRAL,UP,True,DIAGNOSTIC,43.0362,39,31.545,37.2246,2026-07-31T10:00:00,"[""STOCK_RANK_AVAILABLE""]",45.0,9.7266,77,PERMIT,TCS
BLOCK,2026-07-31T10:15:00,True,DIVISLAB,"{""advisor_context"": {""as_of"": ""2026-07-31T10:15:00"", ""market_regime"": {""age_seconds"": null, ""as_of"": ""2026-07-31T10:15:00"", ""availability"": ""UNAVAILABLE"", ""buy_support"": 0.0, ""confidence"": 0.0, ""continuation_support"": 0.0, ""evidence"": [], ""hysteresis"": {""candidate_confirmations"": 0, ""candidate_since"": null, ""candidate_state"": null, ""required_confirmations"": 0, ""state_started_at"": null, ""transition_pending"": false}, ""metrics"": {}, ""reason_codes"": [""MARKET_REGIME_NOT_IMPLEMENTED""], ""reversal_support"": 0.0, ""sell_support"": 0.0, ""state"": ""UNKNOWN""}, ""market_regime_influence"": ""NONE"", ""stock_rank"": {""age_seconds"": 180.0, ""as_of"": ""2026-07-31T10:15:00"", ""attention_tier"": ""SUPPRESSED"", ""availability"": ""AVAILABLE"", ""classification"": ""RANGE_BOUND"", ""direction"": ""UP"", ""fresh"": true, ""movement_score"": 39.0374, ""quality_score"": 29.3089, ""range_penalty"": 75.3448, ""rank_position"": 59, ""rank_time"": ""2026-07-31T10:12:00"", ""reason_codes"": [""STOCK_RANK_AVAILABLE""], ""stall_penalty"": 84.8986, ""symbol"": ""DIVISLAB"", ""total_score"": 0.0, ""universe_size"": 80}, ""stock_rank_influence"": ""DIAGNOSTIC"", ""symbol"": ""DIVISLAB""}, ""barrier"": {""active"": false, ""barrier_price"": 7916.949791195742, ""barrier_type"": ""EMA_SLOW"", ""candidates"": [{""price"": 7795.0, ""type"": ""PDL""}, {""price"": 7843.141409414448, ""type"": ""EMA_REF""}, {""price"": 7870.5, ""type"": ""ORL""}, {""price"": 7870.5, ""type"": ""SESSION_LOW""}, {""price"": 7916.949791195742, ""type"": ""EMA_SLOW""}], ""distance_atr"": 2.6662038460786732, ""distance_pct"": 0.8522255329274595, ""distance_points"": 68.05020880425764, ""threshold_points"": 15.97}, ""candidate_family"": ""BREAKOUT_INITIATION"", ""candidate_side"": ""SELL"", ""candidate_subtype"": ""BALANCE_ESCAPE_INITIATION"", ""day_path"": {""close_first"": 8012.5, ""close_last"": 7985.0, ""containment_ratio"": 1.0, ""episode_age_bars"": 12, ""midpoint_crossings"": 4, ""path_efficiency"": 0.1864406779661017, ""range_width_pct"": 0.7539175675254681, ""sample_count"": 12, ""structure_flips"": 2, ""total_travel_points"": 147.5, ""total_travel_range_multiple"": 2.43801652892562, ""vwap_crossings"": 4}, ""deployment_scope"": ""NEW_SIGNAL_ONLY"", ""episode_history"": {""exhausted_objective_context"": false, ""exhaustion_facts"": [], ""prior_count_day"": 0, ""prior_count_same_episode"": 0, ""prior_opportunity_keys"": [], ""prior_opposite_side_same_episode"": 0, ""prior_same_side_same_episode"": 0}, ""matched_rules"": [{""configured_action"": ""BLOCK"", ""reason"": ""MATURE_NARROW_RANGE_CHURN""}], ""mature_range_churn"": {""facts"": [""MATURE_RANGE"", ""NARROW_RANGE"", ""HIGH_CONTAINMENT"", ""LOW_PATH_EFFICIENCY"", ""MIDPOINT_ROTATION"", ""VWAP_CROSSINGS""], ""matched"": true}, ""range_context"": {""authority"": ""AUCTION_SOURCE_EPISODE"", ""high"": 8055.0, ""inside_for_rule"": false, ""low"": 7994.5, ""observation_accepted_range_high"": 8048.0, ""observation_accepted_range_inside"": false, ""observation_accepted_range_low"": 8003.0, ""outside_for_side"": true, ""reference_price"": 7994.5, ""source_episode_id"": ""BAL:DIVISLAB:2026-07-31:001:NEUTRAL:094200"", ""source_event_id"": ""BAL:DIVISLAB:2026-07-31:001:NEUTRAL:094200:BALANCE_ESCAPE_STARTED:101500""}, ""source_episode_id"": ""BAL:DIVISLAB:2026-07-31:001:NEUTRAL:094200"", ""source_event_id"": ""BAL:DIVISLAB:2026-07-31:001:NEUTRAL:094200:BALANCE_ESCAPE_STARTED:101500""}","[""MATURE_NARROW_RANGE_CHURN""]",True,[],CAND:01cf0ee0a1f1000416280da1,284,"[""EVENT_DRIVEN_SETUP_SELECTED""]",,UNAVAILABLE,0.0,0.0,0.0,[],"{""candidate_confirmations"": 0, ""candidate_since"": null, ""candidate_state"": null, ""required_confirmations"": 0, ""state_started_at"": null, ""transition_pending"": false}",NONE,{},"[""MARKET_REGIME_NOT_IMPLEMENTED""]",0.0,0.0,UNKNOWN,ADVISOR_BLOCK,"[""AUTHORITATIVE_EVENT_ROUTE"", ""STRUCTURAL_PERMISSION_PERMIT"", ""MEANINGFUL_CLOSE_OUTSIDE_FROZEN_BALANCE"", ""BALANCE_ESCAPE_ATTEMPT_RECORDED"", ""BALANCE_MEASURED_MOVE_REFERENCE""]",BREAKOUT_INITIATION,SELL,2026-07-31T10:15:00+05:30,BAL:DIVISLAB:2026-07-31:001:NEUTRAL:094200,BAL:DIVISLAB:2026-07-31:001:NEUTRAL:094200:BALANCE_ESCAPE_STARTED:101500,BALANCE_ESCAPE_STARTED,180.0,SUPPRESSED,AVAILABLE,RANGE_BOUND,UP,True,DIAGNOSTIC,39.0374,59,29.3089,75.3448,2026-07-31T10:12:00,"[""STOCK_RANK_AVAILABLE""]",84.8986,0.0,80,PERMIT,DIVISLAB
,,False,,,[],False,"[""ENTRY_TOO_FAR_FROM_EVENT_ANCHOR""]",,289,"[""NO_EVENT_DRIVEN_SETUP_APPROVED""]",,,,,,,,,,,,,,SETUP_QUALITY_REJECTED,"[""ORIGINAL_DIRECTION_REESTABLISHED_AFTER_WATCH""]",CONTINUATION,SELL,2026-07-31T10:15:00+05:30,DIR:KALYANKJIL:2026-07-31:001:DOWN:094800,DIR:KALYANKJIL:2026-07-31:001:DOWN:094800:DIRECTIONAL_TREND_RESTORED:101500,DIRECTIONAL_TREND_RESTORED,,,,,,,,,,,,,,,,,PERMIT,KALYANKJIL
,,False,,,[],True,[],CAND:e17dada293351fc2489a61b9,298,"[""EVENT_DRIVEN_SETUP_SELECTED""]",,,,,,,,,,,,,,MANAGER_SUPPORTING,"[""AUTHORITATIVE_EVENT_ROUTE"", ""STRUCTURAL_PERMISSION_PERMIT"", ""OUTSIDE_ACCEPTANCE_CONFIRMED"", ""BALANCE_MEASURED_MOVE_REFERENCE""]",ACCEPTED_BREAKOUT,SELL,2026-07-31T10:18:00+05:30,BAL:DIVISLAB:2026-07-31:001:NEUTRAL:094200,BAL:DIVISLAB:2026-07-31:001:NEUTRAL:094200:BALANCE_ESCAPE_ACCEPTED:101800,BALANCE_ESCAPE_ACCEPTED,,,,,,,,,,,,,,,,,PERMIT,DIVISLAB
ALLOW,2026-07-31T10:18:00,True,DIVISLAB,"{""advisor_context"": {""as_of"": ""2026-07-31T10:18:00"", ""market_regime"": {""age_seconds"": null, ""as_of"": ""2026-07-31T10:18:00"", ""availability"": ""UNAVAILABLE"", ""buy_support"": 0.0, ""confidence"": 0.0, ""continuation_support"": 0.0, ""evidence"": [], ""hysteresis"": {""candidate_confirmations"": 0, ""candidate_since"": null, ""candidate_state"": null, ""required_confirmations"": 0, ""state_started_at"": null, ""transition_pending"": false}, ""metrics"": {}, ""reason_codes"": [""MARKET_REGIME_NOT_IMPLEMENTED""], ""reversal_support"": 0.0, ""sell_support"": 0.0, ""state"": ""UNKNOWN""}, ""market_regime_influence"": ""NONE"", ""stock_rank"": {""age_seconds"": 0.0, ""as_of"": ""2026-07-31T10:18:00"", ""attention_tier"": ""SUPPRESSED"", ""availability"": ""AVAILABLE"", ""classification"": ""RANGE_BOUND"", ""direction"": ""DOWN"", ""fresh"": true, ""movement_score"": 66.1941, ""quality_score"": 48.614, ""range_penalty"": 70.0255, ""rank_position"": 26, ""rank_time"": ""2026-07-31T10:18:00"", ""reason_codes"": [""STOCK_RANK_AVAILABLE""], ""stall_penalty"": 45.0, ""symbol"": ""DIVISLAB"", ""total_score"": 14.6573, ""universe_size"": 80}, ""stock_rank_influence"": ""DIAGNOSTIC"", ""symbol"": ""DIVISLAB""}, ""barrier"": {""active"": false, ""barrier_price"": 7918.138904241371, ""barrier_type"": ""EMA_SLOW"", ""candidates"": [{""price"": 7795.0, ""type"": ""PDL""}, {""price"": 7844.473335688933, ""type"": ""EMA_REF""}, {""price"": 7870.5, ""type"": ""ORL""}, {""price"": 7870.5, ""type"": ""SESSION_LOW""}, {""price"": 7918.138904241371, ""type"": ""EMA_SLOW""}], ""distance_atr"": 2.355774137473903, ""distance_pct"": 0.7378851166933539, ""distance_points"": 58.861095758628835, ""threshold_points"": 15.954}, ""candidate_family"": ""REVERSAL"", ""candidate_side"": ""SELL"", ""candidate_subtype"": ""STRUCTURAL_REVERSAL"", ""day_path"": {""close_first"": 8021.0, ""close_last"": 7977.0, ""containment_ratio"": 1.0, ""episode_age_bars"": 14, ""midpoint_crossings"": 2, ""path_efficiency"": 0.2682926829268293, ""range_width_pct"": 0.5607127281789297, ""sample_count"": 14, ""structure_flips"": 2, ""total_travel_points"": 164.0, ""total_travel_range_multiple"": 3.6444444444444444, ""vwap_crossings"": 4}, ""deployment_scope"": ""NEW_SIGNAL_ONLY"", ""episode_history"": {""exhausted_objective_context"": false, ""exhaustion_facts"": [""DIRECTIONAL_LEG_MATURE""], ""prior_count_day"": 0, ""prior_count_same_episode"": 0, ""prior_opportunity_keys"": [], ""prior_opposite_side_same_episode"": 0, ""prior_same_side_same_episode"": 0}, ""matched_rules"": [], ""mature_range_churn"": {""facts"": [], ""matched"": false}, ""range_context"": {""authority"": ""CURRENT_AUCTION_OBSERVATION"", ""high"": 8048.0, ""inside_for_rule"": false, ""low"": 8003.0, ""observation_accepted_range_high"": 8048.0, ""observation_accepted_range_inside"": false, ""observation_accepted_range_low"": 8003.0, ""outside_for_side"": true, ""reference_price"": 8003.0, ""source_episode_id"": null, ""source_event_id"": null}, ""source_episode_id"": ""DIR:DIVISLAB:2026-07-31:002:DOWN:100600"", ""source_event_id"": ""DIR:DIVISLAB:2026-07-31:002:DOWN:100600:DIRECTIONAL_REVERSAL_LEG_ESTABLISHED:101800""}","[""ADVISOR_ALLOW""]",True,[],CAND:6644484c352c701feebfdf31,298,"[""EVENT_DRIVEN_SETUP_SELECTED""]",,UNAVAILABLE,0.0,0.0,0.0,[],"{""candidate_confirmations"": 0, ""candidate_since"": null, ""candidate_state"": null, ""required_confirmations"": 0, ""state_started_at"": null, ""transition_pending"": false}",NONE,{},"[""MARKET_REGIME_NOT_IMPLEMENTED""]",0.0,0.0,UNKNOWN,CREATED,"[""AUTHORITATIVE_EVENT_ROUTE"", ""STRUCTURAL_PERMISSION_PERMIT"", ""REVERSAL_LEG_SUSTAINED_DIRECTIONAL_PROGRESS"", ""OPPOSITE_DIRECTION_ESTABLISHED_AFTER_REVERSAL"", ""AUTHORITATIVE_DIRECTIONAL_EVENT_GEOMETRY""]",REVERSAL,SELL,2026-07-31T10:18:00+05:30,DIR:DIVISLAB:2026-07-31:002:DOWN:100600,DIR:DIVISLAB:2026-07-31:002:DOWN:100600:DIRECTIONAL_REVERSAL_LEG_ESTABLISHED:101800,DIRECTIONAL_REVERSAL_LEG_ESTABLISHED,0.0,SUPPRESSED,AVAILABLE,RANGE_BOUND,DOWN,True,DIAGNOSTIC,66.1941,26,48.614,70.0255,2026-07-31T10:18:00,"[""STOCK_RANK_AVAILABLE""]",45.0,14.6573,80,PERMIT,DIVISLAB
,,False,,,[],False,"[""STRUCTURAL_PERMISSION_BLOCK""]",,320,"[""NO_EVENT_DRIVEN_SETUP_APPROVED""]",,,,,,,,,,,,,,STRUCTURAL_PERMISSION_BLOCKED,"[""RECOMPRESSION_COMPLETED"", ""FRESH_DIRECTIONAL_EXPANSION_CONFIRMED""]",REACCELERATION,BUY,2026-07-31T10:21:00+05:30,DIR:POWERINDIA:2026-07-31:003:UP:100300,DIR:POWERINDIA:2026-07-31:003:UP:100300:DIRECTIONAL_REACCELERATION_CONFIRMED:102100,DIRECTIONAL_REACCELERATION_CONFIRMED,,,,,,,,,,,,,,,,,BLOCK,POWERINDIA
ALLOW,2026-07-31T10:24:00,True,COFORGE,"{""advisor_context"": {""as_of"": ""2026-07-31T10:24:00"", ""market_regime"": {""age_seconds"": null, ""as_of"": ""2026-07-31T10:24:00"", ""availability"": ""UNAVAILABLE"", ""buy_support"": 0.0, ""confidence"": 0.0, ""continuation_support"": 0.0, ""evidence"": [], ""hysteresis"": {""candidate_confirmations"": 0, ""candidate_since"": null, ""candidate_state"": null, ""required_confirmations"": 0, ""state_started_at"": null, ""transition_pending"": false}, ""metrics"": {}, ""reason_codes"": [""MARKET_REGIME_NOT_IMPLEMENTED""], ""reversal_support"": 0.0, ""sell_support"": 0.0, ""state"": ""UNKNOWN""}, ""market_regime_influence"": ""NONE"", ""stock_rank"": {""age_seconds"": 0.0, ""as_of"": ""2026-07-31T10:24:00"", ""attention_tier"": ""SUPPRESSED"", ""availability"": ""AVAILABLE"", ""classification"": ""DEVELOPING_DOWN"", ""direction"": ""DOWN"", ""fresh"": true, ""movement_score"": 59.6984, ""quality_score"": 45.6787, ""range_penalty"": 48.3598, ""rank_position"": 27, ""rank_time"": ""2026-07-31T10:24:00"", ""reason_codes"": [""STOCK_RANK_AVAILABLE""], ""stall_penalty"": 45.0, ""symbol"": ""COFORGE"", ""total_score"": 20.0626, ""universe_size"": 80}, ""stock_rank_influence"": ""DIAGNOSTIC"", ""symbol"": ""COFORGE""}, ""barrier"": {""active"": false, ""barrier_price"": 1701.7, ""barrier_type"": ""PDL"", ""candidates"": [{""price"": 1681.7, ""type"": ""ORL""}, {""price"": 1681.7, ""type"": ""SESSION_LOW""}, {""price"": 1701.7, ""type"": ""PDL""}], ""distance_atr"": 2.3258940913870347, ""distance_pct"": 0.9487776484284024, ""distance_points"": 16.299999999999955, ""threshold_points"": 3.4360000000000004}, ""candidate_family"": ""REVERSAL"", ""candidate_side"": ""SELL"", ""candidate_subtype"": ""STRUCTURAL_REVERSAL"", ""day_path"": {""close_first"": 1724.2, ""close_last"": 1718.0, ""containment_ratio"": 0.3333333333333333, ""episode_age_bars"": 4, ""midpoint_crossings"": 0, ""path_efficiency"": 0.7380952380952555, ""range_width_pct"": 0.4111056425696945, ""sample_count"": 4, ""structure_flips"": 0, ""total_travel_points"": 8.399999999999864, ""total_travel_range_multiple"": 1.1830985915492918, ""vwap_crossings"": 0}, ""deployment_scope"": ""NEW_SIGNAL_ONLY"", ""episode_history"": {""exhausted_objective_context"": false, ""exhaustion_facts"": [], ""prior_count_day"": 0, ""prior_count_same_episode"": 0, ""prior_opportunity_keys"": [], ""prior_opposite_side_same_episode"": 0, ""prior_same_side_same_episode"": 0}, ""matched_rules"": [], ""mature_range_churn"": {""facts"": [], ""matched"": false}, ""range_context"": {""authority"": ""CURRENT_AUCTION_OBSERVATION"", ""high"": 1730.6, ""inside_for_rule"": false, ""low"": 1723.5, ""observation_accepted_range_high"": 1730.6, ""observation_accepted_range_inside"": false, ""observation_accepted_range_low"": 1723.5, ""outside_for_side"": true, ""reference_price"": 1723.5, ""source_episode_id"": null, ""source_event_id"": null}, ""source_episode_id"": ""DIR:COFORGE:2026-07-31:002:DOWN:101500"", ""source_event_id"": ""DIR:COFORGE:2026-07-31:002:DOWN:101500:DIRECTIONAL_REVERSAL_LEG_ESTABLISHED:102400""}","[""ADVISOR_ALLOW""]",True,[],CAND:995ee50ff305357125723e26,325,"[""EVENT_DRIVEN_SETUP_SELECTED""]",,UNAVAILABLE,0.0,0.0,0.0,[],"{""candidate_confirmations"": 0, ""candidate_since"": null, ""candidate_state"": null, ""required_confirmations"": 0, ""state_started_at"": null, ""transition_pending"": false}",NONE,{},"[""MARKET_REGIME_NOT_IMPLEMENTED""]",0.0,0.0,UNKNOWN,CREATED,"[""AUTHORITATIVE_EVENT_ROUTE"", ""STRUCTURAL_PERMISSION_PERMIT"", ""REVERSAL_LEG_SUSTAINED_DIRECTIONAL_PROGRESS"", ""OPPOSITE_DIRECTION_ESTABLISHED_AFTER_REVERSAL"", ""AUTHORITATIVE_DIRECTIONAL_EVENT_GEOMETRY""]",REVERSAL,SELL,2026-07-31T10:24:00+05:30,DIR:COFORGE:2026-07-31:002:DOWN:101500,DIR:COFORGE:2026-07-31:002:DOWN:101500:DIRECTIONAL_REVERSAL_LEG_ESTABLISHED:102400,DIRECTIONAL_REVERSAL_LEG_ESTABLISHED,0.0,SUPPRESSED,AVAILABLE,DEVELOPING_DOWN,DOWN,True,DIAGNOSTIC,59.6984,27,45.6787,48.3598,2026-07-31T10:24:00,"[""STOCK_RANK_AVAILABLE""]",45.0,20.0626,80,PERMIT,COFORGE
ALLOW,2026-07-31T10:33:00,True,CHOLAFIN,"{""advisor_context"": {""as_of"": ""2026-07-31T10:33:00"", ""market_regime"": {""age_seconds"": null, ""as_of"": ""2026-07-31T10:33:00"", ""availability"": ""UNAVAILABLE"", ""buy_support"": 0.0, ""confidence"": 0.0, ""continuation_support"": 0.0, ""evidence"": [], ""hysteresis"": {""candidate_confirmations"": 0, ""candidate_since"": null, ""candidate_state"": null, ""required_confirmations"": 0, ""state_started_at"": null, ""transition_pending"": false}, ""metrics"": {}, ""reason_codes"": [""MARKET_REGIME_NOT_IMPLEMENTED""], ""reversal_support"": 0.0, ""sell_support"": 0.0, ""state"": ""UNKNOWN""}, ""market_regime_influence"": ""NONE"", ""stock_rank"": {""age_seconds"": 180.0, ""as_of"": ""2026-07-31T10:33:00"", ""attention_tier"": ""SECONDARY"", ""availability"": ""AVAILABLE"", ""classification"": ""DEVELOPING_DOWN"", ""direction"": ""DOWN"", ""fresh"": true, ""movement_score"": 64.4412, ""quality_score"": 35.0272, ""range_penalty"": 36.6531, ""rank_position"": 15, ""rank_time"": ""2026-07-31T10:30:00"", ""reason_codes"": [""STOCK_RANK_AVAILABLE""], ""stall_penalty"": 45.0, ""symbol"": ""CHOLAFIN"", ""total_score"": 26.0404, ""universe_size"": 80}, ""stock_rank_influence"": ""DIAGNOSTIC"", ""symbol"": ""CHOLAFIN""}, ""barrier"": {""active"": false, ""barrier_price"": 1796.810370310272, ""barrier_type"": ""EMA_SLOW"", ""candidates"": [{""price"": 1758.0, ""type"": ""PDL""}, {""price"": 1779.4, ""type"": ""ORL""}, {""price"": 1779.4, ""type"": ""SESSION_LOW""}, {""price"": 1789.8826726781722, ""type"": ""EMA_REF""}, {""price"": 1796.810370310272, ""type"": ""EMA_SLOW""}], ""distance_atr"": 5.789648168085424, ""distance_pct"": 2.0758422633237834, ""distance_points"": 38.0896296897281, ""threshold_points"": 3.6698000000000004}, ""candidate_family"": ""REVERSAL"", ""candidate_side"": ""SELL"", ""candidate_subtype"": ""STRUCTURAL_REVERSAL"", ""day_path"": {""close_first"": 1820.8, ""close_last"": 1834.9, ""containment_ratio"": null, ""episode_age_bars"": 23, ""midpoint_crossings"": 0, ""path_efficiency"": 0.12292938099389826, ""range_width_pct"": null, ""sample_count"": 23, ""structure_flips"": 4, ""total_travel_points"": 114.70000000000005, ""total_travel_range_multiple"": null, ""vwap_crossings"": 2}, ""deployment_scope"": ""NEW_SIGNAL_ONLY"", ""episode_history"": {""exhausted_objective_context"": false, ""exhaustion_facts"": [], ""prior_count_day"": 0, ""prior_count_same_episode"": 0, ""prior_opportunity_keys"": [], ""prior_opposite_side_same_episode"": 0, ""prior_same_side_same_episode"": 0}, ""matched_rules"": [], ""mature_range_churn"": {""facts"": [], ""matched"": false}, ""range_context"": {""authority"": ""CURRENT_AUCTION_OBSERVATION"", ""high"": null, ""inside_for_rule"": false, ""low"": null, ""observation_accepted_range_high"": 1820.8, ""observation_accepted_range_inside"": false, ""observation_accepted_range_low"": 1779.4, ""outside_for_side"": false, ""reference_price"": null, ""source_episode_id"": null, ""source_event_id"": null}, ""source_episode_id"": ""DIR:CHOLAFIN:2026-07-31:002:DOWN:102400"", ""source_event_id"": ""DIR:CHOLAFIN:2026-07-31:002:DOWN:102400:DIRECTIONAL_REVERSAL_LEG_ESTABLISHED:103300""}","[""ADVISOR_ALLOW""]",True,[],CAND:c91e30e559c61ae9e4a8e30d,366,"[""EVENT_DRIVEN_SETUP_SELECTED""]",,UNAVAILABLE,0.0,0.0,0.0,[],"{""candidate_confirmations"": 0, ""candidate_since"": null, ""candidate_state"": null, ""required_confirmations"": 0, ""state_started_at"": null, ""transition_pending"": false}",NONE,{},"[""MARKET_REGIME_NOT_IMPLEMENTED""]",0.0,0.0,UNKNOWN,CREATED,"[""AUTHORITATIVE_EVENT_ROUTE"", ""STRUCTURAL_PERMISSION_PERMIT"", ""REVERSAL_LEG_SUSTAINED_DIRECTIONAL_PROGRESS"", ""OPPOSITE_DIRECTION_ESTABLISHED_AFTER_REVERSAL"", ""AUTHORITATIVE_DIRECTIONAL_EVENT_GEOMETRY""]",REVERSAL,SELL,2026-07-31T10:33:00+05:30,DIR:CHOLAFIN:2026-07-31:002:DOWN:102400,DIR:CHOLAFIN:2026-07-31:002:DOWN:102400:DIRECTIONAL_REVERSAL_LEG_ESTABLISHED:103300,DIRECTIONAL_REVERSAL_LEG_ESTABLISHED,180.0,SECONDARY,AVAILABLE,DEVELOPING_DOWN,DOWN,True,DIAGNOSTIC,64.4412,15,35.0272,36.6531,2026-07-31T10:30:00,"[""STOCK_RANK_AVAILABLE""]",45.0,26.0404,80,PERMIT,CHOLAFIN
,,False,,,[],False,"[""EXPECTED_FIRST_MOVE_BELOW_0_5_PERCENT""]",,370,"[""NO_EVENT_DRIVEN_SETUP_APPROVED""]",,,,,,,,,,,,,,SETUP_QUALITY_REJECTED,"[""MEANINGFUL_CLOSE_OUTSIDE_FROZEN_BALANCE"", ""BALANCE_ESCAPE_ATTEMPT_RECORDED""]",BREAKOUT_INITIATION,BUY,2026-07-31T10:33:00+05:30,BAL:FORCEMOT:2026-07-31:001:NEUTRAL:100000,BAL:FORCEMOT:2026-07-31:001:NEUTRAL:100000:BALANCE_ESCAPE_STARTED:103300,BALANCE_ESCAPE_STARTED,,,,,,,,,,,,,,,,,PERMIT,FORCEMOT
ALLOW,2026-07-31T10:33:00,True,KALYANKJIL,"{""advisor_context"": {""as_of"": ""2026-07-31T10:33:00"", ""market_regime"": {""age_seconds"": null, ""as_of"": ""2026-07-31T10:33:00"", ""availability"": ""UNAVAILABLE"", ""buy_support"": 0.0, ""confidence"": 0.0, ""continuation_support"": 0.0, ""evidence"": [], ""hysteresis"": {""candidate_confirmations"": 0, ""candidate_since"": null, ""candidate_state"": null, ""required_confirmations"": 0, ""state_started_at"": null, ""transition_pending"": false}, ""metrics"": {}, ""reason_codes"": [""MARKET_REGIME_NOT_IMPLEMENTED""], ""reversal_support"": 0.0, ""sell_support"": 0.0, ""state"": ""UNKNOWN""}, ""market_regime_influence"": ""NONE"", ""stock_rank"": {""age_seconds"": 180.0, ""as_of"": ""2026-07-31T10:33:00"", ""attention_tier"": ""PRIORITY"", ""availability"": ""AVAILABLE"", ""classification"": ""MOVING_DOWN"", ""direction"": ""DOWN"", ""fresh"": true, ""movement_score"": 72.3056, ""quality_score"": 53.0811, ""range_penalty"": 48.0695, ""rank_position"": 9, ""rank_time"": ""2026-07-31T10:30:00"", ""reason_codes"": [""STOCK_RANK_AVAILABLE""], ""stall_penalty"": 16.875, ""symbol"": ""KALYANKJIL"", ""total_score"": 38.2847, ""universe_size"": 80}, ""stock_rank_influence"": ""DIAGNOSTIC"", ""symbol"": ""KALYANKJIL""}, ""barrier"": {""active"": false, ""barrier_price"": 632.3708840758005, ""barrier_type"": ""EMA_REF"", ""candidates"": [{""price"": 632.3708840758005, ""type"": ""EMA_REF""}, {""price"": 634.9940007210661, ""type"": ""EMA_SLOW""}, {""price"": 648.95, ""type"": ""PDH""}], ""distance_atr"": 2.0687790947897513, ""distance_pct"": 1.0338527042339896, ""distance_points"": 6.470884075800541, ""threshold_points"": 1.2518}, ""candidate_family"": ""REVERSAL"", ""candidate_side"": ""BUY"", ""candidate_subtype"": ""STRUCTURAL_REVERSAL"", ""day_path"": {""close_first"": 633.75, ""close_last"": 625.9, ""containment_ratio"": null, ""episode_age_bars"": 19, ""midpoint_crossings"": 0, ""path_efficiency"": 0.24569640062598108, ""range_width_pct"": 0.849457291175079, ""sample_count"": 19, ""structure_flips"": 2, ""total_travel_points"": 31.949999999999704, ""total_travel_range_multiple"": 5.916666666666637, ""vwap_crossings"": 0}, ""deployment_scope"": ""NEW_SIGNAL_ONLY"", ""episode_history"": {""exhausted_objective_context"": false, ""exhaustion_facts"": [], ""prior_count_day"": 0, ""prior_count_same_episode"": 0, ""prior_opportunity_keys"": [], ""prior_opposite_side_same_episode"": 0, ""prior_same_side_same_episode"": 0}, ""matched_rules"": [], ""mature_range_churn"": {""facts"": [], ""matched"": false}, ""range_context"": {""authority"": ""CURRENT_AUCTION_OBSERVATION"", ""high"": 638.4, ""inside_for_rule"": false, ""low"": 633.0, ""observation_accepted_range_high"": 638.4, ""observation_accepted_range_inside"": false, ""observation_accepted_range_low"": 633.0, ""outside_for_side"": false, ""reference_price"": 638.4, ""source_episode_id"": null, ""source_event_id"": null}, ""source_episode_id"": ""DIR:KALYANKJIL:2026-07-31:002:UP:102400"", ""source_event_id"": ""DIR:KALYANKJIL:2026-07-31:002:UP:102400:DIRECTIONAL_REVERSAL_LEG_ESTABLISHED:103300""}","[""ADVISOR_ALLOW""]",True,[],CAND:158ac89230fbe44b1b3cdd63,373,"[""EVENT_DRIVEN_SETUP_SELECTED""]",,UNAVAILABLE,0.0,0.0,0.0,[],"{""candidate_confirmations"": 0, ""candidate_since"": null, ""candidate_state"": null, ""required_confirmations"": 0, ""state_started_at"": null, ""transition_pending"": false}",NONE,{},"[""MARKET_REGIME_NOT_IMPLEMENTED""]",0.0,0.0,UNKNOWN,CREATED,"[""AUTHORITATIVE_EVENT_ROUTE"", ""STRUCTURAL_PERMISSION_PERMIT"", ""REVERSAL_LEG_SUSTAINED_DIRECTIONAL_PROGRESS"", ""OPPOSITE_DIRECTION_ESTABLISHED_AFTER_REVERSAL"", ""AUTHORITATIVE_DIRECTIONAL_EVENT_GEOMETRY""]",REVERSAL,BUY,2026-07-31T10:33:00+05:30,DIR:KALYANKJIL:2026-07-31:002:UP:102400,DIR:KALYANKJIL:2026-07-31:002:UP:102400:DIRECTIONAL_REVERSAL_LEG_ESTABLISHED:103300,DIRECTIONAL_REVERSAL_LEG_ESTABLISHED,180.0,PRIORITY,AVAILABLE,MOVING_DOWN,DOWN,True,DIAGNOSTIC,72.3056,9,53.0811,48.0695,2026-07-31T10:30:00,"[""STOCK_RANK_AVAILABLE""]",16.875,38.2847,80,PERMIT,KALYANKJIL
,,False,,,[],False,"[""STRUCTURAL_PERMISSION_BLOCK""]",,379,"[""NO_EVENT_DRIVEN_SETUP_APPROVED""]",,,,,,,,,,,,,,STRUCTURAL_PERMISSION_BLOCKED,"[""RECOMPRESSION_COMPLETED"", ""FRESH_DIRECTIONAL_EXPANSION_CONFIRMED""]",REACCELERATION,BUY,2026-07-31T10:36:00+05:30,DIR:BHEL:2026-07-31:003:UP:102400,DIR:BHEL:2026-07-31:003:UP:102400:DIRECTIONAL_REACCELERATION_CONFIRMED:103600,DIRECTIONAL_REACCELERATION_CONFIRMED,,,,,,,,,,,,,,,,,BLOCK,BHEL
,,False,,,[],False,"[""ENTRY_TOO_FAR_FROM_ESCAPE_BOUNDARY""]",,384,"[""NO_EVENT_DRIVEN_SETUP_APPROVED""]",,,,,,,,,,,,,,SETUP_QUALITY_REJECTED,"[""OUTSIDE_ACCEPTANCE_CONFIRMED""]",ACCEPTED_BREAKOUT,BUY,2026-07-31T10:36:00+05:30,BAL:FORCEMOT:2026-07-31:001:NEUTRAL:100000,BAL:FORCEMOT:2026-07-31:001:NEUTRAL:100000:BALANCE_ESCAPE_ACCEPTED:103600,BALANCE_ESCAPE_ACCEPTED,,,,,,,,,,,,,,,,,PERMIT,FORCEMOT
ALLOW,2026-07-31T10:36:00,True,TCS,"{""advisor_context"": {""as_of"": ""2026-07-31T10:36:00"", ""market_regime"": {""age_seconds"": null, ""as_of"": ""2026-07-31T10:36:00"", ""availability"": ""UNAVAILABLE"", ""buy_support"": 0.0, ""confidence"": 0.0, ""continuation_support"": 0.0, ""evidence"": [], ""hysteresis"": {""candidate_confirmations"": 0, ""candidate_since"": null, ""candidate_state"": null, ""required_confirmations"": 0, ""state_started_at"": null, ""transition_pending"": false}, ""metrics"": {}, ""reason_codes"": [""MARKET_REGIME_NOT_IMPLEMENTED""], ""reversal_support"": 0.0, ""sell_support"": 0.0, ""state"": ""UNKNOWN""}, ""market_regime_influence"": ""NONE"", ""stock_rank"": {""age_seconds"": 0.0, ""as_of"": ""2026-07-31T10:36:00"", ""attention_tier"": ""SUPPRESSED"", ""availability"": ""AVAILABLE"", ""classification"": ""STALLED_GAP_RANGE"", ""direction"": ""UP"", ""fresh"": true, ""movement_score"": 49.85, ""quality_score"": 38.0938, ""range_penalty"": 56.409, ""rank_position"": 36, ""rank_time"": ""2026-07-31T10:36:00"", ""reason_codes"": [""STOCK_RANK_AVAILABLE""], ""stall_penalty"": 49.7462, ""symbol"": ""TCS"", ""total_score"": 5.6821, ""universe_size"": 80}, ""stock_rank_influence"": ""DIAGNOSTIC"", ""symbol"": ""TCS""}, ""barrier"": {""active"": false, ""barrier_price"": 2391.0, ""barrier_type"": ""ORH"", ""candidates"": [{""price"": 2391.0, ""type"": ""ORH""}, {""price"": 2391.0, ""type"": ""SESSION_HIGH""}, {""price"": 2409.2773973143917, ""type"": ""EMA_SLOW""}, {""price"": 2423.258390945974, ""type"": ""EMA_REF""}, {""price"": 2495.0, ""type"": ""PDH""}], ""distance_atr"": 3.537983025636838, ""distance_pct"": 0.9116231957457546, ""distance_points"": 21.59999999999991, ""threshold_points"": 4.7388}, ""candidate_family"": ""BREAKOUT_INITIATION"", ""candidate_side"": ""BUY"", ""candidate_subtype"": ""BALANCE_ESCAPE_INITIATION"", ""day_path"": {""close_first"": 2364.0, ""close_last"": 2369.4, ""containment_ratio"": 0.9, ""episode_age_bars"": 11, ""midpoint_crossings"": 2, ""path_efficiency"": 0.27551020408163857, ""range_width_pct"": 0.5589430894308866, ""sample_count"": 11, ""structure_flips"": 0, ""total_travel_points"": 19.59999999999991, ""total_travel_range_multiple"": 1.4848484848484984, ""vwap_crossings"": 0}, ""deployment_scope"": ""NEW_SIGNAL_ONLY"", ""episode_history"": {""exhausted_objective_context"": false, ""exhaustion_facts"": [], ""prior_count_day"": 0, ""prior_count_same_episode"": 0, ""prior_opportunity_keys"": [], ""prior_opposite_side_same_episode"": 0, ""prior_same_side_same_episode"": 0}, ""matched_rules"": [], ""mature_range_churn"": {""facts"": [], ""matched"": false}, ""range_context"": {""authority"": ""AUCTION_SOURCE_EPISODE"", ""high"": 2368.2, ""inside_for_rule"": false, ""low"": 2355.0, ""observation_accepted_range_high"": 2367.6, ""observation_accepted_range_inside"": false, ""observation_accepted_range_low"": 2358.0, ""outside_for_side"": true, ""reference_price"": 2368.2, ""source_episode_id"": ""BAL:TCS:2026-07-31:001:NEUTRAL:100600"", ""source_event_id"": ""BAL:TCS:2026-07-31:001:NEUTRAL:100600:BALANCE_ESCAPE_STARTED:103600""}, ""source_episode_id"": ""BAL:TCS:2026-07-31:001:NEUTRAL:100600"", ""source_event_id"": ""BAL:TCS:2026-07-31:001:NEUTRAL:100600:BALANCE_ESCAPE_STARTED:103600""}","[""ADVISOR_ALLOW""]",True,[],CAND:02506b9e9c36e94d0d5e2f0e,391,"[""EVENT_DRIVEN_SETUP_SELECTED""]",,UNAVAILABLE,0.0,0.0,0.0,[],"{""candidate_confirmations"": 0, ""candidate_since"": null, ""candidate_state"": null, ""required_confirmations"": 0, ""state_started_at"": null, ""transition_pending"": false}",NONE,{},"[""MARKET_REGIME_NOT_IMPLEMENTED""]",0.0,0.0,UNKNOWN,CREATED,"[""AUTHORITATIVE_EVENT_ROUTE"", ""STRUCTURAL_PERMISSION_PERMIT"", ""MEANINGFUL_CLOSE_OUTSIDE_FROZEN_BALANCE"", ""BALANCE_ESCAPE_ATTEMPT_RECORDED"", ""BALANCE_MEASURED_MOVE_REFERENCE""]",BREAKOUT_INITIATION,BUY,2026-07-31T10:36:00+05:30,BAL:TCS:2026-07-31:001:NEUTRAL:100600,BAL:TCS:2026-07-31:001:NEUTRAL:100600:BALANCE_ESCAPE_STARTED:103600,BALANCE_ESCAPE_STARTED,0.0,SUPPRESSED,AVAILABLE,STALLED_GAP_RANGE,UP,True,DIAGNOSTIC,49.85,36,38.0938,56.409,2026-07-31T10:36:00,"[""STOCK_RANK_AVAILABLE""]",49.7462,5.6821,80,PERMIT,TCS
,,False,,,[],False,"[""EXPECTED_FIRST_MOVE_BELOW_0_5_PERCENT""]",,405,"[""NO_EVENT_DRIVEN_SETUP_APPROVED""]",,,,,,,,,,,,,,SETUP_QUALITY_REJECTED,"[""ESCAPE_FAILED_BACK_INSIDE_FROZEN_BALANCE"", ""BALANCE_REARM_REQUIRED_AFTER_FAILED_ESCAPE""]",FAILED_BREAKOUT,SELL,2026-07-31T10:39:00+05:30,BAL:TCS:2026-07-31:001:NEUTRAL:100600,BAL:TCS:2026-07-31:001:NEUTRAL:100600:BALANCE_ESCAPE_FAILED:103900,BALANCE_ESCAPE_FAILED,,,,,,,,,,,,,,,,,PERMIT,TCS
ALLOW,2026-07-31T11:00:00,True,FORCEMOT,"{""advisor_context"": {""as_of"": ""2026-07-31T11:00:00"", ""market_regime"": {""age_seconds"": null, ""as_of"": ""2026-07-31T11:00:00"", ""availability"": ""UNAVAILABLE"", ""buy_support"": 0.0, ""confidence"": 0.0, ""continuation_support"": 0.0, ""evidence"": [], ""hysteresis"": {""candidate_confirmations"": 0, ""candidate_since"": null, ""candidate_state"": null, ""required_confirmations"": 0, ""state_started_at"": null, ""transition_pending"": false}, ""metrics"": {}, ""reason_codes"": [""MARKET_REGIME_NOT_IMPLEMENTED""], ""reversal_support"": 0.0, ""sell_support"": 0.0, ""state"": ""UNKNOWN""}, ""market_regime_influence"": ""NONE"", ""stock_rank"": {""age_seconds"": 0.0, ""as_of"": ""2026-07-31T11:00:00"", ""attention_tier"": ""PRIORITY"", ""availability"": ""AVAILABLE"", ""classification"": ""MOVING_UP"", ""direction"": ""UP"", ""fresh"": true, ""movement_score"": 86.4766, ""quality_score"": 76.43, ""range_penalty"": 58.6898, ""rank_position"": 3, ""rank_time"": ""2026-07-31T11:00:00"", ""reason_codes"": [""STOCK_RANK_AVAILABLE""], ""stall_penalty"": 0.0, ""symbol"": ""FORCEMOT"", ""total_score"": 54.1178, ""universe_size"": 80}, ""stock_rank_influence"": ""DIAGNOSTIC"", ""symbol"": ""FORCEMOT""}, ""barrier"": {""active"": false, ""barrier_price"": 18060.0, ""barrier_type"": ""SESSION_HIGH"", ""candidates"": [{""price"": 18060.0, ""type"": ""SESSION_HIGH""}], ""distance_atr"": 0.6097910515344008, ""distance_pct"": 0.21085340139829098, ""distance_points"": 38.0, ""threshold_points"": 36.044000000000004}, ""candidate_family"": ""REVERSAL"", ""candidate_side"": ""BUY"", ""candidate_subtype"": ""STRUCTURAL_REVERSAL"", ""day_path"": {""close_first"": 17747.0, ""close_last"": 18022.0, ""containment_ratio"": null, ""episode_age_bars"": 22, ""midpoint_crossings"": 3, ""path_efficiency"": 0.44861337683523655, ""range_width_pct"": 0.4165025046434401, ""sample_count"": 22, ""structure_flips"": 3, ""total_travel_points"": 613.0, ""total_travel_range_multiple"": 8.283783783783784, ""vwap_crossings"": 3}, ""deployment_scope"": ""NEW_SIGNAL_ONLY"", ""episode_history"": {""exhausted_objective_context"": false, ""exhaustion_facts"": [""DIRECTIONAL_LEG_MATURE""], ""prior_count_day"": 0, ""prior_count_same_episode"": 0, ""prior_opportunity_keys"": [], ""prior_opposite_side_same_episode"": 0, ""prior_same_side_same_episode"": 0}, ""matched_rules"": [], ""mature_range_churn"": {""facts"": [], ""matched"": false}, ""range_context"": {""authority"": ""CURRENT_AUCTION_OBSERVATION"", ""high"": 17804.0, ""inside_for_rule"": false, ""low"": 17730.0, ""observation_accepted_range_high"": 17804.0, ""observation_accepted_range_inside"": false, ""observation_accepted_range_low"": 17730.0, ""outside_for_side"": true, ""reference_price"": 17804.0, ""source_episode_id"": null, ""source_event_id"": null}, ""source_episode_id"": ""DIR:FORCEMOT:2026-07-31:002:UP:105400"", ""source_event_id"": ""DIR:FORCEMOT:2026-07-31:002:UP:105400:DIRECTIONAL_REVERSAL_LEG_ESTABLISHED:110000""}","[""ADVISOR_ALLOW""]",True,[],CAND:32b3a707960484f98d8399a7,496,"[""EVENT_DRIVEN_SETUP_SELECTED""]",,UNAVAILABLE,0.0,0.0,0.0,[],"{""candidate_confirmations"": 0, ""candidate_since"": null, ""candidate_state"": null, ""required_confirmations"": 0, ""state_started_at"": null, ""transition_pending"": false}",NONE,{},"[""MARKET_REGIME_NOT_IMPLEMENTED""]",0.0,0.0,UNKNOWN,CREATED,"[""AUTHORITATIVE_EVENT_ROUTE"", ""STRUCTURAL_PERMISSION_PERMIT"", ""REVERSAL_LEG_SUSTAINED_DIRECTIONAL_PROGRESS"", ""OPPOSITE_DIRECTION_ESTABLISHED_AFTER_REVERSAL"", ""AUTHORITATIVE_DIRECTIONAL_EVENT_GEOMETRY""]",REVERSAL,BUY,2026-07-31T11:00:00+05:30,DIR:FORCEMOT:2026-07-31:002:UP:105400,DIR:FORCEMOT:2026-07-31:002:UP:105400:DIRECTIONAL_REVERSAL_LEG_ESTABLISHED:110000,DIRECTIONAL_REVERSAL_LEG_ESTABLISHED,0.0,PRIORITY,AVAILABLE,MOVING_UP,UP,True,DIAGNOSTIC,86.4766,3,76.43,58.6898,2026-07-31T11:00:00,"[""STOCK_RANK_AVAILABLE""]",0.0,54.1178,80,PERMIT,FORCEMOT
,,False,,,[],False,"[""ENTRY_TOO_FAR_FROM_ESCAPE_BOUNDARY""]",,505,"[""NO_EVENT_DRIVEN_SETUP_APPROVED""]",,,,,,,,,,,,,,SETUP_QUALITY_REJECTED,"[""MEANINGFUL_CLOSE_OUTSIDE_FROZEN_BALANCE"", ""BALANCE_ESCAPE_ATTEMPT_RECORDED""]",BREAKOUT_INITIATION,SELL,2026-07-31T11:03:00+05:30,BAL:BHEL:2026-07-31:001:NEUTRAL:101500,BAL:BHEL:2026-07-31:001:NEUTRAL:101500:BALANCE_ESCAPE_STARTED:110300,BALANCE_ESCAPE_STARTED,,,,,,,,,,,,,,,,,PERMIT,BHEL
ALLOW,2026-07-31T11:03:00,True,TORNTPHARM,"{""advisor_context"": {""as_of"": ""2026-07-31T11:03:00"", ""market_regime"": {""age_seconds"": null, ""as_of"": ""2026-07-31T11:03:00"", ""availability"": ""UNAVAILABLE"", ""buy_support"": 0.0, ""confidence"": 0.0, ""continuation_support"": 0.0, ""evidence"": [], ""hysteresis"": {""candidate_confirmations"": 0, ""candidate_since"": null, ""candidate_state"": null, ""required_confirmations"": 0, ""state_started_at"": null, ""transition_pending"": false}, ""metrics"": {}, ""reason_codes"": [""MARKET_REGIME_NOT_IMPLEMENTED""], ""reversal_support"": 0.0, ""sell_support"": 0.0, ""state"": ""UNKNOWN""}, ""market_regime_influence"": ""NONE"", ""stock_rank"": {""age_seconds"": 180.0, ""as_of"": ""2026-07-31T11:03:00"", ""attention_tier"": ""PRIORITY"", ""availability"": ""AVAILABLE"", ""classification"": ""MOVING_UP"", ""direction"": ""UP"", ""fresh"": true, ""movement_score"": 88.6373, ""quality_score"": 80.2177, ""range_penalty"": 55.1987, ""rank_position"": 2, ""rank_time"": ""2026-07-31T11:00:00"", ""reason_codes"": [""STOCK_RANK_AVAILABLE""], ""stall_penalty"": 0.0, ""symbol"": ""TORNTPHARM"", ""total_score"": 58.5121, ""universe_size"": 80}, ""stock_rank_influence"": ""DIAGNOSTIC"", ""symbol"": ""TORNTPHARM""}, ""barrier"": {""active"": false, ""barrier_price"": null, ""barrier_type"": null, ""candidates"": [], ""distance_atr"": null, ""distance_pct"": null, ""distance_points"": null, ""threshold_points"": 10.0494}, ""candidate_family"": ""REVERSAL"", ""candidate_side"": ""BUY"", ""candidate_subtype"": ""STRUCTURAL_REVERSAL"", ""day_path"": {""close_first"": 4971.0, ""close_last"": 5024.7, ""containment_ratio"": null, ""episode_age_bars"": 10, ""midpoint_crossings"": 0, ""path_efficiency"": 0.7406896551724206, ""range_width_pct"": 0.5069708491761686, ""sample_count"": 10, ""structure_flips"": 0, ""total_travel_points"": 72.49999999999909, ""total_travel_range_multiple"": 2.876984126984112, ""vwap_crossings"": 0}, ""deployment_scope"": ""NEW_SIGNAL_ONLY"", ""episode_history"": {""exhausted_objective_context"": false, ""exhaustion_facts"": [""DIRECTIONAL_LEG_MATURE"", ""DIRECTIONAL_EXHAUSTION_ACTIVE""], ""prior_count_day"": 0, ""prior_count_same_episode"": 0, ""prior_opportunity_keys"": [], ""prior_opposite_side_same_episode"": 0, ""prior_same_side_same_episode"": 0}, ""matched_rules"": [], ""mature_range_churn"": {""facts"": [], ""matched"": false}, ""range_context"": {""authority"": ""CURRENT_AUCTION_OBSERVATION"", ""high"": 4983.3, ""inside_for_rule"": false, ""low"": 4958.1, ""observation_accepted_range_high"": 4983.3, ""observation_accepted_range_inside"": false, ""observation_accepted_range_low"": 4958.1, ""outside_for_side"": true, ""reference_price"": 4983.3, ""source_episode_id"": null, ""source_event_id"": null}, ""source_episode_id"": ""DIR:TORNTPHARM:2026-07-31:002:UP:105700"", ""source_event_id"": ""DIR:TORNTPHARM:2026-07-31:002:UP:105700:DIRECTIONAL_REVERSAL_LEG_ESTABLISHED:110300""}","[""ADVISOR_ALLOW""]",True,[],CAND:dcb490f7068f3aeab3ab074f,518,"[""EVENT_DRIVEN_SETUP_SELECTED""]",,UNAVAILABLE,0.0,0.0,0.0,[],"{""candidate_confirmations"": 0, ""candidate_since"": null, ""candidate_state"": null, ""required_confirmations"": 0, ""state_started_at"": null, ""transition_pending"": false}",NONE,{},"[""MARKET_REGIME_NOT_IMPLEMENTED""]",0.0,0.0,UNKNOWN,CREATED,"[""AUTHORITATIVE_EVENT_ROUTE"", ""STRUCTURAL_PERMISSION_PERMIT"", ""REVERSAL_LEG_SUSTAINED_DIRECTIONAL_PROGRESS"", ""OPPOSITE_DIRECTION_ESTABLISHED_AFTER_REVERSAL"", ""AUTHORITATIVE_DIRECTIONAL_EVENT_GEOMETRY""]",REVERSAL,BUY,2026-07-31T11:03:00+05:30,DIR:TORNTPHARM:2026-07-31:002:UP:105700,DIR:TORNTPHARM:2026-07-31:002:UP:105700:DIRECTIONAL_REVERSAL_LEG_ESTABLISHED:110300,DIRECTIONAL_REVERSAL_LEG_ESTABLISHED,180.0,PRIORITY,AVAILABLE,MOVING_UP,UP,True,DIAGNOSTIC,88.6373,2,80.2177,55.1987,2026-07-31T11:00:00,"[""STOCK_RANK_AVAILABLE""]",0.0,58.5121,80,PERMIT,TORNTPHARM
,,False,,,[],False,"[""ENTRY_TOO_FAR_FROM_ESCAPE_BOUNDARY""]",,519,"[""NO_EVENT_DRIVEN_SETUP_APPROVED""]",,,,,,,,,,,,,,SETUP_QUALITY_REJECTED,"[""OUTSIDE_ACCEPTANCE_CONFIRMED""]",ACCEPTED_BREAKOUT,SELL,2026-07-31T11:06:00+05:30,BAL:BHEL:2026-07-31:001:NEUTRAL:101500,BAL:BHEL:2026-07-31:001:NEUTRAL:101500:BALANCE_ESCAPE_ACCEPTED:110600,BALANCE_ESCAPE_ACCEPTED,,,,,,,,,,,,,,,,,PERMIT,BHEL
ALLOW,2026-07-31T11:06:00,True,PERSISTENT,"{""advisor_context"": {""as_of"": ""2026-07-31T11:06:00"", ""market_regime"": {""age_seconds"": null, ""as_of"": ""2026-07-31T11:06:00"", ""availability"": ""UNAVAILABLE"", ""buy_support"": 0.0, ""confidence"": 0.0, ""continuation_support"": 0.0, ""evidence"": [], ""hysteresis"": {""candidate_confirmations"": 0, ""candidate_since"": null, ""candidate_state"": null, ""required_confirmations"": 0, ""state_started_at"": null, ""transition_pending"": false}, ""metrics"": {}, ""reason_codes"": [""MARKET_REGIME_NOT_IMPLEMENTED""], ""reversal_support"": 0.0, ""sell_support"": 0.0, ""state"": ""UNKNOWN""}, ""market_regime_influence"": ""NONE"", ""stock_rank"": {""age_seconds"": 0.0, ""as_of"": ""2026-07-31T11:06:00"", ""attention_tier"": ""SECONDARY"", ""availability"": ""AVAILABLE"", ""classification"": ""DEVELOPING_UP"", ""direction"": ""UP"", ""fresh"": true, ""movement_score"": 65.8687, ""quality_score"": 54.8765, ""range_penalty"": 45.8521, ""rank_position"": 10, ""rank_time"": ""2026-07-31T11:06:00"", ""reason_codes"": [""STOCK_RANK_AVAILABLE""], ""stall_penalty"": 45.0, ""symbol"": ""PERSISTENT"", ""total_score"": 28.395, ""universe_size"": 80}, ""stock_rank_influence"": ""DIAGNOSTIC"", ""symbol"": ""PERSISTENT""}, ""barrier"": {""active"": false, ""barrier_price"": 5458.7, ""barrier_type"": ""ORH"", ""candidates"": [{""price"": 5458.7, ""type"": ""ORH""}, {""price"": 5458.7, ""type"": ""SESSION_HIGH""}, {""price"": 5466.073157870992, ""type"": ""EMA_SLOW""}, {""price"": 5497.81571106763, ""type"": ""EMA_REF""}, {""price"": 5698.0, ""type"": ""PDH""}], ""distance_atr"": 2.4695847576309395, ""distance_pct"": 0.6861569676288817, ""distance_points"": 37.19999999999982, ""threshold_points"": 10.843}, ""candidate_family"": ""BREAKOUT_INITIATION"", ""candidate_side"": ""BUY"", ""candidate_subtype"": ""BALANCE_ESCAPE_INITIATION"", ""day_path"": {""close_first"": 5396.2, ""close_last"": 5421.5, ""containment_ratio"": 0.8, ""episode_age_bars"": 11, ""midpoint_crossings"": 3, ""path_efficiency"": 0.7376093294460655, ""range_width_pct"": 0.6835295316248116, ""sample_count"": 11, ""structure_flips"": 2, ""total_travel_points"": 34.30000000000018, ""total_travel_range_multiple"": 0.929539295392968, ""vwap_crossings"": 0}, ""deployment_scope"": ""NEW_SIGNAL_ONLY"", ""episode_history"": {""exhausted_objective_context"": false, ""exhaustion_facts"": [], ""prior_count_day"": 0, ""prior_count_same_episode"": 0, ""prior_opportunity_keys"": [], ""prior_opposite_side_same_episode"": 0, ""prior_same_side_same_episode"": 0}, ""matched_rules"": [], ""mature_range_churn"": {""facts"": [], ""matched"": false}, ""range_context"": {""authority"": ""AUCTION_SOURCE_EPISODE"", ""high"": 5416.9, ""inside_for_rule"": false, ""low"": 5380.0, ""observation_accepted_range_high"": 5419.9, ""observation_accepted_range_inside"": true, ""observation_accepted_range_low"": 5390.1, ""outside_for_side"": true, ""reference_price"": 5416.9, ""source_episode_id"": ""BAL:PERSISTENT:2026-07-31:002:NEUTRAL:103600"", ""source_event_id"": ""BAL:PERSISTENT:2026-07-31:002:NEUTRAL:103600:BALANCE_ESCAPE_STARTED:110600""}, ""source_episode_id"": ""BAL:PERSISTENT:2026-07-31:002:NEUTRAL:103600"", ""source_event_id"": ""BAL:PERSISTENT:2026-07-31:002:NEUTRAL:103600:BALANCE_ESCAPE_STARTED:110600""}","[""ADVISOR_ALLOW""]",True,[],CAND:6e00ceac84968df1df4d7495,529,"[""EVENT_DRIVEN_SETUP_SELECTED""]",,UNAVAILABLE,0.0,0.0,0.0,[],"{""candidate_confirmations"": 0, ""candidate_since"": null, ""candidate_state"": null, ""required_confirmations"": 0, ""state_started_at"": null, ""transition_pending"": false}",NONE,{},"[""MARKET_REGIME_NOT_IMPLEMENTED""]",0.0,0.0,UNKNOWN,CREATED,"[""AUTHORITATIVE_EVENT_ROUTE"", ""STRUCTURAL_PERMISSION_PERMIT"", ""MEANINGFUL_CLOSE_OUTSIDE_FROZEN_BALANCE"", ""BALANCE_ESCAPE_ATTEMPT_RECORDED"", ""BALANCE_MEASURED_MOVE_REFERENCE""]",BREAKOUT_INITIATION,BUY,2026-07-31T11:06:00+05:30,BAL:PERSISTENT:2026-07-31:002:NEUTRAL:103600,BAL:PERSISTENT:2026-07-31:002:NEUTRAL:103600:BALANCE_ESCAPE_STARTED:110600,BALANCE_ESCAPE_STARTED,0.0,SECONDARY,AVAILABLE,DEVELOPING_UP,UP,True,DIAGNOSTIC,65.8687,10,54.8765,45.8521,2026-07-31T11:06:00,"[""STOCK_RANK_AVAILABLE""]",45.0,28.395,80,PERMIT,PERSISTENT
,,False,,,[],False,"[""ENTRY_TOO_FAR_FROM_ESCAPE_BOUNDARY""]",,543,"[""NO_EVENT_DRIVEN_SETUP_APPROVED""]",,,,,,,,,,,,,,SETUP_QUALITY_REJECTED,"[""OUTSIDE_ACCEPTANCE_CONFIRMED""]",ACCEPTED_BREAKOUT,BUY,2026-07-31T11:09:00+05:30,BAL:PERSISTENT:2026-07-31:002:NEUTRAL:103600,BAL:PERSISTENT:2026-07-31:002:NEUTRAL:103600:BALANCE_ESCAPE_ACCEPTED:110900,BALANCE_ESCAPE_ACCEPTED,,,,,,,,,,,,,,,,,PERMIT,PERSISTENT
,,False,,,[],False,"[""STRUCTURAL_PERMISSION_BLOCK""]",,597,"[""NO_EVENT_DRIVEN_SETUP_APPROVED""]",,,,,,,,,,,,,,STRUCTURAL_PERMISSION_BLOCKED,"[""REVERSAL_LEG_SUSTAINED_DIRECTIONAL_PROGRESS"", ""OPPOSITE_DIRECTION_ESTABLISHED_AFTER_REVERSAL""]",REVERSAL,BUY,2026-07-31T11:21:00+05:30,DIR:KALYANKJIL:2026-07-31:006:UP:111500,DIR:KALYANKJIL:2026-07-31:006:UP:111500:DIRECTIONAL_REVERSAL_LEG_ESTABLISHED:112100,DIRECTIONAL_REVERSAL_LEG_ESTABLISHED,,,,,,,,,,,,,,,,,BLOCK,KALYANKJIL
ALLOW,2026-07-31T11:21:00,True,MANAPPURAM,"{""advisor_context"": {""as_of"": ""2026-07-31T11:21:00"", ""market_regime"": {""age_seconds"": null, ""as_of"": ""2026-07-31T11:21:00"", ""availability"": ""UNAVAILABLE"", ""buy_support"": 0.0, ""confidence"": 0.0, ""continuation_support"": 0.0, ""evidence"": [], ""hysteresis"": {""candidate_confirmations"": 0, ""candidate_since"": null, ""candidate_state"": null, ""required_confirmations"": 0, ""state_started_at"": null, ""transition_pending"": false}, ""metrics"": {}, ""reason_codes"": [""MARKET_REGIME_NOT_IMPLEMENTED""], ""reversal_support"": 0.0, ""sell_support"": 0.0, ""state"": ""UNKNOWN""}, ""market_regime_influence"": ""NONE"", ""stock_rank"": {""age_seconds"": 180.0, ""as_of"": ""2026-07-31T11:21:00"", ""attention_tier"": ""SUPPRESSED"", ""availability"": ""AVAILABLE"", ""classification"": ""NEUTRAL"", ""direction"": ""UP"", ""fresh"": true, ""movement_score"": 58.4782, ""quality_score"": 49.7674, ""range_penalty"": 52.2755, ""rank_position"": 13, ""rank_time"": ""2026-07-31T11:18:00"", ""reason_codes"": [""STOCK_RANK_AVAILABLE""], ""stall_penalty"": 45.0, ""symbol"": ""MANAPPURAM"", ""total_score"": 18.4772, ""universe_size"": 80}, ""stock_rank_influence"": ""DIAGNOSTIC"", ""symbol"": ""MANAPPURAM""}, ""barrier"": {""active"": false, ""barrier_price"": 372.8, ""barrier_type"": ""ORH"", ""candidates"": [{""price"": 372.8, ""type"": ""ORH""}, {""price"": 375.4, ""type"": ""SESSION_HIGH""}, {""price"": 381.55, ""type"": ""PDH""}], ""distance_atr"": 2.507786207070408, ""distance_pct"": 0.6479481641468775, ""distance_points"": 2.400000000000034, ""threshold_points"": 0.7408}, ""candidate_family"": ""REVERSAL"", ""candidate_side"": ""BUY"", ""candidate_subtype"": ""STRUCTURAL_REVERSAL"", ""day_path"": {""close_first"": 369.55, ""close_last"": 370.4, ""containment_ratio"": 0.625, ""episode_age_bars"": 9, ""midpoint_crossings"": 2, ""path_efficiency"": 0.22666666666666102, ""range_width_pct"": 0.528419483774809, ""sample_count"": 9, ""structure_flips"": 2, ""total_travel_points"": 3.749999999999943, ""total_travel_range_multiple"": 1.9230769230769051, ""vwap_crossings"": 0}, ""deployment_scope"": ""NEW_SIGNAL_ONLY"", ""episode_history"": {""exhausted_objective_context"": false, ""exhaustion_facts"": [""DIRECTIONAL_LEG_MATURE""], ""prior_count_day"": 0, ""prior_count_same_episode"": 0, ""prior_opportunity_keys"": [], ""prior_opposite_side_same_episode"": 0, ""prior_same_side_same_episode"": 0}, ""matched_rules"": [], ""mature_range_churn"": {""facts"": [], ""matched"": false}, ""range_context"": {""authority"": ""CURRENT_AUCTION_OBSERVATION"", ""high"": 370.0, ""inside_for_rule"": false, ""low"": 368.05, ""observation_accepted_range_high"": 370.0, ""observation_accepted_range_inside"": false, ""observation_accepted_range_low"": 368.05, ""outside_for_side"": true, ""reference_price"": 370.0, ""source_episode_id"": null, ""source_event_id"": null}, ""source_episode_id"": ""DIR:MANAPPURAM:2026-07-31:006:UP:111200"", ""source_event_id"": ""DIR:MANAPPURAM:2026-07-31:006:UP:111200:DIRECTIONAL_REVERSAL_LEG_ESTABLISHED:112100""}","[""ADVISOR_ALLOW""]",True,[],CAND:7316c4a2330c742a8803fe6c,598,"[""EVENT_DRIVEN_SETUP_SELECTED""]",,UNAVAILABLE,0.0,0.0,0.0,[],"{""candidate_confirmations"": 0, ""candidate_since"": null, ""candidate_state"": null, ""required_confirmations"": 0, ""state_started_at"": null, ""transition_pending"": false}",NONE,{},"[""MARKET_REGIME_NOT_IMPLEMENTED""]",0.0,0.0,UNKNOWN,CREATED,"[""AUTHORITATIVE_EVENT_ROUTE"", ""STRUCTURAL_PERMISSION_PERMIT"", ""REVERSAL_LEG_SUSTAINED_DIRECTIONAL_PROGRESS"", ""OPPOSITE_DIRECTION_ESTABLISHED_AFTER_REVERSAL"", ""AUTHORITATIVE_DIRECTIONAL_EVENT_GEOMETRY""]",REVERSAL,BUY,2026-07-31T11:21:00+05:30,DIR:MANAPPURAM:2026-07-31:006:UP:111200,DIR:MANAPPURAM:2026-07-31:006:UP:111200:DIRECTIONAL_REVERSAL_LEG_ESTABLISHED:112100,DIRECTIONAL_REVERSAL_LEG_ESTABLISHED,180.0,SUPPRESSED,AVAILABLE,NEUTRAL,UP,True,DIAGNOSTIC,58.4782,13,49.7674,52.2755,2026-07-31T11:18:00,"[""STOCK_RANK_AVAILABLE""]",45.0,18.4772,80,PERMIT,MANAPPURAM
ALLOW,2026-07-31T11:27:00,True,KALYANKJIL,"{""advisor_context"": {""as_of"": ""2026-07-31T11:27:00"", ""market_regime"": {""age_seconds"": null, ""as_of"": ""2026-07-31T11:27:00"", ""availability"": ""UNAVAILABLE"", ""buy_support"": 0.0, ""confidence"": 0.0, ""continuation_support"": 0.0, ""evidence"": [], ""hysteresis"": {""candidate_confirmations"": 0, ""candidate_since"": null, ""candidate_state"": null, ""required_confirmations"": 0, ""state_started_at"": null, ""transition_pending"": false}, ""metrics"": {}, ""reason_codes"": [""MARKET_REGIME_NOT_IMPLEMENTED""], ""reversal_support"": 0.0, ""sell_support"": 0.0, ""state"": ""UNKNOWN""}, ""market_regime_influence"": ""NONE"", ""stock_rank"": {""age_seconds"": 180.0, ""as_of"": ""2026-07-31T11:27:00"", ""attention_tier"": ""SUPPRESSED"", ""availability"": ""AVAILABLE"", ""classification"": ""NEUTRAL"", ""direction"": ""UP"", ""fresh"": true, ""movement_score"": 57.8839, ""quality_score"": 44.6327, ""range_penalty"": 55.3864, ""rank_position"": 28, ""rank_time"": ""2026-07-31T11:24:00"", ""reason_codes"": [""STOCK_RANK_AVAILABLE""], ""stall_penalty"": 45.5837, ""symbol"": ""KALYANKJIL"", ""total_score"": 14.8194, ""universe_size"": 80}, ""stock_rank_influence"": ""DIAGNOSTIC"", ""symbol"": ""KALYANKJIL""}, ""barrier"": {""active"": false, ""barrier_price"": 631.3234199073715, ""barrier_type"": ""EMA_REF"", ""candidates"": [{""price"": 631.3234199073715, ""type"": ""EMA_REF""}, {""price"": 632.2865049911679, ""type"": ""EMA_SLOW""}, {""price"": 638.4, ""type"": ""ORH""}, {""price"": 638.4, ""type"": ""SESSION_HIGH""}, {""price"": 648.95, ""type"": ""PDH""}], ""distance_atr"": 0.7714988441625431, ""distance_pct"": 0.2896616215046139, ""distance_points"": 1.8234199073715445, ""threshold_points"": 1.2590000000000001}, ""candidate_family"": ""BREAKOUT_INITIATION"", ""candidate_side"": ""BUY"", ""candidate_subtype"": ""BALANCE_ESCAPE_INITIATION"", ""day_path"": {""close_first"": 625.25, ""close_last"": 629.5, ""containment_ratio"": 0.9166666666666666, ""episode_age_bars"": 13, ""midpoint_crossings"": 3, ""path_efficiency"": 0.31365313653136634, ""range_width_pct"": 0.9505171931786486, ""sample_count"": 13, ""structure_flips"": 3, ""total_travel_points"": 13.549999999999955, ""total_travel_range_multiple"": 2.277310924369723, ""vwap_crossings"": 1}, ""deployment_scope"": ""NEW_SIGNAL_ONLY"", ""episode_history"": {""exhausted_objective_context"": false, ""exhaustion_facts"": [], ""prior_count_day"": 1, ""prior_count_same_episode"": 0, ""prior_opportunity_keys"": [], ""prior_opposite_side_same_episode"": 0, ""prior_same_side_same_episode"": 0}, ""matched_rules"": [], ""mature_range_churn"": {""facts"": [], ""matched"": false}, ""range_context"": {""authority"": ""AUCTION_SOURCE_EPISODE"", ""high"": 628.95, ""inside_for_rule"": false, ""low"": 623.0, ""observation_accepted_range_high"": 628.95, ""observation_accepted_range_inside"": false, ""observation_accepted_range_low"": 623.0, ""outside_for_side"": true, ""reference_price"": 628.95, ""source_episode_id"": ""BAL:KALYANKJIL:2026-07-31:002:NEUTRAL:105100"", ""source_event_id"": ""BAL:KALYANKJIL:2026-07-31:002:NEUTRAL:105100:BALANCE_ESCAPE_STARTED:112700""}, ""source_episode_id"": ""BAL:KALYANKJIL:2026-07-31:002:NEUTRAL:105100"", ""source_event_id"": ""BAL:KALYANKJIL:2026-07-31:002:NEUTRAL:105100:BALANCE_ESCAPE_STARTED:112700""}","[""ADVISOR_ALLOW""]",True,[],CAND:4a3872010c190995b2d63ff8,625,"[""EVENT_DRIVEN_SETUP_SELECTED""]",,UNAVAILABLE,0.0,0.0,0.0,[],"{""candidate_confirmations"": 0, ""candidate_since"": null, ""candidate_state"": null, ""required_confirmations"": 0, ""state_started_at"": null, ""transition_pending"": false}",NONE,{},"[""MARKET_REGIME_NOT_IMPLEMENTED""]",0.0,0.0,UNKNOWN,CREATED,"[""AUTHORITATIVE_EVENT_ROUTE"", ""STRUCTURAL_PERMISSION_PERMIT"", ""MEANINGFUL_CLOSE_OUTSIDE_FROZEN_BALANCE"", ""BALANCE_ESCAPE_ATTEMPT_RECORDED"", ""BALANCE_MEASURED_MOVE_REFERENCE""]",BREAKOUT_INITIATION,BUY,2026-07-31T11:27:00+05:30,BAL:KALYANKJIL:2026-07-31:002:NEUTRAL:105100,BAL:KALYANKJIL:2026-07-31:002:NEUTRAL:105100:BALANCE_ESCAPE_STARTED:112700,BALANCE_ESCAPE_STARTED,180.0,SUPPRESSED,AVAILABLE,NEUTRAL,UP,True,DIAGNOSTIC,57.8839,28,44.6327,55.3864,2026-07-31T11:24:00,"[""STOCK_RANK_AVAILABLE""]",45.5837,14.8194,80,PERMIT,KALYANKJIL
,,False,,,[],False,"[""ENTRY_TOO_FAR_FROM_ESCAPE_BOUNDARY""]",,628,"[""NO_EVENT_DRIVEN_SETUP_APPROVED""]",,,,,,,,,,,,,,SETUP_QUALITY_REJECTED,"[""MEANINGFUL_CLOSE_OUTSIDE_FROZEN_BALANCE"", ""BALANCE_ESCAPE_ATTEMPT_RECORDED""]",BREAKOUT_INITIATION,SELL,2026-07-31T11:27:00+05:30,BAL:POWERINDIA:2026-07-31:001:NEUTRAL:095100,BAL:POWERINDIA:2026-07-31:001:NEUTRAL:095100:BALANCE_ESCAPE_STARTED:112700,BALANCE_ESCAPE_STARTED,,,,,,,,,,,,,,,,,PERMIT,POWERINDIA
,,False,,,[],False,"[""ENTRY_TOO_FAR_FROM_ESCAPE_BOUNDARY""]",,639,"[""NO_EVENT_DRIVEN_SETUP_APPROVED""]",,,,,,,,,,,,,,SETUP_QUALITY_REJECTED,"[""OUTSIDE_ACCEPTANCE_CONFIRMED""]",ACCEPTED_BREAKOUT,BUY,2026-07-31T11:30:00+05:30,BAL:KALYANKJIL:2026-07-31:002:NEUTRAL:105100,BAL:KALYANKJIL:2026-07-31:002:NEUTRAL:105100:BALANCE_ESCAPE_ACCEPTED:113000,BALANCE_ESCAPE_ACCEPTED,,,,,,,,,,,,,,,,,PERMIT,KALYANKJIL
ALLOW,2026-07-31T11:30:00,True,POWERINDIA,"{""advisor_context"": {""as_of"": ""2026-07-31T11:30:00"", ""market_regime"": {""age_seconds"": null, ""as_of"": ""2026-07-31T11:30:00"", ""availability"": ""UNAVAILABLE"", ""buy_support"": 0.0, ""confidence"": 0.0, ""continuation_support"": 0.0, ""evidence"": [], ""hysteresis"": {""candidate_confirmations"": 0, ""candidate_since"": null, ""candidate_state"": null, ""required_confirmations"": 0, ""state_started_at"": null, ""transition_pending"": false}, ""metrics"": {}, ""reason_codes"": [""MARKET_REGIME_NOT_IMPLEMENTED""], ""reversal_support"": 0.0, ""sell_support"": 0.0, ""state"": ""UNKNOWN""}, ""market_regime_influence"": ""NONE"", ""stock_rank"": {""age_seconds"": 0.0, ""as_of"": ""2026-07-31T11:30:00"", ""attention_tier"": ""SUPPRESSED"", ""availability"": ""AVAILABLE"", ""classification"": ""RANGE_BOUND"", ""direction"": ""DOWN"", ""fresh"": true, ""movement_score"": 65.8866, ""quality_score"": 61.0541, ""range_penalty"": 83.9528, ""rank_position"": 21, ""rank_time"": ""2026-07-31T11:30:00"", ""reason_codes"": [""STOCK_RANK_AVAILABLE""], ""stall_penalty"": 19.9345, ""symbol"": ""POWERINDIA"", ""total_score"": 17.4768, ""universe_size"": 80}, ""stock_rank_influence"": ""DIAGNOSTIC"", ""symbol"": ""POWERINDIA""}, ""barrier"": {""active"": false, ""barrier_price"": 32750.0, ""barrier_type"": ""ORH"", ""candidates"": [{""price"": 32750.0, ""type"": ""ORH""}, {""price"": 32750.0, ""type"": ""SESSION_HIGH""}], ""distance_atr"": 4.380995614815758, ""distance_pct"": 1.1426806670784435, ""distance_points"": 370.0, ""threshold_points"": 64.76}, ""candidate_family"": ""FAILED_BREAKOUT"", ""candidate_side"": ""BUY"", ""candidate_subtype"": ""FAILED_BALANCE_ESCAPE"", ""day_path"": {""close_first"": 32400.0, ""close_last"": 32380.0, ""containment_ratio"": 0.96875, ""episode_age_bars"": 34, ""midpoint_crossings"": 10, ""path_efficiency"": 0.017094017094017096, ""range_width_pct"": 0.5541018931814684, ""sample_count"": 34, ""structure_flips"": 4, ""total_travel_points"": 1170.0, ""total_travel_range_multiple"": 6.5, ""vwap_crossings"": 6}, ""deployment_scope"": ""NEW_SIGNAL_ONLY"", ""episode_history"": {""exhausted_objective_context"": false, ""exhaustion_facts"": [""FAILED_BALANCE_ESCAPE"", ""BALANCE_REARM_REQUIRED""], ""prior_count_day"": 0, ""prior_count_same_episode"": 0, ""prior_opportunity_keys"": [], ""prior_opposite_side_same_episode"": 0, ""prior_same_side_same_episode"": 0}, ""matched_rules"": [], ""mature_range_churn"": {""facts"": [], ""matched"": false}, ""range_context"": {""authority"": ""CURRENT_AUCTION_OBSERVATION"", ""high"": 32575.0, ""inside_for_rule"": false, ""low"": 32395.0, ""observation_accepted_range_high"": 32575.0, ""observation_accepted_range_inside"": false, ""observation_accepted_range_low"": 32395.0, ""outside_for_side"": false, ""reference_price"": 32575.0, ""source_episode_id"": null, ""source_event_id"": null}, ""source_episode_id"": ""BAL:POWERINDIA:2026-07-31:001:NEUTRAL:095100"", ""source_event_id"": ""BAL:POWERINDIA:2026-07-31:001:NEUTRAL:095100:BALANCE_ESCAPE_FAILED:113000""}","[""ADVISOR_ALLOW""]",True,[],CAND:dc1ab160fa1ee75a10189da6,642,"[""EVENT_DRIVEN_SETUP_SELECTED""]",,UNAVAILABLE,0.0,0.0,0.0,[],"{""candidate_confirmations"": 0, ""candidate_since"": null, ""candidate_state"": null, ""required_confirmations"": 0, ""state_started_at"": null, ""transition_pending"": false}",NONE,{},"[""MARKET_REGIME_NOT_IMPLEMENTED""]",0.0,0.0,UNKNOWN,CREATED,"[""AUTHORITATIVE_EVENT_ROUTE"", ""STRUCTURAL_PERMISSION_PERMIT"", ""ESCAPE_FAILED_BACK_INSIDE_FROZEN_BALANCE"", ""BALANCE_REARM_REQUIRED_AFTER_FAILED_ESCAPE"", ""FAILED_ESCAPE_TO_OPPOSITE_RANGE_EDGE""]",FAILED_BREAKOUT,BUY,2026-07-31T11:30:00+05:30,BAL:POWERINDIA:2026-07-31:001:NEUTRAL:095100,BAL:POWERINDIA:2026-07-31:001:NEUTRAL:095100:BALANCE_ESCAPE_FAILED:113000,BALANCE_ESCAPE_FAILED,0.0,SUPPRESSED,AVAILABLE,RANGE_BOUND,DOWN,True,DIAGNOSTIC,65.8866,21,61.0541,83.9528,2026-07-31T11:30:00,"[""STOCK_RANK_AVAILABLE""]",19.9345,17.4768,80,PERMIT,POWERINDIA
,,False,,,[],False,"[""ENTRY_TOO_FAR_FROM_EVENT_ANCHOR""]",,672,"[""NO_EVENT_DRIVEN_SETUP_APPROVED""]",,,,,,,,,,,,,,SETUP_QUALITY_REJECTED,"[""ORIGINAL_DIRECTION_REESTABLISHED_AFTER_WATCH""]",CONTINUATION,BUY,2026-07-31T11:36:00+05:30,DIR:TORNTPHARM:2026-07-31:002:UP:105700,DIR:TORNTPHARM:2026-07-31:002:UP:105700:DIRECTIONAL_TREND_RESTORED:113600,DIRECTIONAL_TREND_RESTORED,,,,,,,,,,,,,,,,,PERMIT,TORNTPHARM
,,False,,,[],False,"[""ENTRY_TOO_FAR_FROM_EVENT_ANCHOR""]",,716,"[""NO_EVENT_DRIVEN_SETUP_APPROVED""]",,,,,,,,,,,,,,SETUP_QUALITY_REJECTED,"[""ORIGINAL_DIRECTION_REESTABLISHED_AFTER_WATCH""]",CONTINUATION,BUY,2026-07-31T11:48:00+05:30,DIR:CHOLAFIN:2026-07-31:003:UP:104500,DIR:CHOLAFIN:2026-07-31:003:UP:104500:DIRECTIONAL_TREND_RESTORED:114800,DIRECTIONAL_TREND_RESTORED,,,,,,,,,,,,,,,,,PERMIT,CHOLAFIN
BLOCK,2026-07-31T11:48:00,True,INDUSTOWER,"{""advisor_context"": {""as_of"": ""2026-07-31T11:48:00"", ""market_regime"": {""age_seconds"": null, ""as_of"": ""2026-07-31T11:48:00"", ""availability"": ""UNAVAILABLE"", ""buy_support"": 0.0, ""confidence"": 0.0, ""continuation_support"": 0.0, ""evidence"": [], ""hysteresis"": {""candidate_confirmations"": 0, ""candidate_since"": null, ""candidate_state"": null, ""required_confirmations"": 0, ""state_started_at"": null, ""transition_pending"": false}, ""metrics"": {}, ""reason_codes"": [""MARKET_REGIME_NOT_IMPLEMENTED""], ""reversal_support"": 0.0, ""sell_support"": 0.0, ""state"": ""UNKNOWN""}, ""market_regime_influence"": ""NONE"", ""stock_rank"": {""age_seconds"": 0.0, ""as_of"": ""2026-07-31T11:48:00"", ""attention_tier"": ""SUPPRESSED"", ""availability"": ""AVAILABLE"", ""classification"": ""NEUTRAL"", ""direction"": ""UP"", ""fresh"": true, ""movement_score"": 48.0844, ""quality_score"": 40.3097, ""range_penalty"": 52.3156, ""rank_position"": 40, ""rank_time"": ""2026-07-31T11:48:00"", ""reason_codes"": [""STOCK_RANK_AVAILABLE""], ""stall_penalty"": 77.3108, ""symbol"": ""INDUSTOWER"", ""total_score"": 0.2665, ""universe_size"": 80}, ""stock_rank_influence"": ""DIAGNOSTIC"", ""symbol"": ""INDUSTOWER""}, ""barrier"": {""active"": false, ""barrier_price"": 389.2607414427773, ""barrier_type"": ""EMA_SLOW"", ""candidates"": [{""price"": 389.2607414427773, ""type"": ""EMA_SLOW""}, {""price"": 389.562611715611, ""type"": ""EMA_REF""}, {""price"": 394.9, ""type"": ""ORH""}, {""price"": 394.9, ""type"": ""SESSION_HIGH""}, {""price"": 396.8, ""type"": ""PDH""}], ""distance_atr"": 0.8679816780040136, ""distance_pct"": 0.26033263175204546, ""distance_points"": 1.0107414427773165, ""threshold_points"": 0.7765000000000001}, ""candidate_family"": ""BREAKOUT_INITIATION"", ""candidate_side"": ""BUY"", ""candidate_subtype"": ""BALANCE_ESCAPE_INITIATION"", ""day_path"": {""close_first"": 387.35, ""close_last"": 388.25, ""containment_ratio"": 0.7692307692307693, ""episode_age_bars"": 14, ""midpoint_crossings"": 2, ""path_efficiency"": 0.14285714285713771, ""range_width_pct"": 0.6204756980351543, ""sample_count"": 14, ""structure_flips"": 0, ""total_travel_points"": 6.300000000000068, ""total_travel_range_multiple"": 2.6250000000000533, ""vwap_crossings"": 0}, ""deployment_scope"": ""NEW_SIGNAL_ONLY"", ""episode_history"": {""exhausted_objective_context"": false, ""exhaustion_facts"": [], ""prior_count_day"": 0, ""prior_count_same_episode"": 0, ""prior_opportunity_keys"": [], ""prior_opposite_side_same_episode"": 0, ""prior_same_side_same_episode"": 0}, ""matched_rules"": [{""configured_action"": ""BLOCK"", ""reason"": ""SAME_DIRECTION_EXHAUSTION""}], ""mature_range_churn"": {""facts"": [], ""matched"": false}, ""range_context"": {""authority"": ""AUCTION_SOURCE_EPISODE"", ""high"": 388.0, ""inside_for_rule"": false, ""low"": 385.6, ""observation_accepted_range_high"": 387.9, ""observation_accepted_range_inside"": false, ""observation_accepted_range_low"": 386.05, ""outside_for_side"": true, ""reference_price"": 388.0, ""source_episode_id"": ""BAL:INDUSTOWER:2026-07-31:001:NEUTRAL:110900"", ""source_event_id"": ""BAL:INDUSTOWER:2026-07-31:001:NEUTRAL:110900:BALANCE_ESCAPE_STARTED:114800""}, ""source_episode_id"": ""BAL:INDUSTOWER:2026-07-31:001:NEUTRAL:110900"", ""source_event_id"": ""BAL:INDUSTOWER:2026-07-31:001:NEUTRAL:110900:BALANCE_ESCAPE_STARTED:114800""}","[""SAME_DIRECTION_EXHAUSTION""]",True,[],CAND:ad2f5f54a1a53f743b5f7785,722,"[""EVENT_DRIVEN_SETUP_SELECTED""]",,UNAVAILABLE,0.0,0.0,0.0,[],"{""candidate_confirmations"": 0, ""candidate_since"": null, ""candidate_state"": null, ""required_confirmations"": 0, ""state_started_at"": null, ""transition_pending"": false}",NONE,{},"[""MARKET_REGIME_NOT_IMPLEMENTED""]",0.0,0.0,UNKNOWN,ADVISOR_BLOCK,"[""AUTHORITATIVE_EVENT_ROUTE"", ""STRUCTURAL_PERMISSION_PERMIT"", ""MEANINGFUL_CLOSE_OUTSIDE_FROZEN_BALANCE"", ""BALANCE_ESCAPE_ATTEMPT_RECORDED"", ""BALANCE_MEASURED_MOVE_REFERENCE""]",BREAKOUT_INITIATION,BUY,2026-07-31T11:48:00+05:30,BAL:INDUSTOWER:2026-07-31:001:NEUTRAL:110900,BAL:INDUSTOWER:2026-07-31:001:NEUTRAL:110900:BALANCE_ESCAPE_STARTED:114800,BALANCE_ESCAPE_STARTED,0.0,SUPPRESSED,AVAILABLE,NEUTRAL,UP,True,DIAGNOSTIC,48.0844,40,40.3097,52.3156,2026-07-31T11:48:00,"[""STOCK_RANK_AVAILABLE""]",77.3108,0.2665,80,PERMIT,INDUSTOWER
,,False,,,[],False,"[""ENTRY_TOO_FAR_FROM_EVENT_ANCHOR""]",,725,"[""NO_EVENT_DRIVEN_SETUP_APPROVED""]",,,,,,,,,,,,,,SETUP_QUALITY_REJECTED,"[""ORIGINAL_DIRECTION_REESTABLISHED_AFTER_WATCH""]",CONTINUATION,BUY,2026-07-31T11:48:00+05:30,DIR:PERSISTENT:2026-07-31:003:UP:112100,DIR:PERSISTENT:2026-07-31:003:UP:112100:DIRECTIONAL_TREND_RESTORED:114800,DIRECTIONAL_TREND_RESTORED,,,,,,,,,,,,,,,,,PERMIT,PERSISTENT
,,False,,,[],False,"[""ENTRY_TOO_FAR_FROM_EVENT_ANCHOR""]",,728,"[""NO_EVENT_DRIVEN_SETUP_APPROVED""]",,,,,,,,,,,,,,SETUP_QUALITY_REJECTED,"[""ORIGINAL_DIRECTION_REESTABLISHED_AFTER_WATCH""]",CONTINUATION,BUY,2026-07-31T11:48:00+05:30,DIR:TORNTPHARM:2026-07-31:002:UP:105700,DIR:TORNTPHARM:2026-07-31:002:UP:105700:DIRECTIONAL_TREND_RESTORED:114800,DIRECTIONAL_TREND_RESTORED,,,,,,,,,,,,,,,,,PERMIT,TORNTPHARM
ALLOW,2026-07-31T11:54:00,True,INDUSTOWER,"{""advisor_context"": {""as_of"": ""2026-07-31T11:54:00"", ""market_regime"": {""age_seconds"": null, ""as_of"": ""2026-07-31T11:54:00"", ""availability"": ""UNAVAILABLE"", ""buy_support"": 0.0, ""confidence"": 0.0, ""continuation_support"": 0.0, ""evidence"": [], ""hysteresis"": {""candidate_confirmations"": 0, ""candidate_since"": null, ""candidate_state"": null, ""required_confirmations"": 0, ""state_started_at"": null, ""transition_pending"": false}, ""metrics"": {}, ""reason_codes"": [""MARKET_REGIME_NOT_IMPLEMENTED""], ""reversal_support"": 0.0, ""sell_support"": 0.0, ""state"": ""UNKNOWN""}, ""market_regime_influence"": ""NONE"", ""stock_rank"": {""age_seconds"": 0.0, ""as_of"": ""2026-07-31T11:54:00"", ""attention_tier"": ""SUPPRESSED"", ""availability"": ""AVAILABLE"", ""classification"": ""NEUTRAL"", ""direction"": ""UP"", ""fresh"": true, ""movement_score"": 37.0182, ""quality_score"": 35.5, ""range_penalty"": 61.9705, ""rank_position"": 57, ""rank_time"": ""2026-07-31T11:54:00"", ""reason_codes"": [""STOCK_RANK_AVAILABLE""], ""stall_penalty"": 77.2874, ""symbol"": ""INDUSTOWER"", ""total_score"": 0.0, ""universe_size"": 80}, ""stock_rank_influence"": ""DIAGNOSTIC"", ""symbol"": ""INDUSTOWER""}, ""barrier"": {""active"": false, ""barrier_price"": 386.2, ""barrier_type"": ""PDL"", ""candidates"": [{""price"": 371.4, ""type"": ""SESSION_LOW""}, {""price"": 386.2, ""type"": ""PDL""}], ""distance_atr"": 1.5334574038382085, ""distance_pct"": 0.4254221993038634, ""distance_points"": 1.650000000000034, ""threshold_points"": 0.7757000000000001}, ""candidate_family"": ""FAILED_BREAKOUT"", ""candidate_side"": ""SELL"", ""candidate_subtype"": ""FAILED_BALANCE_ESCAPE"", ""day_path"": {""close_first"": 387.35, ""close_last"": 387.85, ""containment_ratio"": 0.7692307692307693, ""episode_age_bars"": 16, ""midpoint_crossings"": 4, ""path_efficiency"": 0.07462686567164128, ""range_width_pct"": 0.5939315687540231, ""sample_count"": 16, ""structure_flips"": 0, ""total_travel_points"": 6.7000000000000455, ""total_travel_range_multiple"": 2.913043478260947, ""vwap_crossings"": 0}, ""deployment_scope"": ""NEW_SIGNAL_ONLY"", ""episode_history"": {""exhausted_objective_context"": false, ""exhaustion_facts"": [""FAILED_BALANCE_ESCAPE"", ""BALANCE_REARM_REQUIRED""], ""prior_count_day"": 0, ""prior_count_same_episode"": 0, ""prior_opportunity_keys"": [], ""prior_opposite_side_same_episode"": 0, ""prior_same_side_same_episode"": 0}, ""matched_rules"": [], ""mature_range_churn"": {""facts"": [], ""matched"": false}, ""range_context"": {""authority"": ""CURRENT_AUCTION_OBSERVATION"", ""high"": 388.4, ""inside_for_rule"": true, ""low"": 386.1, ""observation_accepted_range_high"": 388.4, ""observation_accepted_range_inside"": true, ""observation_accepted_range_low"": 386.1, ""outside_for_side"": false, ""reference_price"": 386.1, ""source_episode_id"": null, ""source_event_id"": null}, ""source_episode_id"": ""BAL:INDUSTOWER:2026-07-31:001:NEUTRAL:110900"", ""source_event_id"": ""BAL:INDUSTOWER:2026-07-31:001:NEUTRAL:110900:BALANCE_ESCAPE_FAILED:115400""}","[""ADVISOR_ALLOW""]",True,[],CAND:296c26607039b07e87c6f497,750,"[""EVENT_DRIVEN_SETUP_SELECTED""]",,UNAVAILABLE,0.0,0.0,0.0,[],"{""candidate_confirmations"": 0, ""candidate_since"": null, ""candidate_state"": null, ""required_confirmations"": 0, ""state_started_at"": null, ""transition_pending"": false}",NONE,{},"[""MARKET_REGIME_NOT_IMPLEMENTED""]",0.0,0.0,UNKNOWN,CREATED,"[""AUTHORITATIVE_EVENT_ROUTE"", ""STRUCTURAL_PERMISSION_PERMIT"", ""ESCAPE_FAILED_BACK_INSIDE_FROZEN_BALANCE"", ""BALANCE_REARM_REQUIRED_AFTER_FAILED_ESCAPE"", ""FAILED_ESCAPE_TO_OPPOSITE_RANGE_EDGE""]",FAILED_BREAKOUT,SELL,2026-07-31T11:54:00+05:30,BAL:INDUSTOWER:2026-07-31:001:NEUTRAL:110900,BAL:INDUSTOWER:2026-07-31:001:NEUTRAL:110900:BALANCE_ESCAPE_FAILED:115400,BALANCE_ESCAPE_FAILED,0.0,SUPPRESSED,AVAILABLE,NEUTRAL,UP,True,DIAGNOSTIC,37.0182,57,35.5,61.9705,2026-07-31T11:54:00,"[""STOCK_RANK_AVAILABLE""]",77.2874,0.0,80,PERMIT,INDUSTOWER
,,False,,,[],False,"[""EXPECTED_FIRST_MOVE_BELOW_0_5_PERCENT""]",,771,"[""NO_EVENT_DRIVEN_SETUP_APPROVED""]",,,,,,,,,,,,,,SETUP_QUALITY_REJECTED,"[""REVERSAL_LEG_SUSTAINED_DIRECTIONAL_PROGRESS"", ""OPPOSITE_DIRECTION_ESTABLISHED_AFTER_REVERSAL""]",REVERSAL,BUY,2026-07-31T12:00:00+05:30,DIR:BHEL:2026-07-31:005:UP:113300,DIR:BHEL:2026-07-31:005:UP:113300:DIRECTIONAL_REVERSAL_LEG_ESTABLISHED:120000,DIRECTIONAL_REVERSAL_LEG_ESTABLISHED,,,,,,,,,,,,,,,,,PERMIT,BHEL
,,False,,,[],False,"[""ENTRY_TOO_FAR_FROM_EVENT_ANCHOR""]",,772,"[""NO_EVENT_DRIVEN_SETUP_APPROVED""]",,,,,,,,,,,,,,SETUP_QUALITY_REJECTED,"[""ORIGINAL_DIRECTION_REESTABLISHED_AFTER_WATCH""]",CONTINUATION,BUY,2026-07-31T12:00:00+05:30,DIR:CHOLAFIN:2026-07-31:003:UP:104500,DIR:CHOLAFIN:2026-07-31:003:UP:104500:DIRECTIONAL_TREND_RESTORED:120000,DIRECTIONAL_TREND_RESTORED,,,,,,,,,,,,,,,,,PERMIT,CHOLAFIN
,,False,,,[],False,"[""ENTRY_TOO_FAR_FROM_ESCAPE_BOUNDARY""]",,813,"[""NO_EVENT_DRIVEN_SETUP_APPROVED""]",,,,,,,,,,,,,,SETUP_QUALITY_REJECTED,"[""MEANINGFUL_CLOSE_OUTSIDE_FROZEN_BALANCE"", ""BALANCE_ESCAPE_ATTEMPT_RECORDED""]",BREAKOUT_INITIATION,BUY,2026-07-31T12:09:00+05:30,BAL:BHEL:2026-07-31:002:NEUTRAL:114200,BAL:BHEL:2026-07-31:002:NEUTRAL:114200:BALANCE_ESCAPE_STARTED:120900,BALANCE_ESCAPE_STARTED,,,,,,,,,,,,,,,,,PERMIT,BHEL
,,False,,,[],False,"[""EXPECTED_FIRST_MOVE_BELOW_0_5_PERCENT""]",,818,"[""NO_EVENT_DRIVEN_SETUP_APPROVED""]",,,,,,,,,,,,,,SETUP_QUALITY_REJECTED,"[""MEANINGFUL_CLOSE_OUTSIDE_FROZEN_BALANCE"", ""BALANCE_ESCAPE_ATTEMPT_RECORDED""]",BREAKOUT_INITIATION,BUY,2026-07-31T12:09:00+05:30,BAL:FORCEMOT:2026-07-31:002:NEUTRAL:114500,BAL:FORCEMOT:2026-07-31:002:NEUTRAL:114500:BALANCE_ESCAPE_STARTED:120900,BALANCE_ESCAPE_STARTED,,,,,,,,,,,,,,,,,PERMIT,FORCEMOT
,,False,,,[],False,"[""ENTRY_TOO_FAR_FROM_ESCAPE_BOUNDARY""]",,827,"[""NO_EVENT_DRIVEN_SETUP_APPROVED""]",,,,,,,,,,,,,,SETUP_QUALITY_REJECTED,"[""OUTSIDE_ACCEPTANCE_CONFIRMED""]",ACCEPTED_BREAKOUT,BUY,2026-07-31T12:12:00+05:30,BAL:BHEL:2026-07-31:002:NEUTRAL:114200,BAL:BHEL:2026-07-31:002:NEUTRAL:114200:BALANCE_ESCAPE_ACCEPTED:121200,BALANCE_ESCAPE_ACCEPTED,,,,,,,,,,,,,,,,,PERMIT,BHEL
,,False,,,[],False,"[""EXPECTED_FIRST_MOVE_BELOW_0_5_PERCENT""]",,832,"[""NO_EVENT_DRIVEN_SETUP_APPROVED""]",,,,,,,,,,,,,,SETUP_QUALITY_REJECTED,"[""ESCAPE_FAILED_BACK_INSIDE_FROZEN_BALANCE"", ""BALANCE_REARM_REQUIRED_AFTER_FAILED_ESCAPE""]",FAILED_BREAKOUT,SELL,2026-07-31T12:12:00+05:30,BAL:FORCEMOT:2026-07-31:002:NEUTRAL:114500,BAL:FORCEMOT:2026-07-31:002:NEUTRAL:114500:BALANCE_ESCAPE_FAILED:121200,BALANCE_ESCAPE_FAILED,,,,,,,,,,,,,,,,,PERMIT,FORCEMOT
,,False,,,[],False,"[""ENTRY_TOO_FAR_FROM_EVENT_ANCHOR""]",,865,"[""NO_EVENT_DRIVEN_SETUP_APPROVED""]",,,,,,,,,,,,,,SETUP_QUALITY_REJECTED,"[""ORIGINAL_DIRECTION_REESTABLISHED_AFTER_WATCH""]",CONTINUATION,BUY,2026-07-31T12:18:00+05:30,DIR:PERSISTENT:2026-07-31:003:UP:112100,DIR:PERSISTENT:2026-07-31:003:UP:112100:DIRECTIONAL_TREND_RESTORED:121800,DIRECTIONAL_TREND_RESTORED,,,,,,,,,,,,,,,,,PERMIT,PERSISTENT
,,False,,,[],False,"[""ENTRY_TOO_FAR_FROM_EVENT_ANCHOR""]",,870,"[""NO_EVENT_DRIVEN_SETUP_APPROVED""]",,,,,,,,,,,,,,SETUP_QUALITY_REJECTED,"[""ORIGINAL_DIRECTION_REESTABLISHED_AFTER_WATCH""]",CONTINUATION,BUY,2026-07-31T12:21:00+05:30,DIR:CHOLAFIN:2026-07-31:003:UP:104500,DIR:CHOLAFIN:2026-07-31:003:UP:104500:DIRECTIONAL_TREND_RESTORED:122100,DIRECTIONAL_TREND_RESTORED,,,,,,,,,,,,,,,,,PERMIT,CHOLAFIN
,,False,,,[],False,"[""ENTRY_TOO_FAR_FROM_EVENT_ANCHOR""]",,919,"[""NO_EVENT_DRIVEN_SETUP_APPROVED""]",,,,,,,,,,,,,,SETUP_QUALITY_REJECTED,"[""REVERSAL_LEG_SUSTAINED_DIRECTIONAL_PROGRESS"", ""OPPOSITE_DIRECTION_ESTABLISHED_AFTER_REVERSAL""]",REVERSAL,SELL,2026-07-31T12:30:00+05:30,DIR:KALYANKJIL:2026-07-31:008:DOWN:122400,DIR:KALYANKJIL:2026-07-31:008:DOWN:122400:DIRECTIONAL_REVERSAL_LEG_ESTABLISHED:123000,DIRECTIONAL_REVERSAL_LEG_ESTABLISHED,,,,,,,,,,,,,,,,,PERMIT,KALYANKJIL
,,False,,,[],False,"[""ENTRY_TOO_FAR_FROM_EVENT_ANCHOR""]",,935,"[""NO_EVENT_DRIVEN_SETUP_APPROVED""]",,,,,,,,,,,,,,SETUP_QUALITY_REJECTED,"[""ORIGINAL_DIRECTION_REESTABLISHED_AFTER_WATCH""]",CONTINUATION,BUY,2026-07-31T12:33:00+05:30,DIR:PERSISTENT:2026-07-31:003:UP:112100,DIR:PERSISTENT:2026-07-31:003:UP:112100:DIRECTIONAL_TREND_RESTORED:123300,DIRECTIONAL_TREND_RESTORED,,,,,,,,,,,,,,,,,PERMIT,PERSISTENT
BLOCK,2026-07-31T12:39:00,True,POWERINDIA,"{""advisor_context"": {""as_of"": ""2026-07-31T12:39:00"", ""market_regime"": {""age_seconds"": null, ""as_of"": ""2026-07-31T12:39:00"", ""availability"": ""UNAVAILABLE"", ""buy_support"": 0.0, ""confidence"": 0.0, ""continuation_support"": 0.0, ""evidence"": [], ""hysteresis"": {""candidate_confirmations"": 0, ""candidate_since"": null, ""candidate_state"": null, ""required_confirmations"": 0, ""state_started_at"": null, ""transition_pending"": false}, ""metrics"": {}, ""reason_codes"": [""MARKET_REGIME_NOT_IMPLEMENTED""], ""reversal_support"": 0.0, ""sell_support"": 0.0, ""state"": ""UNKNOWN""}, ""market_regime_influence"": ""NONE"", ""stock_rank"": {""age_seconds"": 180.0, ""as_of"": ""2026-07-31T12:39:00"", ""attention_tier"": ""SUPPRESSED"", ""availability"": ""AVAILABLE"", ""classification"": ""RANGE_BOUND"", ""direction"": ""UP"", ""fresh"": true, ""movement_score"": 45.2941, ""quality_score"": 35.2597, ""range_penalty"": 72.8628, ""rank_position"": 46, ""rank_time"": ""2026-07-31T12:36:00"", ""reason_codes"": [""STOCK_RANK_AVAILABLE""], ""stall_penalty"": 62.5735, ""symbol"": ""POWERINDIA"", ""total_score"": 0.0, ""universe_size"": 80}, ""stock_rank_influence"": ""DIAGNOSTIC"", ""symbol"": ""POWERINDIA""}, ""barrier"": {""active"": false, ""barrier_price"": 32128.571381382782, ""barrier_type"": ""EMA_SLOW"", ""candidates"": [{""price"": 31020.0, ""type"": ""PDL""}, {""price"": 31850.389107952717, ""type"": ""EMA_REF""}, {""price"": 31900.0, ""type"": ""ORL""}, {""price"": 31900.0, ""type"": ""SESSION_LOW""}, {""price"": 32128.571381382782, ""type"": ""EMA_SLOW""}], ""distance_atr"": 4.6802029633229685, ""distance_pct"": 0.699825741360586, ""distance_points"": 226.42861861721758, ""threshold_points"": 64.71}, ""candidate_family"": ""BREAKOUT_INITIATION"", ""candidate_side"": ""SELL"", ""candidate_subtype"": ""BALANCE_ESCAPE_INITIATION"", ""day_path"": {""close_first"": 32400.0, ""close_last"": 32355.0, ""containment_ratio"": 0.9736842105263158, ""episode_age_bars"": 57, ""midpoint_crossings"": 4, ""path_efficiency"": 0.02857142857142857, ""range_width_pct"": 0.8153218983155143, ""sample_count"": 57, ""structure_flips"": 5, ""total_travel_points"": 1575.0, ""total_travel_range_multiple"": 5.943396226415095, ""vwap_crossings"": 6}, ""deployment_scope"": ""NEW_SIGNAL_ONLY"", ""episode_history"": {""exhausted_objective_context"": false, ""exhaustion_facts"": [""MULTIPLE_BALANCE_ESCAPE_ATTEMPTS"", ""FAILED_BALANCE_ESCAPE""], ""prior_count_day"": 1, ""prior_count_same_episode"": 1, ""prior_opportunity_keys"": [""OPP:dc1ab160fa1ee75a10189da6""], ""prior_opposite_side_same_episode"": 1, ""prior_same_side_same_episode"": 0}, ""matched_rules"": [{""configured_action"": ""BLOCK"", ""reason"": ""SAME_DIRECTION_EXHAUSTION""}], ""mature_range_churn"": {""facts"": [], ""matched"": false}, ""range_context"": {""authority"": ""AUCTION_SOURCE_EPISODE"", ""high"": 32635.0, ""inside_for_rule"": false, ""low"": 32370.0, ""observation_accepted_range_high"": 32375.0, ""observation_accepted_range_inside"": true, ""observation_accepted_range_low"": 32285.0, ""outside_for_side"": true, ""reference_price"": 32370.0, ""source_episode_id"": ""BAL:POWERINDIA:2026-07-31:001:NEUTRAL:095100"", ""source_event_id"": ""BAL:POWERINDIA:2026-07-31:001:NEUTRAL:095100:BALANCE_ESCAPE_STARTED:123900""}, ""source_episode_id"": ""BAL:POWERINDIA:2026-07-31:001:NEUTRAL:095100"", ""source_event_id"": ""BAL:POWERINDIA:2026-07-31:001:NEUTRAL:095100:BALANCE_ESCAPE_STARTED:123900""}","[""SAME_DIRECTION_EXHAUSTION""]",True,[],CAND:7d13b79c356038229e662803,964,"[""EVENT_DRIVEN_SETUP_SELECTED""]",,UNAVAILABLE,0.0,0.0,0.0,[],"{""candidate_confirmations"": 0, ""candidate_since"": null, ""candidate_state"": null, ""required_confirmations"": 0, ""state_started_at"": null, ""transition_pending"": false}",NONE,{},"[""MARKET_REGIME_NOT_IMPLEMENTED""]",0.0,0.0,UNKNOWN,ADVISOR_BLOCK,"[""AUTHORITATIVE_EVENT_ROUTE"", ""STRUCTURAL_PERMISSION_PERMIT"", ""MEANINGFUL_CLOSE_OUTSIDE_FROZEN_BALANCE"", ""BALANCE_ESCAPE_ATTEMPT_RECORDED"", ""BALANCE_MEASURED_MOVE_REFERENCE""]",BREAKOUT_INITIATION,SELL,2026-07-31T12:39:00+05:30,BAL:POWERINDIA:2026-07-31:001:NEUTRAL:095100,BAL:POWERINDIA:2026-07-31:001:NEUTRAL:095100:BALANCE_ESCAPE_STARTED:123900,BALANCE_ESCAPE_STARTED,180.0,SUPPRESSED,AVAILABLE,RANGE_BOUND,UP,True,DIAGNOSTIC,45.2941,46,35.2597,72.8628,2026-07-31T12:36:00,"[""STOCK_RANK_AVAILABLE""]",62.5735,0.0,80,PERMIT,POWERINDIA
BLOCK,2026-07-31T12:42:00,True,POWERINDIA,"{""advisor_context"": {""as_of"": ""2026-07-31T12:42:00"", ""market_regime"": {""age_seconds"": null, ""as_of"": ""2026-07-31T12:42:00"", ""availability"": ""UNAVAILABLE"", ""buy_support"": 0.0, ""confidence"": 0.0, ""continuation_support"": 0.0, ""evidence"": [], ""hysteresis"": {""candidate_confirmations"": 0, ""candidate_since"": null, ""candidate_state"": null, ""required_confirmations"": 0, ""state_started_at"": null, ""transition_pending"": false}, ""metrics"": {}, ""reason_codes"": [""MARKET_REGIME_NOT_IMPLEMENTED""], ""reversal_support"": 0.0, ""sell_support"": 0.0, ""state"": ""UNKNOWN""}, ""market_regime_influence"": ""NONE"", ""stock_rank"": {""age_seconds"": 0.0, ""as_of"": ""2026-07-31T12:42:00"", ""attention_tier"": ""SUPPRESSED"", ""availability"": ""AVAILABLE"", ""classification"": ""RANGE_BOUND"", ""direction"": ""DOWN"", ""fresh"": true, ""movement_score"": 41.5028, ""quality_score"": 30.4386, ""range_penalty"": 71.1673, ""rank_position"": 46, ""rank_time"": ""2026-07-31T12:42:00"", ""reason_codes"": [""STOCK_RANK_AVAILABLE""], ""stall_penalty"": 86.4072, ""symbol"": ""POWERINDIA"", ""total_score"": 0.0, ""universe_size"": 80}, ""stock_rank_influence"": ""DIAGNOSTIC"", ""symbol"": ""POWERINDIA""}, ""barrier"": {""active"": false, ""barrier_price"": 32132.956106503912, ""barrier_type"": ""EMA_SLOW"", ""candidates"": [{""price"": 31020.0, ""type"": ""PDL""}, {""price"": 31855.360360609902, ""type"": ""EMA_REF""}, {""price"": 31900.0, ""type"": ""ORL""}, {""price"": 31900.0, ""type"": ""SESSION_LOW""}, {""price"": 32132.956106503912, ""type"": ""EMA_SLOW""}], ""distance_atr"": 4.718777022542039, ""distance_pct"": 0.6709239366185086, ""distance_points"": 217.04389349608755, ""threshold_points"": 64.7}, ""candidate_family"": ""ACCEPTED_BREAKOUT"", ""candidate_side"": ""SELL"", ""candidate_subtype"": ""ACCEPTED_BALANCE_ESCAPE"", ""day_path"": {""close_first"": 32400.0, ""close_last"": 32350.0, ""containment_ratio"": 0.9736842105263158, ""episode_age_bars"": 58, ""midpoint_crossings"": 4, ""path_efficiency"": 0.03164556962025317, ""range_width_pct"": 0.8153218983155143, ""sample_count"": 58, ""structure_flips"": 6, ""total_travel_points"": 1580.0, ""total_travel_range_multiple"": 5.962264150943396, ""vwap_crossings"": 6}, ""deployment_scope"": ""NEW_SIGNAL_ONLY"", ""episode_history"": {""exhausted_objective_context"": false, ""exhaustion_facts"": [""MULTIPLE_BALANCE_ESCAPE_ATTEMPTS"", ""FAILED_BALANCE_ESCAPE""], ""prior_count_day"": 1, ""prior_count_same_episode"": 1, ""prior_opportunity_keys"": [""OPP:dc1ab160fa1ee75a10189da6""], ""prior_opposite_side_same_episode"": 1, ""prior_same_side_same_episode"": 0}, ""matched_rules"": [{""configured_action"": ""BLOCK"", ""reason"": ""SAME_DIRECTION_EXHAUSTION""}], ""mature_range_churn"": {""facts"": [], ""matched"": false}, ""range_context"": {""authority"": ""AUCTION_SOURCE_EPISODE"", ""high"": 32635.0, ""inside_for_rule"": false, ""low"": 32370.0, ""observation_accepted_range_high"": 32375.0, ""observation_accepted_range_inside"": true, ""observation_accepted_range_low"": 32285.0, ""outside_for_side"": true, ""reference_price"": 32370.0, ""source_episode_id"": ""BAL:POWERINDIA:2026-07-31:001:NEUTRAL:095100"", ""source_event_id"": ""BAL:POWERINDIA:2026-07-31:001:NEUTRAL:095100:BALANCE_ESCAPE_ACCEPTED:124200""}, ""source_episode_id"": ""BAL:POWERINDIA:2026-07-31:001:NEUTRAL:095100"", ""source_event_id"": ""BAL:POWERINDIA:2026-07-31:001:NEUTRAL:095100:BALANCE_ESCAPE_ACCEPTED:124200""}","[""SAME_DIRECTION_EXHAUSTION""]",True,[],CAND:20d58dac59b67b5e84072cc3,978,"[""EVENT_DRIVEN_SETUP_SELECTED""]",,UNAVAILABLE,0.0,0.0,0.0,[],"{""candidate_confirmations"": 0, ""candidate_since"": null, ""candidate_state"": null, ""required_confirmations"": 0, ""state_started_at"": null, ""transition_pending"": false}",NONE,{},"[""MARKET_REGIME_NOT_IMPLEMENTED""]",0.0,0.0,UNKNOWN,ADVISOR_BLOCK,"[""AUTHORITATIVE_EVENT_ROUTE"", ""STRUCTURAL_PERMISSION_PERMIT"", ""OUTSIDE_ACCEPTANCE_CONFIRMED"", ""BALANCE_MEASURED_MOVE_REFERENCE""]",ACCEPTED_BREAKOUT,SELL,2026-07-31T12:42:00+05:30,BAL:POWERINDIA:2026-07-31:001:NEUTRAL:095100,BAL:POWERINDIA:2026-07-31:001:NEUTRAL:095100:BALANCE_ESCAPE_ACCEPTED:124200,BALANCE_ESCAPE_ACCEPTED,0.0,SUPPRESSED,AVAILABLE,RANGE_BOUND,DOWN,True,DIAGNOSTIC,41.5028,46,30.4386,71.1673,2026-07-31T12:42:00,"[""STOCK_RANK_AVAILABLE""]",86.4072,0.0,80,PERMIT,POWERINDIA
,,False,,,[],False,"[""ENTRY_TOO_FAR_FROM_EVENT_ANCHOR""]",,978,"[""EVENT_DRIVEN_SETUP_SELECTED""]",,,,,,,,,,,,,,SETUP_QUALITY_REJECTED,"[""REVERSAL_WATCH_EXPIRED_WITHOUT_CONFIRMATION""]",CONTINUATION,BUY,2026-07-31T12:42:00+05:30,DIR:POWERINDIA:2026-07-31:003:UP:100300,DIR:POWERINDIA:2026-07-31:003:UP:100300:DIRECTIONAL_TREND_RESTORED:124200,DIRECTIONAL_TREND_RESTORED,,,,,,,,,,,,,,,,,PERMIT,POWERINDIA
,,False,,,[],False,"[""EXPECTED_FIRST_MOVE_BELOW_0_5_PERCENT""]",,980,"[""NO_EVENT_DRIVEN_SETUP_APPROVED""]",,,,,,,,,,,,,,SETUP_QUALITY_REJECTED,"[""REVERSAL_LEG_SUSTAINED_DIRECTIONAL_PROGRESS"", ""OPPOSITE_DIRECTION_ESTABLISHED_AFTER_REVERSAL""]",REVERSAL,SELL,2026-07-31T12:42:00+05:30,DIR:TORNTPHARM:2026-07-31:005:DOWN:123000,DIR:TORNTPHARM:2026-07-31:005:DOWN:123000:DIRECTIONAL_REVERSAL_LEG_ESTABLISHED:124200,DIRECTIONAL_REVERSAL_LEG_ESTABLISHED,,,,,,,,,,,,,,,,,PERMIT,TORNTPHARM
,,False,,,[],False,"[""EXPECTED_FIRST_MOVE_BELOW_0_5_PERCENT""]",,1012,"[""NO_EVENT_DRIVEN_SETUP_APPROVED""]",,,,,,,,,,,,,,SETUP_QUALITY_REJECTED,"[""RECOMPRESSION_COMPLETED"", ""FRESH_DIRECTIONAL_EXPANSION_CONFIRMED""]",REACCELERATION,BUY,2026-07-31T12:51:00+05:30,DIR:DIVISLAB:2026-07-31:005:UP:124500,DIR:DIVISLAB:2026-07-31:005:UP:124500:DIRECTIONAL_REACCELERATION_CONFIRMED:125100,DIRECTIONAL_REACCELERATION_CONFIRMED,,,,,,,,,,,,,,,,,PERMIT,DIVISLAB
BLOCK,2026-07-31T13:12:00,True,GLENMARK,"{""advisor_context"": {""as_of"": ""2026-07-31T13:12:00"", ""market_regime"": {""age_seconds"": null, ""as_of"": ""2026-07-31T13:12:00"", ""availability"": ""UNAVAILABLE"", ""buy_support"": 0.0, ""confidence"": 0.0, ""continuation_support"": 0.0, ""evidence"": [], ""hysteresis"": {""candidate_confirmations"": 0, ""candidate_since"": null, ""candidate_state"": null, ""required_confirmations"": 0, ""state_started_at"": null, ""transition_pending"": false}, ""metrics"": {}, ""reason_codes"": [""MARKET_REGIME_NOT_IMPLEMENTED""], ""reversal_support"": 0.0, ""sell_support"": 0.0, ""state"": ""UNKNOWN""}, ""market_regime_influence"": ""NONE"", ""stock_rank"": {""age_seconds"": 0.0, ""as_of"": ""2026-07-31T13:12:00"", ""attention_tier"": ""SUPPRESSED"", ""availability"": ""AVAILABLE"", ""classification"": ""RANGE_BOUND"", ""direction"": ""DOWN"", ""fresh"": true, ""movement_score"": 57.0054, ""quality_score"": 50.6522, ""range_penalty"": 66.3873, ""rank_position"": 28, ""rank_time"": ""2026-07-31T13:12:00"", ""reason_codes"": [""STOCK_RANK_AVAILABLE""], ""stall_penalty"": 51.7889, ""symbol"": ""GLENMARK"", ""total_score"": 8.9586, ""universe_size"": 80}, ""stock_rank_influence"": ""DIAGNOSTIC"", ""symbol"": ""GLENMARK""}, ""barrier"": {""active"": true, ""barrier_price"": 2228.6251763117034, ""barrier_type"": ""EMA_REF"", ""candidates"": [{""price"": 2182.9, ""type"": ""PDL""}, {""price"": 2207.0, ""type"": ""ORL""}, {""price"": 2207.0, ""type"": ""SESSION_LOW""}, {""price"": 2228.6251763117034, ""type"": ""EMA_REF""}], ""distance_atr"": 0.9525020339694451, ""distance_pct"": 0.11092392489339385, ""distance_points"": 2.4748236882965102, ""threshold_points"": 4.4622}, ""candidate_family"": ""BREAKOUT_INITIATION"", ""candidate_side"": ""SELL"", ""candidate_subtype"": ""BALANCE_ESCAPE_INITIATION"", ""day_path"": {""close_first"": 2248.3, ""close_last"": 2231.1, ""containment_ratio"": 0.9166666666666666, ""episode_age_bars"": 61, ""midpoint_crossings"": 9, ""path_efficiency"": 0.1713147410358576, ""range_width_pct"": 0.7187660438849042, ""sample_count"": 61, ""structure_flips"": 9, ""total_travel_points"": 100.400000000001, ""total_travel_range_multiple"": 6.236024844720594, ""vwap_crossings"": 5}, ""deployment_scope"": ""NEW_SIGNAL_ONLY"", ""episode_history"": {""exhausted_objective_context"": false, ""exhaustion_facts"": [], ""prior_count_day"": 0, ""prior_count_same_episode"": 0, ""prior_opportunity_keys"": [], ""prior_opposite_side_same_episode"": 0, ""prior_same_side_same_episode"": 0}, ""matched_rules"": [{""configured_action"": ""BLOCK"", ""reason"": ""SAME_DIRECTION_EXHAUSTION""}, {""configured_action"": ""BLOCK"", ""reason"": ""MATURE_NARROW_RANGE_CHURN""}, {""configured_action"": ""WATCH"", ""reason"": ""DOWNSIDE_BARRIER_NOT_CLEARED_EMA_REF""}], ""mature_range_churn"": {""facts"": [""MATURE_RANGE"", ""NARROW_RANGE"", ""HIGH_CONTAINMENT"", ""LOW_PATH_EFFICIENCY"", ""MIDPOINT_ROTATION"", ""VWAP_CROSSINGS"", ""REPEATED_TRAVEL_WITHIN_RANGE"", ""STRUCTURE_FLIPS""], ""matched"": true}, ""range_context"": {""authority"": ""AUCTION_SOURCE_EPISODE"", ""high"": 2248.0, ""inside_for_rule"": false, ""low"": 2231.9, ""observation_accepted_range_high"": 2256.7, ""observation_accepted_range_inside"": false, ""observation_accepted_range_low"": 2234.0, ""outside_for_side"": true, ""reference_price"": 2231.9, ""source_episode_id"": ""BAL:GLENMARK:2026-07-31:001:NEUTRAL:101200"", ""source_event_id"": ""BAL:GLENMARK:2026-07-31:001:NEUTRAL:101200:BALANCE_ESCAPE_STARTED:131200""}, ""source_episode_id"": ""BAL:GLENMARK:2026-07-31:001:NEUTRAL:101200"", ""source_event_id"": ""BAL:GLENMARK:2026-07-31:001:NEUTRAL:101200:BALANCE_ESCAPE_STARTED:131200""}","[""SAME_DIRECTION_EXHAUSTION"", ""MATURE_NARROW_RANGE_CHURN""]",True,[],CAND:2758e9237c15f26cfce5e84f,1113,"[""EVENT_DRIVEN_SETUP_SELECTED""]",,UNAVAILABLE,0.0,0.0,0.0,[],"{""candidate_confirmations"": 0, ""candidate_since"": null, ""candidate_state"": null, ""required_confirmations"": 0, ""state_started_at"": null, ""transition_pending"": false}",NONE,{},"[""MARKET_REGIME_NOT_IMPLEMENTED""]",0.0,0.0,UNKNOWN,ADVISOR_BLOCK,"[""AUTHORITATIVE_EVENT_ROUTE"", ""STRUCTURAL_PERMISSION_PERMIT"", ""MEANINGFUL_CLOSE_OUTSIDE_FROZEN_BALANCE"", ""BALANCE_ESCAPE_ATTEMPT_RECORDED"", ""BALANCE_MEASURED_MOVE_REFERENCE""]",BREAKOUT_INITIATION,SELL,2026-07-31T13:12:00+05:30,BAL:GLENMARK:2026-07-31:001:NEUTRAL:101200,BAL:GLENMARK:2026-07-31:001:NEUTRAL:101200:BALANCE_ESCAPE_STARTED:131200,BALANCE_ESCAPE_STARTED,0.0,SUPPRESSED,AVAILABLE,RANGE_BOUND,DOWN,True,DIAGNOSTIC,57.0054,28,50.6522,66.3873,2026-07-31T13:12:00,"[""STOCK_RANK_AVAILABLE""]",51.7889,8.9586,80,PERMIT,GLENMARK
ALLOW,2026-07-31T13:15:00,True,GLENMARK,"{""advisor_context"": {""as_of"": ""2026-07-31T13:15:00"", ""market_regime"": {""age_seconds"": null, ""as_of"": ""2026-07-31T13:15:00"", ""availability"": ""UNAVAILABLE"", ""buy_support"": 0.0, ""confidence"": 0.0, ""continuation_support"": 0.0, ""evidence"": [], ""hysteresis"": {""candidate_confirmations"": 0, ""candidate_since"": null, ""candidate_state"": null, ""required_confirmations"": 0, ""state_started_at"": null, ""transition_pending"": false}, ""metrics"": {}, ""reason_codes"": [""MARKET_REGIME_NOT_IMPLEMENTED""], ""reversal_support"": 0.0, ""sell_support"": 0.0, ""state"": ""UNKNOWN""}, ""market_regime_influence"": ""NONE"", ""stock_rank"": {""age_seconds"": 180.0, ""as_of"": ""2026-07-31T13:15:00"", ""attention_tier"": ""SUPPRESSED"", ""availability"": ""AVAILABLE"", ""classification"": ""RANGE_BOUND"", ""direction"": ""DOWN"", ""fresh"": true, ""movement_score"": 57.0054, ""quality_score"": 50.6522, ""range_penalty"": 66.3873, ""rank_position"": 28, ""rank_time"": ""2026-07-31T13:12:00"", ""reason_codes"": [""STOCK_RANK_AVAILABLE""], ""stall_penalty"": 51.7889, ""symbol"": ""GLENMARK"", ""total_score"": 8.9586, ""universe_size"": 80}, ""stock_rank_influence"": ""DIAGNOSTIC"", ""symbol"": ""GLENMARK""}, ""barrier"": {""active"": true, ""barrier_price"": 2232.7429280546025, ""barrier_type"": ""EMA_SLOW"", ""candidates"": [{""price"": 2232.7429280546025, ""type"": ""EMA_SLOW""}, {""price"": 2232.9, ""type"": ""ORH""}, {""price"": 2270.2, ""type"": ""PDH""}], ""distance_atr"": 0.016036288321273837, ""distance_pct"": 0.0019226969410456288, ""distance_points"": 0.04292805460272575, ""threshold_points"": 4.4654}, ""candidate_family"": ""FAILED_BREAKOUT"", ""candidate_side"": ""BUY"", ""candidate_subtype"": ""FAILED_BALANCE_ESCAPE"", ""day_path"": {""close_first"": 2248.3, ""close_last"": 2232.7, ""containment_ratio"": 0.9166666666666666, ""episode_age_bars"": 62, ""midpoint_crossings"": 5, ""path_efficiency"": 0.15294117647059044, ""range_width_pct"": 1.0109782439263286, ""sample_count"": 62, ""structure_flips"": 9, ""total_travel_points"": 102.00000000000091, ""total_travel_range_multiple"": 4.493392070484657, ""vwap_crossings"": 5}, ""deployment_scope"": ""NEW_SIGNAL_ONLY"", ""episode_history"": {""exhausted_objective_context"": false, ""exhaustion_facts"": [""FAILED_BALANCE_ESCAPE"", ""BALANCE_REARM_REQUIRED""], ""prior_count_day"": 0, ""prior_count_same_episode"": 0, ""prior_opportunity_keys"": [], ""prior_opposite_side_same_episode"": 0, ""prior_same_side_same_episode"": 0}, ""matched_rules"": [], ""mature_range_churn"": {""facts"": [], ""matched"": false}, ""range_context"": {""authority"": ""CURRENT_AUCTION_OBSERVATION"", ""high"": 2256.7, ""inside_for_rule"": false, ""low"": 2234.0, ""observation_accepted_range_high"": 2256.7, ""observation_accepted_range_inside"": false, ""observation_accepted_range_low"": 2234.0, ""outside_for_side"": false, ""reference_price"": 2256.7, ""source_episode_id"": null, ""source_event_id"": null}, ""source_episode_id"": ""BAL:GLENMARK:2026-07-31:001:NEUTRAL:101200"", ""source_event_id"": ""BAL:GLENMARK:2026-07-31:001:NEUTRAL:101200:BALANCE_ESCAPE_FAILED:131500""}","[""ADVISOR_ALLOW""]",True,[],CAND:ccb8d7c9ac57fbb14f47bb87,1127,"[""EVENT_DRIVEN_SETUP_SELECTED""]",,UNAVAILABLE,0.0,0.0,0.0,[],"{""candidate_confirmations"": 0, ""candidate_since"": null, ""candidate_state"": null, ""required_confirmations"": 0, ""state_started_at"": null, ""transition_pending"": false}",NONE,{},"[""MARKET_REGIME_NOT_IMPLEMENTED""]",0.0,0.0,UNKNOWN,CREATED,"[""AUTHORITATIVE_EVENT_ROUTE"", ""STRUCTURAL_PERMISSION_PERMIT"", ""ESCAPE_FAILED_BACK_INSIDE_FROZEN_BALANCE"", ""BALANCE_REARM_REQUIRED_AFTER_FAILED_ESCAPE"", ""FAILED_ESCAPE_TO_OPPOSITE_RANGE_EDGE""]",FAILED_BREAKOUT,BUY,2026-07-31T13:15:00+05:30,BAL:GLENMARK:2026-07-31:001:NEUTRAL:101200,BAL:GLENMARK:2026-07-31:001:NEUTRAL:101200:BALANCE_ESCAPE_FAILED:131500,BALANCE_ESCAPE_FAILED,180.0,SUPPRESSED,AVAILABLE,RANGE_BOUND,DOWN,True,DIAGNOSTIC,57.0054,28,50.6522,66.3873,2026-07-31T13:12:00,"[""STOCK_RANK_AVAILABLE""]",51.7889,8.9586,80,PERMIT,GLENMARK
ALLOW,2026-07-31T13:21:00,True,COFORGE,"{""advisor_context"": {""as_of"": ""2026-07-31T13:21:00"", ""market_regime"": {""age_seconds"": null, ""as_of"": ""2026-07-31T13:21:00"", ""availability"": ""UNAVAILABLE"", ""buy_support"": 0.0, ""confidence"": 0.0, ""continuation_support"": 0.0, ""evidence"": [], ""hysteresis"": {""candidate_confirmations"": 0, ""candidate_since"": null, ""candidate_state"": null, ""required_confirmations"": 0, ""state_started_at"": null, ""transition_pending"": false}, ""metrics"": {}, ""reason_codes"": [""MARKET_REGIME_NOT_IMPLEMENTED""], ""reversal_support"": 0.0, ""sell_support"": 0.0, ""state"": ""UNKNOWN""}, ""market_regime_influence"": ""NONE"", ""stock_rank"": {""age_seconds"": 180.0, ""as_of"": ""2026-07-31T13:21:00"", ""attention_tier"": ""SUPPRESSED"", ""availability"": ""AVAILABLE"", ""classification"": ""RANGE_BOUND"", ""direction"": ""DOWN"", ""fresh"": true, ""movement_score"": 47.4003, ""quality_score"": 55.3027, ""range_penalty"": 66.9028, ""rank_position"": 27, ""rank_time"": ""2026-07-31T13:18:00"", ""reason_codes"": [""STOCK_RANK_AVAILABLE""], ""stall_penalty"": 16.5452, ""symbol"": ""COFORGE"", ""total_score"": 12.1833, ""universe_size"": 80}, ""stock_rank_influence"": ""DIAGNOSTIC"", ""symbol"": ""COFORGE""}, ""barrier"": {""active"": false, ""barrier_price"": 1701.7, ""barrier_type"": ""PDL"", ""candidates"": [{""price"": 1681.7, ""type"": ""ORL""}, {""price"": 1681.7, ""type"": ""SESSION_LOW""}, {""price"": 1701.7, ""type"": ""PDL""}], ""distance_atr"": 3.5064155040803957, ""distance_pct"": 0.5900221988550012, ""distance_points"": 10.099999999999909, ""threshold_points"": 3.4236}, ""candidate_family"": ""BREAKOUT_INITIATION"", ""candidate_side"": ""SELL"", ""candidate_subtype"": ""BALANCE_ESCAPE_INITIATION"", ""day_path"": {""close_first"": 1721.2, ""close_last"": 1711.8, ""containment_ratio"": 0.9375, ""episode_age_bars"": 49, ""midpoint_crossings"": 3, ""path_efficiency"": 0.13782991202346304, ""range_width_pct"": 0.8257734356827195, ""sample_count"": 49, ""structure_flips"": 6, ""total_travel_points"": 68.19999999999936, ""total_travel_range_multiple"": 4.802816901408391, ""vwap_crossings"": 9}, ""deployment_scope"": ""NEW_SIGNAL_ONLY"", ""episode_history"": {""exhausted_objective_context"": false, ""exhaustion_facts"": [], ""prior_count_day"": 1, ""prior_count_same_episode"": 0, ""prior_opportunity_keys"": [], ""prior_opposite_side_same_episode"": 0, ""prior_same_side_same_episode"": 0}, ""matched_rules"": [], ""mature_range_churn"": {""facts"": [], ""matched"": false}, ""range_context"": {""authority"": ""AUCTION_SOURCE_EPISODE"", ""high"": 1726.7, ""inside_for_rule"": false, ""low"": 1712.5, ""observation_accepted_range_high"": 1726.7, ""observation_accepted_range_inside"": false, ""observation_accepted_range_low"": 1712.5, ""outside_for_side"": true, ""reference_price"": 1712.5, ""source_episode_id"": ""BAL:COFORGE:2026-07-31:003:NEUTRAL:105700"", ""source_event_id"": ""BAL:COFORGE:2026-07-31:003:NEUTRAL:105700:BALANCE_ESCAPE_STARTED:132100""}, ""source_episode_id"": ""BAL:COFORGE:2026-07-31:003:NEUTRAL:105700"", ""source_event_id"": ""BAL:COFORGE:2026-07-31:003:NEUTRAL:105700:BALANCE_ESCAPE_STARTED:132100""}","[""ADVISOR_ALLOW""]",True,[],CAND:0d32e3ad08ef9cc69fd0369f,1151,"[""EVENT_DRIVEN_SETUP_SELECTED""]",,UNAVAILABLE,0.0,0.0,0.0,[],"{""candidate_confirmations"": 0, ""candidate_since"": null, ""candidate_state"": null, ""required_confirmations"": 0, ""state_started_at"": null, ""transition_pending"": false}",NONE,{},"[""MARKET_REGIME_NOT_IMPLEMENTED""]",0.0,0.0,UNKNOWN,CREATED_AFTER_REPLACEMENT,"[""AUTHORITATIVE_EVENT_ROUTE"", ""STRUCTURAL_PERMISSION_PERMIT"", ""MEANINGFUL_CLOSE_OUTSIDE_FROZEN_BALANCE"", ""BALANCE_ESCAPE_ATTEMPT_RECORDED"", ""BALANCE_MEASURED_MOVE_REFERENCE""]",BREAKOUT_INITIATION,SELL,2026-07-31T13:21:00+05:30,BAL:COFORGE:2026-07-31:003:NEUTRAL:105700,BAL:COFORGE:2026-07-31:003:NEUTRAL:105700:BALANCE_ESCAPE_STARTED:132100,BALANCE_ESCAPE_STARTED,180.0,SUPPRESSED,AVAILABLE,RANGE_BOUND,DOWN,True,DIAGNOSTIC,47.4003,27,55.3027,66.9028,2026-07-31T13:18:00,"[""STOCK_RANK_AVAILABLE""]",16.5452,12.1833,80,PERMIT,COFORGE
,,False,,,[],False,"[""ENTRY_TOO_FAR_FROM_ESCAPE_BOUNDARY""]",,1165,"[""NO_EVENT_DRIVEN_SETUP_APPROVED""]",,,,,,,,,,,,,,SETUP_QUALITY_REJECTED,"[""OUTSIDE_ACCEPTANCE_CONFIRMED""]",ACCEPTED_BREAKOUT,SELL,2026-07-31T13:24:00+05:30,BAL:COFORGE:2026-07-31:003:NEUTRAL:105700,BAL:COFORGE:2026-07-31:003:NEUTRAL:105700:BALANCE_ESCAPE_ACCEPTED:132400,BALANCE_ESCAPE_ACCEPTED,,,,,,,,,,,,,,,,,PERMIT,COFORGE
,,False,,,[],False,"[""EXPECTED_FIRST_MOVE_BELOW_0_5_PERCENT""]",,1229,"[""NO_EVENT_DRIVEN_SETUP_APPROVED""]",,,,,,,,,,,,,,SETUP_QUALITY_REJECTED,"[""REVERSAL_LEG_SUSTAINED_DIRECTIONAL_PROGRESS"", ""OPPOSITE_DIRECTION_ESTABLISHED_AFTER_REVERSAL""]",REVERSAL,SELL,2026-07-31T13:36:00+05:30,DIR:PERSISTENT:2026-07-31:004:DOWN:132400,DIR:PERSISTENT:2026-07-31:004:DOWN:132400:DIRECTIONAL_REVERSAL_LEG_ESTABLISHED:133600,DIRECTIONAL_REVERSAL_LEG_ESTABLISHED,,,,,,,,,,,,,,,,,PERMIT,PERSISTENT
,,False,,,[],False,"[""EXPECTED_FIRST_MOVE_BELOW_0_5_PERCENT""]",,1230,"[""NO_EVENT_DRIVEN_SETUP_APPROVED""]",,,,,,,,,,,,,,SETUP_QUALITY_REJECTED,"[""MEANINGFUL_CLOSE_OUTSIDE_FROZEN_BALANCE"", ""BALANCE_ESCAPE_ATTEMPT_RECORDED""]",BREAKOUT_INITIATION,SELL,2026-07-31T13:36:00+05:30,BAL:POWERINDIA:2026-07-31:002:NEUTRAL:124800,BAL:POWERINDIA:2026-07-31:002:NEUTRAL:124800:BALANCE_ESCAPE_STARTED:133600,BALANCE_ESCAPE_STARTED,,,,,,,,,,,,,,,,,PERMIT,POWERINDIA
,,False,,,[],False,"[""EXPECTED_FIRST_MOVE_BELOW_0_5_PERCENT""]",,1247,"[""NO_EVENT_DRIVEN_SETUP_APPROVED""]",,,,,,,,,,,,,,SETUP_QUALITY_REJECTED,"[""REVERSAL_LEG_SUSTAINED_DIRECTIONAL_PROGRESS"", ""OPPOSITE_DIRECTION_ESTABLISHED_AFTER_REVERSAL""]",REVERSAL,SELL,2026-07-31T13:42:00+05:30,DIR:BHEL:2026-07-31:009:DOWN:133000,DIR:BHEL:2026-07-31:009:DOWN:133000:DIRECTIONAL_REVERSAL_LEG_ESTABLISHED:134200,DIRECTIONAL_REVERSAL_LEG_ESTABLISHED,,,,,,,,,,,,,,,,,PERMIT,BHEL
,,False,,,[],False,"[""EXPECTED_FIRST_MOVE_BELOW_0_5_PERCENT""]",,1248,"[""NO_EVENT_DRIVEN_SETUP_APPROVED""]",,,,,,,,,,,,,,SETUP_QUALITY_REJECTED,"[""REVERSAL_LEG_SUSTAINED_DIRECTIONAL_PROGRESS"", ""OPPOSITE_DIRECTION_ESTABLISHED_AFTER_REVERSAL""]",REVERSAL,SELL,2026-07-31T13:42:00+05:30,DIR:CHOLAFIN:2026-07-31:006:DOWN:132700,DIR:CHOLAFIN:2026-07-31:006:DOWN:132700:DIRECTIONAL_REVERSAL_LEG_ESTABLISHED:134200,DIRECTIONAL_REVERSAL_LEG_ESTABLISHED,,,,,,,,,,,,,,,,,PERMIT,CHOLAFIN
,,False,,,[],False,"[""EXPECTED_FIRST_MOVE_BELOW_0_5_PERCENT""]",,1258,"[""NO_EVENT_DRIVEN_SETUP_APPROVED""]",,,,,,,,,,,,,,SETUP_QUALITY_REJECTED,"[""ESCAPE_FAILED_BACK_INSIDE_FROZEN_BALANCE"", ""BALANCE_REARM_REQUIRED_AFTER_FAILED_ESCAPE""]",FAILED_BREAKOUT,BUY,2026-07-31T13:42:00+05:30,BAL:POWERINDIA:2026-07-31:002:NEUTRAL:124800,BAL:POWERINDIA:2026-07-31:002:NEUTRAL:124800:BALANCE_ESCAPE_FAILED:134200,BALANCE_ESCAPE_FAILED,,,,,,,,,,,,,,,,,PERMIT,POWERINDIA
,,False,,,[],False,"[""ENTRY_TOO_FAR_FROM_ESCAPE_BOUNDARY""]",,1281,"[""NO_EVENT_DRIVEN_SETUP_APPROVED""]",,,,,,,,,,,,,,SETUP_QUALITY_REJECTED,"[""MEANINGFUL_CLOSE_OUTSIDE_FROZEN_BALANCE"", ""BALANCE_ESCAPE_ATTEMPT_RECORDED""]",BREAKOUT_INITIATION,SELL,2026-07-31T13:48:00+05:30,BAL:GLENMARK:2026-07-31:001:NEUTRAL:101200,BAL:GLENMARK:2026-07-31:001:NEUTRAL:101200:BALANCE_ESCAPE_STARTED:134800,BALANCE_ESCAPE_STARTED,,,,,,,,,,,,,,,,,PERMIT,GLENMARK
BLOCK,2026-07-31T13:51:00,True,GLENMARK,"{""advisor_context"": {""as_of"": ""2026-07-31T13:51:00"", ""market_regime"": {""age_seconds"": null, ""as_of"": ""2026-07-31T13:51:00"", ""availability"": ""UNAVAILABLE"", ""buy_support"": 0.0, ""confidence"": 0.0, ""continuation_support"": 0.0, ""evidence"": [], ""hysteresis"": {""candidate_confirmations"": 0, ""candidate_since"": null, ""candidate_state"": null, ""required_confirmations"": 0, ""state_started_at"": null, ""transition_pending"": false}, ""metrics"": {}, ""reason_codes"": [""MARKET_REGIME_NOT_IMPLEMENTED""], ""reversal_support"": 0.0, ""sell_support"": 0.0, ""state"": ""UNKNOWN""}, ""market_regime_influence"": ""NONE"", ""stock_rank"": {""age_seconds"": 180.0, ""as_of"": ""2026-07-31T13:51:00"", ""attention_tier"": ""SUPPRESSED"", ""availability"": ""AVAILABLE"", ""classification"": ""RANGE_BOUND"", ""direction"": ""DOWN"", ""fresh"": true, ""movement_score"": 79.0229, ""quality_score"": 69.9048, ""range_penalty"": 70.1896, ""rank_position"": 3, ""rank_time"": ""2026-07-31T13:48:00"", ""reason_codes"": [""STOCK_RANK_AVAILABLE""], ""stall_penalty"": 0.0, ""symbol"": ""GLENMARK"", ""total_score"": 41.1926, ""universe_size"": 80}, ""stock_rank_influence"": ""DIAGNOSTIC"", ""symbol"": ""GLENMARK""}, ""barrier"": {""active"": false, ""barrier_price"": 2207.0, ""barrier_type"": ""ORL"", ""candidates"": [{""price"": 2182.9, ""type"": ""PDL""}, {""price"": 2207.0, ""type"": ""ORL""}, {""price"": 2207.0, ""type"": ""SESSION_LOW""}], ""distance_atr"": 4.702641675157722, ""distance_pct"": 1.0225132298860966, ""distance_points"": 22.800000000000182, ""threshold_points"": 4.4596}, ""candidate_family"": ""ACCEPTED_BREAKOUT"", ""candidate_side"": ""SELL"", ""candidate_subtype"": ""ACCEPTED_BALANCE_ESCAPE"", ""day_path"": {""close_first"": 2248.3, ""close_last"": 2229.8, ""containment_ratio"": 0.9285714285714286, ""episode_age_bars"": 74, ""midpoint_crossings"": 11, ""path_efficiency"": 0.12211221122112065, ""range_width_pct"": 0.7187660438849042, ""sample_count"": 74, ""structure_flips"": 11, ""total_travel_points"": 151.50000000000182, ""total_travel_range_multiple"": 9.409937888198924, ""vwap_crossings"": 7}, ""deployment_scope"": ""NEW_SIGNAL_ONLY"", ""episode_history"": {""exhausted_objective_context"": false, ""exhaustion_facts"": [""MULTIPLE_BALANCE_ESCAPE_ATTEMPTS"", ""FAILED_BALANCE_ESCAPE""], ""prior_count_day"": 1, ""prior_count_same_episode"": 1, ""prior_opportunity_keys"": [""OPP:ccb8d7c9ac57fbb14f47bb87""], ""prior_opposite_side_same_episode"": 1, ""prior_same_side_same_episode"": 0}, ""matched_rules"": [{""configured_action"": ""BLOCK"", ""reason"": ""MATURE_NARROW_RANGE_CHURN""}], ""mature_range_churn"": {""facts"": [""MATURE_RANGE"", ""NARROW_RANGE"", ""HIGH_CONTAINMENT"", ""LOW_PATH_EFFICIENCY"", ""MIDPOINT_ROTATION"", ""VWAP_CROSSINGS"", ""REPEATED_TRAVEL_WITHIN_RANGE"", ""STRUCTURE_FLIPS"", ""FAILED_ESCAPE_HISTORY""], ""matched"": true}, ""range_context"": {""authority"": ""AUCTION_SOURCE_EPISODE"", ""high"": 2248.0, ""inside_for_rule"": false, ""low"": 2231.9, ""observation_accepted_range_high"": 2256.7, ""observation_accepted_range_inside"": false, ""observation_accepted_range_low"": 2234.0, ""outside_for_side"": true, ""reference_price"": 2231.9, ""source_episode_id"": ""BAL:GLENMARK:2026-07-31:001:NEUTRAL:101200"", ""source_event_id"": ""BAL:GLENMARK:2026-07-31:001:NEUTRAL:101200:BALANCE_ESCAPE_ACCEPTED:135100""}, ""source_episode_id"": ""BAL:GLENMARK:2026-07-31:001:NEUTRAL:101200"", ""source_event_id"": ""BAL:GLENMARK:2026-07-31:001:NEUTRAL:101200:BALANCE_ESCAPE_ACCEPTED:135100""}","[""MATURE_NARROW_RANGE_CHURN""]",True,[],CAND:b28d4cd9ca3eeee37f3ca753,1295,"[""EVENT_DRIVEN_SETUP_SELECTED""]",,UNAVAILABLE,0.0,0.0,0.0,[],"{""candidate_confirmations"": 0, ""candidate_since"": null, ""candidate_state"": null, ""required_confirmations"": 0, ""state_started_at"": null, ""transition_pending"": false}",NONE,{},"[""MARKET_REGIME_NOT_IMPLEMENTED""]",0.0,0.0,UNKNOWN,ADVISOR_BLOCK,"[""AUTHORITATIVE_EVENT_ROUTE"", ""STRUCTURAL_PERMISSION_PERMIT"", ""OUTSIDE_ACCEPTANCE_CONFIRMED"", ""BALANCE_MEASURED_MOVE_REFERENCE""]",ACCEPTED_BREAKOUT,SELL,2026-07-31T13:51:00+05:30,BAL:GLENMARK:2026-07-31:001:NEUTRAL:101200,BAL:GLENMARK:2026-07-31:001:NEUTRAL:101200:BALANCE_ESCAPE_ACCEPTED:135100,BALANCE_ESCAPE_ACCEPTED,180.0,SUPPRESSED,AVAILABLE,RANGE_BOUND,DOWN,True,DIAGNOSTIC,79.0229,3,69.9048,70.1896,2026-07-31T13:48:00,"[""STOCK_RANK_AVAILABLE""]",0.0,41.1926,80,PERMIT,GLENMARK
,,False,,,[],False,"[""ENTRY_TOO_FAR_FROM_EVENT_ANCHOR""]",,1400,"[""NO_EVENT_DRIVEN_SETUP_APPROVED""]",,,,,,,,,,,,,,SETUP_QUALITY_REJECTED,"[""REVERSAL_WATCH_EXPIRED_WITHOUT_CONFIRMATION""]",CONTINUATION,SELL,2026-07-31T14:12:00+05:30,DIR:TORNTPHARM:2026-07-31:006:DOWN:130300,DIR:TORNTPHARM:2026-07-31:006:DOWN:130300:DIRECTIONAL_TREND_RESTORED:141200,DIRECTIONAL_TREND_RESTORED,,,,,,,,,,,,,,,,,PERMIT,TORNTPHARM
,,False,,,[],False,"[""EXPECTED_FIRST_MOVE_BELOW_0_5_PERCENT""]",,1459,"[""NO_EVENT_DRIVEN_SETUP_APPROVED""]",,,,,,,,,,,,,,SETUP_QUALITY_REJECTED,"[""MEANINGFUL_CLOSE_OUTSIDE_FROZEN_BALANCE"", ""BALANCE_ESCAPE_ATTEMPT_RECORDED""]",BREAKOUT_INITIATION,BUY,2026-07-31T14:27:00+05:30,BAL:COFORGE:2026-07-31:004:NEUTRAL:135400,BAL:COFORGE:2026-07-31:004:NEUTRAL:135400:BALANCE_ESCAPE_STARTED:142700,BALANCE_ESCAPE_STARTED,,,,,,,,,,,,,,,,,PERMIT,COFORGE
,,False,,,[],False,"[""EXPECTED_FIRST_MOVE_BELOW_0_5_PERCENT""]",,1470,"[""NO_EVENT_DRIVEN_SETUP_APPROVED""]",,,,,,,,,,,,,,SETUP_QUALITY_REJECTED,"[""REVERSAL_LEG_SUSTAINED_DIRECTIONAL_PROGRESS"", ""OPPOSITE_DIRECTION_ESTABLISHED_AFTER_REVERSAL""]",REVERSAL,BUY,2026-07-31T14:27:00+05:30,DIR:TORNTPHARM:2026-07-31:007:UP:142100,DIR:TORNTPHARM:2026-07-31:007:UP:142100:DIRECTIONAL_REVERSAL_LEG_ESTABLISHED:142700,DIRECTIONAL_REVERSAL_LEG_ESTABLISHED,,,,,,,,,,,,,,,,,PERMIT,TORNTPHARM
,,False,,,[],False,"[""ENTRY_TOO_FAR_FROM_ESCAPE_BOUNDARY""]",,1473,"[""NO_EVENT_DRIVEN_SETUP_APPROVED""]",,,,,,,,,,,,,,SETUP_QUALITY_REJECTED,"[""OUTSIDE_ACCEPTANCE_CONFIRMED""]",ACCEPTED_BREAKOUT,BUY,2026-07-31T14:30:00+05:30,BAL:COFORGE:2026-07-31:004:NEUTRAL:135400,BAL:COFORGE:2026-07-31:004:NEUTRAL:135400:BALANCE_ESCAPE_ACCEPTED:143000,BALANCE_ESCAPE_ACCEPTED,,,,,,,,,,,,,,,,,PERMIT,COFORGE
,,False,,,[],False,"[""EXPECTED_FIRST_MOVE_BELOW_0_5_PERCENT""]",,1479,"[""NO_EVENT_DRIVEN_SETUP_APPROVED""]",,,,,,,,,,,,,,SETUP_QUALITY_REJECTED,"[""REVERSAL_LEG_SUSTAINED_DIRECTIONAL_PROGRESS"", ""OPPOSITE_DIRECTION_ESTABLISHED_AFTER_REVERSAL""]",REVERSAL,BUY,2026-07-31T14:30:00+05:30,DIR:KALYANKJIL:2026-07-31:013:UP:142400,DIR:KALYANKJIL:2026-07-31:013:UP:142400:DIRECTIONAL_REVERSAL_LEG_ESTABLISHED:143000,DIRECTIONAL_REVERSAL_LEG_ESTABLISHED,,,,,,,,,,,,,,,,,PERMIT,KALYANKJIL
,,False,,,[],False,"[""EXPECTED_FIRST_MOVE_BELOW_0_5_PERCENT""]",,1496,"[""NO_EVENT_DRIVEN_SETUP_APPROVED""]",,,,,,,,,,,,,,SETUP_QUALITY_REJECTED,"[""MEANINGFUL_CLOSE_OUTSIDE_FROZEN_BALANCE"", ""BALANCE_ESCAPE_ATTEMPT_RECORDED""]",BREAKOUT_INITIATION,SELL,2026-07-31T14:33:00+05:30,BAL:POWERINDIA:2026-07-31:002:NEUTRAL:124800,BAL:POWERINDIA:2026-07-31:002:NEUTRAL:124800:BALANCE_ESCAPE_STARTED:143300,BALANCE_ESCAPE_STARTED,,,,,,,,,,,,,,,,,PERMIT,POWERINDIA
,,False,,,[],False,"[""ENTRY_TOO_FAR_FROM_ESCAPE_BOUNDARY""]",,1510,"[""NO_EVENT_DRIVEN_SETUP_APPROVED""]",,,,,,,,,,,,,,SETUP_QUALITY_REJECTED,"[""OUTSIDE_ACCEPTANCE_CONFIRMED""]",ACCEPTED_BREAKOUT,SELL,2026-07-31T14:36:00+05:30,BAL:POWERINDIA:2026-07-31:002:NEUTRAL:124800,BAL:POWERINDIA:2026-07-31:002:NEUTRAL:124800:BALANCE_ESCAPE_ACCEPTED:143600,BALANCE_ESCAPE_ACCEPTED,,,,,,,,,,,,,,,,,PERMIT,POWERINDIA
,,False,,,[],False,"[""EXPECTED_FIRST_MOVE_BELOW_0_5_PERCENT""]",,1602,"[""NO_EVENT_DRIVEN_SETUP_APPROVED""]",,,,,,,,,,,,,,SETUP_QUALITY_REJECTED,"[""MEANINGFUL_CLOSE_OUTSIDE_FROZEN_BALANCE"", ""BALANCE_ESCAPE_ATTEMPT_RECORDED""]",BREAKOUT_INITIATION,SELL,2026-07-31T14:57:00+05:30,BAL:FORCEMOT:2026-07-31:002:NEUTRAL:114500,BAL:FORCEMOT:2026-07-31:002:NEUTRAL:114500:BALANCE_ESCAPE_STARTED:145700,BALANCE_ESCAPE_STARTED,,,,,,,,,,,,,,,,,PERMIT,FORCEMOT
,,False,,,[],False,"[""ENTRY_TOO_FAR_FROM_EVENT_ANCHOR""]",,1605,"[""NO_EVENT_DRIVEN_SETUP_APPROVED""]",,,,,,,,,,,,,,SETUP_QUALITY_REJECTED,"[""ORIGINAL_DIRECTION_REESTABLISHED_AFTER_WATCH""]",CONTINUATION,SELL,2026-07-31T14:57:00+05:30,DIR:KALYANKJIL:2026-07-31:014:DOWN:144200,DIR:KALYANKJIL:2026-07-31:014:DOWN:144200:DIRECTIONAL_TREND_RESTORED:145700,DIRECTIONAL_TREND_RESTORED,,,,,,,,,,,,,,,,,PERMIT,KALYANKJIL
,,False,,,[],False,"[""ENTRY_TOO_FAR_FROM_ESCAPE_BOUNDARY""]",,1616,"[""NO_EVENT_DRIVEN_SETUP_APPROVED""]",,,,,,,,,,,,,,SETUP_QUALITY_REJECTED,"[""OUTSIDE_ACCEPTANCE_CONFIRMED""]",ACCEPTED_BREAKOUT,SELL,2026-07-31T15:00:00+05:30,BAL:FORCEMOT:2026-07-31:002:NEUTRAL:114500,BAL:FORCEMOT:2026-07-31:002:NEUTRAL:114500:BALANCE_ESCAPE_ACCEPTED:150000,BALANCE_ESCAPE_ACCEPTED,,,,,,,,,,,,,,,,,PERMIT,FORCEMOT
,,False,,,[],False,"[""INSUFFICIENT_SESSION_TIME_REMAINING""]",,1651,"[""NO_EVENT_DRIVEN_SETUP_APPROVED""]",,,,,,,,,,,,,,SETUP_QUALITY_REJECTED,"[""MEANINGFUL_CLOSE_OUTSIDE_FROZEN_BALANCE"", ""BALANCE_ESCAPE_ATTEMPT_RECORDED""]",BREAKOUT_INITIATION,BUY,2026-07-31T15:06:00+05:30,BAL:TCS:2026-07-31:001:NEUTRAL:100600,BAL:TCS:2026-07-31:001:NEUTRAL:100600:BALANCE_ESCAPE_STARTED:150600,BALANCE_ESCAPE_STARTED,,,,,,,,,,,,,,,,,PERMIT,TCS
,,False,,,[],False,"[""INSUFFICIENT_SESSION_TIME_REMAINING""]",,1652,"[""NO_EVENT_DRIVEN_SETUP_APPROVED""]",,,,,,,,,,,,,,SETUP_QUALITY_REJECTED,"[""MEANINGFUL_CLOSE_OUTSIDE_FROZEN_BALANCE"", ""BALANCE_ESCAPE_ATTEMPT_RECORDED""]",BREAKOUT_INITIATION,BUY,2026-07-31T15:06:00+05:30,BAL:TORNTPHARM:2026-07-31:007:NEUTRAL:142100,BAL:TORNTPHARM:2026-07-31:007:NEUTRAL:142100:BALANCE_ESCAPE_STARTED:150600,BALANCE_ESCAPE_STARTED,,,,,,,,,,,,,,,,,PERMIT,TORNTPHARM
,,False,,,[],False,"[""INSUFFICIENT_SESSION_TIME_REMAINING""]",,1666,"[""NO_EVENT_DRIVEN_SETUP_APPROVED""]",,,,,,,,,,,,,,SETUP_QUALITY_REJECTED,"[""OUTSIDE_ACCEPTANCE_CONFIRMED""]",ACCEPTED_BREAKOUT,BUY,2026-07-31T15:09:00+05:30,BAL:TORNTPHARM:2026-07-31:007:NEUTRAL:142100,BAL:TORNTPHARM:2026-07-31:007:NEUTRAL:142100:BALANCE_ESCAPE_ACCEPTED:150900,BALANCE_ESCAPE_ACCEPTED,,,,,,,,,,,,,,,,,PERMIT,TORNTPHARM
,,False,,,[],False,"[""EXPECTED_FIRST_MOVE_BELOW_0_5_PERCENT""]",,1679,"[""NO_EVENT_DRIVEN_SETUP_APPROVED""]",,,,,,,,,,,,,,SETUP_QUALITY_REJECTED,"[""ESCAPE_FAILED_BACK_INSIDE_FROZEN_BALANCE"", ""BALANCE_REARM_REQUIRED_AFTER_FAILED_ESCAPE""]",FAILED_BREAKOUT,SELL,2026-07-31T15:12:00+05:30,BAL:TCS:2026-07-31:001:NEUTRAL:100600,BAL:TCS:2026-07-31:001:NEUTRAL:100600:BALANCE_ESCAPE_FAILED:151200,BALANCE_ESCAPE_FAILED,,,,,,,,,,,,,,,,,PERMIT,TCS
